
1	12	3497.40
1	2	24891.78
1	3	458.08
1	30	12239.16
1	4	910.90
1	5	8192.42
10	12	8277.26
10	19	21854.53
10	8	22558.84
10	9	20319.55
100	103	6565.35
100	106	3474.01
100	90	5272.03
100	96	7348.34
100	97	3164.62
1000	1002	258.02
1000	1003	66.72
1000	994	154.52
1000	995	221.81
1000	997	361.54
1000	999	391.81
1001	1002	489.21
1001	1004	485.48
1001	1005	317.77
1001	1019	505.93
1001	1021	564.64
1001	995	350.64
1001	996	981.00
1002	1000	258.02
1002	1001	489.21
1002	1003	440.88
1002	1004	253.15
1002	995	51.98
1003	1000	66.72
1003	1002	440.88
1003	1004	1209.19
1003	1020	471.13
1003	1022	662.07
1003	998	428.84
1003	999	783.08
1004	1001	485.48
1004	1002	253.15
1004	1003	1209.19
1004	1005	1176.97
1004	1022	876.87
1005	1001	317.77
1005	1004	1176.97
1005	1021	1541.51
1005	1022	1635.45
1006	0	14305.02
1006	1007	1100.59
1006	539	3025.49
1006	543	9250.66
1006	545	3435.76
1007	0	11781.25
1007	1006	1100.59
1007	1010	5916.67
1007	538	7943.84
1007	539	4516.42
1008	0	4546.09
1008	1013	2922.15
1008	1014	4138.91
1008	1015	1336.39
1009	0	3940.14
1009	1011	2592.62
1009	1019	1759.32
1009	1020	3843.98
1009	991	1434.46
1009	996	518.62
101	0	13911.76
101	102	4045.70
101	107	4412.90
101	113	11541.05
101	92	975.77
101	95	4550.66
1010	0	1691.97
1010	1007	5916.67
1010	1011	7612.32
1010	1019	8922.83
1010	538	28.08
1010	541	4489.62
1011	0	4065.76
1011	1009	2592.62
1011	1010	7612.32
1011	1019	3808.02
1012	0	2988.44
1012	1013	5232.26
1012	1014	2479.36
1012	1020	2899.92
1013	0	1305.06
1013	1008	2922.15
1013	1012	5232.26
1013	1014	5078.69
1014	1008	4138.91
1014	1012	2479.36
1014	1013	5078.69
1014	1015	1904.82
1014	1016	4878.33
1014	1018	2425.81
1014	1020	569.67
1014	1022	1823.31
1014	1025	2372.35
1014	1032	11502.59
1014	1034	8770.27
1015	1008	1336.39
1015	1014	1904.82
1015	1016	176.49
1015	205	2053.14
1016	1014	4878.33
1016	1015	176.49
1016	1034	1255.22
1016	205	9171.53
1016	207	1018.22
1016	818	9297.14
1017	1018	1985.94
1017	1020	3048.53
1018	1014	2425.81
1018	1017	1985.94
1018	1020	1493.90
1018	1022	1259.22
1019	1001	505.93
1019	1009	1759.32
1019	1010	8922.83
1019	1011	3808.02
1019	1021	5691.38
1019	1024	3359.20
1019	541	2879.84
1019	996	705.45
102	0	6416.46
102	101	4045.70
102	112	5497.77
102	113	5470.69
102	699	9787.29
1020	0	3089.17
1020	1003	471.13
1020	1009	3843.98
1020	1012	2899.92
1020	1014	569.67
1020	1017	3048.53
1020	1018	1493.90
1020	1022	2084.64
1020	991	452.33
1020	992	1290.92
1020	993	2113.29
1020	994	37.78
1020	998	2472.43
1021	1001	564.64
1021	1005	1541.51
1021	1019	5691.38
1021	1022	1042.90
1021	1023	1115.17
1021	1024	2710.17
1022	1003	662.07
1022	1004	876.87
1022	1005	1635.45
1022	1014	1823.31
1022	1018	1259.22
1022	1020	2084.64
1022	1021	1042.90
1022	1023	2961.69
1022	1025	7029.87
1022	1028	115.95
1023	1021	1115.17
1023	1022	2961.69
1023	1024	774.46
1023	1026	3182.18
1023	1028	713.54
1024	1019	3359.20
1024	1021	2710.17
1024	1023	774.46
1024	1026	6737.34
1024	1031	4028.03
1024	541	5784.50
1024	549	1492.04
1024	551	2278.32
1024	578	339.57
1025	1014	2372.35
1025	1022	7029.87
1025	1028	7038.14
1025	1032	1013.69
1026	1023	3182.18
1026	1024	6737.34
1026	1027	2212.49
1026	1028	418.29
1026	549	2859.38
1027	1026	2212.49
1027	1028	2284.60
1027	1030	2887.49
1027	549	1075.24
1028	1022	115.95
1028	1023	713.54
1028	1025	7038.14
1028	1026	418.29
1028	1027	2284.60
1028	1030	338.45
1028	1032	5192.45
1029	1032	9055.92
1029	552	1536.96
1029	561	163.76
103	100	6565.35
103	105	2165.88
103	106	8806.18
103	108	4266.18
103	110	3503.74
103	97	2819.30
103	99	7245.18
1030	1027	2887.49
1030	1028	338.45
1030	1032	1561.34
1030	549	535.78
1030	550	3712.46
1031	1024	4028.03
1031	551	5031.00
1031	578	3940.38
1032	1014	11502.59
1032	1025	1013.69
1032	1028	5192.45
1032	1029	9055.92
1032	1030	1561.34
1032	1034	7170.13
1032	1035	3196.49
1032	552	507.02
1032	561	3607.46
1033	1034	5354.04
1033	1035	3642.10
1034	1014	8770.27
1034	1016	1255.22
1034	1032	7170.13
1034	1033	5354.04
1034	1035	9034.40
1034	561	15.05
1034	570	3025.50
1034	571	824.88
1034	818	6038.54
1034	819	7237.42
1034	820	4909.80
1035	1032	3196.49
1035	1033	3642.10
1035	1034	9034.40
1035	561	2971.06
1036	1037	1010.62
1036	1038	1344.15
1036	1039	1265.95
1036	1043	1497.96
1036	1046	1535.65
1037	1036	1010.62
1037	1038	511.18
1037	1039	334.49
1038	1036	1344.15
1038	1037	511.18
1038	1039	529.60
1038	1040	9421.89
1038	1041	4874.09
1038	1043	6716.43
1038	808	2215.51
1039	1036	1265.95
1039	1037	334.49
1039	1038	529.60
1039	1040	1654.24
1039	1046	686.92
104	105	2070.96
104	108	2911.84
104	109	5810.22
104	588	3166.64
104	591	189.88
104	98	338.00
104	99	6287.54
1040	1038	9421.89
1040	1039	1654.24
1040	1041	1063.07
1040	1046	2215.07
1040	1048	6434.50
1040	1081	753.58
1040	1085	10460.24
1041	1038	4874.09
1041	1040	1063.07
1041	1075	1599.12
1041	1080	8073.91
1041	1081	2829.25
1041	805	8510.99
1041	808	14152.99
1042	1043	7964.06
1042	1044	10381.98
1042	1046	9477.96
1042	1049	1558.90
1042	1050	1214.89
1042	806	3327.54
1042	807	6187.21
1043	1036	1497.96
1043	1038	6716.43
1043	1042	7964.06
1043	1046	3982.02
1043	807	9125.03
1043	808	7336.91
1044	1042	10381.98
1044	1045	6318.97
1044	1050	11070.94
1044	1051	1440.55
1044	806	4949.41
1044	949	7871.32
1044	951	10104.07
1045	1044	6318.97
1045	1051	11330.00
1045	951	7272.43
1046	1036	1535.65
1046	1039	686.92
1046	1040	2215.07
1046	1042	9477.96
1046	1043	3982.02
1046	1047	7489.60
1046	1048	941.07
1046	1049	716.49
1047	1046	7489.60
1047	1048	2841.40
1047	1049	7950.68
1048	1040	6434.50
1048	1046	941.07
1048	1047	2841.40
1048	1049	7052.34
1048	1085	796.88
1048	1086	2575.92
1049	0	3726.17
1049	1042	1558.90
1049	1046	716.49
1049	1047	7950.68
1049	1048	7052.34
1049	1050	13054.62
1049	1052	6133.86
1049	1053	6340.83
1049	1086	3361.96
1049	1088	3113.52
105	103	2165.88
105	104	2070.96
105	108	6381.72
105	99	5300.77
1050	1042	1214.89
1050	1044	11070.94
1050	1049	13054.62
1050	1051	14164.94
1050	1052	12072.21
1050	1055	3488.22
1051	0	39953.72
1051	1044	1440.55
1051	1045	11330.00
1051	1050	14164.94
1051	1055	4082.25
1051	1058	4869.65
1051	951	1931.54
1051	952	5081.22
1051	953	3730.89
1052	1049	6133.86
1052	1050	12072.21
1052	1053	10247.84
1052	1055	6481.70
1052	1056	8384.60
1052	1057	6336.47
1052	1060	298.19
1053	0	4110.08
1053	1049	6340.83
1053	1052	10247.84
1053	1054	6246.89
1053	1057	213.37
1054	0	23128.82
1054	1053	6246.89
1054	1057	5408.18
1055	1050	3488.22
1055	1051	4082.25
1055	1052	6481.70
1055	1056	2295.90
1055	1058	5870.32
1056	1052	8384.60
1056	1055	2295.90
1056	1058	5945.22
1056	1059	7321.13
1056	1060	2632.67
1056	1061	4841.63
1057	0	6838.79
1057	1052	6336.47
1057	1053	213.37
1057	1054	5408.18
1057	1060	5262.45
1058	0	8742.77
1058	1051	4869.65
1058	1055	5870.32
1058	1056	5945.22
1058	1059	1450.17
1059	0	4486.49
1059	1056	7321.13
1059	1058	1450.17
1059	1061	5276.81
106	100	3474.01
106	103	8806.18
106	111	7288.73
106	118	12314.12
106	96	10290.64
1060	0	8168.18
1060	1052	298.19
1060	1056	2632.67
1060	1057	5262.45
1060	1061	5603.83
1060	1062	3593.20
1061	0	3059.35
1061	1056	4841.63
1061	1059	5276.81
1061	1060	5603.83
1061	1062	5527.16
1062	0	4232.24
1062	1060	3593.20
1062	1061	5527.16
1063	1064	549.30
1063	1066	480.36
1063	1069	253.81
1063	1081	333.66
1063	1083	1636.52
1063	1084	1535.03
1064	1063	549.30
1064	1065	859.06
1064	1066	767.21
1064	1067	947.47
1064	1068	89.71
1064	1081	730.36
1065	1064	859.06
1065	1067	2080.86
1065	1068	178.82
1066	1063	480.36
1066	1064	767.21
1066	1068	608.90
1066	1069	188.05
1067	1064	947.47
1067	1065	2080.86
1067	1068	1470.65
1067	1081	1232.00
1067	1085	12865.27
1067	1088	1371.49
1068	1064	89.71
1068	1065	178.82
1068	1066	608.90
1068	1067	1470.65
1068	1069	1030.89
1068	1070	407.32
1068	1071	200.93
1068	1072	353.96
1068	1088	887.10
1069	1063	253.81
1069	1066	188.05
1069	1068	1030.89
1069	1070	604.89
1069	1083	1047.06
107	101	4412.90
107	113	7344.48
107	117	8104.84
107	126	8004.08
107	95	3931.06
1070	1068	407.32
1070	1069	604.89
1070	1071	1011.83
1070	1074	457.45
1070	1083	458.90
1071	1068	200.93
1071	1070	1011.83
1071	1072	305.66
1071	1073	150.43
1071	1074	35.45
1072	1068	353.96
1072	1071	305.66
1072	1073	1293.74
1072	1088	1706.64
1073	1071	150.43
1073	1072	1293.74
1073	1074	1289.52
1073	1087	783.86
1074	1070	457.45
1074	1071	35.45
1074	1073	1289.52
1074	1083	2211.30
1075	1041	1599.12
1075	1077	16238.08
1075	1080	3748.04
1075	508	4435.81
1075	797	682.80
1075	798	3128.10
1075	805	9071.60
1076	0	15658.51
1076	1077	2583.49
1076	1078	10724.08
1076	510	10431.77
1077	1075	16238.08
1077	1076	2583.49
1077	1078	2890.38
1077	1079	4490.16
1077	1080	6514.29
1077	508	7154.21
1077	510	3744.73
1078	0	1597.22
1078	1076	10724.08
1078	1077	2890.38
1078	1079	17909.55
1079	0	8427.21
1079	1077	4490.16
1079	1078	17909.55
1079	1080	5867.67
1079	1081	7773.02
1079	1082	16585.35
1079	1083	3194.83
1079	1084	2701.85
108	103	4266.18
108	104	2911.84
108	105	6381.72
108	109	2677.68
108	110	5594.22
108	120	1010.32
1080	1041	8073.91
1080	1075	3748.04
1080	1077	6514.29
1080	1079	5867.67
1080	1081	8210.76
1081	1040	753.58
1081	1041	2829.25
1081	1063	333.66
1081	1064	730.36
1081	1067	1232.00
1081	1079	7773.02
1081	1080	8210.76
1081	1084	2072.73
1081	1085	8131.44
1082	0	9088.78
1082	1079	16585.35
1082	1083	7116.72
1083	0	9793.24
1083	1063	1636.52
1083	1069	1047.06
1083	1070	458.90
1083	1074	2211.30
1083	1079	3194.83
1083	1082	7116.72
1083	1084	1281.39
1083	1087	8814.67
1084	1063	1535.03
1084	1079	2701.85
1084	1081	2072.73
1084	1083	1281.39
1085	1040	10460.24
1085	1048	796.88
1085	1067	12865.27
1085	1081	8131.44
1085	1086	4344.37
1085	1088	3175.70
1086	1048	2575.92
1086	1049	3361.96
1086	1085	4344.37
1086	1088	8561.93
1087	0	12011.31
1087	1073	783.86
1087	1083	8814.67
1087	1088	6996.72
1088	0	23540.42
1088	1049	3113.52
1088	1067	1371.49
1088	1068	887.10
1088	1072	1706.64
1088	1085	3175.70
1088	1086	8561.93
1088	1087	6996.72
1089	1090	1121.69
1089	1092	931.89
1089	1097	431.90
1089	1098	561.80
1089	1103	796.58
1089	1109	6019.14
1089	1113	4481.55
1089	1115	13132.95
1089	1122	2119.57
109	104	5810.22
109	108	2677.68
109	120	7898.73
109	122	1166.76
109	591	2624.15
109	603	2269.75
1090	1089	1121.69
1090	1091	962.81
1090	1092	223.60
1090	1093	83.17
1090	1094	461.66
1090	1095	319.49
1090	1113	2431.36
1091	1090	962.81
1091	1092	127.81
1091	1093	694.08
1092	1089	931.89
1092	1090	223.60
1092	1091	127.81
1092	1093	247.21
1092	1094	65.21
1092	1097	256.91
1093	1090	83.17
1093	1091	694.08
1093	1092	247.21
1093	1094	686.37
1094	1090	461.66
1094	1092	65.21
1094	1093	686.37
1094	1095	139.14
1094	1096	620.35
1094	1097	128.87
1094	1099	484.90
1095	1090	319.49
1095	1094	139.14
1095	1099	676.85
1095	1100	178.28
1095	1113	547.56
1095	1118	99.24
1096	1094	620.35
1096	1097	132.12
1096	1098	327.67
1096	1099	956.76
1097	1089	431.90
1097	1092	256.91
1097	1094	128.87
1097	1096	132.12
1097	1098	745.53
1098	1089	561.80
1098	1096	327.67
1098	1097	745.53
1098	1103	1318.97
1099	1094	484.90
1099	1095	676.85
1099	1096	956.76
1099	1100	690.93
1099	1101	961.62
1099	1102	571.82
1099	1103	184.47
1099	1105	13.81
1099	1106	224.99
11	0	6389.17
11	17	4144.26
11	20	3693.68
11	21	13673.06
11	9	14783.54
110	103	3503.74
110	108	5594.22
110	118	3582.87
110	119	4336.03
110	120	5776.67
110	121	3447.49
110	132	1256.02
110	134	4999.27
1100	1095	178.28
1100	1099	690.93
1100	1101	469.82
1100	1106	1053.41
1100	1118	1424.74
1100	1133	960.30
1101	1099	961.62
1101	1100	469.82
1101	1106	1250.12
1102	1099	571.82
1102	1103	297.00
1102	1105	961.61
1103	1089	796.58
1103	1098	1318.97
1103	1099	184.47
1103	1102	297.00
1103	1104	1065.85
1103	1105	1048.46
1103	1122	1181.19
1104	1103	1065.85
1104	1105	1202.04
1104	1106	1382.71
1104	1122	1715.02
1104	1123	1151.68
1105	1099	13.81
1105	1102	961.61
1105	1103	1048.46
1105	1104	1202.04
1105	1106	1060.70
1106	1099	224.99
1106	1100	1053.41
1106	1101	1250.12
1106	1104	1382.71
1106	1105	1060.70
1106	1107	1373.98
1106	1123	2141.89
1106	1133	2718.80
1107	1106	1373.98
1107	1123	1534.53
1108	1109	18182.51
1108	1114	13153.67
1108	1115	10268.94
1108	35	5615.24
1108	36	709.57
1108	40	11042.44
1108	681	3330.71
1108	682	12559.75
1109	1089	6019.14
1109	1108	18182.51
1109	1110	14256.52
1109	1113	11480.58
1109	1114	9079.07
1109	1115	6391.04
1109	35	7862.31
1109	37	5782.27
111	106	7288.73
111	117	13362.52
111	118	5876.26
111	125	8380.33
111	95	4458.95
111	96	3684.57
1110	1109	14256.52
1110	1112	4884.17
1110	1113	3094.33
1110	37	2477.85
1110	43	3535.97
1111	1112	4070.78
1111	1117	12180.53
1111	1118	10948.44
1111	41	8712.43
1111	43	21546.37
1111	44	1156.79
1111	45	7337.88
1112	1110	4884.17
1112	1111	4070.78
1112	1113	14242.57
1112	1118	13045.66
1112	43	9260.04
1113	1089	4481.55
1113	1090	2431.36
1113	1095	547.56
1113	1109	11480.58
1113	1110	3094.33
1113	1112	14242.57
1113	1118	3860.07
1114	1108	13153.67
1114	1109	9079.07
1114	1115	11278.32
1115	1089	13132.95
1115	1108	10268.94
1115	1109	6391.04
1115	1114	11278.32
1115	1119	5081.69
1115	1121	9318.74
1115	1122	1401.35
1115	682	2323.23
1116	1125	12976.88
1116	45	27117.21
1117	1111	12180.53
1117	1118	11677.74
1117	1125	4980.62
1117	1126	15342.79
1117	45	7549.83
1118	1095	99.24
1118	1100	1424.74
1118	1111	10948.44
1118	1112	13045.66
1118	1113	3860.07
1118	1117	11677.74
1118	1123	5068.08
1118	1124	17745.07
1118	1126	1919.12
1118	1133	2329.06
1119	0	9843.47
1119	1115	5081.69
1119	1120	1241.69
1119	1121	9521.75
1119	1122	14631.28
112	0	11034.89
112	102	5497.77
112	699	7489.74
1120	1119	1241.69
1120	1121	7253.90
1121	0	11849.87
1121	1115	9318.74
1121	1119	9521.75
1121	1120	7253.90
1121	682	5809.26
1121	683	3755.06
1122	0	13210.70
1122	1089	2119.57
1122	1103	1181.19
1122	1104	1715.02
1122	1115	1401.35
1122	1119	14631.28
1122	1123	11662.01
1123	0	1653.30
1123	1104	1151.68
1123	1106	2141.89
1123	1107	1534.53
1123	1118	5068.08
1123	1122	11662.01
1123	1124	7489.04
1123	1127	8162.07
1123	1128	11259.49
1123	1133	1200.04
1124	1118	17745.07
1124	1123	7489.04
1124	1126	12757.28
1124	1127	8569.60
1125	0	7636.36
1125	1116	12976.88
1125	1117	4980.62
1125	1126	11852.99
1125	1129	14956.32
1125	1132	10788.62
1125	45	7824.55
1126	1117	15342.79
1126	1118	1919.12
1126	1124	12757.28
1126	1125	11852.99
1126	1127	6423.76
1126	1130	4972.09
1126	1131	10257.89
1126	1132	6811.74
1127	1123	8162.07
1127	1124	8569.60
1127	1126	6423.76
1127	1128	15041.79
1127	1130	9781.46
1128	0	40372.25
1128	1123	11259.49
1128	1127	15041.79
1128	1130	10449.50
1129	0	6976.59
1129	1125	14956.32
1129	1132	12392.21
113	101	11541.05
113	102	5470.69
113	107	7344.48
113	114	2183.96
113	115	2354.56
113	116	3639.53
113	126	3450.35
113	135	1428.50
113	699	13483.51
113	704	8781.24
113	705	9372.85
1130	0	4322.49
1130	1126	4972.09
1130	1127	9781.46
1130	1128	10449.50
1130	1131	13329.14
1131	0	14734.22
1131	1126	10257.89
1131	1130	13329.14
1131	1132	12060.95
1132	0	12472.08
1132	1125	10788.62
1132	1126	6811.74
1132	1129	12392.21
1132	1131	12060.95
1133	1100	960.30
1133	1106	2718.80
1133	1118	2329.06
1133	1123	1200.04
1134	1135	1990.38
1134	1136	423.62
1134	1137	447.16
1134	1138	926.83
1134	1139	651.98
1134	1140	96.67
1134	439	3150.23
1134	443	1068.98
1134	979	3546.14
1134	980	5055.73
1134	984	2262.71
1135	1134	1990.38
1135	1140	1030.48
1135	980	1518.91
1135	982	479.90
1135	985	2237.00
1136	1134	423.62
1136	1138	461.33
1136	1140	823.21
1136	1142	132.27
1136	1143	60.32
1137	1134	447.16
1137	1139	591.59
1137	1144	219.13
1137	984	381.07
1138	1134	926.83
1138	1136	461.33
1138	1139	299.12
1138	1141	43.81
1138	1142	642.89
1139	1134	651.98
1139	1137	591.59
1139	1138	299.12
1139	1141	671.11
1139	1144	381.94
114	113	2183.96
114	115	1080.38
114	116	395.91
1140	1134	96.67
1140	1135	1030.48
1140	1136	823.21
1140	1143	1255.76
1140	985	1011.54
1141	1138	43.81
1141	1139	671.11
1141	1142	495.93
1141	1143	273.92
1141	1144	125.99
1142	1136	132.27
1142	1138	642.89
1142	1141	495.93
1142	1143	1356.89
1143	1136	60.32
1143	1140	1255.76
1143	1141	273.92
1143	1142	1356.89
1143	1144	910.82
1143	234	1754.84
1143	237	194.58
1143	984	2381.39
1143	985	1253.31
1144	1137	219.13
1144	1139	381.94
1144	1141	125.99
1144	1143	910.82
1144	984	633.42
1145	1146	4753.65
1145	1147	1992.50
1145	512	196.85
1145	514	1140.40
1145	516	143.29
1145	549	822.53
1145	551	2276.41
1145	559	1695.59
1146	1145	4753.65
1146	516	337.63
1146	517	438.67
1146	520	510.09
1146	522	44.48
1146	551	5246.66
1146	578	3487.04
1146	580	7279.94
1146	581	6188.79
1147	1145	1992.50
1147	512	309.58
1147	559	1040.66
1148	1149	7378.17
1148	232	1254.18
1148	242	832.33
1148	253	849.16
1148	254	489.22
1148	260	99.43
1148	443	1671.27
1148	445	5688.64
1148	447	1417.10
1148	451	6628.29
1148	457	1171.31
1149	1148	7378.17
1149	260	72.48
1149	281	541.94
1149	457	172.13
1149	474	3840.96
115	113	2354.56
115	114	1080.38
115	116	863.47
1150	1151	4667.56
1150	956	921.53
1150	959	3258.29
1150	968	467.93
1150	969	3054.50
1150	971	2466.85
1150	976	4381.49
1150	978	2270.02
1151	1150	4667.56
1151	969	3640.90
1151	970	1765.34
1151	977	2976.22
1151	978	3084.23
116	113	3639.53
116	114	395.91
116	115	863.47
117	107	8104.84
117	111	13362.52
117	125	4113.75
117	126	11003.10
117	95	7644.88
118	106	12314.12
118	110	3582.87
118	111	5876.26
118	119	11228.43
118	125	1308.69
119	110	4336.03
119	118	11228.43
119	125	517.78
119	127	5370.37
119	128	3142.95
119	129	6996.63
12	0	21776.53
12	1	3497.40
12	10	8277.26
12	19	13029.41
12	2	2944.03
12	30	6561.15
12	678	9578.69
12	8	11067.06
120	108	1010.32
120	109	7898.73
120	110	5776.67
120	121	9948.81
120	122	1819.44
121	110	3447.49
121	120	9948.81
121	122	5419.14
121	132	5654.86
122	109	1166.76
122	120	1819.44
122	121	5419.14
122	123	3330.80
122	124	4555.86
122	603	6369.21
122	607	1378.99
123	122	3330.80
123	124	3289.24
123	131	1240.58
123	607	370.13
123	633	4819.14
124	122	4555.86
124	123	3289.24
124	130	5289.66
124	131	636.41
124	132	1486.23
124	136	3712.43
125	111	8380.33
125	117	4113.75
125	118	1308.69
125	119	517.78
125	126	5419.70
125	127	6851.76
126	107	8004.08
126	113	3450.35
126	117	11003.10
126	125	5419.70
126	127	1331.09
126	128	7533.74
126	135	8571.80
126	706	2927.35
126	709	6285.19
127	119	5370.37
127	125	6851.76
127	126	1331.09
127	128	9709.58
128	119	3142.95
128	126	7533.74
128	127	9709.58
128	129	7981.61
128	141	4490.73
128	709	4621.72
128	712	7559.13
129	119	6996.63
129	128	7981.61
129	134	6012.45
129	142	6947.54
13	0	11975.06
13	14	1260.97
13	15	1298.02
13	17	9471.03
13	18	4935.57
13	23	2899.16
130	124	5289.66
130	132	1494.31
130	136	2534.32
131	123	1240.58
131	124	636.41
131	136	3464.03
131	140	2547.37
131	145	2058.14
131	146	1481.86
131	633	3286.52
132	110	1256.02
132	121	5654.86
132	124	1486.23
132	130	1494.31
132	133	9226.15
132	134	2978.68
132	136	2328.88
133	132	9226.15
133	134	3024.63
133	136	703.10
133	144	6880.12
134	110	4999.27
134	129	6012.45
134	132	2978.68
134	133	3024.63
134	143	5048.29
135	113	1428.50
135	126	8571.80
135	705	3104.00
135	706	8548.33
136	124	3712.43
136	130	2534.32
136	131	3464.03
136	132	2328.88
136	133	703.10
136	144	1171.77
136	145	3308.68
136	148	3099.17
137	138	1593.03
137	140	2419.36
138	137	1593.03
138	139	2568.03
138	140	1876.12
138	149	672.33
138	641	250.39
139	138	2568.03
139	140	479.84
139	147	9297.47
139	149	1115.42
139	642	373.35
139	650	4781.91
14	13	1260.97
14	15	511.97
14	16	1045.76
140	131	2547.37
140	137	2419.36
140	138	1876.12
140	139	479.84
140	146	4122.86
140	147	1703.09
140	628	1467.52
140	633	1673.81
140	641	3071.49
141	128	4490.73
141	142	10597.16
141	143	2230.07
141	157	7473.29
141	712	5401.45
141	714	3516.29
142	129	6947.54
142	141	10597.16
142	143	2766.27
143	134	5048.29
143	141	2230.07
143	142	2766.27
143	144	5012.64
143	157	5097.83
144	133	6880.12
144	136	1171.77
144	143	5012.64
144	148	3848.48
144	155	6857.91
145	131	2058.14
145	136	3308.68
145	146	7294.85
145	148	6382.74
145	153	1610.04
145	154	2255.76
146	131	1481.86
146	140	4122.86
146	145	7294.85
146	147	5010.28
146	152	1903.36
146	153	4725.17
146	46	299.57
146	47	2334.54
147	139	9297.47
147	140	1703.09
147	146	5010.28
147	151	1163.93
147	152	3234.27
147	650	1945.70
148	136	3099.17
148	144	3848.48
148	145	6382.74
148	154	3669.71
148	155	2637.34
148	156	304.13
149	138	672.33
149	139	1115.42
149	640	694.47
149	641	829.06
149	642	446.49
15	13	1298.02
15	14	511.97
15	16	740.36
15	17	1268.15
150	151	4801.38
150	160	4185.55
150	650	3263.78
150	657	1884.63
150	660	292.06
151	147	1163.93
151	150	4801.38
151	152	4988.13
151	160	3623.25
151	48	2197.89
151	49	85.95
151	650	1998.78
152	146	1903.36
152	147	3234.27
152	151	4988.13
152	47	735.75
152	48	1294.05
153	145	1610.04
153	146	4725.17
153	154	3682.12
153	161	2056.46
153	47	2620.00
153	52	1282.62
153	53	1621.12
153	724	449.02
154	145	2255.76
154	148	3669.71
154	153	3682.12
154	156	745.28
154	167	2854.73
154	718	579.37
154	724	2317.95
155	144	6857.91
155	148	2637.34
155	156	7249.11
155	157	2731.77
156	148	304.13
156	154	745.28
156	155	7249.11
156	157	2085.41
156	167	4046.87
156	720	1058.20
156	721	2972.50
157	141	7473.29
157	143	5097.83
157	155	2731.77
157	156	2085.41
157	158	539.00
157	159	8434.23
157	163	3243.41
157	713	796.73
157	714	2596.53
157	717	4146.69
157	722	3468.96
158	157	539.00
158	159	1440.96
159	157	8434.23
159	158	1440.96
159	163	3156.74
16	14	1045.76
16	15	740.36
16	17	1452.39
16	23	823.86
160	0	10775.78
160	150	4185.55
160	151	3623.25
160	164	8867.40
160	49	1885.83
160	55	3332.82
160	660	4462.75
160	661	3222.84
160	732	1926.78
161	153	2056.46
161	53	313.55
161	70	35.28
161	71	3034.05
161	724	5582.24
162	164	3877.44
162	165	1289.69
162	55	638.03
162	63	666.31
162	84	1973.43
162	88	1355.11
163	157	3243.41
163	159	3156.74
163	721	4650.71
163	722	2677.57
163	731	3071.29
163	736	2991.51
164	160	8867.40
164	162	3877.44
164	165	2211.76
164	55	336.91
164	732	2837.28
165	162	1289.69
165	164	2211.76
165	166	1373.52
165	724	2130.74
165	732	801.99
165	88	568.42
165	89	1149.09
166	165	1373.52
166	724	1590.07
166	728	877.04
166	732	1904.83
167	154	2854.73
167	156	4046.87
167	718	2348.54
167	720	2272.66
168	169	469.91
168	171	390.00
168	172	552.64
168	187	1291.03
168	189	1648.73
169	168	469.91
169	170	1048.82
169	171	380.27
169	187	2687.44
17	0	4693.25
17	11	4144.26
17	13	9471.03
17	15	1268.15
17	16	1452.39
17	20	22136.26
17	23	10803.10
170	169	1048.82
170	171	511.48
170	175	138.97
170	176	817.19
170	187	373.56
171	168	390.00
171	169	380.27
171	170	511.48
171	172	177.90
171	175	347.64
172	168	552.64
172	171	177.90
172	173	283.86
172	174	316.06
172	189	208.32
173	172	283.86
173	174	290.31
173	178	346.49
173	179	297.93
173	189	633.56
174	172	316.06
174	173	290.31
174	175	321.30
174	178	381.90
175	170	138.97
175	171	347.64
175	174	321.30
175	176	526.74
175	177	338.41
175	178	78.24
176	170	817.19
176	175	526.74
176	177	1320.57
176	181	472.98
176	187	1593.72
177	175	338.41
177	176	1320.57
177	178	314.91
177	180	127.88
177	181	1186.34
178	173	346.49
178	174	381.90
178	175	78.24
178	177	314.91
178	180	408.30
179	173	297.93
179	180	1199.44
179	181	1092.26
179	187	3504.14
179	188	13723.68
179	189	7672.14
179	190	4869.91
179	195	5955.61
179	226	5295.54
18	0	23361.14
18	13	4935.57
18	23	3679.45
18	24	22577.03
180	177	127.88
180	178	408.30
180	179	1199.44
180	181	721.78
181	176	472.98
181	177	1186.34
181	179	1092.26
181	180	721.78
181	187	746.79
182	0	6314.21
182	183	3195.65
182	188	3705.73
182	193	6448.95
183	0	8772.71
183	182	3195.65
183	184	5580.45
183	186	1043.44
183	187	9297.04
183	188	5461.21
184	0	9945.43
184	183	5580.45
184	186	14815.98
185	0	5457.05
185	186	4590.55
185	189	18357.76
186	0	816.17
186	183	1043.44
186	184	14815.98
186	185	4590.55
186	187	6978.14
186	189	2083.55
187	168	1291.03
187	169	2687.44
187	170	373.56
187	176	1593.72
187	179	3504.14
187	181	746.79
187	183	9297.04
187	186	6978.14
187	188	10550.14
187	189	1776.85
188	179	13723.68
188	182	3705.73
188	183	5461.21
188	187	10550.14
188	193	24431.66
189	0	7153.82
189	168	1648.73
189	172	208.32
189	173	633.56
189	179	7672.14
189	185	18357.76
189	186	2083.55
189	187	1776.85
189	190	9077.07
189	191	7376.66
19	10	21854.53
19	12	13029.41
19	2	21515.74
19	21	8831.79
19	22	4471.12
19	32	5726.80
19	9	4745.41
190	179	4869.91
190	189	9077.07
190	191	5205.36
190	192	11627.32
190	196	2157.11
190	201	495.83
190	214	3318.36
190	215	5017.82
190	216	13610.29
190	226	20547.72
191	0	4688.83
191	189	7376.66
191	190	5205.36
191	192	13597.80
191	196	3734.67
192	190	11627.32
192	191	13597.80
192	196	2623.83
193	0	39111.49
193	182	6448.95
193	188	24431.66
193	194	7719.57
193	195	10257.66
193	217	14859.98
193	218	9429.71
193	219	7559.30
193	220	8061.28
193	850	16694.27
193	851	1984.76
194	193	7719.57
194	195	3906.76
194	217	7336.82
194	222	3844.62
195	179	5955.61
195	193	10257.66
195	194	3906.76
195	222	3176.74
195	226	15653.45
196	0	2913.50
196	190	2157.11
196	191	3734.67
196	192	2623.83
196	201	12282.73
197	0	1855.35
197	198	3089.95
197	200	3013.63
197	201	9483.08
197	202	2227.69
198	0	6835.29
198	197	3089.95
198	199	2759.99
198	200	6122.15
198	203	2069.40
199	0	4345.40
199	198	2759.99
199	203	2153.95
199	204	5805.25
2	1	24891.78
2	12	2944.03
2	19	21515.74
2	3	865.19
2	31	1955.93
2	32	11927.10
2	7	7153.32
20	11	3693.68
20	17	22136.26
20	21	14137.52
20	23	1879.41
20	25	18374.20
20	27	2143.01
200	197	3013.63
200	198	6122.15
200	202	1878.39
200	203	3452.52
201	0	983.95
201	190	495.83
201	196	12282.73
201	197	9483.08
201	202	4746.01
201	214	5888.92
202	197	2227.69
202	200	1878.39
202	201	4746.01
202	203	2946.72
202	209	744.24
202	210	410.99
202	212	3942.62
202	213	4301.96
202	214	1854.40
202	225	1907.68
203	198	2069.40
203	199	2153.95
203	200	3452.52
203	202	2946.72
203	204	4091.91
203	207	1997.46
203	209	3136.25
203	211	748.25
203	225	217.19
204	0	1559.71
204	199	5805.25
204	203	4091.91
204	205	4769.70
204	206	2322.72
204	207	5428.88
204	208	2168.55
205	0	13142.29
205	1015	2053.14
205	1016	9171.53
205	204	4769.70
205	207	944.60
206	204	2322.72
206	207	6801.99
207	1016	1018.22
207	203	1997.46
207	204	5428.88
207	205	944.60
207	206	6801.99
207	208	2339.00
207	225	8834.40
207	818	10865.83
207	960	7358.30
207	965	12612.12
208	204	2168.55
208	207	2339.00
209	202	744.24
209	203	3136.25
209	210	857.95
209	211	980.20
21	11	13673.06
21	19	8831.79
21	20	14137.52
21	22	20094.40
21	25	6058.84
21	9	13290.46
210	202	410.99
210	209	857.95
210	211	1129.89
210	225	1053.13
211	203	748.25
211	209	980.20
211	210	1129.89
211	225	737.44
212	202	3942.62
212	213	1781.52
212	225	3162.90
213	202	4301.96
213	212	1781.52
213	214	1256.75
213	225	1806.49
214	190	3318.36
214	201	5888.92
214	202	1854.40
214	213	1256.75
214	215	7184.93
214	225	2292.30
215	190	5017.82
215	214	7184.93
215	216	1587.49
215	223	2115.58
215	224	1508.51
215	225	5117.39
216	190	13610.29
216	215	1587.49
216	224	14787.42
216	226	6433.68
217	193	14859.98
217	194	7336.82
217	220	13268.73
217	221	3084.31
217	222	17115.28
218	193	9429.71
218	219	18423.70
218	229	9279.99
218	851	10452.78
218	852	4861.74
218	853	11698.24
219	193	7559.30
219	218	18423.70
219	220	20400.69
219	229	9506.21
22	19	4471.12
22	21	20094.40
22	25	7131.46
22	32	14357.76
22	33	7201.70
22	35	11514.54
22	37	8832.31
220	193	8061.28
220	217	13268.73
220	219	20400.69
220	221	15793.67
220	229	1944.34
221	217	3084.31
221	220	15793.67
221	222	6864.44
221	226	4652.77
221	227	3748.83
221	229	24278.91
221	230	14939.22
221	886	4057.72
222	194	3844.62
222	195	3176.74
222	217	17115.28
222	221	6864.44
222	226	14847.95
223	215	2115.58
223	224	14550.43
223	225	3432.02
223	419	17632.93
224	215	1508.51
224	216	14787.42
224	223	14550.43
224	226	3509.26
224	419	9032.87
225	202	1907.68
225	203	217.19
225	207	8834.40
225	210	1053.13
225	211	737.44
225	212	3162.90
225	213	1806.49
225	214	2292.30
225	215	5117.39
225	223	3432.02
225	419	9166.92
225	965	637.36
226	179	5295.54
226	190	20547.72
226	195	15653.45
226	216	6433.68
226	221	4652.77
226	222	14847.95
226	224	3509.26
226	227	13597.98
226	419	4329.92
227	221	3748.83
227	226	13597.98
227	228	12418.47
227	230	13172.14
227	419	4188.27
228	227	12418.47
228	230	16845.43
228	419	5023.66
228	424	7785.83
229	218	9279.99
229	219	9506.21
229	220	1944.34
229	221	24278.91
229	852	7142.79
229	854	3580.60
229	855	6110.91
229	886	42803.95
23	13	2899.16
23	16	823.86
23	17	10803.10
23	18	3679.45
23	20	1879.41
23	24	15056.62
23	27	4013.37
230	221	14939.22
230	227	13172.14
230	228	16845.43
230	231	7577.58
230	424	2075.31
230	441	11229.30
230	886	14572.00
231	230	7577.58
231	886	23414.29
232	1148	1254.18
232	233	551.96
232	234	2240.03
232	235	166.14
232	236	42.54
232	239	212.73
232	241	817.43
232	242	325.84
232	244	767.99
232	443	5134.71
232	984	304.66
233	232	551.96
233	235	370.99
233	241	76.14
234	1143	1754.84
234	232	2240.03
234	238	1805.66
234	245	684.83
234	249	2233.53
234	254	332.27
234	984	395.84
235	232	166.14
235	233	370.99
235	236	474.19
235	241	345.07
236	232	42.54
236	235	474.19
236	239	206.22
236	240	172.34
236	241	118.97
237	1143	194.58
237	238	1151.96
237	247	87.10
237	251	1676.55
237	252	896.66
237	985	2091.08
238	234	1805.66
238	237	1151.96
238	246	679.11
238	247	295.36
239	232	212.73
239	236	206.22
239	240	253.46
239	244	233.46
24	0	11248.99
24	18	22577.03
24	23	15056.62
24	27	4208.01
24	28	5832.30
24	29	7467.01
240	236	172.34
240	239	253.46
240	241	77.31
240	243	153.81
240	244	170.13
241	232	817.43
241	233	76.14
241	235	345.07
241	236	118.97
241	240	77.31
241	242	299.99
241	243	669.08
242	1148	832.33
242	232	325.84
242	241	299.99
242	243	231.37
242	248	241.37
242	253	427.44
243	240	153.81
243	241	669.08
243	242	231.37
243	244	103.62
243	248	365.04
244	232	767.99
244	239	233.46
244	240	170.13
244	243	103.62
244	248	347.38
244	253	124.82
244	254	716.34
245	234	684.83
245	246	479.76
245	249	876.60
245	250	721.05
246	238	679.11
246	245	479.76
246	247	252.03
246	250	238.49
247	237	87.10
247	238	295.36
247	246	252.03
247	250	2295.90
247	251	891.03
248	242	241.37
248	243	365.04
248	244	347.38
248	253	266.15
249	234	2233.53
249	245	876.60
249	250	826.90
249	254	1271.08
249	255	483.26
25	20	18374.20
25	21	6058.84
25	22	7131.46
25	27	15046.80
25	28	2628.13
25	33	14238.48
25	39	1794.21
250	245	721.05
250	246	238.49
250	247	2295.90
250	249	826.90
250	251	531.21
250	255	2612.03
251	237	1676.55
251	247	891.03
251	250	531.21
251	252	1215.92
251	255	507.93
251	257	594.85
251	258	1690.37
251	259	1453.22
251	262	796.00
251	267	813.58
252	237	896.66
252	251	1215.92
252	256	637.31
252	257	590.05
252	985	2548.15
252	986	226.56
252	987	241.77
253	1148	849.16
253	242	427.44
253	244	124.82
253	248	266.15
253	254	1356.58
254	1148	489.22
254	234	332.27
254	244	716.34
254	249	1271.08
254	253	1356.58
254	255	435.43
254	260	2880.57
254	264	1564.04
255	249	483.26
255	250	2612.03
255	251	507.93
255	254	435.43
255	259	3533.25
255	261	4177.40
255	264	81.09
255	265	111.50
256	252	637.31
256	257	713.06
256	987	293.39
256	990	474.83
257	251	594.85
257	252	590.05
257	256	713.06
257	267	746.82
257	268	629.00
257	275	214.30
257	276	135.49
257	453	428.82
258	251	1690.37
258	262	661.57
259	251	1453.22
259	255	3533.25
259	262	291.88
259	265	439.41
259	267	297.89
260	1148	99.43
260	1149	72.48
260	254	2880.57
260	264	8.93
260	269	146.32
260	271	175.98
260	281	1639.67
261	255	4177.40
261	264	1034.36
261	265	183.16
261	278	546.76
261	279	71.04
262	251	796.00
262	258	661.57
262	259	291.88
262	267	776.63
263	265	35.63
263	266	158.02
263	267	750.63
264	254	1564.04
264	255	81.09
264	260	8.93
264	261	1034.36
264	271	680.20
264	272	790.27
264	279	753.06
264	285	123.63
264	286	84.57
264	287	92.50
265	255	111.50
265	259	439.41
265	261	183.16
265	263	35.63
265	266	376.63
265	267	1257.75
265	277	1018.36
265	278	1044.61
265	289	467.86
265	300	27.11
265	301	357.59
265	302	34.85
266	263	158.02
266	265	376.63
266	267	400.91
267	251	813.58
267	257	746.82
267	259	297.89
267	262	776.63
267	263	750.63
267	265	1257.75
267	266	400.91
267	276	1451.11
268	257	629.00
268	273	614.40
268	274	227.98
268	275	991.27
268	453	637.18
269	260	146.32
269	270	374.19
269	271	333.87
269	280	224.09
269	281	343.95
27	20	2143.01
27	23	4013.37
27	24	4208.01
27	25	15046.80
27	28	27666.29
270	269	374.19
270	280	170.62
270	281	477.27
271	260	175.98
271	264	680.20
271	269	333.87
271	272	322.38
271	280	401.18
271	284	350.39
271	285	54.53
272	264	790.27
272	271	322.38
272	285	242.53
273	268	614.40
273	274	617.05
273	453	758.17
274	268	227.98
274	273	617.05
274	275	258.33
274	302	492.53
274	303	214.08
274	453	442.77
275	257	214.30
275	268	991.27
275	274	258.33
275	276	738.17
275	302	69.99
276	257	135.49
276	267	1451.11
276	275	738.17
276	302	1523.30
277	265	1018.36
277	289	643.08
277	299	333.39
277	300	394.54
277	306	140.19
278	261	546.76
278	265	1044.61
278	279	511.65
278	289	555.29
279	261	71.04
279	264	753.06
279	278	511.65
279	287	212.14
279	288	804.42
279	297	110.26
279	298	184.16
28	24	5832.30
28	25	2628.13
28	27	27666.29
28	29	9172.92
28	34	15754.59
28	38	8281.49
28	39	7736.66
280	269	224.09
280	270	170.62
280	271	401.18
280	281	286.86
280	283	302.94
281	1149	541.94
281	260	1639.67
281	269	343.95
281	270	477.27
281	280	286.86
281	282	852.33
281	474	864.60
282	281	852.33
282	283	217.55
282	290	649.97
282	291	13.27
282	474	585.26
283	280	302.94
283	282	217.55
283	284	245.64
283	291	334.48
284	271	350.39
284	283	245.64
284	285	391.02
284	291	456.49
284	292	611.75
285	264	123.63
285	271	54.53
285	272	242.53
285	284	391.02
285	286	437.69
285	292	221.96
286	264	84.57
286	285	437.69
286	287	520.26
286	292	174.79
286	293	183.00
287	264	92.50
287	279	212.14
287	286	520.26
287	288	390.59
287	293	104.28
287	294	206.75
288	279	804.42
288	287	390.59
288	294	101.45
288	295	135.70
288	297	203.87
289	265	467.86
289	277	643.08
289	278	555.29
289	298	182.66
289	299	353.79
29	0	6130.63
29	24	7467.01
29	28	9172.92
29	38	15699.15
290	282	649.97
290	291	506.19
290	308	461.33
290	320	142.55
290	334	55.44
290	359	101.52
290	361	1018.40
290	474	1606.31
291	282	13.27
291	283	334.48
291	284	456.49
291	290	506.19
291	292	34.84
291	308	336.58
292	284	611.75
292	285	221.96
292	286	174.79
292	291	34.84
292	293	341.94
292	308	242.51
292	309	322.56
292	320	176.10
292	321	289.91
293	286	183.00
293	287	104.28
293	292	341.94
293	294	343.59
293	309	221.50
294	287	206.75
294	288	101.45
294	293	343.59
294	295	327.91
294	309	216.54
295	288	135.70
295	294	327.91
295	296	141.95
295	297	256.58
295	310	166.66
296	295	141.95
296	297	677.41
296	310	171.47
297	279	110.26
297	288	203.87
297	295	256.58
297	296	677.41
297	298	320.32
297	307	137.20
297	310	34.34
298	279	184.16
298	289	182.66
298	297	320.32
298	299	132.37
298	307	160.88
299	277	333.39
299	289	353.79
299	298	132.37
299	307	516.85
299	311	197.59
3	1	458.08
3	2	865.19
3	4	911.67
3	7	658.68
30	1	12239.16
30	12	6561.15
30	5	2438.42
30	6	9134.75
30	674	3963.90
30	678	19006.99
30	680	18863.97
300	265	27.11
300	277	394.54
300	301	232.81
300	305	383.29
300	306	485.48
301	265	357.59
301	300	232.81
301	302	745.66
301	305	681.41
301	312	274.35
301	313	32.97
302	265	34.85
302	274	492.53
302	275	69.99
302	276	1523.30
302	301	745.66
302	303	418.55
302	304	50.73
302	313	404.34
302	315	231.28
302	316	630.91
302	326	114.74
302	327	360.93
302	328	242.08
303	274	214.08
303	302	418.55
303	304	465.63
303	453	127.37
304	302	50.73
304	303	465.63
304	314	679.44
304	315	589.31
304	453	438.14
305	300	383.29
305	301	681.41
305	312	574.99
306	277	140.19
306	300	485.48
306	311	530.55
306	312	114.81
307	297	137.20
307	298	160.88
307	299	516.85
307	310	455.88
307	318	495.18
307	319	95.76
308	290	461.33
308	291	336.58
308	292	242.51
308	320	512.98
309	292	322.56
309	293	221.50
309	294	216.54
309	310	183.44
309	321	434.32
31	2	1955.93
31	32	5141.98
31	35	7060.04
31	36	9318.84
31	7	4637.54
310	295	166.66
310	296	171.47
310	297	34.34
310	307	455.88
310	309	183.44
310	319	466.12
310	321	11.29
311	299	197.59
311	306	530.55
311	317	450.24
311	318	175.83
311	326	117.90
312	301	274.35
312	305	574.99
312	306	114.81
312	313	492.60
312	326	567.61
313	301	32.97
313	302	404.34
313	312	492.60
313	326	838.48
314	304	679.44
314	315	272.41
314	344	475.62
314	345	1678.88
314	346	510.02
314	347	161.23
314	369	198.32
314	371	393.95
314	453	1713.14
315	302	231.28
315	304	589.31
315	314	272.41
315	327	276.93
315	344	247.05
316	302	630.91
316	327	330.08
316	328	454.42
317	311	450.24
317	325	310.85
317	329	137.90
317	330	169.59
318	307	495.18
318	311	175.83
318	324	86.17
318	325	492.30
319	307	95.76
319	310	466.12
319	321	50.90
319	323	441.56
319	324	291.35
32	19	5726.80
32	2	11927.10
32	22	14357.76
32	31	5141.98
32	35	7523.59
320	290	142.55
320	292	176.10
320	308	512.98
320	321	607.01
320	334	903.17
320	355	83.09
321	292	289.91
321	309	434.32
321	310	11.29
321	319	50.90
321	320	607.01
321	322	521.44
321	323	86.32
321	333	266.39
321	335	13.98
321	385	149.60
322	321	521.44
322	323	131.45
322	333	242.23
323	319	441.56
323	321	86.32
323	322	131.45
323	324	179.02
323	333	132.61
323	335	109.39
324	318	86.17
324	319	291.35
324	323	179.02
324	332	240.58
324	335	133.57
324	336	195.16
324	337	169.25
325	317	310.85
325	318	492.30
325	330	138.28
325	331	557.58
325	332	245.47
326	302	114.74
326	311	117.90
326	312	567.61
326	313	838.48
326	328	357.90
326	329	476.95
326	340	479.57
326	341	494.57
326	351	56.29
326	352	232.65
327	302	360.93
327	315	276.93
327	316	330.08
327	328	108.76
327	343	171.74
327	344	198.91
328	302	242.08
328	316	454.42
328	326	357.90
328	327	108.76
328	342	250.21
328	343	165.61
329	317	137.90
329	326	476.95
329	330	264.30
329	340	382.17
33	22	7201.70
33	25	14238.48
33	37	6522.74
33	39	12600.30
330	317	169.59
330	325	138.28
330	329	264.30
330	331	131.29
330	339	233.22
331	325	557.58
331	330	131.29
331	332	79.10
331	338	174.39
331	339	144.65
332	324	240.58
332	325	245.47
332	331	79.10
332	337	798.35
332	338	407.84
332	354	360.16
333	321	266.39
333	322	242.23
333	323	132.61
333	335	250.57
334	290	55.44
334	320	903.17
334	355	93.65
334	356	87.18
334	357	89.80
334	358	620.60
334	361	641.14
335	321	13.98
335	323	109.39
335	324	133.57
335	333	250.57
335	336	339.78
335	354	188.02
335	385	280.39
336	324	195.16
336	335	339.78
336	337	45.28
336	354	238.54
337	324	169.25
337	332	798.35
337	336	45.28
337	354	466.91
338	331	174.39
338	332	407.84
338	339	263.84
338	353	319.20
338	354	47.81
339	330	233.22
339	331	144.65
339	338	263.84
339	340	226.49
339	352	160.34
339	353	17.40
34	28	15754.59
34	38	1429.71
34	39	9297.13
340	326	479.57
340	329	382.17
340	339	226.49
340	352	645.87
341	326	494.57
341	342	288.02
341	350	273.13
341	351	617.75
342	328	250.21
342	341	288.02
342	343	443.80
342	349	215.71
342	350	169.57
342	365	54.29
343	327	171.74
343	328	165.61
343	342	443.80
343	344	241.25
343	348	98.33
343	349	153.46
344	314	475.62
344	315	247.05
344	327	198.91
344	343	241.25
344	347	95.68
344	348	150.10
345	314	1678.88
345	369	883.48
345	370	650.83
345	371	2778.58
345	373	693.55
345	374	228.18
345	395	36.42
345	396	465.10
345	397	860.69
346	314	510.02
346	347	193.46
346	369	381.24
347	314	161.23
347	344	95.68
347	346	193.46
347	348	441.82
348	343	98.33
348	344	150.10
348	347	441.82
348	349	207.19
348	367	506.97
348	368	74.43
348	369	376.39
349	342	215.71
349	343	153.46
349	348	207.19
349	365	199.07
349	367	323.04
35	1108	5615.24
35	1109	7862.31
35	22	11514.54
35	31	7060.04
35	32	7523.59
35	36	5146.82
35	37	18889.66
350	341	273.13
350	342	169.57
350	351	607.04
350	365	442.42
350	377	327.94
350	388	97.32
351	326	56.29
351	341	617.75
351	350	607.04
351	352	656.00
351	388	323.78
352	326	232.65
352	339	160.34
352	340	645.87
352	351	656.00
352	353	247.95
352	364	270.27
352	378	900.31
352	379	14.03
352	388	806.42
353	338	319.20
353	339	17.40
353	352	247.95
353	354	119.10
353	364	613.26
354	332	360.16
354	335	188.02
354	336	238.54
354	337	466.91
354	338	47.81
354	353	119.10
354	363	508.77
354	364	141.15
354	380	67.72
354	385	772.96
355	320	83.09
355	334	93.65
355	356	782.00
355	385	872.24
356	334	87.18
356	355	782.00
356	357	635.87
356	358	41.38
356	381	551.95
356	382	56.74
356	385	795.69
357	334	89.80
357	356	635.87
357	358	565.81
358	334	620.60
358	356	41.38
358	357	565.81
358	361	55.61
358	362	985.45
358	381	60.25
358	382	406.92
359	290	101.52
359	360	636.58
359	361	270.91
359	384	584.33
359	474	707.78
36	1108	709.57
36	31	9318.84
36	35	5146.82
36	40	10370.15
36	6	13457.87
36	680	11976.43
36	681	1019.22
36	7	1813.93
360	359	636.58
360	361	592.20
360	383	230.10
360	384	120.89
361	290	1018.40
361	334	641.14
361	358	55.61
361	359	270.91
361	360	592.20
361	382	249.34
361	383	192.89
362	358	985.45
362	381	376.87
362	382	102.18
363	354	508.77
363	364	308.54
363	380	484.29
363	386	287.35
364	352	270.27
364	353	613.26
364	354	141.15
364	363	308.54
364	379	355.67
364	386	198.96
365	342	54.29
365	349	199.07
365	350	442.42
365	367	159.86
365	377	297.60
366	367	441.45
366	376	323.45
367	348	506.97
367	349	323.04
367	365	159.86
367	366	441.45
367	368	124.05
367	376	330.83
368	348	74.43
368	367	124.05
368	369	563.79
368	375	425.32
368	376	512.58
368	393	201.45
369	314	198.32
369	345	883.48
369	346	381.24
369	348	376.39
369	368	563.79
369	374	107.32
369	375	78.70
369	394	77.95
37	1109	5782.27
37	1110	2477.85
37	22	8832.31
37	33	6522.74
37	35	18889.66
37	39	7018.86
37	43	10971.57
370	345	650.83
370	371	807.44
371	314	393.95
371	345	2778.58
371	370	807.44
371	372	604.49
371	397	348.41
371	453	526.48
371	465	727.20
372	371	604.49
372	397	1009.22
372	398	1140.50
372	410	1549.87
372	465	413.94
372	480	945.00
373	345	693.55
373	374	354.06
373	395	141.70
374	345	228.18
374	369	107.32
374	373	354.06
374	394	428.62
374	395	304.77
374	399	163.12
375	368	425.32
375	369	78.70
375	394	457.80
376	366	323.45
376	367	330.83
376	368	512.58
376	377	417.35
376	391	118.15
376	392	287.37
376	393	84.28
377	350	327.94
377	365	297.60
377	376	417.35
377	388	185.38
377	389	109.97
377	390	308.49
377	391	142.45
377	401	241.37
378	352	900.31
378	379	308.04
378	387	219.40
378	388	725.03
378	403	697.58
378	416	102.85
379	352	14.03
379	364	355.67
379	378	308.04
379	386	321.51
379	387	416.49
38	0	8857.83
38	28	8281.49
38	29	15699.15
38	34	1429.71
38	39	5602.78
38	41	5104.63
38	42	16495.00
380	354	67.72
380	363	484.29
380	385	539.31
380	386	67.70
381	356	551.95
381	358	60.25
381	362	376.87
381	382	144.01
382	356	56.74
382	358	406.92
382	361	249.34
382	362	102.18
382	381	144.01
382	383	778.64
382	405	188.00
382	471	372.59
383	360	230.10
383	361	192.89
383	382	778.64
383	384	580.17
383	405	269.52
384	359	584.33
384	360	120.89
384	383	580.17
384	405	498.20
384	474	270.78
385	321	149.60
385	335	280.39
385	354	772.96
385	355	872.24
385	356	795.69
385	380	539.31
385	386	428.24
385	404	1003.85
385	471	786.63
386	363	287.35
386	364	198.96
386	379	321.51
386	380	67.70
386	385	428.24
386	387	367.46
386	404	775.86
387	378	219.40
387	379	416.49
387	386	367.46
387	403	363.78
387	404	133.54
388	350	97.32
388	351	323.78
388	352	806.42
388	377	185.38
388	378	725.03
388	389	344.43
388	402	749.50
388	416	472.33
389	377	109.97
389	388	344.43
389	401	317.65
389	402	379.50
389	416	400.23
39	25	1794.21
39	28	7736.66
39	33	12600.30
39	34	9297.13
39	37	7018.86
39	38	5602.78
39	41	12801.73
39	43	14743.04
390	377	308.49
390	391	253.19
390	401	655.05
391	376	118.15
391	377	142.45
391	390	253.19
391	392	568.96
391	401	274.38
391	406	547.77
391	414	122.18
392	376	287.37
392	391	568.96
392	393	666.18
392	400	177.55
392	407	59.87
393	368	201.45
393	376	84.28
393	392	666.18
393	394	273.17
393	400	235.34
394	369	77.95
394	374	428.62
394	375	457.80
394	393	273.17
394	399	42.55
394	400	119.94
395	345	36.42
395	373	141.70
395	374	304.77
395	396	215.04
395	397	43.86
395	399	170.59
396	345	465.10
396	395	215.04
396	397	369.85
397	345	860.69
397	371	348.41
397	372	1009.22
397	395	43.86
397	396	369.85
397	399	289.49
397	408	48.07
397	409	517.82
397	411	320.87
397	480	164.53
398	372	1140.50
398	410	2627.51
398	480	1897.37
399	374	163.12
399	394	42.55
399	395	170.59
399	397	289.49
399	400	292.17
399	408	371.39
4	1	910.90
4	3	911.67
4	5	1057.47
4	7	165.97
40	1108	11042.44
40	36	10370.15
40	681	10743.09
400	392	177.55
400	393	235.34
400	394	119.94
400	399	292.17
400	407	665.69
401	377	241.37
401	389	317.65
401	390	655.05
401	391	274.38
401	406	8.95
401	415	601.55
401	416	347.27
402	388	749.50
402	389	379.50
402	416	525.38
403	378	697.58
403	387	363.78
403	404	920.98
403	416	533.68
404	385	1003.85
404	386	775.86
404	387	133.54
404	403	920.98
404	416	767.61
404	471	2143.65
405	382	188.00
405	383	269.52
405	384	498.20
405	471	2688.20
405	474	1777.47
406	391	547.77
406	401	8.95
406	414	239.41
406	415	561.46
407	392	59.87
407	400	665.69
407	408	193.06
407	412	587.41
407	413	119.77
407	414	242.05
408	397	48.07
408	399	371.39
408	407	193.06
408	409	376.41
408	411	578.24
408	412	6.03
409	397	517.82
409	408	376.41
409	411	403.93
41	1111	8712.43
41	38	5104.63
41	39	12801.73
41	42	8450.15
41	43	7486.63
41	44	6718.10
410	372	1549.87
410	398	2627.51
410	464	404.36
410	465	3572.11
410	467	695.66
410	480	1956.60
411	397	320.87
411	408	578.24
411	409	403.93
411	412	558.73
411	415	601.30
411	418	138.69
411	470	1446.54
411	480	150.11
412	407	587.41
412	408	6.03
412	411	558.73
412	413	275.36
413	407	119.77
413	412	275.36
413	414	357.42
413	415	629.40
414	391	122.18
414	406	239.41
414	407	242.05
414	413	357.42
414	415	240.30
415	401	601.55
415	406	561.46
415	411	601.30
415	413	629.40
415	414	240.30
415	416	825.10
415	417	968.18
415	418	1660.22
416	378	102.85
416	388	472.33
416	389	400.23
416	401	347.27
416	402	525.38
416	403	533.68
416	404	767.61
416	415	825.10
416	417	307.90
416	418	1581.22
416	470	1640.68
416	471	1362.41
417	415	968.18
417	416	307.90
417	418	408.46
418	411	138.69
418	415	1660.22
418	416	1581.22
418	417	408.46
418	470	5529.19
419	223	17632.93
419	224	9032.87
419	225	9166.92
419	226	4329.92
419	227	4188.27
419	228	5023.66
419	420	11472.59
419	421	3040.76
419	424	5607.41
419	961	10133.08
419	965	6097.97
42	0	5595.63
42	38	16495.00
42	41	8450.15
42	44	19773.66
420	419	11472.59
420	421	3401.20
420	422	1308.65
420	427	376.68
420	429	2231.28
420	430	397.36
420	436	7691.57
420	961	8607.69
420	972	2186.13
421	419	3040.76
421	420	3401.20
421	422	2822.82
421	423	1466.15
421	424	2897.27
421	425	1131.58
422	420	1308.65
422	421	2822.82
422	423	2586.60
422	436	705.26
423	421	1466.15
423	422	2586.60
423	436	2219.00
423	437	1553.75
424	228	7785.83
424	230	2075.31
424	419	5607.41
424	421	2897.27
424	425	2451.01
424	426	865.12
424	441	8623.10
425	421	1131.58
425	424	2451.01
425	426	2076.12
425	437	1645.84
426	424	865.12
426	425	2076.12
426	437	1852.50
426	441	2232.44
427	420	376.68
427	428	1418.22
427	429	632.96
427	430	1573.53
427	431	131.19
428	427	1418.22
428	429	1575.28
428	431	478.67
429	420	2231.28
429	427	632.96
429	428	1575.28
429	431	503.63
429	436	2066.85
43	1110	3535.97
43	1111	21546.37
43	1112	9260.04
43	37	10971.57
43	39	14743.04
43	41	7486.63
430	420	397.36
430	427	1573.53
430	431	448.57
430	432	249.24
430	433	74.57
430	434	1024.13
430	439	2792.61
430	440	386.33
430	972	2726.18
430	973	987.82
431	427	131.19
431	428	478.67
431	429	503.63
431	430	448.57
431	432	706.46
431	433	520.43
431	436	354.83
431	438	1109.29
431	440	439.72
432	430	249.24
432	431	706.46
432	433	627.97
433	430	74.57
433	431	520.43
433	432	627.97
433	434	120.17
433	435	526.02
434	430	1024.13
434	433	120.17
434	435	1000.43
435	433	526.02
435	434	1000.43
435	440	3992.49
436	420	7691.57
436	422	705.26
436	423	2219.00
436	429	2066.85
436	431	354.83
436	437	6087.37
436	438	7750.91
436	441	822.43
436	447	8640.71
437	423	1553.75
437	425	1645.84
437	426	1852.50
437	436	6087.37
438	431	1109.29
438	436	7750.91
438	440	7431.30
438	445	4086.52
438	447	6414.29
439	1134	3150.23
439	430	2792.61
439	440	8890.14
439	443	1274.49
439	973	2747.83
439	979	3394.91
44	0	13097.42
44	1111	1156.79
44	41	6718.10
44	42	19773.66
44	45	31875.22
440	430	386.33
440	431	439.72
440	435	3992.49
440	438	7431.30
440	439	8890.14
440	443	2704.06
440	445	304.87
441	230	11229.30
441	424	8623.10
441	426	2232.44
441	436	822.43
441	442	10044.73
441	447	4273.26
441	455	1008.95
441	478	6480.27
441	886	10683.51
442	441	10044.73
442	444	6275.45
442	447	1115.94
442	448	2307.27
443	1134	1068.98
443	1148	1671.27
443	232	5134.71
443	439	1274.49
443	440	2704.06
443	445	9082.31
443	446	1788.13
443	984	3425.22
444	442	6275.45
444	448	10173.65
444	451	167.98
444	454	14825.09
444	472	667.60
444	478	17099.12
445	1148	5688.64
445	438	4086.52
445	440	304.87
445	443	9082.31
445	446	9175.71
445	447	4686.80
446	443	1788.13
446	445	9175.71
447	1148	1417.10
447	436	8640.71
447	438	6414.29
447	441	4273.26
447	442	1115.94
447	445	4686.80
447	448	7714.34
447	451	2828.95
448	442	2307.27
448	444	10173.65
448	447	7714.34
448	451	3400.79
45	0	6403.11
45	1111	7337.88
45	1116	27117.21
45	1117	7549.83
45	1125	7824.55
45	44	31875.22
451	1148	6628.29
451	444	167.98
451	447	2828.95
451	448	3400.79
451	454	2968.45
451	456	1580.70
451	457	4198.45
451	466	7213.82
452	453	3058.46
452	458	7512.48
452	462	295.07
452	465	1562.65
452	658	6127.71
452	666	3621.68
452	986	4849.46
452	990	3735.72
453	257	428.82
453	268	637.18
453	273	758.17
453	274	442.77
453	303	127.37
453	304	438.14
453	314	1713.14
453	371	526.48
453	452	3058.46
453	465	1170.50
453	990	2175.19
454	444	14825.09
454	451	2968.45
454	456	3975.95
454	472	5915.89
455	441	1008.95
455	478	17634.93
455	886	10778.13
455	890	4983.50
456	451	1580.70
456	454	3975.95
456	466	5862.69
456	472	5482.50
456	473	993.08
457	1148	1171.31
457	1149	172.13
457	451	4198.45
457	466	8146.18
457	473	2975.26
457	474	6251.04
458	452	7512.48
458	462	1511.72
458	463	3264.04
458	464	5060.56
458	465	3475.38
459	0	3366.43
459	460	234.66
459	469	408.91
459	667	9852.84
46	146	299.57
46	47	1993.68
460	459	234.66
460	461	3915.67
460	468	750.05
460	469	2864.13
460	664	4784.33
460	665	4704.97
460	667	2760.49
461	460	3915.67
461	468	1305.29
461	469	2985.69
461	475	2198.91
462	452	295.07
462	458	1511.72
462	463	5506.54
462	468	1391.40
462	475	949.18
462	665	1794.50
462	666	6290.43
463	458	3264.04
463	462	5506.54
463	464	134.27
463	467	7970.86
463	475	1771.60
463	476	1054.83
464	410	404.36
464	458	5060.56
464	463	134.27
464	465	855.28
464	467	3045.79
465	371	727.20
465	372	413.94
465	410	3572.11
465	452	1562.65
465	453	1170.50
465	458	3475.38
465	464	855.28
466	451	7213.82
466	456	5862.69
466	457	8146.18
466	473	2740.31
467	410	695.66
467	463	7970.86
467	464	3045.79
467	476	7932.99
467	480	1348.22
468	460	750.05
468	461	1305.29
468	462	1391.40
468	475	3413.18
468	665	4109.51
469	0	10356.49
469	459	408.91
469	460	2864.13
469	461	2985.69
469	475	7490.94
469	490	5268.42
47	146	2334.54
47	152	735.75
47	153	2620.00
47	46	1993.68
47	48	1083.71
47	51	1025.16
47	52	606.92
470	411	1446.54
470	416	1640.68
470	418	5529.19
470	471	2582.25
470	479	4568.85
470	480	1619.78
470	483	1501.63
470	486	1261.58
471	382	372.59
471	385	786.63
471	404	2143.65
471	405	2688.20
471	416	1362.41
471	470	2582.25
471	474	4953.19
471	483	4162.80
472	444	667.60
472	454	5915.89
472	456	5482.50
472	473	3239.81
472	478	8614.94
472	489	4134.20
473	456	993.08
473	457	2975.26
473	466	2740.31
473	472	3239.81
473	474	7831.41
473	489	9545.92
473	493	1314.82
474	1149	3840.96
474	281	864.60
474	282	585.26
474	290	1606.31
474	359	707.78
474	384	270.78
474	405	1777.47
474	457	6251.04
474	471	4953.19
474	473	7831.41
474	483	3350.00
474	484	430.40
474	493	4629.67
475	461	2198.91
475	462	949.18
475	463	1771.60
475	468	3413.18
475	469	7490.94
475	476	711.37
475	477	1717.68
475	490	711.51
475	491	2839.30
476	463	1054.83
476	467	7932.99
476	475	711.37
476	477	8554.07
476	480	337.77
477	475	1717.68
477	476	8554.07
477	480	2534.87
477	481	2172.37
477	482	1857.54
477	491	8077.15
478	441	6480.27
478	444	17099.12
478	455	17634.93
478	472	8614.94
478	489	3042.20
478	784	1983.37
478	890	13778.11
479	470	4568.85
479	480	3396.54
479	486	4963.99
479	494	3865.74
479	495	2820.63
48	151	2197.89
48	152	1294.05
48	47	1083.71
48	49	362.87
48	50	718.30
48	51	81.59
480	372	945.00
480	397	164.53
480	398	1897.37
480	410	1956.60
480	411	150.11
480	467	1348.22
480	470	1619.78
480	476	337.77
480	477	2534.87
480	479	3396.54
480	482	2872.40
480	494	1685.39
481	477	2172.37
481	482	2289.08
481	491	3899.80
481	494	1369.22
481	495	5356.89
482	477	1857.54
482	480	2872.40
482	481	2289.08
482	494	2289.83
483	470	1501.63
483	471	4162.80
483	474	3350.00
483	484	4481.22
483	486	1361.85
484	474	430.40
484	483	4481.22
484	485	2257.95
484	486	1474.31
484	487	1482.94
484	493	592.03
485	484	2257.95
485	486	2759.64
486	470	1261.58
486	479	4963.99
486	483	1361.85
486	484	1474.31
486	485	2759.64
486	487	1766.41
486	488	695.63
486	493	1498.04
486	495	1405.48
486	500	6190.09
486	501	471.42
487	484	1482.94
487	486	1766.41
487	488	526.20
487	493	2111.81
488	486	695.63
488	487	526.20
489	472	4134.20
489	473	9545.92
489	478	3042.20
489	493	6178.15
489	499	1573.30
489	784	4629.82
489	787	7365.99
489	788	5987.63
49	151	85.95
49	160	1885.83
49	48	362.87
49	50	1682.71
49	55	1891.85
49	56	504.80
490	0	3884.50
490	469	5268.42
490	475	711.51
490	491	3911.30
490	496	3053.46
491	475	2839.30
491	477	8077.15
491	481	3899.80
491	490	3911.30
491	495	3438.20
491	496	4847.00
492	494	4119.99
492	495	4225.11
493	473	1314.82
493	474	4629.67
493	484	592.03
493	486	1498.04
493	487	2111.81
493	489	6178.15
493	499	5172.67
493	500	2917.44
494	479	3865.74
494	480	1685.39
494	481	1369.22
494	482	2289.83
494	492	4119.99
494	495	2803.82
495	479	2820.63
495	481	5356.89
495	486	1405.48
495	491	3438.20
495	492	4225.11
495	494	2803.82
495	496	8946.40
495	497	3172.27
495	498	1998.67
495	501	1786.26
495	507	14436.41
496	0	20471.72
496	490	3053.46
496	491	4847.00
496	495	8946.40
496	497	3297.29
496	498	5725.69
496	507	4869.62
497	495	3172.27
497	496	3297.29
497	498	1501.94
498	495	1998.67
498	496	5725.69
498	497	1501.94
499	489	1573.30
499	493	5172.67
499	500	3332.16
499	504	7917.71
499	788	2457.67
499	792	8298.94
5	1	8192.42
5	30	2438.42
5	4	1057.47
5	6	10661.75
5	7	259.48
50	48	718.30
50	49	1682.71
50	51	676.94
50	54	500.80
50	56	82.67
50	57	742.35
500	486	6190.09
500	493	2917.44
500	499	3332.16
500	501	3004.62
500	502	4474.03
500	503	1007.35
500	504	2263.55
500	505	1018.55
501	486	471.42
501	495	1786.26
501	500	3004.62
501	502	3011.31
501	503	967.61
501	507	5535.17
502	500	4474.03
502	501	3011.31
502	503	2477.25
503	500	1007.35
503	501	967.61
503	502	2477.25
503	505	267.96
503	506	3285.52
503	507	149.98
504	499	7917.71
504	500	2263.55
504	505	4115.60
504	792	1040.59
505	500	1018.55
505	503	267.96
505	504	4115.60
505	506	2331.03
505	509	3307.74
505	792	2953.90
506	503	3285.52
506	505	2331.03
506	507	4338.86
506	508	3904.60
506	509	2735.72
507	0	12350.80
507	495	14436.41
507	496	4869.62
507	501	5535.17
507	503	149.98
507	506	4338.86
507	508	3583.82
507	510	7090.17
508	1075	4435.81
508	1077	7154.21
508	506	3904.60
508	507	3583.82
508	509	393.76
508	510	11895.95
508	797	7155.65
509	505	3307.74
509	506	2735.72
509	508	393.76
509	792	1112.10
509	797	3423.11
509	798	5195.23
51	47	1025.16
51	48	81.59
51	50	676.94
51	52	476.18
51	54	344.87
510	0	5378.33
510	1076	10431.77
510	1077	3744.73
510	507	7090.17
510	508	11895.95
512	1145	196.85
512	1147	309.58
512	513	222.14
512	514	792.50
512	559	1158.53
513	512	222.14
513	514	467.67
513	515	1567.59
513	559	473.46
513	560	2371.88
514	1145	1140.40
514	512	792.50
514	513	467.67
514	515	529.22
514	516	161.78
515	513	1567.59
515	514	529.22
515	516	928.90
515	517	177.39
515	518	716.73
515	560	347.57
516	1145	143.29
516	1146	337.63
516	514	161.78
516	515	928.90
516	517	662.04
517	1146	438.67
517	515	177.39
517	516	662.04
517	519	264.04
517	520	754.90
518	515	716.73
518	519	521.02
518	521	684.56
518	560	307.51
519	517	264.04
519	518	521.02
519	520	376.53
519	521	190.09
52	153	1282.62
52	47	606.92
52	51	476.18
52	53	1561.12
52	54	1143.39
52	59	469.16
52	60	109.31
520	1146	510.09
520	517	754.90
520	519	376.53
520	521	53.03
520	522	416.10
521	518	684.56
521	519	190.09
521	520	53.03
521	522	257.97
521	525	851.58
521	560	348.22
522	1146	44.48
522	520	416.10
522	521	257.97
522	523	302.60
522	524	409.92
522	525	190.51
522	581	238.72
523	522	302.60
523	524	496.22
523	527	503.82
523	528	1145.16
523	529	201.54
523	581	1063.02
524	522	409.92
524	523	496.22
524	525	315.33
524	527	235.04
525	521	851.58
525	522	190.51
525	524	315.33
525	526	1286.17
525	560	182.42
526	525	1286.17
526	527	233.99
526	530	445.63
526	531	458.51
526	575	443.08
527	523	503.82
527	524	235.04
527	526	233.99
527	529	137.24
527	530	138.57
528	523	1145.16
528	529	243.86
528	533	407.70
528	534	154.36
528	536	694.94
528	581	379.49
528	590	1240.80
529	523	201.54
529	527	137.24
529	528	243.86
529	530	290.19
529	533	592.17
53	153	1621.12
53	161	313.55
53	52	1561.12
53	60	747.42
53	70	1850.53
530	526	445.63
530	527	138.57
530	529	290.19
530	531	214.94
530	532	198.49
530	535	278.65
531	526	458.51
531	530	214.94
531	535	1861.44
531	575	2789.61
532	530	198.49
532	533	204.63
532	534	638.62
532	535	904.69
532	537	116.11
533	528	407.70
533	529	592.17
533	532	204.63
533	534	573.31
534	528	154.36
534	532	638.62
534	533	573.31
534	536	372.87
534	537	188.62
535	530	278.65
535	531	1861.44
535	532	904.69
535	537	1022.08
535	575	497.06
535	594	407.79
535	600	247.32
536	528	694.94
536	534	372.87
536	537	912.64
536	590	131.90
536	600	665.44
537	532	116.11
537	534	188.62
537	535	1022.08
537	536	912.64
537	600	1511.74
538	1007	7943.84
538	1010	28.08
538	539	6580.04
538	540	1455.92
538	541	5163.42
538	546	2882.47
539	1006	3025.49
539	1007	4516.42
539	538	6580.04
539	540	3049.15
539	543	5116.27
54	50	500.80
54	51	344.87
54	52	1143.39
54	57	64.06
54	58	339.53
540	538	1455.92
540	539	3049.15
540	542	2694.26
540	543	3483.46
540	546	674.92
541	1010	4489.62
541	1019	2879.84
541	1024	5784.50
541	538	5163.42
541	544	3883.79
541	546	3753.66
541	578	6130.38
542	540	2694.26
542	543	2599.94
542	545	1245.24
542	546	3409.27
542	547	2972.64
543	1006	9250.66
543	539	5116.27
543	540	3483.46
543	542	2599.94
543	545	21479.08
544	541	3883.79
544	546	3066.33
544	554	1031.10
544	578	4382.88
545	1006	3435.76
545	542	1245.24
545	543	21479.08
545	547	2435.50
545	548	5601.84
545	556	5257.15
545	90	4952.99
545	91	7731.59
545	98	2662.23
546	538	2882.47
546	540	674.92
546	541	3753.66
546	542	3409.27
546	544	3066.33
546	547	3510.30
546	554	2213.51
547	542	2972.64
547	545	2435.50
547	546	3510.30
547	548	2724.73
547	554	733.96
548	545	5601.84
548	547	2724.73
548	553	6487.57
548	554	1022.30
548	558	2909.88
549	1024	1492.04
549	1026	2859.38
549	1027	1075.24
549	1030	535.78
549	1145	822.53
549	550	1551.60
549	551	1558.01
549	559	2956.53
55	160	3332.82
55	162	638.03
55	164	336.91
55	49	1891.85
55	56	672.66
55	63	1730.64
550	1030	3712.46
550	549	1551.60
550	552	3629.40
550	559	859.67
551	1024	2278.32
551	1031	5031.00
551	1145	2276.41
551	1146	5246.66
551	549	1558.01
551	578	4326.50
552	1029	1536.96
552	1032	507.02
552	550	3629.40
552	557	2133.64
552	559	529.36
552	560	2804.52
552	561	689.80
553	548	6487.57
553	556	1435.12
553	558	7476.64
554	544	1031.10
554	546	2213.51
554	547	733.96
554	548	1022.30
554	558	3017.20
554	562	1675.78
554	569	2841.92
554	578	3253.44
556	545	5257.15
556	553	1435.12
556	558	2391.30
556	588	2502.66
556	98	3790.26
557	552	2133.64
557	560	5155.52
557	561	5262.73
557	571	1216.43
557	572	2647.51
557	573	435.93
557	575	853.99
558	548	2909.88
558	553	7476.64
558	554	3017.20
558	556	2391.30
558	568	7045.92
558	569	1736.32
558	579	327.52
558	588	3922.59
559	1145	1695.59
559	1147	1040.66
559	512	1158.53
559	513	473.46
559	549	2956.53
559	550	859.67
559	552	529.36
559	560	2794.01
56	49	504.80
56	50	82.67
56	55	672.66
56	57	224.66
56	62	876.28
56	64	399.58
560	513	2371.88
560	515	347.57
560	518	307.51
560	521	348.22
560	525	182.42
560	552	2804.52
560	557	5155.52
560	559	2794.01
560	575	3297.90
561	1029	163.76
561	1032	3607.46
561	1034	15.05
561	1035	2971.06
561	552	689.80
561	557	5262.73
561	571	4023.20
562	554	1675.78
562	563	1259.17
562	567	892.15
562	569	754.21
562	578	621.28
563	562	1259.17
563	564	988.23
563	565	80.89
563	567	111.53
563	578	393.19
564	563	988.23
564	565	688.60
564	567	403.34
565	563	80.89
565	564	688.60
565	566	514.37
565	578	1600.99
566	565	514.37
566	567	1005.85
566	578	1061.06
567	562	892.15
567	563	111.53
567	564	403.34
567	566	1005.85
567	569	506.84
567	578	1055.20
568	558	7045.92
568	579	3070.38
568	583	5171.95
568	588	1711.92
569	554	2841.92
569	558	1736.32
569	562	754.21
569	567	506.84
569	578	2256.97
569	579	5310.05
569	584	55.33
569	585	1282.35
57	50	742.35
57	54	64.06
57	56	224.66
57	58	352.67
57	61	274.50
57	62	288.08
570	1034	3025.50
570	571	3499.19
570	589	2695.92
570	592	224.11
570	820	2569.80
570	821	1837.66
570	822	2546.79
571	1034	824.88
571	557	1216.43
571	561	4023.20
571	570	3499.19
571	573	1470.60
571	575	3452.11
571	592	1857.37
572	557	2647.51
572	573	1227.08
572	574	692.87
572	575	937.72
573	557	435.93
573	571	1470.60
573	572	1227.08
573	574	862.29
573	575	546.36
574	572	692.87
574	573	862.29
574	575	3032.73
575	526	443.08
575	531	2789.61
575	535	497.06
575	557	853.99
575	560	3297.90
575	571	3452.11
575	572	937.72
575	573	546.36
575	574	3032.73
575	592	4142.69
575	594	4699.56
576	577	2719.42
576	578	3009.37
576	580	1691.88
576	585	1548.19
576	587	2305.94
576	593	2094.57
577	576	2719.42
577	580	2870.43
577	582	1417.19
577	587	1273.24
578	1024	339.57
578	1031	3940.38
578	1146	3487.04
578	541	6130.38
578	544	4382.88
578	551	4326.50
578	554	3253.44
578	562	621.28
578	563	393.19
578	565	1600.99
578	566	1061.06
578	567	1055.20
578	569	2256.97
578	576	3009.37
578	580	1105.07
578	585	754.61
579	558	327.52
579	568	3070.38
579	569	5310.05
579	583	832.54
579	584	640.23
579	595	2785.23
58	54	339.53
58	57	352.67
58	59	707.43
58	61	304.60
58	67	361.79
580	1146	7279.94
580	576	1691.88
580	577	2870.43
580	578	1105.07
580	581	2940.36
580	582	2710.43
581	1146	6188.79
581	522	238.72
581	523	1063.02
581	528	379.49
581	580	2940.36
581	582	1665.35
581	590	2769.52
582	577	1417.19
582	580	2710.43
582	581	1665.35
582	587	927.96
582	590	1459.47
582	598	2222.36
583	568	5171.95
583	579	832.54
583	588	1578.56
583	595	5431.87
583	596	2783.74
584	569	55.33
584	579	640.23
584	585	918.42
584	586	2774.63
584	595	2483.57
585	569	1282.35
585	576	1548.19
585	578	754.61
585	584	918.42
585	586	1510.38
585	593	1350.58
586	584	2774.63
586	585	1510.38
586	593	2950.31
586	595	741.26
586	597	2049.85
587	576	2305.94
587	577	1273.24
587	582	927.96
587	593	2275.59
587	598	1905.00
587	602	4386.79
587	618	2906.91
587	619	343.21
588	104	3166.64
588	556	2502.66
588	558	3922.59
588	568	1711.92
588	583	1578.56
588	591	4165.42
588	596	1174.33
588	98	3216.60
589	570	2695.92
589	592	3160.61
589	822	547.23
589	827	831.32
59	52	469.16
59	58	707.43
59	60	677.05
59	68	185.75
590	528	1240.80
590	536	131.90
590	581	2769.52
590	582	1459.47
590	598	1741.36
590	600	4210.50
590	602	2147.01
591	104	189.88
591	109	2624.15
591	588	4165.42
591	596	1961.55
591	599	1582.21
591	603	1328.70
592	570	224.11
592	571	1857.37
592	575	4142.69
592	589	3160.61
592	594	1342.15
592	827	6293.03
592	828	504.31
593	576	2094.57
593	585	1350.58
593	586	2950.31
593	587	2275.59
593	597	946.89
593	601	1552.84
593	618	1466.03
594	535	407.79
594	575	4699.56
594	592	1342.15
594	600	2251.60
594	604	4540.10
594	605	420.79
594	828	3339.86
594	834	1556.90
595	579	2785.23
595	583	5431.87
595	584	2483.57
595	586	741.26
595	596	2830.09
595	597	6481.33
596	583	2783.74
596	588	1174.33
596	591	1961.55
596	595	2830.09
596	597	392.46
596	599	3821.91
597	586	2049.85
597	593	946.89
597	595	6481.33
597	596	392.46
597	599	989.75
597	601	5763.92
597	603	2182.09
598	582	2222.36
598	587	1905.00
598	590	1741.36
598	602	5430.69
599	591	1582.21
599	596	3821.91
599	597	989.75
599	603	5705.27
6	30	9134.75
6	36	13457.87
6	5	10661.75
6	680	4469.61
6	7	3968.84
60	52	109.31
60	53	747.42
60	59	677.05
60	69	214.61
60	70	249.51
600	535	247.32
600	536	665.44
600	537	1511.74
600	590	4210.50
600	594	2251.60
600	602	1615.75
600	604	4140.05
600	608	2722.25
601	593	1552.84
601	597	5763.92
601	603	500.51
601	607	1907.00
601	618	2676.82
601	620	2778.43
601	621	509.88
602	587	4386.79
602	590	2147.01
602	598	5430.69
602	600	1615.75
602	608	5440.68
602	619	4450.81
602	622	3470.23
602	626	1594.00
603	109	2269.75
603	122	6369.21
603	591	1328.70
603	597	2182.09
603	599	5705.27
603	601	500.51
603	607	4811.71
604	594	4540.10
604	600	4140.05
604	605	6257.16
604	606	3404.19
604	608	315.11
604	834	2003.73
605	594	420.79
605	604	6257.16
606	604	3404.19
606	608	4180.47
606	623	1071.65
606	625	2754.17
606	629	2109.35
606	834	2703.59
607	122	1378.99
607	123	370.13
607	601	1907.00
607	603	4811.71
607	621	831.97
607	627	2164.09
607	633	1623.57
608	600	2722.25
608	602	5440.68
608	604	315.11
608	606	4180.47
608	622	4183.93
608	625	2168.50
609	610	1108.61
609	611	3912.50
609	613	575.06
609	614	2731.77
609	636	1998.12
609	637	1023.04
609	646	4251.44
609	648	7563.24
609	649	1913.82
61	57	274.50
61	58	304.60
61	62	351.20
61	66	271.02
610	609	1108.61
610	611	1557.89
610	612	1020.20
610	613	200.26
611	609	3912.50
611	610	1557.89
611	612	524.40
611	616	1363.44
611	649	1697.19
611	654	2960.62
612	610	1020.20
612	611	524.40
612	613	66.07
612	615	663.50
612	616	158.78
613	609	575.06
613	610	200.26
613	612	66.07
613	614	690.19
613	615	309.40
613	617	321.88
614	609	2731.77
614	613	690.19
614	617	1302.16
614	647	1266.74
614	648	1561.57
614	651	562.24
614	653	2824.01
614	659	2509.69
614	844	2431.21
615	612	663.50
615	613	309.40
615	616	1020.72
615	617	207.27
616	611	1363.44
616	612	158.78
616	615	1020.72
616	617	734.09
616	654	157.53
616	659	2693.67
617	613	321.88
617	614	1302.16
617	615	207.27
617	616	734.09
617	659	1698.84
618	587	2906.91
618	593	1466.03
618	601	2676.82
618	619	3665.27
618	620	1540.10
619	587	343.21
619	602	4450.81
619	618	3665.27
619	620	1698.76
619	624	3263.53
619	626	709.87
62	56	876.28
62	57	288.08
62	61	351.20
62	64	187.96
62	65	242.75
62	66	23.56
620	601	2778.43
620	618	1540.10
620	619	1698.76
620	621	5496.91
620	624	4371.20
621	601	509.88
621	607	831.97
621	620	5496.91
621	624	1731.55
621	627	5291.69
622	602	3470.23
622	608	4183.93
622	625	928.63
622	626	5174.62
623	606	1071.65
623	629	3939.42
623	630	892.97
623	636	1140.60
623	637	500.26
623	834	3631.20
624	619	3263.53
624	620	4371.20
624	621	1731.55
624	626	2129.86
624	627	594.38
624	628	3097.83
624	634	1220.25
624	644	1847.44
625	606	2754.17
625	608	2168.50
625	622	928.63
625	629	548.28
625	634	2153.07
625	635	3102.87
625	638	1068.85
626	602	1594.00
626	619	709.87
626	622	5174.62
626	624	2129.86
626	634	6469.72
627	607	2164.09
627	621	5291.69
627	624	594.38
627	628	2436.94
627	633	3651.94
628	140	1467.52
628	624	3097.83
628	627	2436.94
628	633	4884.04
628	641	3398.78
628	644	743.98
629	606	2109.35
629	623	3939.42
629	625	548.28
629	636	1775.76
629	643	2034.80
63	162	666.31
63	55	1730.64
63	64	1012.47
63	65	74.49
63	75	289.85
63	76	884.78
63	77	290.36
63	83	88.91
63	84	1798.22
630	623	892.97
630	631	7772.05
630	637	5976.45
630	647	2155.90
630	648	1842.77
630	833	960.44
630	834	3270.97
631	630	7772.05
631	632	3419.21
631	647	1222.91
631	832	1022.90
631	833	2510.67
632	631	3419.21
632	639	3203.71
632	835	1210.53
632	839	3503.86
633	123	4819.14
633	131	3286.52
633	140	1673.81
633	607	1623.57
633	627	3651.94
633	628	4884.04
634	624	1220.25
634	625	2153.07
634	626	6469.72
634	638	3350.26
634	644	3070.42
634	645	1277.78
635	625	3102.87
635	638	3177.39
635	643	4105.84
636	609	1998.12
636	623	1140.60
636	629	1775.76
636	637	3934.69
636	643	4848.72
636	646	457.65
637	609	1023.04
637	623	500.26
637	630	5976.45
637	636	3934.69
637	648	1996.72
638	625	1068.85
638	634	3350.26
638	635	3177.39
638	643	1151.77
638	645	3827.48
638	646	3689.13
638	650	4536.21
639	632	3203.71
639	647	2981.86
639	839	752.11
639	844	3733.03
64	56	399.58
64	62	187.96
64	63	1012.47
64	65	493.50
640	149	694.47
640	641	2192.88
640	642	1249.94
641	138	250.39
641	140	3071.49
641	149	829.06
641	628	3398.78
641	640	2192.88
641	642	1741.29
641	644	3162.91
642	139	373.35
642	149	446.49
642	640	1249.94
642	641	1741.29
642	644	838.86
642	645	508.08
642	650	2627.13
643	629	2034.80
643	635	4105.84
643	636	4848.72
643	638	1151.77
643	646	3539.52
644	624	1847.44
644	628	743.98
644	634	3070.42
644	641	3162.91
644	642	838.86
644	645	3551.70
645	634	1277.78
645	638	3827.48
645	642	508.08
645	644	3551.70
645	650	993.22
646	609	4251.44
646	636	457.65
646	638	3689.13
646	643	3539.52
646	649	4656.19
646	650	774.10
646	652	888.91
647	614	1266.74
647	630	2155.90
647	631	1222.91
647	639	2981.86
647	648	2510.22
647	844	2833.25
648	609	7563.24
648	614	1561.57
648	630	1842.77
648	637	1996.72
648	647	2510.22
649	609	1913.82
649	611	1697.19
649	646	4656.19
649	652	3686.07
649	654	4408.74
649	655	3034.91
65	62	242.75
65	63	74.49
65	64	493.50
65	66	461.80
65	74	95.87
65	75	104.82
650	139	4781.91
650	147	1945.70
650	150	3263.78
650	151	1998.78
650	638	4536.21
650	642	2627.13
650	645	993.22
650	646	774.10
650	652	4742.61
650	657	6152.33
651	614	562.24
651	653	4157.86
651	656	3812.66
651	658	2001.02
651	843	7875.19
651	844	1688.09
652	646	888.91
652	649	3686.07
652	650	4742.61
652	655	3559.02
652	657	513.75
653	614	2824.01
653	651	4157.86
653	656	3730.06
653	659	5151.94
653	666	2093.74
654	611	2960.62
654	616	157.53
654	649	4408.74
654	655	1586.44
654	659	5815.59
654	661	4856.14
654	662	3088.75
654	664	734.91
655	649	3034.91
655	652	3559.02
655	654	1586.44
655	657	2209.37
655	660	2807.24
655	661	4719.35
656	651	3812.66
656	653	3730.06
656	658	2510.02
656	666	2508.48
657	150	1884.63
657	650	6152.33
657	652	513.75
657	655	2209.37
657	660	1477.43
658	452	6127.71
658	651	2001.02
658	656	2510.02
658	666	4067.47
658	845	3017.56
658	978	876.22
658	986	3537.76
659	614	2509.69
659	616	2693.67
659	617	1698.84
659	653	5151.94
659	654	5815.59
659	664	7064.38
659	666	4976.61
66	61	271.02
66	62	23.56
66	65	461.80
66	67	424.32
66	74	216.75
660	150	292.06
660	160	4462.75
660	655	2807.24
660	657	1477.43
660	661	7013.96
661	0	294.34
661	160	3222.84
661	654	4856.14
661	655	4719.35
661	660	7013.96
661	662	2938.98
661	663	12785.82
661	667	1067.83
662	654	3088.75
662	661	2938.98
662	664	3853.40
662	667	6117.00
663	0	3120.19
663	661	12785.82
663	667	5166.16
664	460	4784.33
664	654	734.91
664	659	7064.38
664	662	3853.40
664	665	3492.45
664	666	2365.44
664	667	963.61
665	460	4704.97
665	462	1794.50
665	468	4109.51
665	664	3492.45
665	666	6162.08
666	452	3621.68
666	462	6290.43
666	653	2093.74
666	656	2508.48
666	658	4067.47
666	659	4976.61
666	664	2365.44
666	665	6162.08
667	0	5978.29
667	459	9852.84
667	460	2760.49
667	661	1067.83
667	662	6117.00
667	663	5166.16
667	664	963.61
668	669	1664.14
668	674	2659.50
669	668	1664.14
669	670	157.47
669	673	113.49
669	674	2654.79
669	679	734.17
67	58	361.79
67	66	424.32
67	68	511.48
67	73	237.71
670	669	157.47
670	671	222.60
670	672	110.50
670	673	606.36
670	679	590.95
671	670	222.60
671	672	841.75
671	679	1380.34
672	670	110.50
672	671	841.75
672	673	61.76
672	674	855.74
672	676	988.27
672	677	285.02
673	669	113.49
673	670	606.36
673	672	61.76
673	674	235.44
673	675	600.18
673	676	180.07
674	0	35563.35
674	30	3963.90
674	668	2659.50
674	669	2654.79
674	672	855.74
674	673	235.44
674	675	814.88
674	677	3041.40
674	678	3433.16
674	679	6510.24
674	680	6994.04
674	681	9072.37
675	673	600.18
675	674	814.88
675	676	122.59
675	677	363.05
676	672	988.27
676	673	180.07
676	675	122.59
676	677	959.47
677	672	285.02
677	674	3041.40
677	675	363.05
677	676	959.47
678	0	26186.03
678	12	9578.69
678	30	19006.99
678	674	3433.16
678	679	31156.56
678	865	5543.07
678	871	1220.22
679	0	14707.35
679	669	734.17
679	670	590.95
679	671	1380.34
679	674	6510.24
679	678	31156.56
68	59	185.75
68	67	511.48
68	69	482.67
68	73	162.67
680	30	18863.97
680	36	11976.43
680	6	4469.61
680	674	6994.04
680	681	18214.30
681	0	23345.02
681	1108	3330.71
681	36	1019.22
681	40	10743.09
681	674	9072.37
681	680	18214.30
681	682	15267.75
682	0	20222.84
682	1108	12559.75
682	1115	2323.23
682	1121	5809.26
682	681	15267.75
682	683	6816.36
683	0	23697.37
683	1121	3755.06
683	682	6816.36
684	685	603.01
684	689	719.14
684	738	3316.46
684	746	333.66
684	747	456.63
685	684	603.01
685	686	811.74
685	688	214.07
685	738	426.12
686	685	811.74
686	687	1522.43
686	688	230.61
686	738	1044.49
686	742	817.94
687	686	1522.43
687	688	380.55
687	692	144.55
687	693	335.01
687	694	1006.25
687	742	614.44
688	685	214.07
688	686	230.61
688	687	380.55
688	689	224.30
688	690	374.40
688	691	172.19
689	684	719.14
689	688	224.30
689	690	797.78
689	747	442.99
69	60	214.61
69	68	482.67
69	70	471.40
69	72	268.91
69	73	101.27
690	688	374.40
690	689	797.78
690	691	406.41
690	696	240.14
690	747	317.47
691	688	172.19
691	690	406.41
691	692	169.78
691	696	552.31
692	687	144.55
692	691	169.78
692	693	662.84
692	695	489.61
692	696	345.97
692	697	114.08
693	687	335.01
693	692	662.84
693	694	872.01
693	695	256.57
694	687	1006.25
694	693	872.01
694	695	282.72
694	698	1211.64
694	742	1531.95
695	692	489.61
695	693	256.57
695	694	282.72
695	697	436.37
695	698	781.98
696	690	240.14
696	691	552.31
696	692	345.97
696	697	763.16
696	747	380.56
697	692	114.08
697	695	436.37
697	696	763.16
697	698	1563.83
697	747	784.82
697	748	2383.38
698	694	1211.64
698	695	781.98
698	697	1563.83
698	742	1035.65
698	748	821.73
699	0	17795.23
699	102	9787.29
699	112	7489.74
699	113	13483.51
699	700	1339.51
699	701	1999.85
699	702	943.29
699	703	2806.42
699	704	1190.10
7	2	7153.32
7	3	658.68
7	31	4637.54
7	36	1813.93
7	4	165.97
7	5	259.48
7	6	3968.84
70	161	35.28
70	53	1850.53
70	60	249.51
70	69	471.40
70	71	1808.29
70	72	418.82
700	699	1339.51
700	701	856.84
700	702	331.00
701	699	1999.85
701	700	856.84
701	702	266.09
701	703	445.53
701	704	3692.72
702	699	943.29
702	700	331.00
702	701	266.09
702	703	1552.37
703	0	11570.50
703	699	2806.42
703	701	445.53
703	702	1552.37
703	704	13247.47
703	715	14609.99
704	113	8781.24
704	699	1190.10
704	701	3692.72
704	703	13247.47
704	705	11434.40
704	707	4094.23
704	715	11987.72
705	113	9372.85
705	135	3104.00
705	704	11434.40
705	706	2061.92
705	707	8067.94
705	708	2817.56
706	126	2927.35
706	135	8548.33
706	705	2061.92
706	708	12992.37
706	709	3360.11
706	710	7107.12
706	725	288.17
707	704	4094.23
707	705	8067.94
707	708	5779.91
707	715	9106.70
708	705	2817.56
708	706	12992.37
708	707	5779.91
708	715	9783.11
708	725	7111.56
709	126	6285.19
709	128	4621.72
709	706	3360.11
709	710	7844.91
709	711	3705.99
709	712	6788.65
709	716	2597.51
71	161	3034.05
71	70	1808.29
71	72	914.01
71	724	1057.94
71	80	329.78
71	81	625.23
710	706	7107.12
710	709	7844.91
710	711	2981.26
710	725	3165.33
711	709	3705.99
711	710	2981.26
711	716	1961.40
711	730	5159.78
712	128	7559.13
712	141	5401.45
712	709	6788.65
712	713	2493.58
712	714	2479.38
712	716	2852.69
713	157	796.73
713	712	2493.58
713	714	3701.82
713	716	5485.91
713	717	4614.77
713	723	9304.48
714	141	3516.29
714	157	2596.53
714	712	2479.38
714	713	3701.82
715	0	7447.13
715	703	14609.99
715	704	11987.72
715	707	9106.70
715	708	9783.11
715	725	7271.20
715	726	22899.22
716	709	2597.51
716	711	1961.40
716	712	2852.69
716	713	5485.91
716	723	1415.82
716	730	4782.37
717	157	4146.69
717	713	4614.77
717	722	1877.38
717	723	7391.44
718	154	579.37
718	167	2348.54
718	719	4213.00
718	720	3101.25
718	724	2541.41
719	718	4213.00
719	720	1445.10
719	724	2979.07
719	729	2703.47
72	69	268.91
72	70	418.82
72	71	914.01
72	73	368.63
72	80	68.07
720	156	1058.20
720	167	2272.66
720	718	3101.25
720	719	1445.10
720	721	5182.09
720	727	2928.04
721	156	2972.50
721	163	4650.71
721	720	5182.09
721	727	3360.08
722	157	3468.96
722	163	2677.57
722	717	1877.38
722	723	2327.94
722	731	3080.30
723	713	9304.48
723	716	1415.82
723	717	7391.44
723	722	2327.94
723	730	8119.76
723	731	2768.28
723	734	585.35
723	735	14459.65
724	153	449.02
724	154	2317.95
724	161	5582.24
724	165	2130.74
724	166	1590.07
724	71	1057.94
724	718	2541.41
724	719	2979.07
724	728	6436.69
724	729	2760.85
724	733	3106.03
724	81	216.74
724	86	519.04
724	87	1062.07
724	89	1129.53
725	706	288.17
725	708	7111.56
725	710	3165.33
725	715	7271.20
725	726	7791.44
725	730	14336.10
725	740	5292.06
726	0	25578.55
726	715	22899.22
726	725	7791.44
726	739	29213.06
726	740	3853.10
727	720	2928.04
727	721	3360.08
727	729	4455.78
727	733	1874.20
727	736	8223.98
728	166	877.04
728	724	6436.69
728	732	3477.70
728	733	8051.87
728	737	3846.67
728	738	2078.63
729	719	2703.47
729	724	2760.85
729	727	4455.78
729	733	8501.29
73	67	237.71
73	68	162.67
73	69	101.27
73	72	368.63
73	74	309.97
73	80	534.89
730	711	5159.78
730	716	4782.37
730	723	8119.76
730	725	14336.10
730	735	16694.15
730	740	4545.56
730	752	17899.00
730	755	2216.30
731	163	3071.29
731	722	3080.30
731	723	2768.28
731	734	8449.08
731	736	10823.52
731	749	3714.87
732	0	14584.95
732	160	1926.78
732	164	2837.28
732	165	801.99
732	166	1904.83
732	728	3477.70
732	737	3747.53
732	742	5137.82
733	724	3106.03
733	727	1874.20
733	728	8051.87
733	729	8501.29
733	736	5093.93
733	738	1785.81
733	741	4750.31
733	746	6166.50
734	723	585.35
734	731	8449.08
734	735	7063.71
734	749	9131.31
735	723	14459.65
735	730	16694.15
735	734	7063.71
735	749	9932.84
735	755	7550.15
736	163	2991.51
736	727	8223.98
736	731	10823.52
736	733	5093.93
736	741	5367.42
736	749	10377.41
737	728	3846.67
737	732	3747.53
737	738	1191.30
738	684	3316.46
738	685	426.12
738	686	1044.49
738	728	2078.63
738	733	1785.81
738	737	1191.30
738	742	3787.49
738	746	3641.11
739	726	29213.06
739	740	13279.74
739	744	30864.68
739	751	4254.21
739	752	141.07
74	65	95.87
74	66	216.75
74	73	309.97
74	75	328.41
74	79	243.72
74	80	109.08
740	725	5292.06
740	726	3853.10
740	730	4545.56
740	739	13279.74
740	752	11177.11
741	733	4750.31
741	736	5367.42
741	745	9990.55
741	746	4247.87
741	749	168.69
742	0	16502.16
742	686	817.94
742	687	614.44
742	694	1531.95
742	698	1035.65
742	732	5137.82
742	738	3787.49
742	748	4685.89
742	756	6968.98
743	745	8876.72
743	746	2946.06
743	747	2573.95
743	748	2440.09
743	750	4189.59
743	754	4464.06
744	0	46966.41
744	739	30864.68
744	751	22454.38
745	741	9990.55
745	743	8876.72
745	746	1332.01
745	749	5591.39
745	754	4641.55
745	760	4109.11
746	684	333.66
746	733	6166.50
746	738	3641.11
746	741	4247.87
746	743	2946.06
746	745	1332.01
746	747	3548.72
747	684	456.63
747	689	442.99
747	690	317.47
747	696	380.56
747	697	784.82
747	743	2573.95
747	746	3548.72
747	748	4855.69
748	697	2383.38
748	698	821.73
748	742	4685.89
748	743	2440.09
748	747	4855.69
748	750	6160.34
748	756	552.93
749	731	3714.87
749	734	9131.31
749	735	9932.84
749	736	10377.41
749	741	168.69
749	745	5591.39
749	755	12063.87
749	758	7086.81
749	760	14433.89
75	63	289.85
75	65	104.82
75	74	328.41
75	76	355.57
75	78	374.38
750	743	4189.59
750	748	6160.34
750	753	3509.71
751	0	15076.30
751	739	4254.21
751	744	22454.38
751	752	17505.38
752	0	7088.32
752	730	17899.00
752	739	141.07
752	740	11177.11
752	751	17505.38
752	755	13301.58
752	761	10340.65
753	750	3509.71
753	754	6724.31
753	756	4814.73
753	759	2589.54
754	743	4464.06
754	745	4641.55
754	753	6724.31
754	757	9544.78
754	759	1324.95
754	760	7118.00
755	730	2216.30
755	735	7550.15
755	749	12063.87
755	752	13301.58
755	758	3944.69
755	761	1107.26
755	764	10949.23
756	0	12931.46
756	742	6968.98
756	748	552.93
756	753	4814.73
756	759	8484.96
757	754	9544.78
757	759	1135.79
757	760	3120.78
757	762	8524.93
757	765	8609.09
758	749	7086.81
758	755	3944.69
758	760	11083.87
758	764	11813.11
759	0	6000.87
759	753	2589.54
759	754	1324.95
759	756	8484.96
759	757	1135.79
759	762	3188.86
759	763	1732.84
759	770	8537.45
76	63	884.78
76	75	355.57
76	77	404.98
76	78	98.11
760	745	4109.11
760	749	14433.89
760	754	7118.00
760	757	3120.78
760	758	11083.87
760	764	2821.01
760	765	6593.57
760	769	10934.43
760	772	8323.88
760	773	4162.25
761	0	13290.25
761	752	10340.65
761	755	1107.26
761	764	9600.83
762	757	8524.93
762	759	3188.86
762	763	9012.46
762	765	5222.11
762	769	2892.53
762	771	3778.93
763	0	817.73
763	759	1732.84
763	762	9012.46
763	770	4758.22
763	771	5625.80
764	0	26367.00
764	755	10949.23
764	758	11813.11
764	760	2821.01
764	761	9600.83
764	773	17289.75
765	757	8609.09
765	760	6593.57
765	762	5222.11
765	766	1838.43
765	767	530.62
765	768	358.80
765	769	6483.78
766	765	1838.43
766	767	374.50
766	768	796.03
767	765	530.62
767	766	374.50
767	768	652.21
767	769	503.05
768	765	358.80
768	766	796.03
768	767	652.21
768	769	495.19
769	760	10934.43
769	762	2892.53
769	765	6483.78
769	767	503.05
769	768	495.19
769	771	10162.10
769	772	1843.18
769	774	10347.70
77	63	290.36
77	76	404.98
77	78	219.11
77	82	126.44
77	83	1230.19
770	0	13689.79
770	759	8537.45
770	763	4758.22
771	0	8105.45
771	762	3778.93
771	763	5625.80
771	769	10162.10
771	774	5784.54
771	775	6195.51
772	760	8323.88
772	769	1843.18
772	773	7497.31
772	774	4676.58
772	776	5822.05
773	0	16970.80
773	760	4162.25
773	764	17289.75
773	772	7497.31
773	776	10000.05
774	769	10347.70
774	771	5784.54
774	772	4676.58
774	775	7067.85
774	776	6819.32
774	777	5398.98
775	0	13154.19
775	771	6195.51
775	774	7067.85
775	777	7369.45
776	0	11246.38
776	772	5822.05
776	773	10000.05
776	774	6819.32
776	777	9075.33
776	778	5453.21
777	0	4636.06
777	774	5398.98
777	775	7369.45
777	776	9075.33
777	778	17049.09
778	0	19343.73
778	776	5453.21
778	777	17049.09
778	779	21339.25
779	0	21796.33
779	778	21339.25
779	780	21574.39
78	75	374.38
78	76	98.11
78	77	219.11
78	79	281.86
78	82	468.24
780	0	27999.70
780	779	21574.39
781	782	929.68
781	783	379.08
781	799	974.27
781	802	505.58
781	803	551.07
781	805	520.32
782	781	929.68
782	783	716.69
782	805	226.35
783	781	379.08
783	782	716.69
783	805	227.10
783	806	1173.75
783	808	951.20
784	478	1983.37
784	489	4629.82
784	785	4143.87
784	786	430.56
784	787	267.08
784	890	3945.18
785	784	4143.87
785	786	6626.09
785	787	6363.10
785	794	3282.34
786	784	430.56
786	785	6626.09
786	790	1848.35
786	890	6910.81
787	489	7365.99
787	784	267.08
787	785	6363.10
787	788	5588.04
787	793	3105.93
787	794	7236.98
788	489	5987.63
788	499	2457.67
788	787	5588.04
788	791	1688.27
788	792	4214.40
788	793	4383.42
789	793	8232.16
789	794	4599.93
789	795	3116.57
789	796	2877.09
789	799	442.83
789	800	268.53
789	802	5399.59
79	74	243.72
79	78	281.86
79	80	387.32
79	81	105.78
79	82	462.25
79	85	138.64
790	786	1848.35
790	794	4854.71
790	795	2375.85
790	890	1756.23
790	908	4075.50
790	927	4232.23
791	788	1688.27
791	792	9296.31
791	793	4288.90
792	499	8298.94
792	504	1040.59
792	505	2953.90
792	509	1112.10
792	788	4214.40
792	791	9296.31
792	793	6073.06
792	798	5346.35
792	799	882.50
792	803	7145.83
793	787	3105.93
793	788	4383.42
793	789	8232.16
793	791	4288.90
793	792	6073.06
793	794	3953.20
793	799	7024.55
794	785	3282.34
794	787	7236.98
794	789	4599.93
794	790	4854.71
794	793	3953.20
794	795	2716.00
795	789	3116.57
795	790	2375.85
795	794	2716.00
795	796	7047.63
795	927	1666.26
796	789	2877.09
796	795	7047.63
796	800	7105.66
796	927	3949.09
797	1075	682.80
797	508	7155.65
797	509	3423.11
797	798	3199.10
798	1075	3128.10
798	509	5195.23
798	792	5346.35
798	797	3199.10
798	803	8419.76
798	805	11461.60
799	781	974.27
799	789	442.83
799	792	882.50
799	793	7024.55
799	802	8976.08
799	803	11060.40
8	0	58215.49
8	10	22558.84
8	12	11067.06
8	9	8123.05
80	71	329.78
80	72	68.07
80	73	534.89
80	74	109.08
80	79	387.32
80	81	874.41
800	789	268.53
800	796	7105.66
800	801	3584.50
800	802	760.76
800	804	4000.68
800	884	2486.80
800	927	2286.80
800	935	1884.79
801	800	3584.50
801	802	6291.01
801	804	2532.27
802	781	505.58
802	789	5399.59
802	799	8976.08
802	800	760.76
802	801	6291.01
802	804	2095.13
802	806	7040.12
803	781	551.07
803	792	7145.83
803	798	8419.76
803	799	11060.40
803	805	8363.13
804	800	4000.68
804	801	2532.27
804	802	2095.13
804	806	14368.69
804	884	1613.58
804	941	5371.95
805	1041	8510.99
805	1075	9071.60
805	781	520.32
805	782	226.35
805	783	227.10
805	798	11461.60
805	803	8363.13
805	808	8128.18
806	1042	3327.54
806	1044	4949.41
806	783	1173.75
806	802	7040.12
806	804	14368.69
806	807	17652.22
806	808	1470.35
806	941	5113.39
806	949	7058.70
807	1042	6187.21
807	1043	9125.03
807	806	17652.22
807	808	8826.28
808	1038	2215.51
808	1041	14152.99
808	1043	7336.91
808	783	951.20
808	805	8128.18
808	806	1470.35
808	807	8826.28
809	810	2008.36
809	811	237.78
809	812	1752.55
809	813	1626.93
809	814	385.85
809	815	64.53
809	826	856.97
809	830	2724.01
809	831	199.50
81	71	625.23
81	724	216.74
81	79	105.78
81	80	874.41
81	85	41.07
81	86	1143.96
810	809	2008.36
810	811	1668.16
810	817	2997.93
810	826	3031.92
810	836	2239.28
810	955	2261.60
810	964	3400.07
811	809	237.78
811	810	1668.16
811	815	139.68
811	816	358.86
811	817	159.62
812	809	1752.55
812	813	698.29
812	814	1306.75
812	815	1871.00
812	836	345.84
812	838	2244.85
813	809	1626.93
813	812	698.29
813	831	1983.12
813	838	3201.72
813	839	730.19
814	809	385.85
814	812	1306.75
814	815	542.05
815	809	64.53
815	811	139.68
815	812	1871.00
815	814	542.05
815	816	663.83
815	817	1066.94
815	836	1291.40
816	811	358.86
816	815	663.83
816	817	675.60
817	810	2997.93
817	811	159.62
817	815	1066.94
817	816	675.60
817	836	1715.45
818	1016	9297.14
818	1034	6038.54
818	207	10865.83
818	819	11492.58
818	960	1152.24
819	1034	7237.42
819	818	11492.58
819	820	1342.01
819	821	7486.64
819	960	8303.30
82	77	126.44
82	78	468.24
82	79	462.25
82	83	106.20
82	85	617.80
820	1034	4909.80
820	570	2569.80
820	819	1342.01
820	821	4895.18
821	570	1837.66
821	819	7486.64
821	820	4895.18
821	822	3161.96
821	826	2489.20
821	960	5060.12
821	962	2085.40
822	570	2546.79
822	589	547.23
822	821	3161.96
822	823	2712.22
822	824	2567.03
822	825	1976.82
822	826	3970.64
822	827	306.43
822	829	1291.04
823	822	2712.22
823	824	2237.15
823	827	3162.49
824	822	2567.03
824	823	2237.15
824	827	359.10
824	829	1014.03
825	822	1976.82
825	826	6391.68
826	809	856.97
826	810	3031.92
826	821	2489.20
826	822	3970.64
826	825	6391.68
826	829	2430.06
826	830	2886.50
826	831	25.11
826	962	629.72
826	963	4177.01
826	964	553.68
827	589	831.32
827	592	6293.03
827	822	306.43
827	823	3162.49
827	824	359.10
827	828	2875.38
827	829	6205.34
827	832	3124.30
827	833	2196.22
828	592	504.31
828	594	3339.86
828	827	2875.38
828	833	1434.22
828	834	4070.92
829	822	1291.04
829	824	1014.03
829	826	2430.06
829	827	6205.34
829	831	3342.00
829	832	599.11
83	63	88.91
83	77	1230.19
83	82	106.20
83	84	364.01
83	85	495.38
830	809	2724.01
830	826	2886.50
830	831	497.49
831	809	199.50
831	813	1983.12
831	826	25.11
831	829	3342.00
831	830	497.49
831	832	3197.31
831	839	1844.41
832	631	1022.90
832	827	3124.30
832	829	599.11
832	831	3197.31
832	833	3285.19
832	835	3638.96
832	839	2176.77
833	630	960.44
833	631	2510.67
833	827	2196.22
833	828	1434.22
833	832	3285.19
833	834	4244.00
834	594	1556.90
834	604	2003.73
834	606	2703.59
834	623	3631.20
834	630	3270.97
834	828	4070.92
834	833	4244.00
835	632	1210.53
835	832	3638.96
835	839	1024.04
836	810	2239.28
836	812	345.84
836	815	1291.40
836	817	1715.45
836	837	2937.53
836	838	3108.39
836	840	1443.08
836	842	2109.90
836	843	474.94
836	954	191.70
836	955	290.28
836	958	1311.78
837	836	2937.53
837	840	559.48
837	841	3287.20
837	958	939.87
837	975	1611.40
837	976	811.08
838	812	2244.85
838	813	3201.72
838	836	3108.39
838	839	2100.41
838	842	1501.89
839	632	3503.86
839	639	752.11
839	813	730.19
839	831	1844.41
839	832	2176.77
839	835	1024.04
839	838	2100.41
839	842	4035.12
839	844	405.97
84	162	1973.43
84	63	1798.22
84	83	364.01
84	85	325.60
84	88	742.14
840	836	1443.08
840	837	559.48
840	841	1829.26
840	843	958.33
841	837	3287.20
841	840	1829.26
841	843	3099.63
841	845	1977.13
841	976	2173.66
841	978	375.01
842	836	2109.90
842	838	1501.89
842	839	4035.12
842	843	6675.35
842	844	4990.27
843	651	7875.19
843	836	474.94
843	840	958.33
843	841	3099.63
843	842	6675.35
843	844	2289.72
843	845	5301.44
844	614	2431.21
844	639	3733.03
844	647	2833.25
844	651	1688.09
844	839	405.97
844	842	4990.27
844	843	2289.72
845	658	3017.56
845	841	1977.13
845	843	5301.44
845	978	6968.78
846	847	892.67
846	857	2009.42
847	0	188.67
847	846	892.67
847	848	1536.22
847	849	40.90
847	857	1139.83
848	0	302.72
848	847	1536.22
848	849	901.37
848	857	624.93
849	847	40.90
849	848	901.37
849	857	1086.23
85	79	138.64
85	81	41.07
85	82	617.80
85	83	495.38
85	84	325.60
85	86	546.93
85	88	780.39
850	0	30632.35
850	193	16694.27
850	851	32794.22
851	0	11055.29
851	193	1984.76
851	218	10452.78
851	850	32794.22
851	853	13566.73
852	218	4861.74
852	229	7142.79
852	853	15184.49
852	854	16515.49
853	0	4427.41
853	218	11698.24
853	851	13566.73
853	852	15184.49
853	854	5913.94
854	0	8312.46
854	229	3580.60
854	852	16515.49
854	853	5913.94
854	855	17306.44
855	0	5451.06
855	229	6110.91
855	854	17306.44
855	857	27057.46
855	886	3774.44
856	0	12852.79
856	857	4400.24
856	859	13339.03
857	0	5255.64
857	846	2009.42
857	847	1139.83
857	848	624.93
857	849	1086.23
857	855	27057.46
857	856	4400.24
857	858	38669.03
857	859	420.71
857	861	3430.65
857	886	13547.63
857	888	7724.79
858	857	38669.03
858	860	10520.23
858	861	5189.60
858	862	4765.95
858	867	7189.36
858	868	5531.86
858	888	2450.17
859	0	14743.23
859	856	13339.03
859	857	420.71
859	861	11796.98
859	863	14327.93
859	864	3646.43
859	866	13379.41
86	724	519.04
86	81	1143.96
86	85	546.93
86	87	888.23
860	858	10520.23
860	861	5434.05
860	862	7669.94
861	857	3430.65
861	858	5189.60
861	859	11796.98
861	860	5434.05
861	862	3309.37
861	863	7516.70
861	869	9774.50
862	0	11445.29
862	858	4765.95
862	860	7669.94
862	861	3309.37
862	867	11999.45
862	869	27999.17
862	904	7761.61
862	932	4770.25
863	0	11312.85
863	859	14327.93
863	861	7516.70
863	866	1755.98
863	869	14777.28
864	0	21999.14
864	859	3646.43
864	865	13589.83
864	866	10541.84
864	870	1579.64
864	871	10712.31
865	0	6308.70
865	678	5543.07
865	864	13589.83
865	871	6122.54
866	0	8030.10
866	859	13379.41
866	863	1755.98
866	864	10541.84
866	870	3537.48
867	858	7189.36
867	862	11999.45
867	868	17764.14
867	904	7527.26
868	858	5531.86
868	867	17764.14
868	888	5374.24
868	904	25665.42
869	0	9267.69
869	861	9774.50
869	862	27999.17
869	863	14777.28
87	724	1062.07
87	86	888.23
87	88	965.94
87	89	1091.33
870	0	14970.56
870	864	1579.64
870	866	3537.48
870	871	3981.03
871	0	9652.47
871	678	1220.22
871	864	10712.31
871	865	6122.54
871	870	3981.03
872	873	1550.58
872	874	842.86
872	879	1362.24
872	884	969.11
872	935	502.76
873	872	1550.58
873	874	866.70
873	875	647.64
873	876	73.89
873	928	2388.16
873	934	249.64
873	935	203.52
874	872	842.86
874	873	866.70
874	875	266.62
874	879	237.13
874	880	690.20
874	881	50.51
875	873	647.64
875	874	266.62
875	876	679.20
875	878	302.29
875	881	58.87
876	873	73.89
876	875	679.20
876	877	411.25
876	878	419.79
876	928	505.31
877	876	411.25
877	878	973.28
877	928	1864.74
877	940	2446.20
878	875	302.29
878	876	419.79
878	877	973.28
878	881	1314.00
878	940	91.92
879	872	1362.24
879	874	237.13
879	880	145.60
879	883	697.74
879	884	1170.29
88	162	1355.11
88	165	568.42
88	84	742.14
88	85	780.39
88	87	965.94
88	89	303.74
880	874	690.20
880	879	145.60
880	881	380.34
880	883	237.34
880	942	289.76
881	874	50.51
881	875	58.87
881	878	1314.00
881	880	380.34
881	882	843.03
881	885	865.60
881	940	1084.91
881	942	247.27
882	881	843.03
882	885	794.74
882	942	543.29
883	879	697.74
883	880	237.34
883	884	3198.70
883	942	3057.33
884	800	2486.80
884	804	1613.58
884	872	969.11
884	879	1170.29
884	883	3198.70
884	935	9446.99
884	941	12804.12
884	942	3612.61
885	881	865.60
885	882	794.74
885	940	1880.40
885	942	1123.04
886	221	4057.72
886	229	42803.95
886	230	14572.00
886	231	23414.29
886	441	10683.51
886	455	10778.13
886	855	3774.44
886	857	13547.63
886	887	34894.86
886	888	959.40
886	890	4265.80
886	892	7159.22
886	893	4806.54
887	886	34894.86
887	888	8372.56
887	889	12668.22
887	893	5097.88
888	857	7724.79
888	858	2450.17
888	868	5374.24
888	886	959.40
888	887	8372.56
888	889	8048.02
888	891	24602.75
888	904	3416.02
889	887	12668.22
889	888	8048.02
889	891	2521.23
889	893	7609.15
89	165	1149.09
89	724	1129.53
89	87	1091.33
89	88	303.74
890	455	4983.50
890	478	13778.11
890	784	3945.18
890	786	6910.81
890	790	1756.23
890	886	4265.80
890	892	16741.07
890	908	7061.91
891	888	24602.75
891	889	2521.23
891	893	1424.99
891	897	4911.61
891	904	6038.46
891	920	9459.50
891	922	8822.39
892	886	7159.22
892	890	16741.07
892	893	8048.02
892	894	15758.22
892	900	605.75
892	905	6648.68
892	908	1970.56
892	923	4060.97
893	886	4806.54
893	887	5097.88
893	889	7609.15
893	891	1424.99
893	892	8048.02
893	894	13101.26
893	897	2627.34
893	900	3850.07
894	892	15758.22
894	893	13101.26
894	900	10962.94
895	896	1074.90
895	897	1321.38
895	898	433.65
895	899	981.99
896	895	1074.90
896	897	2557.20
897	891	4911.61
897	893	2627.34
897	895	1321.38
897	896	2557.20
897	898	667.16
897	899	903.24
897	900	623.37
897	903	1598.07
897	922	5621.00
898	895	433.65
898	897	667.16
898	899	868.23
899	895	981.99
899	897	903.24
899	898	868.23
899	900	2995.28
899	901	899.88
899	902	398.67
899	903	398.82
9	0	23954.04
9	10	20319.55
9	11	14783.54
9	19	4745.41
9	21	13290.46
9	8	8123.05
90	0	28299.03
90	100	5272.03
90	545	4952.99
90	91	8461.08
90	95	2874.84
90	96	14096.51
90	97	6345.21
900	892	605.75
900	893	3850.07
900	894	10962.94
900	897	623.37
900	899	2995.28
900	901	635.56
900	905	349.90
900	906	3257.59
900	907	4454.32
900	910	2479.33
901	899	899.88
901	900	635.56
901	902	1114.58
901	903	1211.32
901	907	531.57
902	899	398.67
902	901	1114.58
902	903	1674.00
903	897	1598.07
903	899	398.82
903	901	1211.32
903	902	1674.00
903	907	4503.42
903	919	1822.53
903	922	2276.31
903	929	2549.40
904	862	7761.61
904	867	7527.26
904	868	25665.42
904	888	3416.02
904	891	6038.46
904	920	4171.21
904	921	10953.26
904	925	10972.62
904	932	5887.69
905	892	6648.68
905	900	349.90
905	906	3287.51
905	909	4485.66
905	923	1545.57
906	900	3257.59
906	905	3287.51
906	909	2297.86
906	910	2608.40
907	900	4454.32
907	901	531.57
907	903	4503.42
907	911	4737.29
907	915	1166.01
907	919	4010.07
907	928	718.25
908	790	4075.50
908	890	7061.91
908	892	1970.56
908	923	6412.26
908	927	5926.03
909	905	4485.66
909	906	2297.86
909	910	278.95
909	918	1986.64
909	923	7565.29
91	545	7731.59
91	90	8461.08
91	97	8638.93
91	98	3578.76
910	900	2479.33
910	906	2608.40
910	909	278.95
910	911	3363.59
910	913	599.94
910	914	585.14
910	918	1430.71
911	907	4737.29
911	910	3363.59
911	912	802.12
911	913	339.61
911	915	799.17
912	911	802.12
912	913	370.09
912	915	827.68
913	910	599.94
913	911	339.61
913	912	370.09
913	914	531.77
913	915	63.60
913	916	195.66
914	910	585.14
914	913	531.77
914	916	53.51
914	917	392.63
914	918	1133.44
915	907	1166.01
915	911	799.17
915	912	827.68
915	913	63.60
915	916	1242.80
915	928	73.13
916	913	195.66
916	914	53.51
916	915	1242.80
916	917	1399.31
916	928	1969.62
917	914	392.63
917	916	1399.31
917	918	1192.69
917	928	163.46
918	909	1986.64
918	910	1430.71
918	914	1133.44
918	917	1192.69
918	923	3257.99
918	928	6243.92
919	903	1822.53
919	907	4010.07
919	929	1918.71
919	931	4892.19
92	0	498.15
92	101	975.77
92	93	657.85
92	95	678.18
920	891	9459.50
920	904	4171.21
920	921	4399.46
920	922	11927.49
920	924	6353.58
921	904	10953.26
921	920	4399.46
921	924	1885.07
921	925	489.35
921	926	6923.33
922	891	8822.39
922	897	5621.00
922	903	2276.31
922	920	11927.49
922	924	6595.50
922	929	5382.25
922	938	10990.96
923	892	4060.97
923	905	1545.57
923	908	6412.26
923	909	7565.29
923	918	3257.99
923	927	1301.08
923	928	2147.39
923	933	5680.31
923	934	2252.43
924	920	6353.58
924	921	1885.07
924	922	6595.50
924	926	7471.76
924	936	7748.01
924	938	4550.63
924	939	216.28
925	904	10972.62
925	921	489.35
925	926	11752.40
925	932	9120.47
925	937	10113.81
926	921	6923.33
926	924	7471.76
926	925	11752.40
926	936	3832.92
926	937	4380.45
926	943	2759.82
927	790	4232.23
927	795	1666.26
927	796	3949.09
927	800	2286.80
927	908	5926.03
927	923	1301.08
927	933	4619.22
927	935	5875.13
928	873	2388.16
928	876	505.31
928	877	1864.74
928	907	718.25
928	915	73.13
928	916	1969.62
928	917	163.46
928	918	6243.92
928	923	2147.39
928	930	2831.31
928	931	6982.58
928	934	8183.65
928	940	8410.20
929	903	2549.40
929	919	1918.71
929	922	5382.25
929	930	2887.20
929	931	5881.77
929	938	2548.49
93	0	781.27
93	92	657.85
93	94	622.28
93	95	468.82
930	928	2831.31
930	929	2887.20
930	931	8678.74
930	938	4562.08
930	940	5239.54
931	919	4892.19
931	928	6982.58
931	929	5881.77
931	930	8678.74
932	0	18295.15
932	862	4770.25
932	904	5887.69
932	925	9120.47
932	937	1540.19
933	923	5680.31
933	927	4619.22
933	934	3798.82
933	935	3974.17
934	873	249.64
934	923	2252.43
934	928	8183.65
934	933	3798.82
934	935	1090.31
935	800	1884.79
935	872	502.76
935	873	203.52
935	884	9446.99
935	927	5875.13
935	933	3974.17
935	934	1090.31
936	0	12109.96
936	924	7748.01
936	926	3832.92
936	939	9839.86
936	943	16417.03
936	944	2415.19
937	0	7355.83
937	925	10113.81
937	926	4380.45
937	932	1540.19
937	943	7202.81
938	922	10990.96
938	924	4550.63
938	929	2548.49
938	930	4562.08
938	939	15158.03
938	940	5769.81
938	944	6264.14
938	946	2037.09
939	924	216.28
939	936	9839.86
939	938	15158.03
939	944	18204.99
94	0	366.44
94	93	622.28
94	95	1348.37
940	877	2446.20
940	878	91.92
940	881	1084.91
940	885	1880.40
940	928	8410.20
940	930	5239.54
940	938	5769.81
940	942	4720.57
940	945	827.89
940	946	12462.34
941	804	5371.95
941	806	5113.39
941	884	12804.12
941	942	1755.68
941	949	9166.52
942	880	289.76
942	881	247.27
942	882	543.29
942	883	3057.33
942	884	3612.61
942	885	1123.04
942	940	4720.57
942	941	1755.68
942	945	11308.10
942	949	3383.50
943	0	12589.05
943	926	2759.82
943	936	16417.03
943	937	7202.81
944	0	5445.72
944	936	2415.19
944	938	6264.14
944	939	18204.99
944	946	7861.21
944	947	2893.33
944	948	8445.88
944	950	1412.12
945	940	827.89
945	942	11308.10
945	946	11800.67
945	949	10148.86
945	951	14715.35
946	938	2037.09
946	940	12462.34
946	944	7861.21
946	945	11800.67
946	950	9091.24
946	951	1862.59
947	0	20396.07
947	944	2893.33
947	948	10171.38
947	950	5405.07
947	953	5685.57
948	944	8445.88
948	947	10171.38
948	950	3413.66
949	1044	7871.32
949	806	7058.70
949	941	9166.52
949	942	3383.50
949	945	10148.86
949	951	6625.18
95	0	9532.84
95	101	4550.66
95	107	3931.06
95	111	4458.95
95	117	7644.88
95	90	2874.84
95	92	678.18
95	93	468.82
95	94	1348.37
95	96	5808.80
950	944	1412.12
950	946	9091.24
950	947	5405.07
950	948	3413.66
950	951	1686.86
950	952	9273.09
950	953	8059.58
951	1044	10104.07
951	1045	7272.43
951	1051	1931.54
951	945	14715.35
951	946	1862.59
951	949	6625.18
951	950	1686.86
951	952	14146.26
952	1051	5081.22
952	950	9273.09
952	951	14146.26
952	953	8254.43
953	0	13786.37
953	1051	3730.89
953	947	5685.57
953	950	8059.58
953	952	8254.43
954	836	191.70
954	955	2323.23
954	958	1544.64
955	810	2261.60
955	836	290.28
955	954	2323.23
955	956	1140.76
955	957	653.16
955	964	873.90
955	968	1225.81
956	1150	921.53
956	955	1140.76
956	957	1096.51
956	959	514.09
956	968	1493.77
957	955	653.16
957	956	1096.51
957	958	454.87
957	959	758.27
958	836	1311.78
958	837	939.87
958	954	1544.64
958	957	454.87
958	959	1318.71
958	975	1255.15
959	1150	3258.29
959	956	514.09
959	957	758.27
959	958	1318.71
959	975	2745.42
959	976	816.02
96	100	7348.34
96	106	10290.64
96	111	3684.57
96	90	14096.51
96	95	5808.80
960	207	7358.30
960	818	1152.24
960	819	8303.30
960	821	5060.12
960	962	8580.21
960	965	11203.46
961	419	10133.08
961	420	8607.69
961	965	10451.03
961	966	9831.34
961	972	2613.35
962	821	2085.40
962	826	629.72
962	960	8580.21
962	963	6062.07
962	965	3825.15
962	967	3220.65
962	968	3262.41
963	826	4177.01
963	962	6062.07
963	964	5298.47
963	967	1007.94
964	810	3400.07
964	826	553.68
964	955	873.90
964	963	5298.47
964	967	2976.32
964	968	974.31
965	207	12612.12
965	225	637.36
965	419	6097.97
965	960	11203.46
965	961	10451.03
965	962	3825.15
965	966	6231.10
965	968	3406.29
965	969	5957.11
966	961	9831.34
966	965	6231.10
966	969	2351.22
966	970	2717.62
966	972	2644.25
967	962	3220.65
967	963	1007.94
967	964	2976.32
967	968	4155.35
968	1150	467.93
968	955	1225.81
968	956	1493.77
968	962	3262.41
968	964	974.31
968	965	3406.29
968	967	4155.35
968	969	5760.06
969	1150	3054.50
969	1151	3640.90
969	965	5957.11
969	966	2351.22
969	968	5760.06
969	970	5543.31
969	971	3985.69
97	100	3164.62
97	103	2819.30
97	90	6345.21
97	91	8638.93
97	98	1159.57
97	99	6988.85
970	1151	1765.34
970	966	2717.62
970	969	5543.31
970	972	3646.24
970	977	1195.54
971	1150	2466.85
971	969	3985.69
972	420	2186.13
972	430	2726.18
972	961	2613.35
972	966	2644.25
972	970	3646.24
972	973	3088.38
972	977	1748.60
973	430	987.82
973	439	2747.83
973	972	3088.38
973	977	2525.55
973	979	1835.75
975	837	1611.40
975	958	1255.15
975	959	2745.42
975	976	2083.42
976	1150	4381.49
976	837	811.08
976	841	2173.66
976	959	816.02
976	975	2083.42
976	978	3947.12
977	1151	2976.22
977	970	1195.54
977	972	1748.60
977	973	2525.55
977	978	1839.76
977	979	5111.87
977	980	1390.00
978	1150	2270.02
978	1151	3084.23
978	658	876.22
978	841	375.01
978	845	6968.78
978	976	3947.12
978	977	1839.76
978	980	3070.44
978	986	6103.32
979	1134	3546.14
979	439	3394.91
979	973	1835.75
979	977	5111.87
979	980	2705.88
98	104	338.00
98	545	2662.23
98	556	3790.26
98	588	3216.60
98	91	3578.76
98	97	1159.57
98	99	8466.36
980	1134	5055.73
980	1135	1518.91
980	977	1390.00
980	978	3070.44
980	979	2705.88
980	981	7004.29
980	982	4014.04
980	986	1784.42
981	980	7004.29
981	982	2056.13
982	1135	479.90
982	980	4014.04
982	981	2056.13
982	985	2530.21
982	986	6086.37
984	1134	2262.71
984	1137	381.07
984	1143	2381.39
984	1144	633.42
984	232	304.66
984	234	395.84
984	443	3425.22
985	1135	2237.00
985	1140	1011.54
985	1143	1253.31
985	237	2091.08
985	252	2548.15
985	982	2530.21
985	986	5575.28
986	252	226.56
986	452	4849.46
986	658	3537.76
986	978	6103.32
986	980	1784.42
986	982	6086.37
986	985	5575.28
986	987	1866.81
986	988	141.51
986	989	305.12
986	990	5873.06
987	252	241.77
987	256	293.39
987	986	1866.81
987	988	1032.40
987	990	72.56
988	986	141.51
988	987	1032.40
988	989	757.50
988	990	190.21
989	986	305.12
989	988	757.50
989	990	698.34
99	103	7245.18
99	104	6287.54
99	105	5300.77
99	97	6988.85
99	98	8466.36
990	256	474.83
990	452	3735.72
990	453	2175.19
990	986	5873.06
990	987	72.56
990	988	190.21
990	989	698.34
991	1009	1434.46
991	1020	452.33
991	994	821.02
991	995	637.15
991	996	694.19
991	997	253.30
992	1020	1290.92
992	993	1360.24
992	998	112.46
993	1020	2113.29
993	992	1360.24
993	998	101.76
994	1000	154.52
994	1020	37.78
994	991	821.02
994	997	727.57
994	998	1909.42
995	1000	221.81
995	1001	350.64
995	1002	51.98
995	991	637.15
995	996	1390.23
995	997	899.23
996	1001	981.00
996	1009	518.62
996	1019	705.45
996	991	694.19
996	995	1390.23
997	1000	361.54
997	991	253.30
997	994	727.57
997	995	899.23
998	1003	428.84
998	1020	2472.43
998	992	112.46
998	993	101.76
998	994	1909.42
998	999	402.16
999	1000	391.81
999	1003	783.08
999	998	402.16