
27	1	15	74	1	6	1	50745.91	47.52
27	1	15	74	10	811	1	250843.7	196.41
27	1	15	74	10	822	23	258231.77	202.08
27	1	15	74	10	823	3	260157.26	204.84
27	1	15	74	10	825	36	254684.14	198.92
27	1	15	74	10	829	19	259071.76	203.84
27	1	15	74	10	834	5	267401.48	204.46
27	1	15	74	10	838	25	254071.19	200.15
27	1	15	74	10	840	21	245989.13	191.57
27	1	15	74	10	842	43	252485.24	199.36
27	1	15	74	11	847	1	121901.79	103.35
27	1	15	74	12	881	1	173603.42	133.18
27	1	15	74	12	895	91	193076.61	151.6
27	1	15	74	12	902	39	190964.56	149.42
27	1	15	74	12	913	18	184750.74	144.7
27	1	15	74	12	931	11	174923.63	147.75
27	1	15	74	12	933	16	178417.9	138.91
27	1	15	74	13	1134	25	228543.03	175.15
27	1	15	74	13	1136	88	226811.9	174.35
27	1	15	74	13	957	1	243716.06	189.85
27	1	15	74	13	964	63	248255.5	192.75
27	1	15	74	13	967	18	247823.64	192.31
27	1	15	74	13	971	13	243216.65	188.11
27	1	15	74	13	972	28	238512.18	183.74
27	1	15	74	13	980	24	230867.06	177.6
27	1	15	74	13	982	17	232146.81	179.44
27	1	15	74	13	984	27	223867.16	171.37
27	1	15	74	13	985	16	227068.23	175.13
27	1	15	74	13	986	80	227652.87	176.48
27	1	15	74	13	987	62	226748.78	174.94
27	1	15	74	14	1002	1	296554.96	227.99
27	1	15	74	14	1018	6	301955.48	233.51
27	1	15	74	14	1020	5	299854.18	231.01
27	1	15	74	14	1021	20	295429.53	225.94
27	1	15	74	14	1022	27	293709.57	224.45
27	1	15	74	14	1023	21	293569.77	225.6
27	1	15	74	14	1025	24	290306.92	222.03
27	1	15	74	14	1027	19	288910.83	221.65
27	1	15	74	14	1029	14	274920.66	218.92
27	1	15	74	15	1039	1	215479.77	165.51
27	1	15	74	15	1053	60	236027.3	180.23
27	1	15	74	16	1074	1	231739.72	178.38
27	1	15	74	16	1082	17	242991.87	189.33
27	1	15	74	17	1092	1	68153.66	64.1
27	1	15	74	2	100	13	325817.53	250.5
27	1	15	74	2	110	34	310279.31	237.52
27	1	15	74	2	114	29	340663.53	253.45
27	1	15	74	2	118	3	316060.94	241.97
27	1	15	74	2	120	30	302564.79	231.11
27	1	15	74	2	128	61	318989.26	243.6
27	1	15	74	2	130	123	291316.41	224.07
27	1	15	74	2	132	25	295337.9	225.14
27	1	15	74	2	134	4	302081.78	230.7
27	1	15	74	2	142	117	303744.66	231.97
27	1	15	74	2	144	96	290651.05	221.57
27	1	15	74	2	148	90	282416.77	215.97
27	1	15	74	2	149	82	281411.79	214.99
27	1	15	74	2	152	51	272631.58	208.14
27	1	15	74	2	154	10	278702.18	213.19
27	1	15	74	2	155	24	285661.86	217.29
27	1	15	74	2	157	73	292405.07	222.52
27	1	15	74	2	163	87	292677.96	221.62
27	1	15	74	2	74	1	273404.88	211.78
27	1	15	74	2	93	22	361096.69	271.51
27	1	15	74	3	173	1	293888.76	231.35
27	1	15	74	3	196	4	268209.84	205.32
27	1	15	74	3	208	15	280912.22	225.89
27	1	15	74	3	210	61	274697.79	216.79
27	1	15	74	3	213	35	269263.33	208.71
27	1	15	74	3	223	56	260350.04	201.76
27	1	15	74	4	1148	19	225316.01	172.55
27	1	15	74	4	321	1	225472.94	173.47
27	1	15	74	4	422	183	247645.5	191.13
27	1	15	74	4	423	170	240735.36	189.87
27	1	15	74	4	425	62	244983.2	195.71
27	1	15	74	4	426	61	243796.96	196.04
27	1	15	74	4	428	176	233158.85	179.91
27	1	15	74	4	433	214	232006.79	177.61
27	1	15	74	4	440	251	231035.31	176.61
27	1	15	74	4	443	258	227610.75	174.09
27	1	15	74	4	445	134	222729.77	170.24
27	1	15	74	4	452	35	229637.43	178.49
27	1	15	74	4	453	87	228250.92	174.58
27	1	15	74	4	458	122	235544.12	182.4
27	1	15	74	4	463	98	243884.36	186.75
27	1	15	74	4	464	34	234403.26	181.0
27	1	15	74	4	465	33	231165.04	177.65
27	1	15	74	4	467	65	237313.58	183.75
27	1	15	74	4	470	111	230099.97	176.34
27	1	15	74	4	476	66	241766.15	188.22
27	1	15	74	4	477	67	237239.48	183.98
27	1	15	74	4	479	112	232939.66	179.18
27	1	15	74	4	480	160	232816.12	179.48
27	1	15	74	4	484	146	229087.71	178.42
27	1	15	74	4	485	145	220857.98	177.48
27	1	15	74	4	486	206	221758.52	179.92
27	1	15	74	4	492	59	236410.93	182.95
27	1	15	74	4	494	56	236644.41	183.56
27	1	15	74	4	497	123	248639.97	192.92
27	1	15	74	4	500	264	221357.1	178.63
27	1	15	74	4	501	166	216342.22	172.12
27	1	15	74	4	506	317	218307.5	171.72
27	1	15	74	5	520	1	280207.98	216.63
27	1	15	74	5	538	16	304458.33	236.01
27	1	15	74	5	567	66	291667.85	226.79
27	1	15	74	5	570	52	266899.69	209.37
27	1	15	74	5	573	20	269552.16	212.76
27	1	15	74	5	576	42	286890.0	221.93
27	1	15	74	5	581	25	283492.57	218.52
27	1	15	74	5	586	2	293094.87	229.05
27	1	15	74	5	587	41	286833.49	222.36
27	1	15	74	5	589	17	262398.27	207.3
27	1	15	74	5	590	58	281945.9	217.63
27	1	15	74	5	592	39	263790.34	208.76
27	1	15	74	5	601	4	290106.66	225.97
27	1	15	74	5	602	59	282812.31	218.66
27	1	15	74	6	615	1	256353.01	197.42
27	1	15	74	6	621	32	285710.08	222.43
27	1	15	74	6	631	28	265535.56	205.78
27	1	15	74	6	640	142	276591.85	214.29
27	1	15	74	6	642	44	275142.56	212.68
27	1	15	74	6	645	7	275399.4	212.74
27	1	15	74	6	654	24	259073.43	200.0
27	1	15	74	6	656	23	254227.67	197.09
27	1	15	74	6	663	16	259910.87	199.84
27	1	15	74	7	670	1	94530.19	83.34
27	1	15	74	7	678	9	75268.8	65.85
27	1	15	74	8	687	1	287739.64	221.27
27	1	15	74	8	702	98	346487.03	253.49
27	1	15	74	8	719	107	281789.52	216.03
27	1	15	74	8	721	108	287228.02	218.4
27	1	15	74	8	722	109	295510.48	223.42
27	1	15	74	8	724	84	273486.4	210.39
27	1	15	74	8	727	110	291252.05	222.74
27	1	15	74	8	729	111	286194.83	219.19
27	1	15	74	8	731	91	298338.18	226.38
27	1	15	74	8	738	18	282847.05	216.32
27	1	15	74	8	741	58	296447.18	227.76
27	1	15	74	8	747	47	289566.0	222.12
27	1	15	74	8	768	16	309191.9	237.47
27	1	15	74	9	783	1	199715.33	152.51
27	1	6	1	1	15	74	50289.19	47.27
27	1	6	1	10	811	1	216903.98	168.3
27	1	6	1	10	822	23	224292.06	173.97
27	1	6	1	10	823	3	226217.54	176.73
27	1	6	1	10	825	36	220744.42	170.81
27	1	6	1	10	829	19	225132.04	175.73
27	1	6	1	10	834	5	233461.76	176.35
27	1	6	1	10	838	25	220131.47	172.04
27	1	6	1	10	840	21	212049.41	163.46
27	1	6	1	10	842	43	218545.52	171.25
27	1	6	1	11	847	1	87962.08	75.24
27	1	6	1	12	881	1	139663.71	105.07
27	1	6	1	12	895	91	159136.89	123.49
27	1	6	1	12	902	39	157024.84	121.31
27	1	6	1	12	913	18	150811.02	116.59
27	1	6	1	12	931	11	140983.91	119.64
27	1	6	1	12	933	16	144478.18	110.8
27	1	6	1	13	1134	25	194603.31	147.04
27	1	6	1	13	1136	88	192872.19	146.24
27	1	6	1	13	957	1	209776.34	161.74
27	1	6	1	13	964	63	214315.79	164.64
27	1	6	1	13	967	18	213883.92	164.2
27	1	6	1	13	971	13	209276.93	160.0
27	1	6	1	13	972	28	204572.47	155.63
27	1	6	1	13	980	24	196927.34	149.49
27	1	6	1	13	982	17	198207.09	151.33
27	1	6	1	13	984	27	189927.44	143.26
27	1	6	1	13	985	16	193128.51	147.02
27	1	6	1	13	986	80	193713.15	148.37
27	1	6	1	13	987	62	192809.06	146.83
27	1	6	1	14	1002	1	262615.25	199.88
27	1	6	1	14	1018	6	268015.76	205.4
27	1	6	1	14	1020	5	265914.47	202.91
27	1	6	1	14	1021	20	261489.81	197.84
27	1	6	1	14	1022	27	259769.85	196.34
27	1	6	1	14	1023	21	259630.05	197.49
27	1	6	1	14	1025	24	256367.2	193.92
27	1	6	1	14	1027	19	254971.12	193.54
27	1	6	1	14	1029	14	240980.94	190.81
27	1	6	1	15	1039	1	181540.05	137.4
27	1	6	1	15	1053	60	202087.59	152.12
27	1	6	1	16	1074	1	197800.0	150.27
27	1	6	1	16	1082	17	209052.15	161.23
27	1	6	1	17	1092	1	66953.25	62.24
27	1	6	1	2	100	13	291877.82	222.39
27	1	6	1	2	110	34	276339.59	209.42
27	1	6	1	2	114	29	306723.81	225.34
27	1	6	1	2	118	3	282121.22	213.86
27	1	6	1	2	120	30	268625.07	203.0
27	1	6	1	2	128	61	285049.54	215.49
27	1	6	1	2	130	123	257376.69	195.96
27	1	6	1	2	132	25	261398.19	197.03
27	1	6	1	2	134	4	268142.06	202.59
27	1	6	1	2	142	117	269804.94	203.86
27	1	6	1	2	144	96	256711.33	193.46
27	1	6	1	2	148	90	248477.05	187.86
27	1	6	1	2	149	82	247472.07	186.88
27	1	6	1	2	152	51	238691.86	180.03
27	1	6	1	2	154	10	244762.46	185.08
27	1	6	1	2	155	24	251722.14	189.18
27	1	6	1	2	157	73	258465.35	194.41
27	1	6	1	2	163	87	258738.24	193.51
27	1	6	1	2	74	1	239465.16	183.67
27	1	6	1	2	93	22	327156.97	243.4
27	1	6	1	3	173	1	259949.04	203.24
27	1	6	1	3	196	4	234270.12	177.21
27	1	6	1	3	208	15	246972.5	197.78
27	1	6	1	3	210	61	240758.07	188.68
27	1	6	1	3	213	35	235323.61	180.6
27	1	6	1	3	223	56	226410.32	173.65
27	1	6	1	4	1148	19	191376.29	144.44
27	1	6	1	4	321	1	191533.22	145.36
27	1	6	1	4	422	183	213705.79	163.02
27	1	6	1	4	423	170	206795.64	161.76
27	1	6	1	4	425	62	211043.48	167.6
27	1	6	1	4	426	61	209857.24	167.93
27	1	6	1	4	428	176	199219.13	151.8
27	1	6	1	4	433	214	198067.07	149.5
27	1	6	1	4	440	251	197095.59	148.5
27	1	6	1	4	443	258	193671.03	145.98
27	1	6	1	4	445	134	188790.05	142.13
27	1	6	1	4	452	35	195697.71	150.39
27	1	6	1	4	453	87	194311.2	146.47
27	1	6	1	4	458	122	201604.4	154.29
27	1	6	1	4	463	98	209944.64	158.64
27	1	6	1	4	464	34	200463.54	152.89
27	1	6	1	4	465	33	197225.32	149.54
27	1	6	1	4	467	65	203373.86	155.64
27	1	6	1	4	470	111	196160.26	148.23
27	1	6	1	4	476	66	207826.44	160.11
27	1	6	1	4	477	67	203299.76	155.87
27	1	6	1	4	479	112	198999.94	151.07
27	1	6	1	4	480	160	198876.4	151.37
27	1	6	1	4	484	146	195148.0	150.31
27	1	6	1	4	485	145	186918.26	149.38
27	1	6	1	4	486	206	187818.8	151.81
27	1	6	1	4	492	59	202471.21	154.84
27	1	6	1	4	494	56	202704.69	155.45
27	1	6	1	4	497	123	214700.25	164.81
27	1	6	1	4	500	264	187417.38	150.52
27	1	6	1	4	501	166	182402.5	144.01
27	1	6	1	4	506	317	184367.78	143.61
27	1	6	1	5	520	1	246268.26	188.53
27	1	6	1	5	538	16	270518.61	207.9
27	1	6	1	5	567	66	257728.13	198.68
27	1	6	1	5	570	52	232959.98	181.27
27	1	6	1	5	573	20	235612.45	184.65
27	1	6	1	5	576	42	252950.28	193.82
27	1	6	1	5	581	25	249552.85	190.41
27	1	6	1	5	586	2	259155.15	200.94
27	1	6	1	5	587	41	252893.77	194.26
27	1	6	1	5	589	17	228458.55	179.19
27	1	6	1	5	590	58	248006.18	189.52
27	1	6	1	5	592	39	229850.62	180.65
27	1	6	1	5	601	4	256166.94	197.87
27	1	6	1	5	602	59	248872.59	190.55
27	1	6	1	6	615	1	222413.29	169.31
27	1	6	1	6	621	32	251770.37	194.32
27	1	6	1	6	631	28	231595.84	177.67
27	1	6	1	6	640	142	242652.13	186.18
27	1	6	1	6	642	44	241202.84	184.57
27	1	6	1	6	645	7	241459.68	184.63
27	1	6	1	6	654	24	225133.71	171.89
27	1	6	1	6	656	23	220287.95	168.98
27	1	6	1	6	663	16	225971.15	171.73
27	1	6	1	7	670	1	47320.48	42.44
27	1	6	1	7	678	9	41329.08	37.74
27	1	6	1	8	687	1	253799.93	193.16
27	1	6	1	8	702	98	312547.31	225.38
27	1	6	1	8	719	107	247849.8	187.92
27	1	6	1	8	721	108	253288.3	190.29
27	1	6	1	8	722	109	261570.76	195.31
27	1	6	1	8	724	84	239546.68	182.28
27	1	6	1	8	727	110	257312.33	194.63
27	1	6	1	8	729	111	252255.11	191.08
27	1	6	1	8	731	91	264398.46	198.27
27	1	6	1	8	738	18	248907.33	188.21
27	1	6	1	8	741	58	262507.46	199.65
27	1	6	1	8	747	47	255626.28	194.01
27	1	6	1	8	768	16	275252.18	209.37
27	1	6	1	9	783	1	165775.61	124.4
27	10	811	1	1	15	74	251878.05	198.71
27	10	811	1	1	6	1	218395.05	170.85
27	10	811	1	10	822	23	7689.81	7.69
27	10	811	1	10	823	3	9615.3	10.45
27	10	811	1	10	825	36	4142.18	4.53
27	10	811	1	10	829	19	8529.8	9.45
27	10	811	1	10	834	5	19711.33	19.3
27	10	811	1	10	838	25	4162.27	5.61
27	10	811	1	10	840	21	7159.23	11.51
27	10	811	1	10	842	43	10308.92	11.24
27	10	811	1	11	847	1	156176.49	140.85
27	10	811	1	12	881	1	81849.73	71.95
27	10	811	1	12	895	91	92526.65	81.79
27	10	811	1	12	902	39	90414.6	79.61
27	10	811	1	12	913	18	85656.89	76.28
27	10	811	1	12	931	11	91182.6	82.41
27	10	811	1	12	933	16	79647.66	69.34
27	10	811	1	13	1134	25	26096.65	24.94
27	10	811	1	13	1136	88	29286.21	28.27
27	10	811	1	13	957	1	6424.5	9.45
27	10	811	1	13	964	63	7429.75	7.69
27	10	811	1	13	967	18	7861.61	8.13
27	10	811	1	13	971	13	11749.74	14.12
27	10	811	1	13	972	28	30234.84	28.85
27	10	811	1	13	980	24	20938.14	20.86
27	10	811	1	13	982	17	24584.88	24.93
27	10	811	1	13	984	27	31601.74	29.79
27	10	811	1	13	985	16	31187.32	29.3
27	10	811	1	13	986	80	34238.82	34.41
27	10	811	1	13	987	62	31657.92	29.79
27	10	811	1	14	1002	1	34822.55	33.88
27	10	811	1	14	1018	6	43776.0	39.18
27	10	811	1	14	1020	5	38121.77	36.9
27	10	811	1	14	1021	20	33697.12	31.83
27	10	811	1	14	1022	27	31977.16	30.34
27	10	811	1	14	1023	21	33338.08	31.53
27	10	811	1	14	1025	24	28574.51	27.92
27	10	811	1	14	1027	19	29727.61	29.1
27	10	811	1	14	1029	14	24378.7	24.53
27	10	811	1	15	1039	1	100423.4	86.61
27	10	811	1	15	1053	60	120970.94	101.33
27	10	811	1	16	1074	1	93112.65	86.6
27	10	811	1	16	1082	17	94994.35	87.77
27	10	811	1	17	1092	1	241017.37	191.21
27	10	811	1	2	100	13	77087.12	77.24
27	10	811	1	2	110	34	72127.85	65.98
27	10	811	1	2	114	29	119591.36	94.07
27	10	811	1	2	118	3	77512.76	70.76
27	10	811	1	2	120	30	64413.33	59.57
27	10	811	1	2	128	61	80553.8	74.05
27	10	811	1	2	130	123	53170.1	50.57
27	10	811	1	2	132	25	57186.44	53.6
27	10	811	1	2	134	4	63945.28	59.49
27	10	811	1	2	142	117	71292.9	65.62
27	10	811	1	2	144	96	57206.87	53.58
27	10	811	1	2	148	90	52937.8	49.9
27	10	811	1	2	149	82	38804.82	37.64
27	10	811	1	2	152	51	45490.32	43.15
27	10	811	1	2	154	10	56894.11	53.68
27	10	811	1	2	155	24	62177.21	57.82
27	10	811	1	2	157	73	71332.91	63.13
27	10	811	1	2	163	87	71605.8	62.24
27	10	811	1	2	74	1	52298.44	51.67
27	10	811	1	2	93	22	108359.41	107.68
27	10	811	1	3	173	1	96952.41	90.08
27	10	811	1	3	196	4	71273.5	64.05
27	10	811	1	3	208	15	46095.57	42.35
27	10	811	1	3	210	61	53641.3	52.77
27	10	811	1	3	213	35	58314.46	58.53
27	10	811	1	3	223	56	63413.7	60.48
27	10	811	1	4	1148	19	36532.74	34.46
27	10	811	1	4	321	1	37483.92	37.22
27	10	811	1	4	422	183	50709.16	49.86
27	10	811	1	4	423	170	51053.72	50.48
27	10	811	1	4	425	62	54673.1	54.74
27	10	811	1	4	426	61	55326.79	56.05
27	10	811	1	4	428	176	38533.12	40.79
27	10	811	1	4	433	214	40095.24	39.15
27	10	811	1	4	440	251	39123.76	38.15
27	10	811	1	4	443	258	35699.2	35.63
27	10	811	1	4	445	134	30818.22	31.78
27	10	811	1	4	452	35	37683.08	36.43
27	10	811	1	4	453	87	35014.04	32.58
27	10	811	1	4	458	122	44386.01	40.14
27	10	811	1	4	463	98	40951.65	37.74
27	10	811	1	4	464	34	44093.13	40.08
27	10	811	1	4	465	33	41104.55	38.54
27	10	811	1	4	467	65	47520.26	45.28
27	10	811	1	4	470	111	40306.66	37.87
27	10	811	1	4	476	66	46196.83	42.99
27	10	811	1	4	477	67	47446.16	45.51
27	10	811	1	4	479	112	43146.34	40.71
27	10	811	1	4	480	160	43022.81	41.01
27	10	811	1	4	484	146	45541.89	43.88
27	10	811	1	4	485	145	47097.15	45.48
27	10	811	1	4	486	206	48503.12	47.77
27	10	811	1	4	492	59	46617.61	44.48
27	10	811	1	4	494	56	46851.09	45.09
27	10	811	1	4	497	123	56350.94	49.89
27	10	811	1	4	500	264	50422.9	48.16
27	10	811	1	4	501	166	53649.94	54.62
27	10	811	1	4	506	317	59878.04	61.25
27	10	811	1	5	520	1	24807.0	26.66
27	10	811	1	5	538	16	48436.67	45.8
27	10	811	1	5	567	66	38288.58	38.76
27	10	811	1	5	570	52	16357.73	14.99
27	10	811	1	5	573	20	19010.2	18.37
27	10	811	1	5	576	42	33510.73	33.9
27	10	811	1	5	581	25	30113.3	30.49
27	10	811	1	5	586	2	39964.63	41.16
27	10	811	1	5	587	41	33454.22	34.33
27	10	811	1	5	589	17	11856.31	12.91
27	10	811	1	5	590	58	28566.63	29.6
27	10	811	1	5	592	39	13248.38	14.37
27	10	811	1	5	601	4	43124.46	43.64
27	10	811	1	5	602	59	29433.04	30.63
27	10	811	1	6	615	1	21913.88	24.25
27	10	811	1	6	621	32	43181.65	42.2
27	10	811	1	6	631	28	16682.27	18.47
27	10	811	1	6	640	142	37368.97	36.81
27	10	811	1	6	642	44	35919.68	35.2
27	10	811	1	6	645	7	32870.96	32.51
27	10	811	1	6	654	24	25172.49	27.52
27	10	811	1	6	656	23	18389.27	21.0
27	10	811	1	6	663	16	41477.13	41.28
27	10	811	1	7	670	1	174753.04	135.3
27	10	811	1	7	678	9	178021.43	135.41
27	10	811	1	8	687	1	66609.11	62.7
27	10	811	1	8	702	98	125414.86	94.1
27	10	811	1	8	719	107	60717.36	56.65
27	10	811	1	8	721	108	66155.85	59.01
27	10	811	1	8	722	109	74438.31	64.04
27	10	811	1	8	724	84	52379.96	50.28
27	10	811	1	8	727	110	70179.89	63.36
27	10	811	1	8	729	111	65122.67	59.81
27	10	811	1	8	731	91	77266.02	67.0
27	10	811	1	8	738	18	61716.52	57.75
27	10	811	1	8	741	58	75316.65	69.19
27	10	811	1	8	747	47	68435.47	63.55
27	10	811	1	8	768	16	88061.37	78.9
27	10	811	1	9	783	1	84658.96	73.61
27	10	822	23	1	15	74	258386.82	202.59
27	10	822	23	1	6	1	224903.82	174.73
27	10	822	23	10	811	1	7768.36	7.85
27	10	822	23	10	823	3	3734.88	4.4
27	10	822	23	10	825	36	4123.85	3.66
27	10	822	23	10	829	19	7457.64	8.43
27	10	822	23	10	834	5	17316.2	17.42
27	10	822	23	10	838	25	10615.21	10.17
27	10	822	23	10	840	21	13856.91	17.22
27	10	822	23	10	842	43	16236.88	15.62
27	10	822	23	11	847	1	162685.26	144.73
27	10	822	23	12	881	1	88358.51	75.82
27	10	822	23	12	895	91	99035.42	85.66
27	10	822	23	12	902	39	96923.37	83.48
27	10	822	23	12	913	18	92165.66	80.15
27	10	822	23	12	931	11	97691.37	86.29
27	10	822	23	12	933	16	86156.43	73.21
27	10	822	23	13	1134	25	32605.42	28.82
27	10	822	23	13	1136	88	35794.98	32.15
27	10	822	23	13	957	1	12933.28	13.33
27	10	822	23	13	964	63	11020.69	10.62
27	10	822	23	13	967	18	11452.56	11.06
27	10	822	23	13	971	13	18258.51	17.99
27	10	822	23	13	972	28	36743.61	32.72
27	10	822	23	13	980	24	27446.91	24.73
27	10	822	23	13	982	17	31093.65	28.81
27	10	822	23	13	984	27	38110.51	33.67
27	10	822	23	13	985	16	37696.09	33.18
27	10	822	23	13	986	80	40747.59	38.28
27	10	822	23	13	987	62	38166.69	33.67
27	10	822	23	14	1002	1	28548.0	27.02
27	10	822	23	14	1018	6	36423.46	32.17
27	10	822	23	14	1020	5	31847.22	30.04
27	10	822	23	14	1021	20	27422.57	24.97
27	10	822	23	14	1022	27	25702.6	23.48
27	10	822	23	14	1023	21	27063.53	24.66
27	10	822	23	14	1025	24	22299.96	21.06
27	10	822	23	14	1027	19	23453.05	22.23
27	10	822	23	14	1029	14	18104.15	17.66
27	10	822	23	15	1039	1	106932.17	90.49
27	10	822	23	15	1053	60	127479.71	105.21
27	10	822	23	16	1074	1	99621.42	90.47
27	10	822	23	16	1082	17	101503.12	91.64
27	10	822	23	17	1092	1	247526.14	195.08
27	10	822	23	2	100	13	74127.2	72.35
27	10	822	23	2	110	34	73199.75	65.0
27	10	822	23	2	114	29	121592.65	94.24
27	10	822	23	2	118	3	78584.66	69.78
27	10	822	23	2	120	30	65485.23	58.59
27	10	822	23	2	128	61	81625.7	73.07
27	10	822	23	2	130	123	54242.0	49.59
27	10	822	23	2	132	25	58258.34	52.62
27	10	822	23	2	134	4	65017.18	58.51
27	10	822	23	2	142	117	72364.8	64.64
27	10	822	23	2	144	96	58278.77	52.6
27	10	822	23	2	148	90	54009.7	48.92
27	10	822	23	2	149	82	39876.72	36.66
27	10	822	23	2	152	51	47209.57	42.55
27	10	822	23	2	154	10	57966.01	52.7
27	10	822	23	2	155	24	63249.12	56.84
27	10	822	23	2	157	73	73334.19	63.3
27	10	822	23	2	163	87	73607.08	62.4
27	10	822	23	2	74	1	54334.42	51.36
27	10	822	23	2	93	22	102084.86	100.82
27	10	822	23	3	173	1	81523.47	85.03
27	10	822	23	3	196	4	57343.68	59.38
27	10	822	23	3	208	15	38743.03	35.34
27	10	822	23	3	210	61	46288.76	45.75
27	10	822	23	3	213	35	50961.93	51.51
27	10	822	23	3	223	56	69922.47	64.36
27	10	822	23	4	1148	19	43041.51	38.33
27	10	822	23	4	321	1	43992.69	41.09
27	10	822	23	4	422	183	57217.93	53.73
27	10	822	23	4	423	170	57562.49	54.36
27	10	822	23	4	425	62	61181.87	58.62
27	10	822	23	4	426	61	61835.56	59.92
27	10	822	23	4	428	176	45041.89	44.67
27	10	822	23	4	433	214	46604.01	43.02
27	10	822	23	4	440	251	45632.53	42.02
27	10	822	23	4	443	258	42207.97	39.5
27	10	822	23	4	445	134	37326.99	35.66
27	10	822	23	4	452	35	44191.85	40.31
27	10	822	23	4	453	87	41522.81	36.45
27	10	822	23	4	458	122	49731.84	44.19
27	10	822	23	4	463	98	46297.48	41.79
27	10	822	23	4	464	34	49438.95	44.13
27	10	822	23	4	465	33	47613.32	42.41
27	10	822	23	4	467	65	54029.03	49.15
27	10	822	23	4	470	111	46815.43	41.74
27	10	822	23	4	476	66	51542.66	47.04
27	10	822	23	4	477	67	53954.93	49.39
27	10	822	23	4	479	112	49655.11	44.58
27	10	822	23	4	480	160	49531.58	44.88
27	10	822	23	4	484	146	52050.66	47.76
27	10	822	23	4	485	145	53605.92	49.36
27	10	822	23	4	486	206	55011.89	51.64
27	10	822	23	4	492	59	53126.38	48.35
27	10	822	23	4	494	56	53359.86	48.96
27	10	822	23	4	497	123	61696.77	53.94
27	10	822	23	4	500	264	56931.67	52.03
27	10	822	23	4	501	166	60158.71	58.5
27	10	822	23	4	506	317	66386.81	65.13
27	10	822	23	5	520	1	18532.45	19.8
27	10	822	23	5	538	16	42162.12	38.94
27	10	822	23	5	567	66	33251.56	32.53
27	10	822	23	5	570	52	9005.2	7.97
27	10	822	23	5	573	20	12735.65	11.51
27	10	822	23	5	576	42	27736.67	29.73
27	10	822	23	5	581	25	23148.75	25.13
27	10	822	23	5	586	2	34190.57	36.99
27	10	822	23	5	587	41	27680.17	30.16
27	10	822	23	5	589	17	6584.83	6.8
27	10	822	23	5	590	58	22792.58	25.43
27	10	822	23	5	592	39	7976.9	8.26
27	10	822	23	5	601	4	37350.41	39.47
27	10	822	23	5	602	59	26304.92	28.01
27	10	822	23	6	615	1	27259.71	28.3
27	10	822	23	6	621	32	44253.55	41.22
27	10	822	23	6	631	28	18921.33	20.24
27	10	822	23	6	640	142	38440.87	35.83
27	10	822	23	6	642	44	36991.58	34.22
27	10	822	23	6	645	7	33942.86	31.53
27	10	822	23	6	654	24	30518.32	31.57
27	10	822	23	6	656	23	27485.62	26.45
27	10	822	23	6	663	16	46822.95	45.33
27	10	822	23	7	670	1	181261.81	139.17
27	10	822	23	7	678	9	184530.2	139.29
27	10	822	23	8	687	1	72098.68	66.31
27	10	822	23	8	702	98	127416.15	94.27
27	10	822	23	8	719	107	62718.64	56.82
27	10	822	23	8	721	108	68157.14	59.18
27	10	822	23	8	722	109	76439.6	64.2
27	10	822	23	8	724	84	54415.94	49.96
27	10	822	23	8	727	110	72181.17	63.52
27	10	822	23	8	729	111	67123.95	59.97
27	10	822	23	8	731	91	79267.3	67.16
27	10	822	23	8	738	18	67206.08	61.37
27	10	822	23	8	741	58	82347.14	72.71
27	10	822	23	8	747	47	73925.03	67.16
27	10	822	23	8	768	16	93550.93	82.52
27	10	822	23	9	783	1	91167.73	77.49
27	10	823	3	1	15	74	260332.1	205.39
27	10	823	3	1	6	1	226849.1	177.53
27	10	823	3	10	811	1	8683.17	9.44
27	10	823	3	10	822	23	3734.88	4.4
27	10	823	3	10	825	36	6623.06	6.22
27	10	823	3	10	829	19	3722.76	4.03
27	10	823	3	10	834	5	13581.32	13.02
27	10	823	3	10	838	25	9017.67	8.49
27	10	823	3	10	840	21	16432.65	17.7
27	10	823	3	10	842	43	13949.39	12.94
27	10	823	3	11	847	1	164630.54	147.53
27	10	823	3	12	881	1	90303.78	78.62
27	10	823	3	12	895	91	100980.7	88.47
27	10	823	3	12	902	39	98868.65	86.28
27	10	823	3	12	913	18	94110.94	82.95
27	10	823	3	12	931	11	99636.65	89.09
27	10	823	3	12	933	16	88101.71	76.02
27	10	823	3	13	1134	25	34550.7	31.62
27	10	823	3	13	1136	88	37740.26	34.95
27	10	823	3	13	957	1	14878.55	16.13
27	10	823	3	13	964	63	14096.13	13.68
27	10	823	3	13	967	18	14527.99	14.12
27	10	823	3	13	971	13	20203.79	20.8
27	10	823	3	13	972	28	38688.89	35.53
27	10	823	3	13	980	24	29392.19	27.53
27	10	823	3	13	982	17	33038.93	31.61
27	10	823	3	13	984	27	40055.79	36.47
27	10	823	3	13	985	16	39641.37	35.98
27	10	823	3	13	986	80	42692.87	41.08
27	10	823	3	13	987	62	40111.97	36.47
27	10	823	3	14	1002	1	25390.73	23.8
27	10	823	3	14	1018	6	30791.25	29.31
27	10	823	3	14	1020	5	28689.95	26.82
27	10	823	3	14	1021	20	24265.3	21.75
27	10	823	3	14	1022	27	22545.34	20.25
27	10	823	3	14	1023	21	23906.27	21.44
27	10	823	3	14	1025	24	19142.69	17.83
27	10	823	3	14	1027	19	20295.79	19.01
27	10	823	3	14	1029	14	14946.89	14.44
27	10	823	3	15	1039	1	108877.45	93.29
27	10	823	3	15	1053	60	129424.99	108.01
27	10	823	3	16	1074	1	101566.7	93.27
27	10	823	3	16	1082	17	103448.4	94.44
27	10	823	3	17	1092	1	249471.42	197.89
27	10	823	3	2	100	13	70969.94	69.13
27	10	823	3	2	110	34	69464.87	60.6
27	10	823	3	2	114	29	117857.77	89.83
27	10	823	3	2	118	3	74849.79	65.38
27	10	823	3	2	120	30	61750.35	54.18
27	10	823	3	2	128	61	77890.82	68.67
27	10	823	3	2	130	123	50507.12	45.19
27	10	823	3	2	132	25	54523.47	48.21
27	10	823	3	2	134	4	61282.31	54.11
27	10	823	3	2	142	117	68629.93	60.24
27	10	823	3	2	144	96	54543.9	48.19
27	10	823	3	2	148	90	50274.82	44.51
27	10	823	3	2	149	82	36141.84	32.26
27	10	823	3	2	152	51	43474.69	38.14
27	10	823	3	2	154	10	54231.13	48.29
27	10	823	3	2	155	24	59514.24	52.44
27	10	823	3	2	157	73	69599.32	58.89
27	10	823	3	2	163	87	69872.2	58.0
27	10	823	3	2	74	1	50599.54	46.95
27	10	823	3	2	93	22	98927.59	97.6
27	10	823	3	3	173	1	85292.9	89.13
27	10	823	3	3	196	4	61113.11	63.47
27	10	823	3	3	208	15	42512.46	39.43
27	10	823	3	3	210	61	50058.19	49.85
27	10	823	3	3	213	35	54731.36	55.61
27	10	823	3	3	223	56	71867.75	67.16
27	10	823	3	4	1148	19	44986.79	41.13
27	10	823	3	4	321	1	45937.97	43.9
27	10	823	3	4	422	183	59163.21	56.53
27	10	823	3	4	423	170	59507.77	57.16
27	10	823	3	4	425	62	63127.15	61.42
27	10	823	3	4	426	61	63780.84	62.72
27	10	823	3	4	428	176	46987.17	47.47
27	10	823	3	4	433	214	48549.29	45.82
27	10	823	3	4	440	251	47577.81	44.83
27	10	823	3	4	443	258	44153.25	42.31
27	10	823	3	4	445	134	39272.27	38.46
27	10	823	3	4	452	35	46137.13	43.11
27	10	823	3	4	453	87	43468.09	39.26
27	10	823	3	4	458	122	45996.96	39.79
27	10	823	3	4	463	98	42562.6	37.39
27	10	823	3	4	464	34	45704.08	39.73
27	10	823	3	4	465	33	48942.3	43.08
27	10	823	3	4	467	65	53563.47	48.34
27	10	823	3	4	470	111	48760.71	44.54
27	10	823	3	4	476	66	47807.78	42.64
27	10	823	3	4	477	67	53579.81	48.65
27	10	823	3	4	479	112	51600.39	47.38
27	10	823	3	4	480	160	51476.86	47.68
27	10	823	3	4	484	146	53995.94	50.56
27	10	823	3	4	485	145	55551.2	52.16
27	10	823	3	4	486	206	56957.17	54.44
27	10	823	3	4	492	59	55071.66	51.15
27	10	823	3	4	494	56	55305.14	51.76
27	10	823	3	4	497	123	57961.9	49.54
27	10	823	3	4	500	264	58876.95	54.83
27	10	823	3	4	501	166	62103.99	61.3
27	10	823	3	4	506	317	68332.09	67.93
27	10	823	3	5	520	1	15375.19	16.58
27	10	823	3	5	538	16	39004.85	35.72
27	10	823	3	5	567	66	30094.3	29.31
27	10	823	3	5	570	52	5902.34	5.52
27	10	823	3	5	573	20	9578.39	8.29
27	10	823	3	5	576	42	24579.41	26.51
27	10	823	3	5	581	25	19991.49	21.91
27	10	823	3	5	586	2	31033.31	33.77
27	10	823	3	5	587	41	24522.9	26.94
27	10	823	3	5	589	17	2424.49	2.83
27	10	823	3	5	590	58	19635.31	22.21
27	10	823	3	5	592	39	3816.56	4.29
27	10	823	3	5	601	4	34193.14	36.24
27	10	823	3	5	602	59	22570.04	23.61
27	10	823	3	6	615	1	23524.83	23.9
27	10	823	3	6	621	32	40518.67	36.81
27	10	823	3	6	631	28	15186.45	15.84
27	10	823	3	6	640	142	34705.99	31.43
27	10	823	3	6	642	44	33256.71	29.82
27	10	823	3	6	645	7	30207.98	27.13
27	10	823	3	6	654	24	26783.44	27.17
27	10	823	3	6	656	23	25198.13	23.77
27	10	823	3	6	663	16	43088.08	40.93
27	10	823	3	7	670	1	183207.09	141.97
27	10	823	3	7	678	9	186475.48	142.09
27	10	823	3	8	687	1	68363.8	61.9
27	10	823	3	8	702	98	123681.27	89.87
27	10	823	3	8	719	107	58983.76	52.41
27	10	823	3	8	721	108	64422.26	54.78
27	10	823	3	8	722	109	72704.72	59.8
27	10	823	3	8	724	84	50681.06	45.56
27	10	823	3	8	727	110	68446.3	59.12
27	10	823	3	8	729	111	63389.07	55.57
27	10	823	3	8	731	91	75532.43	62.76
27	10	823	3	8	738	18	63471.2	56.96
27	10	823	3	8	741	58	78612.26	68.31
27	10	823	3	8	747	47	70190.15	62.75
27	10	823	3	8	768	16	89816.06	78.11
27	10	823	3	9	783	1	93113.01	80.29
27	10	825	36	1	15	74	254839.19	199.42
27	10	825	36	1	6	1	221356.19	171.56
27	10	825	36	10	811	1	4220.73	4.69
27	10	825	36	10	822	23	4123.85	3.66
27	10	825	36	10	823	3	6623.06	6.22
27	10	825	36	10	829	19	6011.24	5.66
27	10	825	36	10	834	5	17192.78	15.52
27	10	825	36	10	838	25	7067.58	7.01
27	10	825	36	10	840	21	10309.28	14.05
27	10	825	36	10	842	43	13676.93	12.16
27	10	825	36	11	847	1	159137.63	141.56
27	10	825	36	12	881	1	84810.87	72.66
27	10	825	36	12	895	91	95487.79	82.5
27	10	825	36	12	902	39	93375.74	80.32
27	10	825	36	12	913	18	88618.03	76.99
27	10	825	36	12	931	11	94143.74	83.13
27	10	825	36	12	933	16	82608.8	70.05
27	10	825	36	13	1134	25	29057.79	25.66
27	10	825	36	13	1136	88	32247.35	28.99
27	10	825	36	13	957	1	9385.64	10.16
27	10	825	36	13	964	63	7473.06	7.46
27	10	825	36	13	967	18	7904.93	7.89
27	10	825	36	13	971	13	14710.88	14.83
27	10	825	36	13	972	28	33195.98	29.56
27	10	825	36	13	980	24	23899.28	21.57
27	10	825	36	13	982	17	27546.02	25.64
27	10	825	36	13	984	27	34562.88	30.5
27	10	825	36	13	985	16	34148.46	30.01
27	10	825	36	13	986	80	37199.96	35.12
27	10	825	36	13	987	62	34619.06	30.5
27	10	825	36	14	1002	1	31830.32	29.65
27	10	825	36	14	1018	6	40210.03	35.15
27	10	825	36	14	1020	5	35129.54	32.67
27	10	825	36	14	1021	20	30704.88	27.6
27	10	825	36	14	1022	27	28984.92	26.11
27	10	825	36	14	1023	21	30345.85	27.3
27	10	825	36	14	1025	24	25582.28	23.69
27	10	825	36	14	1027	19	26735.37	24.87
27	10	825	36	14	1029	14	21386.47	20.3
27	10	825	36	15	1039	1	103384.54	87.32
27	10	825	36	15	1053	60	123932.08	102.04
27	10	825	36	16	1074	1	96073.79	87.31
27	10	825	36	16	1082	17	97955.49	88.48
27	10	825	36	17	1092	1	243978.51	191.92
27	10	825	36	2	100	13	74568.56	73.46
27	10	825	36	2	110	34	73809.32	63.83
27	10	825	36	2	114	29	120075.09	92.9
27	10	825	36	2	118	3	79194.23	68.61
27	10	825	36	2	120	30	66094.8	57.42
27	10	825	36	2	128	61	82235.27	71.9
27	10	825	36	2	130	123	54851.57	48.42
27	10	825	36	2	132	25	58867.91	51.45
27	10	825	36	2	134	4	65626.75	57.34
27	10	825	36	2	142	117	72974.37	63.47
27	10	825	36	2	144	96	58888.34	51.43
27	10	825	36	2	148	90	54619.27	47.75
27	10	825	36	2	149	82	40486.29	35.49
27	10	825	36	2	152	51	47819.14	41.38
27	10	825	36	2	154	10	58575.58	51.53
27	10	825	36	2	155	24	63858.69	55.67
27	10	825	36	2	157	73	71816.63	61.97
27	10	825	36	2	163	87	72089.52	61.07
27	10	825	36	2	74	1	54943.99	50.19
27	10	825	36	2	93	22	105367.18	103.45
27	10	825	36	3	173	1	85310.04	88.01
27	10	825	36	3	196	4	61130.25	62.36
27	10	825	36	3	208	15	42529.6	38.32
27	10	825	36	3	210	61	50075.33	48.73
27	10	825	36	3	213	35	54748.5	54.49
27	10	825	36	3	223	56	66374.84	61.2
27	10	825	36	4	1148	19	39493.88	35.17
27	10	825	36	4	321	1	40445.06	37.93
27	10	825	36	4	422	183	53670.3	50.57
27	10	825	36	4	423	170	54014.86	51.19
27	10	825	36	4	425	62	57634.24	55.45
27	10	825	36	4	426	61	58287.93	56.76
27	10	825	36	4	428	176	41494.26	41.51
27	10	825	36	4	433	214	43056.38	39.86
27	10	825	36	4	440	251	42084.9	38.86
27	10	825	36	4	443	258	38660.34	36.34
27	10	825	36	4	445	134	33779.36	32.5
27	10	825	36	4	452	35	40644.22	37.14
27	10	825	36	4	453	87	37975.18	33.29
27	10	825	36	4	458	122	47703.9	40.86
27	10	825	36	4	463	98	44269.54	38.46
27	10	825	36	4	464	34	47411.02	40.8
27	10	825	36	4	465	33	44065.69	39.25
27	10	825	36	4	467	65	50481.4	45.99
27	10	825	36	4	470	111	43267.8	38.58
27	10	825	36	4	476	66	49514.72	43.72
27	10	825	36	4	477	67	50407.3	46.22
27	10	825	36	4	479	112	46107.48	41.42
27	10	825	36	4	480	160	45983.95	41.72
27	10	825	36	4	484	146	48503.03	44.59
27	10	825	36	4	485	145	50058.29	46.2
27	10	825	36	4	486	206	51464.26	48.48
27	10	825	36	4	492	59	49578.75	45.19
27	10	825	36	4	494	56	49812.23	45.8
27	10	825	36	4	497	123	59668.84	50.62
27	10	825	36	4	500	264	53384.04	48.87
27	10	825	36	4	501	166	56611.08	55.34
27	10	825	36	4	506	317	62839.18	61.97
27	10	825	36	5	520	1	21814.77	22.43
27	10	825	36	5	538	16	45444.44	41.57
27	10	825	36	5	567	66	35770.03	34.98
27	10	825	36	5	570	52	12791.77	10.95
27	10	825	36	5	573	20	16017.97	14.14
27	10	825	36	5	576	42	30992.18	30.11
27	10	825	36	5	581	25	27594.75	26.71
27	10	825	36	5	586	2	37446.07	37.38
27	10	825	36	5	587	41	30935.67	30.55
27	10	825	36	5	589	17	8864.07	8.68
27	10	825	36	5	590	58	26048.08	25.81
27	10	825	36	5	592	39	10256.14	10.14
27	10	825	36	5	601	4	40605.91	39.85
27	10	825	36	5	602	59	26914.49	26.84
27	10	825	36	6	615	1	25231.78	24.98
27	10	825	36	6	621	32	44863.12	40.05
27	10	825	36	6	631	28	17166.0	17.3
27	10	825	36	6	640	142	39050.44	34.66
27	10	825	36	6	642	44	37601.15	33.05
27	10	825	36	6	645	7	34552.43	30.36
27	10	825	36	6	654	24	28490.38	28.24
27	10	825	36	6	656	23	24925.67	22.98
27	10	825	36	6	663	16	44795.02	42.01
27	10	825	36	7	670	1	177714.18	136.01
27	10	825	36	7	678	9	180982.57	136.13
27	10	825	36	8	687	1	69927.01	63.42
27	10	825	36	8	702	98	125898.59	92.94
27	10	825	36	8	719	107	61201.08	55.48
27	10	825	36	8	721	108	66639.58	57.85
27	10	825	36	8	722	109	74922.04	62.87
27	10	825	36	8	724	84	55025.51	48.79
27	10	825	36	8	727	110	70663.61	62.19
27	10	825	36	8	729	111	65606.39	58.64
27	10	825	36	8	731	91	77749.75	65.83
27	10	825	36	8	738	18	65034.41	58.48
27	10	825	36	8	741	58	78634.54	69.92
27	10	825	36	8	747	47	71753.36	64.27
27	10	825	36	8	768	16	91379.27	79.63
27	10	825	36	9	783	1	87620.1	74.32
27	10	829	19	1	15	74	259246.6	204.38
27	10	829	19	1	6	1	225763.6	176.52
27	10	829	19	10	811	1	7597.66	8.43
27	10	829	19	10	822	23	7457.64	8.43
27	10	829	19	10	823	3	3722.76	4.03
27	10	829	19	10	825	36	6011.24	5.66
27	10	829	19	10	834	5	11369.93	10.02
27	10	829	19	10	838	25	7932.17	7.49
27	10	829	19	10	840	21	14863.13	16.23
27	10	829	19	10	842	43	12379.87	11.47
27	10	829	19	11	847	1	163545.04	146.52
27	10	829	19	12	881	1	89218.28	77.62
27	10	829	19	12	895	91	99895.2	87.46
27	10	829	19	12	902	39	97783.15	85.28
27	10	829	19	12	913	18	93025.44	81.95
27	10	829	19	12	931	11	98551.15	88.08
27	10	829	19	12	933	16	87016.21	75.01
27	10	829	19	13	1134	25	33465.2	30.61
27	10	829	19	13	1136	88	36654.76	33.94
27	10	829	19	13	957	1	13793.05	15.12
27	10	829	19	13	964	63	13484.31	13.12
27	10	829	19	13	967	18	13916.17	13.55
27	10	829	19	13	971	13	19118.29	19.79
27	10	829	19	13	972	28	37603.38	34.52
27	10	829	19	13	980	24	28306.69	26.53
27	10	829	19	13	982	17	31953.43	30.6
27	10	829	19	13	984	27	38970.29	35.46
27	10	829	19	13	985	16	38555.87	34.97
27	10	829	19	13	986	80	41607.37	40.08
27	10	829	19	13	987	62	39026.47	35.46
27	10	829	19	14	1002	1	28930.02	27.46
27	10	829	19	14	1018	6	34330.53	32.97
27	10	829	19	14	1020	5	32229.23	30.48
27	10	829	19	14	1021	20	27804.58	25.41
27	10	829	19	14	1022	27	26084.62	23.92
27	10	829	19	14	1023	21	27445.55	25.1
27	10	829	19	14	1025	24	22681.97	21.5
27	10	829	19	14	1027	19	23835.07	22.67
27	10	829	19	14	1029	14	18486.17	18.1
27	10	829	19	15	1039	1	107791.95	92.28
27	10	829	19	15	1053	60	128339.48	107.0
27	10	829	19	16	1074	1	100481.19	92.27
27	10	829	19	16	1082	17	102362.9	93.44
27	10	829	19	17	1092	1	248385.92	196.88
27	10	829	19	2	100	13	68745.72	67.96
27	10	829	19	2	110	34	67986.47	58.33
27	10	829	19	2	114	29	114372.78	87.41
27	10	829	19	2	118	3	73371.38	63.11
27	10	829	19	2	120	30	60271.95	51.92
27	10	829	19	2	128	61	76412.42	66.4
27	10	829	19	2	130	123	49028.72	42.92
27	10	829	19	2	132	25	53045.06	45.95
27	10	829	19	2	134	4	59803.9	51.84
27	10	829	19	2	142	117	67151.52	57.97
27	10	829	19	2	144	96	53065.49	45.93
27	10	829	19	2	148	90	48796.42	42.25
27	10	829	19	2	149	82	34663.44	29.99
27	10	829	19	2	152	51	41996.29	35.88
27	10	829	19	2	154	10	52752.73	46.03
27	10	829	19	2	155	24	58035.84	50.17
27	10	829	19	2	157	73	66114.33	56.48
27	10	829	19	2	163	87	66387.22	55.58
27	10	829	19	2	74	1	49121.14	44.69
27	10	829	19	2	93	22	101377.86	100.41
27	10	829	19	3	173	1	89337.93	92.81
27	10	829	19	3	196	4	65158.14	67.15
27	10	829	19	3	208	15	46557.49	43.11
27	10	829	19	3	210	61	54103.22	53.53
27	10	829	19	3	213	35	58776.39	59.29
27	10	829	19	3	223	56	70782.25	66.15
27	10	829	19	4	1148	19	43901.28	40.13
27	10	829	19	4	321	1	44852.47	42.89
27	10	829	19	4	422	183	58077.71	55.53
27	10	829	19	4	423	170	58422.27	56.15
27	10	829	19	4	425	62	62041.65	60.41
27	10	829	19	4	426	61	62695.33	61.72
27	10	829	19	4	428	176	45901.67	46.47
27	10	829	19	4	433	214	47463.78	44.82
27	10	829	19	4	440	251	46492.31	43.82
27	10	829	19	4	443	258	43067.75	41.3
27	10	829	19	4	445	134	38186.77	37.45
27	10	829	19	4	452	35	45051.63	42.1
27	10	829	19	4	453	87	42382.59	38.25
27	10	829	19	4	458	122	42274.2	35.76
27	10	829	19	4	463	98	38839.84	33.36
27	10	829	19	4	464	34	41981.32	35.7
27	10	829	19	4	465	33	45219.53	39.05
27	10	829	19	4	467	65	49840.71	44.31
27	10	829	19	4	470	111	47675.2	43.54
27	10	829	19	4	476	66	44085.02	38.61
27	10	829	19	4	477	67	49857.04	44.62
27	10	829	19	4	479	112	50514.89	46.38
27	10	829	19	4	480	160	50391.35	46.68
27	10	829	19	4	484	146	52910.44	49.55
27	10	829	19	4	485	145	54465.7	51.15
27	10	829	19	4	486	206	55871.67	53.44
27	10	829	19	4	492	59	53986.16	50.15
27	10	829	19	4	494	56	54219.64	50.76
27	10	829	19	4	497	123	54239.13	45.51
27	10	829	19	4	500	264	57791.44	53.83
27	10	829	19	4	501	166	61018.49	60.3
27	10	829	19	4	506	317	67246.59	66.93
27	10	829	19	5	520	1	18487.31	19.32
27	10	829	19	5	538	16	42737.66	38.7
27	10	829	19	5	567	66	29947.18	29.48
27	10	829	19	5	570	52	9441.62	9.19
27	10	829	19	5	573	20	13117.67	11.95
27	10	829	19	5	576	42	25169.33	24.61
27	10	829	19	5	581	25	21771.9	21.21
27	10	829	19	5	586	2	31623.22	31.88
27	10	829	19	5	587	41	25112.82	25.05
27	10	829	19	5	589	17	5963.77	6.49
27	10	829	19	5	590	58	20225.23	20.31
27	10	829	19	5	592	39	6437.84	7.36
27	10	829	19	5	601	4	34783.06	34.35
27	10	829	19	5	602	59	21091.64	21.34
27	10	829	19	6	615	1	19802.07	19.87
27	10	829	19	6	621	32	39040.27	34.55
27	10	829	19	6	631	28	11463.69	11.81
27	10	829	19	6	640	142	33227.59	29.16
27	10	829	19	6	642	44	31778.3	27.55
27	10	829	19	6	645	7	28729.58	24.86
27	10	829	19	6	654	24	23060.68	23.14
27	10	829	19	6	656	23	20201.6	20.8
27	10	829	19	6	663	16	39365.31	36.9
27	10	829	19	7	670	1	182121.59	140.97
27	10	829	19	7	678	9	185389.98	141.09
27	10	829	19	8	687	1	64825.86	58.17
27	10	829	19	8	702	98	120196.28	87.45
27	10	829	19	8	719	107	55498.78	50.0
27	10	829	19	8	721	108	60937.27	52.36
27	10	829	19	8	722	109	69219.73	57.38
27	10	829	19	8	724	84	49202.66	43.29
27	10	829	19	8	727	110	64961.31	56.7
27	10	829	19	8	729	111	59904.09	53.15
27	10	829	19	8	731	91	72047.44	60.34
27	10	829	19	8	738	18	59933.26	53.23
27	10	829	19	8	741	58	73533.39	64.67
27	10	829	19	8	747	47	66652.21	59.02
27	10	829	19	8	768	16	86278.12	74.38
27	10	829	19	9	783	1	92027.51	79.28
27	10	834	5	1	15	74	268020.96	205.16
27	10	834	5	1	6	1	234537.96	177.3
27	10	834	5	10	811	1	16729.32	18.26
27	10	834	5	10	822	23	17316.2	17.42
27	10	834	5	10	823	3	13581.32	13.02
27	10	834	5	10	825	36	17192.78	15.52
27	10	834	5	10	829	19	11369.93	10.02
27	10	834	5	10	838	25	15829.86	16.11
27	10	834	5	10	840	21	20504.24	22.55
27	10	834	5	10	842	43	18020.98	17.79
27	10	834	5	11	847	1	172319.4	147.3
27	10	834	5	12	881	1	97992.64	78.39
27	10	834	5	12	895	91	108669.56	88.23
27	10	834	5	12	902	39	106557.51	86.05
27	10	834	5	12	913	18	101799.8	82.72
27	10	834	5	12	931	11	107325.51	88.86
27	10	834	5	12	933	16	95790.57	75.78
27	10	834	5	13	1134	25	40474.56	39.99
27	10	834	5	13	1136	88	43664.12	43.32
27	10	834	5	13	957	1	22924.71	24.95
27	10	834	5	13	964	63	24665.84	22.98
27	10	834	5	13	967	18	25097.71	23.41
27	10	834	5	13	971	13	28249.94	29.61
27	10	834	5	13	972	28	44612.75	43.89
27	10	834	5	13	980	24	35316.05	35.9
27	10	834	5	13	982	17	38962.79	39.97
27	10	834	5	13	984	27	52753.8	42.87
27	10	834	5	13	985	16	47155.99	37.56
27	10	834	5	13	986	80	45418.74	37.03
27	10	834	5	13	987	62	46836.54	37.37
27	10	834	5	14	1002	1	30441.31	24.64
27	10	834	5	14	1018	6	35841.83	30.15
27	10	834	5	14	1020	5	33740.53	27.66
27	10	834	5	14	1021	20	29315.88	22.59
27	10	834	5	14	1022	27	27595.92	21.1
27	10	834	5	14	1023	21	27456.12	22.25
27	10	834	5	14	1025	24	24193.27	18.68
27	10	834	5	14	1027	19	22797.18	18.29
27	10	834	5	14	1029	14	22697.05	17.79
27	10	834	5	15	1039	1	100122.12	91.15
27	10	834	5	15	1053	60	120669.65	105.87
27	10	834	5	16	1074	1	101981.14	86.93
27	10	834	5	16	1082	17	93127.97	87.33
27	10	834	5	17	1092	1	257160.28	197.66
27	10	834	5	2	100	13	64352.73	61.92
27	10	834	5	2	110	34	58875.35	50.75
27	10	834	5	2	114	29	106338.86	78.83
27	10	834	5	2	118	3	64260.26	55.53
27	10	834	5	2	120	30	51160.83	44.33
27	10	834	5	2	128	61	67301.3	58.81
27	10	834	5	2	130	123	39917.6	35.34
27	10	834	5	2	132	25	43933.94	38.36
27	10	834	5	2	134	4	50692.78	44.25
27	10	834	5	2	142	117	58040.4	50.39
27	10	834	5	2	144	96	43954.37	38.34
27	10	834	5	2	148	90	39685.3	34.66
27	10	834	5	2	149	82	25552.32	22.4
27	10	834	5	2	152	51	32237.82	27.91
27	10	834	5	2	154	10	43641.61	38.44
27	10	834	5	2	155	24	48924.71	42.58
27	10	834	5	2	157	73	58080.41	47.9
27	10	834	5	2	163	87	58353.3	47.0
27	10	834	5	2	74	1	39045.94	36.43
27	10	834	5	2	93	22	96984.88	94.38
27	10	834	5	3	173	1	97502.99	99.46
27	10	834	5	3	196	4	73323.21	73.8
27	10	834	5	3	208	15	54722.55	49.76
27	10	834	5	3	210	61	62268.28	60.18
27	10	834	5	3	213	35	66941.45	65.94
27	10	834	5	3	223	56	77791.61	75.53
27	10	834	5	4	1148	19	54219.43	44.08
27	10	834	5	4	321	1	47864.96	38.93
27	10	834	5	4	422	183	65087.07	64.9
27	10	834	5	4	423	170	73815.21	65.16
27	10	834	5	4	425	62	69051.01	69.78
27	10	834	5	4	426	61	69704.7	71.09
27	10	834	5	4	428	176	66238.69	55.19
27	10	834	5	4	433	214	65086.63	52.89
27	10	834	5	4	440	251	64115.16	51.89
27	10	834	5	4	443	258	60690.6	49.37
27	10	834	5	4	445	134	55809.62	45.53
27	10	834	5	4	452	35	46360.82	37.63
27	10	834	5	4	453	87	44359.72	34.81
27	10	834	5	4	458	122	36327.36	28.26
27	10	834	5	4	463	98	32893.0	25.86
27	10	834	5	4	464	34	36034.48	28.2
27	10	834	5	4	465	33	39272.7	31.55
27	10	834	5	4	467	65	43893.87	36.82
27	10	834	5	4	470	111	46079.46	36.36
27	10	834	5	4	476	66	38138.18	31.11
27	10	834	5	4	477	67	43910.21	37.12
27	10	834	5	4	479	112	48919.15	39.2
27	10	834	5	4	480	160	48795.61	39.5
27	10	834	5	4	484	146	54410.38	44.22
27	10	834	5	4	485	145	55965.64	45.82
27	10	834	5	4	486	206	57371.61	48.1
27	10	834	5	4	492	59	52390.41	42.97
27	10	834	5	4	494	56	52623.89	43.58
27	10	834	5	4	497	123	48292.3	38.01
27	10	834	5	4	500	264	59291.39	48.49
27	10	834	5	4	501	166	62518.43	54.96
27	10	834	5	4	506	317	68746.53	61.59
27	10	834	5	5	520	1	14094.33	13.28
27	10	834	5	5	538	16	38344.68	32.66
27	10	834	5	5	567	66	25554.2	23.44
27	10	834	5	5	570	52	17606.69	15.84
27	10	834	5	5	573	20	12456.27	10.98
27	10	834	5	5	576	42	20776.35	18.58
27	10	834	5	5	581	25	17378.92	15.17
27	10	834	5	5	586	2	27230.24	25.84
27	10	834	5	5	587	41	20719.84	19.01
27	10	834	5	5	589	17	13950.26	12.78
27	10	834	5	5	590	58	15832.25	14.28
27	10	834	5	5	592	39	13381.07	12.14
27	10	834	5	5	601	4	30390.08	28.31
27	10	834	5	5	602	59	16698.66	15.31
27	10	834	5	6	615	1	13855.24	12.37
27	10	834	5	6	621	32	29929.15	26.96
27	10	834	5	6	631	28	5143.89	6.55
27	10	834	5	6	640	142	24116.47	21.58
27	10	834	5	6	642	44	22667.18	19.96
27	10	834	5	6	645	7	19618.46	17.27
27	10	834	5	6	654	24	17113.84	15.64
27	10	834	5	6	656	23	22568.65	18.59
27	10	834	5	6	663	16	33418.48	29.4
27	10	834	5	7	670	1	190895.95	141.74
27	10	834	5	7	678	9	194164.34	141.86
27	10	834	5	8	687	1	56791.94	49.59
27	10	834	5	8	702	98	112162.36	78.87
27	10	834	5	8	719	107	47464.86	41.41
27	10	834	5	8	721	108	52903.35	43.78
27	10	834	5	8	722	109	61185.81	48.8
27	10	834	5	8	724	84	39127.46	35.04
27	10	834	5	8	727	110	56927.39	48.12
27	10	834	5	8	729	111	51870.17	44.57
27	10	834	5	8	731	91	64013.52	51.76
27	10	834	5	8	738	18	51899.34	44.65
27	10	834	5	8	741	58	65499.47	56.09
27	10	834	5	8	747	47	58618.29	50.44
27	10	834	5	8	768	16	78244.2	65.8
27	10	834	5	9	783	1	88812.8	77.84
27	10	838	25	1	15	74	254128.44	200.29
27	10	838	25	1	6	1	220645.43	172.43
27	10	838	25	10	811	1	3336.75	3.99
27	10	838	25	10	822	23	10604.68	10.14
27	10	838	25	10	823	3	9063.86	8.59
27	10	838	25	10	825	36	7057.05	6.98
27	10	838	25	10	829	19	7978.36	7.58
27	10	838	25	10	834	5	15829.86	16.11
27	10	838	25	10	840	21	6400.93	9.65
27	10	838	25	10	842	43	6146.66	5.64
27	10	838	25	11	847	1	158426.87	142.43
27	10	838	25	12	881	1	84100.12	73.53
27	10	838	25	12	895	91	94777.03	83.37
27	10	838	25	12	902	39	92664.99	81.19
27	10	838	25	12	913	18	87907.28	77.86
27	10	838	25	12	931	11	93432.98	84.0
27	10	838	25	12	933	16	81898.05	70.92
27	10	838	25	13	1134	25	28347.04	26.52
27	10	838	25	13	1136	88	31536.6	29.85
27	10	838	25	13	957	1	8674.89	11.03
27	10	838	25	13	964	63	10622.54	10.17
27	10	838	25	13	967	18	11054.41	10.6
27	10	838	25	13	971	13	14000.12	15.7
27	10	838	25	13	972	28	32485.22	30.43
27	10	838	25	13	980	24	23188.52	22.44
27	10	838	25	13	982	17	26835.27	26.51
27	10	838	25	13	984	27	33852.13	31.37
27	10	838	25	13	985	16	33437.71	30.88
27	10	838	25	13	986	80	36489.21	35.99
27	10	838	25	13	987	62	33908.3	31.37
27	10	838	25	14	1002	1	34271.11	32.02
27	10	838	25	14	1018	6	39671.63	37.53
27	10	838	25	14	1020	5	37570.33	35.04
27	10	838	25	14	1021	20	33145.68	29.97
27	10	838	25	14	1022	27	31425.72	28.47
27	10	838	25	14	1023	21	32786.64	29.66
27	10	838	25	14	1025	24	28023.07	26.05
27	10	838	25	14	1027	19	29176.17	27.23
27	10	838	25	14	1029	14	23827.27	22.66
27	10	838	25	15	1039	1	102673.78	88.19
27	10	838	25	15	1053	60	123221.32	102.91
27	10	838	25	16	1074	1	95363.03	88.18
27	10	838	25	16	1082	17	97244.73	89.35
27	10	838	25	17	1092	1	243267.75	192.79
27	10	838	25	2	100	13	76535.68	75.38
27	10	838	25	2	110	34	70359.97	62.59
27	10	838	25	2	114	29	115370.73	89.28
27	10	838	25	2	118	3	75744.88	67.37
27	10	838	25	2	120	30	62645.45	56.17
27	10	838	25	2	128	61	78785.92	70.65
27	10	838	25	2	130	123	51402.22	47.18
27	10	838	25	2	132	25	55418.56	50.2
27	10	838	25	2	134	4	62177.4	56.1
27	10	838	25	2	142	117	69525.02	62.23
27	10	838	25	2	144	96	55438.99	50.18
27	10	838	25	2	148	90	51169.92	46.5
27	10	838	25	2	149	82	37036.94	34.25
27	10	838	25	2	152	51	43722.44	39.76
27	10	838	25	2	154	10	53409.39	49.01
27	10	838	25	2	155	24	60369.06	53.11
27	10	838	25	2	157	73	67112.27	58.34
27	10	838	25	2	163	87	67385.16	57.44
27	10	838	25	2	74	1	48112.08	47.61
27	10	838	25	2	93	22	107807.97	105.82
27	10	838	25	3	173	1	99202.8	91.66
27	10	838	25	3	196	4	73523.88	65.63
27	10	838	25	3	208	15	49010.44	44.8
27	10	838	25	3	210	61	56556.16	55.22
27	10	838	25	3	213	35	61229.33	60.98
27	10	838	25	3	223	56	65664.08	62.07
27	10	838	25	4	1148	19	38783.12	36.04
27	10	838	25	4	321	1	39734.31	38.8
27	10	838	25	4	422	183	52959.55	51.44
27	10	838	25	4	423	170	53304.11	52.06
27	10	838	25	4	425	62	56923.48	56.32
27	10	838	25	4	426	61	57577.17	57.63
27	10	838	25	4	428	176	40783.5	42.38
27	10	838	25	4	433	214	42345.62	40.73
27	10	838	25	4	440	251	41374.15	39.73
27	10	838	25	4	443	258	37949.58	37.21
27	10	838	25	4	445	134	33068.6	33.36
27	10	838	25	4	452	35	39933.46	38.01
27	10	838	25	4	453	87	37264.43	34.16
27	10	838	25	4	458	122	40223.74	34.53
27	10	838	25	4	463	98	36789.38	32.13
27	10	838	25	4	464	34	39930.86	34.47
27	10	838	25	4	465	33	43169.08	37.82
27	10	838	25	4	467	65	47790.25	43.09
27	10	838	25	4	470	111	42557.04	39.45
27	10	838	25	4	476	66	42034.56	37.38
27	10	838	25	4	477	67	47806.59	43.39
27	10	838	25	4	479	112	45396.73	42.29
27	10	838	25	4	480	160	45273.19	42.59
27	10	838	25	4	484	146	47792.27	45.46
27	10	838	25	4	485	145	49347.53	47.06
27	10	838	25	4	486	206	50753.51	49.35
27	10	838	25	4	492	59	48868.0	46.06
27	10	838	25	4	494	56	49101.47	46.67
27	10	838	25	4	497	123	52188.68	44.28
27	10	838	25	4	500	264	52673.28	49.74
27	10	838	25	4	501	166	55900.33	56.21
27	10	838	25	4	506	317	62128.42	62.84
27	10	838	25	5	520	1	24255.57	24.8
27	10	838	25	5	538	16	47885.23	43.94
27	10	838	25	5	567	66	37737.14	36.9
27	10	838	25	5	570	52	14782.72	13.75
27	10	838	25	5	573	20	18458.77	16.51
27	10	838	25	5	576	42	32959.29	32.03
27	10	838	25	5	581	25	29561.87	28.63
27	10	838	25	5	586	2	39413.19	39.3
27	10	838	25	5	587	41	32902.78	32.47
27	10	838	25	5	589	17	11304.87	11.05
27	10	838	25	5	590	58	28015.2	27.73
27	10	838	25	5	592	39	12696.94	12.51
27	10	838	25	5	601	4	42573.03	41.77
27	10	838	25	5	602	59	28881.6	28.76
27	10	838	25	6	615	1	17751.62	18.64
27	10	838	25	6	621	32	41413.76	38.8
27	10	838	25	6	631	28	12700.8	14.83
27	10	838	25	6	640	142	35601.08	33.42
27	10	838	25	6	642	44	34151.8	31.81
27	10	838	25	6	645	7	31103.08	29.12
27	10	838	25	6	654	24	21010.22	21.91
27	10	838	25	6	656	23	17395.4	16.46
27	10	838	25	6	663	16	37314.86	35.67
27	10	838	25	7	670	1	177003.42	136.88
27	10	838	25	7	678	9	180271.81	137.0
27	10	838	25	8	687	1	62446.85	57.09
27	10	838	25	8	702	98	121194.23	89.31
27	10	838	25	8	719	107	56496.72	51.86
27	10	838	25	8	721	108	61935.22	54.22
27	10	838	25	8	722	109	70217.68	59.25
27	10	838	25	8	724	84	48193.6	46.21
27	10	838	25	8	727	110	65959.26	58.56
27	10	838	25	8	729	111	60902.03	55.01
27	10	838	25	8	731	91	73045.39	62.2
27	10	838	25	8	738	18	57554.25	52.15
27	10	838	25	8	741	58	71154.38	63.59
27	10	838	25	8	747	47	64273.2	57.94
27	10	838	25	8	768	16	83899.11	73.3
27	10	838	25	9	783	1	86909.35	75.19
27	10	840	21	1	15	74	246238.97	192.18
27	10	840	21	1	6	1	212755.97	164.32
27	10	840	21	10	811	1	5667.73	8.86
27	10	840	21	10	822	23	13357.54	16.55
27	10	840	21	10	823	3	16064.39	16.97
27	10	840	21	10	825	36	9809.91	13.39
27	10	840	21	10	829	19	14448.68	15.4
27	10	840	21	10	834	5	20089.79	21.72
27	10	840	21	10	838	25	5986.48	8.83
27	10	840	21	10	842	43	6496.11	7.79
27	10	840	21	11	847	1	150537.41	134.32
27	10	840	21	12	881	1	76210.66	65.41
27	10	840	21	12	895	91	86887.57	75.26
27	10	840	21	12	902	39	84775.53	73.07
27	10	840	21	12	913	18	80017.81	69.74
27	10	840	21	12	931	11	85543.52	75.88
27	10	840	21	12	933	16	74008.58	62.81
27	10	840	21	13	1134	25	20457.58	18.41
27	10	840	21	13	1136	88	23647.13	21.74
27	10	840	21	13	957	1	5706.11	8.25
27	10	840	21	13	964	63	12216.0	13.59
27	10	840	21	13	967	18	11784.14	13.16
27	10	840	21	13	971	13	10449.06	12.1
27	10	840	21	13	972	28	24595.76	22.32
27	10	840	21	13	980	24	15299.06	14.32
27	10	840	21	13	982	17	18945.8	18.4
27	10	840	21	13	984	27	25962.67	23.26
27	10	840	21	13	985	16	25548.24	22.77
27	10	840	21	13	986	80	28599.74	27.87
27	10	840	21	13	987	62	26018.84	23.26
27	10	840	21	14	1002	1	41271.65	40.4
27	10	840	21	14	1018	6	46672.16	45.91
27	10	840	21	14	1020	5	44570.86	43.42
27	10	840	21	14	1021	20	40146.21	38.35
27	10	840	21	14	1022	27	38426.25	36.85
27	10	840	21	14	1023	21	39787.18	38.04
27	10	840	21	14	1025	24	35023.6	34.43
27	10	840	21	14	1027	19	36176.7	35.61
27	10	840	21	14	1029	14	30827.8	31.04
27	10	840	21	15	1039	1	94784.32	80.08
27	10	840	21	15	1053	60	115331.86	94.8
27	10	840	21	16	1074	1	87473.57	80.06
27	10	840	21	16	1082	17	89355.27	81.23
27	10	840	21	17	1092	1	235378.29	184.68
27	10	840	21	2	100	13	90158.12	81.17
27	10	840	21	2	110	34	74619.9	68.2
27	10	840	21	2	114	29	119762.28	92.89
27	10	840	21	2	118	3	80004.81	72.98
27	10	840	21	2	120	30	66905.38	61.79
27	10	840	21	2	128	61	83045.85	76.27
27	10	840	21	2	130	123	55662.15	52.79
27	10	840	21	2	132	25	59678.49	55.82
27	10	840	21	2	134	4	66437.33	61.71
27	10	840	21	2	142	117	73784.95	67.84
27	10	840	21	2	144	96	59698.92	55.79
27	10	840	21	2	148	90	55429.85	52.12
27	10	840	21	2	149	82	41296.87	39.86
27	10	840	21	2	152	51	47077.22	43.98
27	10	840	21	2	154	10	57800.93	52.62
27	10	840	21	2	155	24	64760.61	56.73
27	10	840	21	2	157	73	71503.82	61.95
27	10	840	21	2	163	87	71776.71	61.06
27	10	840	21	2	74	1	52503.63	51.22
27	10	840	21	2	93	22	140195.44	110.95
27	10	840	21	3	173	1	91313.34	83.54
27	10	840	21	3	196	4	65634.42	57.52
27	10	840	21	3	208	15	51763.3	51.21
27	10	840	21	3	210	61	59309.02	61.63
27	10	840	21	3	213	35	66687.91	60.91
27	10	840	21	3	223	56	57774.62	53.95
27	10	840	21	4	1148	19	30893.66	27.92
27	10	840	21	4	321	1	31844.84	30.69
27	10	840	21	4	422	183	45070.08	43.33
27	10	840	21	4	423	170	45414.65	43.95
27	10	840	21	4	425	62	49034.02	48.21
27	10	840	21	4	426	61	49687.71	49.51
27	10	840	21	4	428	176	32894.04	34.26
27	10	840	21	4	433	214	34456.16	32.61
27	10	840	21	4	440	251	33484.68	31.62
27	10	840	21	4	443	258	30060.12	29.1
27	10	840	21	4	445	134	25179.14	25.25
27	10	840	21	4	452	35	32044.0	29.9
27	10	840	21	4	453	87	29374.96	26.05
27	10	840	21	4	458	122	40302.65	36.37
27	10	840	21	4	463	98	36868.29	33.97
27	10	840	21	4	464	34	38703.69	35.35
27	10	840	21	4	465	33	35465.47	32.0
27	10	840	21	4	467	65	41881.18	38.74
27	10	840	21	4	470	111	34667.58	31.33
27	10	840	21	4	476	66	42113.47	39.23
27	10	840	21	4	477	67	41807.08	38.98
27	10	840	21	4	479	112	37507.27	34.17
27	10	840	21	4	480	160	37383.73	34.47
27	10	840	21	4	484	146	39902.81	37.35
27	10	840	21	4	485	145	41458.07	38.95
27	10	840	21	4	486	206	42864.04	41.23
27	10	840	21	4	492	59	40978.53	37.94
27	10	840	21	4	494	56	41212.01	38.55
27	10	840	21	4	497	123	52267.59	46.13
27	10	840	21	4	500	264	44783.82	41.62
27	10	840	21	4	501	166	48010.87	48.09
27	10	840	21	4	506	317	54238.96	54.72
27	10	840	21	5	520	1	31256.1	33.17
27	10	840	21	5	538	16	54885.76	52.32
27	10	840	21	5	567	66	43492.18	43.45
27	10	840	21	5	570	52	21783.25	22.12
27	10	840	21	5	573	20	25459.3	24.88
27	10	840	21	5	576	42	38714.32	38.59
27	10	840	21	5	581	25	35316.9	35.18
27	10	840	21	5	586	2	45168.22	45.85
27	10	840	21	5	587	41	38657.82	39.02
27	10	840	21	5	589	17	18305.4	19.42
27	10	840	21	5	590	58	33770.23	34.29
27	10	840	21	5	592	39	19697.47	20.89
27	10	840	21	5	601	4	50070.27	47.96
27	10	840	21	5	602	59	34636.64	35.32
27	10	840	21	6	615	1	20460.4	23.01
27	10	840	21	6	621	32	45673.7	44.42
27	10	840	21	6	631	28	16960.73	20.45
27	10	840	21	6	640	142	39861.02	39.03
27	10	840	21	6	642	44	38411.73	37.42
27	10	840	21	6	645	7	35363.01	34.73
27	10	840	21	6	654	24	23531.28	27.44
27	10	840	21	6	656	23	12066.06	13.73
27	10	840	21	6	663	16	41706.4	39.29
27	10	840	21	7	670	1	169113.96	128.76
27	10	840	21	7	678	9	172382.35	128.88
27	10	840	21	8	687	1	66838.39	60.7
27	10	840	21	8	702	98	125585.77	92.92
27	10	840	21	8	719	107	60888.27	55.47
27	10	840	21	8	721	108	66326.76	57.84
27	10	840	21	8	722	109	74609.23	62.86
27	10	840	21	8	724	84	52585.15	49.83
27	10	840	21	8	727	110	70350.8	62.18
27	10	840	21	8	729	111	65293.58	58.63
27	10	840	21	8	731	91	77436.93	65.82
27	10	840	21	8	738	18	61945.8	55.76
27	10	840	21	8	741	58	75545.92	67.2
27	10	840	21	8	747	47	68664.75	61.55
27	10	840	21	8	768	16	88290.65	76.91
27	10	840	21	9	783	1	79019.88	67.08
27	10	842	43	1	15	74	252662.28	199.82
27	10	842	43	1	6	1	219179.28	171.96
27	10	842	43	10	811	1	9483.41	9.62
27	10	842	43	10	822	23	16221.01	15.59
27	10	842	43	10	823	3	13995.58	13.04
27	10	842	43	10	825	36	13723.12	12.25
27	10	842	43	10	829	19	12379.87	11.47
27	10	842	43	10	834	5	18020.98	17.79
27	10	842	43	10	838	25	6146.66	5.64
27	10	842	43	10	840	21	6910.55	8.61
27	10	842	43	11	847	1	156960.72	141.96
27	10	842	43	12	881	1	82633.96	73.06
27	10	842	43	12	895	91	93310.88	82.9
27	10	842	43	12	902	39	91198.83	80.72
27	10	842	43	12	913	18	86441.12	77.38
27	10	842	43	12	931	11	91966.83	83.52
27	10	842	43	12	933	16	80431.89	70.45
27	10	842	43	13	1134	25	26880.88	26.05
27	10	842	43	13	1136	88	30070.44	29.38
27	10	842	43	13	957	1	12129.41	15.89
27	10	842	43	13	964	63	16238.87	15.62
27	10	842	43	13	967	18	16670.74	16.05
27	10	842	43	13	971	13	16872.36	19.74
27	10	842	43	13	972	28	31019.06	29.96
27	10	842	43	13	980	24	21722.37	21.96
27	10	842	43	13	982	17	25369.11	26.04
27	10	842	43	13	984	27	32385.97	30.9
27	10	842	43	13	985	16	31971.55	30.41
27	10	842	43	13	986	80	35023.05	35.51
27	10	842	43	13	987	62	32442.15	30.9
27	10	842	43	14	1002	1	39202.83	36.47
27	10	842	43	14	1018	6	44603.35	41.98
27	10	842	43	14	1020	5	42502.05	39.49
27	10	842	43	14	1021	20	38077.4	34.42
27	10	842	43	14	1022	27	36357.44	32.92
27	10	842	43	14	1023	21	37718.36	34.11
27	10	842	43	14	1025	24	32954.79	30.51
27	10	842	43	14	1027	19	34107.89	31.68
27	10	842	43	14	1029	14	28758.98	27.11
27	10	842	43	15	1039	1	101207.63	87.72
27	10	842	43	15	1053	60	121755.16	102.44
27	10	842	43	16	1074	1	93896.87	87.7
27	10	842	43	16	1082	17	91608.22	88.79
27	10	842	43	17	1092	1	241801.59	192.32
27	10	842	43	2	100	13	85431.49	75.76
27	10	842	43	2	110	34	69893.26	62.79
27	10	842	43	2	114	29	114267.24	86.24
27	10	842	43	2	118	3	75278.17	67.57
27	10	842	43	2	120	30	62178.74	56.37
27	10	842	43	2	128	61	78319.21	70.85
27	10	842	43	2	130	123	50935.51	47.38
27	10	842	43	2	132	25	54951.86	50.4
27	10	842	43	2	134	4	61710.69	56.29
27	10	842	43	2	142	117	69058.32	62.43
27	10	842	43	2	144	96	54972.29	50.38
27	10	842	43	2	148	90	50703.21	46.7
27	10	842	43	2	149	82	36570.23	34.44
27	10	842	43	2	152	51	41582.19	37.33
27	10	842	43	2	154	10	52305.89	45.97
27	10	842	43	2	155	24	59265.57	50.07
27	10	842	43	2	157	73	66008.78	55.3
27	10	842	43	2	163	87	66281.67	54.4
27	10	842	43	2	74	1	47008.59	44.57
27	10	842	43	2	93	22	134700.4	104.29
27	10	842	43	3	173	1	97736.64	91.19
27	10	842	43	3	196	4	72057.72	65.16
27	10	842	43	3	208	15	54626.77	50.25
27	10	842	43	3	210	61	62172.49	60.67
27	10	842	43	3	213	35	66845.66	66.43
27	10	842	43	3	223	56	64197.92	61.59
27	10	842	43	4	1148	19	37316.96	35.57
27	10	842	43	4	321	1	38268.15	38.33
27	10	842	43	4	422	183	51493.39	50.97
27	10	842	43	4	423	170	51837.95	51.59
27	10	842	43	4	425	62	55457.32	55.85
27	10	842	43	4	426	61	56111.01	57.15
27	10	842	43	4	428	176	39317.34	41.9
27	10	842	43	4	433	214	40879.46	40.26
27	10	842	43	4	440	251	39907.99	39.26
27	10	842	43	4	443	258	36483.43	36.74
27	10	842	43	4	445	134	31602.45	32.89
27	10	842	43	4	452	35	38467.3	37.54
27	10	842	43	4	453	87	35798.27	33.69
27	10	842	43	4	458	122	34807.61	29.72
27	10	842	43	4	463	98	31373.25	27.32
27	10	842	43	4	464	34	34514.73	29.66
27	10	842	43	4	465	33	37752.95	33.01
27	10	842	43	4	467	65	42374.12	38.28
27	10	842	43	4	470	111	44559.71	37.82
27	10	842	43	4	476	66	36618.43	32.57
27	10	842	43	4	477	67	42390.46	38.58
27	10	842	43	4	479	112	47399.39	40.66
27	10	842	43	4	480	160	47275.86	40.96
27	10	842	43	4	484	146	46326.12	44.99
27	10	842	43	4	485	145	47881.37	46.59
27	10	842	43	4	486	206	49287.35	48.87
27	10	842	43	4	492	59	50870.66	44.43
27	10	842	43	4	494	56	51104.14	45.04
27	10	842	43	4	497	123	46772.55	39.47
27	10	842	43	4	500	264	51207.12	49.26
27	10	842	43	4	501	166	54434.17	55.73
27	10	842	43	4	506	317	60662.27	62.36
27	10	842	43	5	520	1	29187.28	29.25
27	10	842	43	5	538	16	52816.95	48.39
27	10	842	43	5	567	66	41423.37	39.52
27	10	842	43	5	570	52	19714.44	18.2
27	10	842	43	5	573	20	23390.49	20.96
27	10	842	43	5	576	42	36645.51	34.66
27	10	842	43	5	581	25	33248.09	31.25
27	10	842	43	5	586	2	43099.41	41.93
27	10	842	43	5	587	41	36589.01	35.1
27	10	842	43	5	589	17	16236.59	15.5
27	10	842	43	5	590	58	31701.42	30.36
27	10	842	43	5	592	39	17628.66	16.96
27	10	842	43	5	601	4	45343.63	42.55
27	10	842	43	5	602	59	32567.82	31.39
27	10	842	43	6	615	1	14613.04	15.51
27	10	842	43	6	621	32	40947.06	39.0
27	10	842	43	6	631	28	13745.28	15.74
27	10	842	43	6	640	142	35134.38	33.62
27	10	842	43	6	642	44	33685.09	32.0
27	10	842	43	6	645	7	30636.37	29.31
27	10	842	43	6	654	24	17683.91	19.93
27	10	842	43	6	656	23	11248.74	10.83
27	10	842	43	6	663	16	36211.37	32.63
27	10	842	43	7	670	1	175537.26	136.4
27	10	842	43	7	678	9	178805.66	136.52
27	10	842	43	8	687	1	61343.36	54.05
27	10	842	43	8	702	98	120090.74	86.27
27	10	842	43	8	719	107	55393.23	48.82
27	10	842	43	8	721	108	60831.73	51.18
27	10	842	43	8	722	109	69114.19	56.21
27	10	842	43	8	724	84	47090.11	43.17
27	10	842	43	8	727	110	64855.76	55.52
27	10	842	43	8	729	111	59798.54	51.97
27	10	842	43	8	731	91	71941.89	59.16
27	10	842	43	8	738	18	56450.76	49.11
27	10	842	43	8	741	58	70050.89	60.55
27	10	842	43	8	747	47	63169.71	54.9
27	10	842	43	8	768	16	82795.61	70.26
27	10	842	43	9	783	1	85443.19	74.72
27	11	847	1	1	15	74	121667.01	102.97
27	11	847	1	1	6	1	88184.01	75.11
27	11	847	1	10	811	1	154247.01	137.98
27	11	847	1	10	822	23	161635.08	143.64
27	11	847	1	10	823	3	163560.57	146.41
27	11	847	1	10	825	36	158087.45	140.48
27	11	847	1	10	829	19	162475.07	145.4
27	11	847	1	10	834	5	170804.79	146.02
27	11	847	1	10	838	25	157474.5	141.72
27	11	847	1	10	840	21	149392.44	133.13
27	11	847	1	10	842	43	155888.55	140.92
27	11	847	1	12	881	1	84235.19	79.46
27	11	847	1	12	895	91	64234.77	60.01
27	11	847	1	12	902	39	66048.27	61.72
27	11	847	1	12	913	18	73570.11	69.08
27	11	847	1	12	931	11	71808.48	69.28
27	11	847	1	12	933	16	83824.91	78.4
27	11	847	1	13	1134	25	131946.34	116.72
27	11	847	1	13	1136	88	130215.21	115.91
27	11	847	1	13	957	1	147119.36	131.41
27	11	847	1	13	964	63	151658.81	134.31
27	11	847	1	13	967	18	151226.95	133.88
27	11	847	1	13	971	13	146619.96	129.67
27	11	847	1	13	972	28	141915.49	125.3
27	11	847	1	13	980	24	134270.37	119.16
27	11	847	1	13	982	17	135550.12	121.0
27	11	847	1	13	984	27	127270.47	112.93
27	11	847	1	13	985	16	130471.54	116.69
27	11	847	1	13	986	80	131056.18	118.04
27	11	847	1	13	987	62	130152.09	116.5
27	11	847	1	14	1002	1	199958.27	169.56
27	11	847	1	14	1018	6	205358.79	175.07
27	11	847	1	14	1020	5	203257.49	172.58
27	11	847	1	14	1021	20	198832.84	167.51
27	11	847	1	14	1022	27	197112.88	166.01
27	11	847	1	14	1023	21	196973.08	167.16
27	11	847	1	14	1025	24	193710.23	163.59
27	11	847	1	14	1027	19	192314.14	163.21
27	11	847	1	14	1029	14	178323.97	160.48
27	11	847	1	15	1039	1	125802.49	113.27
27	11	847	1	15	1053	60	146350.03	127.99
27	11	847	1	16	1074	1	142062.44	126.15
27	11	847	1	16	1082	17	153314.6	137.1
27	11	847	1	17	1092	1	150108.16	125.61
27	11	847	1	2	100	13	229220.84	192.06
27	11	847	1	2	110	34	213682.62	179.09
27	11	847	1	2	114	29	244066.84	195.02
27	11	847	1	2	118	3	219464.25	183.54
27	11	847	1	2	120	30	205968.1	172.67
27	11	847	1	2	128	61	222392.57	185.16
27	11	847	1	2	130	123	194719.72	165.64
27	11	847	1	2	132	25	198741.21	166.7
27	11	847	1	2	134	4	205485.09	172.26
27	11	847	1	2	142	117	207147.97	173.53
27	11	847	1	2	144	96	194054.36	163.14
27	11	847	1	2	148	90	185820.08	157.54
27	11	847	1	2	149	82	184815.1	156.56
27	11	847	1	2	152	51	176034.89	149.71
27	11	847	1	2	154	10	182105.49	154.75
27	11	847	1	2	155	24	189065.17	158.85
27	11	847	1	2	157	73	195808.38	164.08
27	11	847	1	2	163	87	196081.27	163.18
27	11	847	1	2	74	1	176808.19	153.35
27	11	847	1	2	93	22	264500.0	213.07
27	11	847	1	3	173	1	111261.07	137.09
27	11	847	1	3	196	4	171613.15	146.89
27	11	847	1	3	208	15	184315.53	167.45
27	11	847	1	3	210	61	178101.1	158.36
27	11	847	1	3	213	35	172666.64	150.28
27	11	847	1	3	223	56	163753.35	143.32
27	11	847	1	4	1148	19	128719.32	114.12
27	11	847	1	4	321	1	128876.25	115.03
27	11	847	1	4	422	183	151048.81	132.69
27	11	847	1	4	423	170	144138.67	131.44
27	11	847	1	4	425	62	148386.51	137.27
27	11	847	1	4	426	61	147200.27	137.61
27	11	847	1	4	428	176	136562.16	121.47
27	11	847	1	4	433	214	135410.1	119.17
27	11	847	1	4	440	251	134438.62	118.17
27	11	847	1	4	443	258	131014.06	115.65
27	11	847	1	4	445	134	126133.08	111.81
27	11	847	1	4	452	35	133040.74	120.06
27	11	847	1	4	453	87	131654.23	116.14
27	11	847	1	4	458	122	138947.43	123.97
27	11	847	1	4	463	98	147287.67	128.31
27	11	847	1	4	464	34	137806.57	122.56
27	11	847	1	4	465	33	134568.35	119.21
27	11	847	1	4	467	65	140716.89	125.31
27	11	847	1	4	470	111	133503.28	117.9
27	11	847	1	4	476	66	145169.46	129.78
27	11	847	1	4	477	67	140642.79	125.55
27	11	847	1	4	479	112	136342.97	120.74
27	11	847	1	4	480	160	136219.43	121.04
27	11	847	1	4	484	146	132491.02	119.98
27	11	847	1	4	485	145	124261.29	119.05
27	11	847	1	4	486	206	125161.83	121.49
27	11	847	1	4	492	59	139814.24	124.51
27	11	847	1	4	494	56	140047.72	125.12
27	11	847	1	4	497	123	152043.28	134.48
27	11	847	1	4	500	264	124760.41	120.19
27	11	847	1	4	501	166	119745.52	113.69
27	11	847	1	4	506	317	121710.81	113.29
27	11	847	1	5	520	1	183611.29	158.2
27	11	847	1	5	538	16	207861.64	177.58
27	11	847	1	5	567	66	195071.16	168.36
27	11	847	1	5	570	52	170303.0	150.94
27	11	847	1	5	573	20	172955.47	154.32
27	11	847	1	5	576	42	190293.31	163.49
27	11	847	1	5	581	25	186895.88	160.09
27	11	847	1	5	586	2	196498.18	170.61
27	11	847	1	5	587	41	190236.8	163.93
27	11	847	1	5	589	17	165801.58	148.86
27	11	847	1	5	590	58	185349.21	159.19
27	11	847	1	5	592	39	167193.64	150.33
27	11	847	1	5	601	4	193509.97	167.54
27	11	847	1	5	602	59	186215.62	160.22
27	11	847	1	6	615	1	159756.32	138.98
27	11	847	1	6	621	32	189113.39	163.99
27	11	847	1	6	631	28	168938.87	147.34
27	11	847	1	6	640	142	179995.16	155.86
27	11	847	1	6	642	44	178545.87	154.24
27	11	847	1	6	645	7	178802.71	154.31
27	11	847	1	6	654	24	162476.74	141.56
27	11	847	1	6	656	23	157630.98	138.65
27	11	847	1	6	663	16	163314.18	141.41
27	11	847	1	7	670	1	83843.83	69.7
27	11	847	1	7	678	9	64582.44	52.2
27	11	847	1	8	687	1	191142.95	162.83
27	11	847	1	8	702	98	249890.33	195.05
27	11	847	1	8	719	107	185192.83	157.6
27	11	847	1	8	721	108	190631.33	159.96
27	11	847	1	8	722	109	198913.79	164.99
27	11	847	1	8	724	84	176889.71	151.95
27	11	847	1	8	727	110	194655.36	164.3
27	11	847	1	8	729	111	189598.14	160.76
27	11	847	1	8	731	91	201741.49	167.94
27	11	847	1	8	738	18	186250.36	157.89
27	11	847	1	8	741	58	199850.49	169.33
27	11	847	1	8	747	47	192969.31	163.68
27	11	847	1	8	768	16	212595.21	179.04
27	11	847	1	9	783	1	110038.06	100.27
27	12	881	1	1	15	74	173587.5	133.15
27	12	881	1	1	6	1	140104.5	105.29
27	12	881	1	10	811	1	80767.87	69.62
27	12	881	1	10	822	23	88155.95	75.29
27	12	881	1	10	823	3	90081.43	78.05
27	12	881	1	10	825	36	84608.32	72.13
27	12	881	1	10	829	19	88995.93	77.04
27	12	881	1	10	834	5	97325.65	77.67
27	12	881	1	10	838	25	83995.36	73.36
27	12	881	1	10	840	21	75913.31	64.78
27	12	881	1	10	842	43	82409.41	72.56
27	12	881	1	11	847	1	83861.63	78.76
27	12	881	1	12	895	91	20211.79	19.7
27	12	881	1	12	902	39	18099.74	17.52
27	12	881	1	12	913	18	11885.92	12.8
27	12	881	1	12	931	11	16103.61	16.3
27	12	881	1	12	933	16	4814.48	5.73
27	12	881	1	13	1134	25	58467.2	48.36
27	12	881	1	13	1136	88	56736.08	47.55
27	12	881	1	13	957	1	73640.23	63.06
27	12	881	1	13	964	63	78179.68	65.95
27	12	881	1	13	967	18	77747.81	65.52
27	12	881	1	13	971	13	73140.82	61.32
27	12	881	1	13	972	28	68436.36	56.95
27	12	881	1	13	980	24	60791.24	50.81
27	12	881	1	13	982	17	62070.98	52.65
27	12	881	1	13	984	27	53791.33	44.57
27	12	881	1	13	985	16	56992.41	48.33
27	12	881	1	13	986	80	57577.05	49.69
27	12	881	1	13	987	62	56672.95	48.15
27	12	881	1	14	1002	1	126479.14	101.2
27	12	881	1	14	1018	6	131879.65	106.72
27	12	881	1	14	1020	5	129778.36	104.22
27	12	881	1	14	1021	20	125353.71	99.15
27	12	881	1	14	1022	27	123633.75	97.66
27	12	881	1	14	1023	21	123493.95	98.81
27	12	881	1	14	1025	24	120231.1	95.24
27	12	881	1	14	1027	19	118835.01	94.86
27	12	881	1	14	1029	14	104844.84	92.12
27	12	881	1	15	1039	1	45403.94	38.71
27	12	881	1	15	1053	60	65951.48	53.44
27	12	881	1	16	1074	1	61663.89	51.59
27	12	881	1	16	1082	17	72916.04	62.54
27	12	881	1	17	1092	1	162726.82	125.65
27	12	881	1	2	100	13	155741.71	123.7
27	12	881	1	2	110	34	140203.49	110.73
27	12	881	1	2	114	29	170587.7	126.66
27	12	881	1	2	118	3	145985.12	115.18
27	12	881	1	2	120	30	132488.96	104.32
27	12	881	1	2	128	61	148913.43	116.81
27	12	881	1	2	130	123	121240.58	97.28
27	12	881	1	2	132	25	125262.08	98.35
27	12	881	1	2	134	4	132005.95	103.91
27	12	881	1	2	142	117	133668.84	105.18
27	12	881	1	2	144	96	120575.22	94.78
27	12	881	1	2	148	90	112340.94	89.18
27	12	881	1	2	149	82	111335.97	88.2
27	12	881	1	2	152	51	102555.76	81.35
27	12	881	1	2	154	10	108626.36	86.4
27	12	881	1	2	155	24	115586.04	90.5
27	12	881	1	2	157	73	122329.25	95.73
27	12	881	1	2	163	87	122602.13	94.83
27	12	881	1	2	74	1	103329.05	84.99
27	12	881	1	2	93	22	191020.86	144.72
27	12	881	1	3	173	1	123812.93	104.56
27	12	881	1	3	196	4	98134.02	78.53
27	12	881	1	3	208	15	110836.4	99.1
27	12	881	1	3	210	61	104621.97	90.0
27	12	881	1	3	213	35	99187.5	81.92
27	12	881	1	3	223	56	90274.21	74.96
27	12	881	1	4	1148	19	55240.19	45.76
27	12	881	1	4	321	1	55397.11	46.67
27	12	881	1	4	422	183	77569.68	64.34
27	12	881	1	4	423	170	70659.53	63.08
27	12	881	1	4	425	62	74907.37	68.91
27	12	881	1	4	426	61	73721.14	69.25
27	12	881	1	4	428	176	63083.02	53.12
27	12	881	1	4	433	214	61930.96	50.82
27	12	881	1	4	440	251	60959.49	49.82
27	12	881	1	4	443	258	57534.93	47.3
27	12	881	1	4	445	134	52653.95	43.45
27	12	881	1	4	452	35	59561.6	51.7
27	12	881	1	4	453	87	58175.09	47.78
27	12	881	1	4	458	122	65468.3	55.61
27	12	881	1	4	463	98	73808.53	59.95
27	12	881	1	4	464	34	64327.43	54.21
27	12	881	1	4	465	33	61089.22	50.86
27	12	881	1	4	467	65	67237.75	56.96
27	12	881	1	4	470	111	60024.15	49.55
27	12	881	1	4	476	66	71690.33	61.43
27	12	881	1	4	477	67	67163.65	57.19
27	12	881	1	4	479	112	62863.83	52.39
27	12	881	1	4	480	160	62740.3	52.69
27	12	881	1	4	484	146	59011.89	51.63
27	12	881	1	4	485	145	50782.15	50.69
27	12	881	1	4	486	206	51682.69	53.13
27	12	881	1	4	492	59	66335.1	56.16
27	12	881	1	4	494	56	66568.58	56.77
27	12	881	1	4	497	123	78564.15	66.13
27	12	881	1	4	500	264	51281.28	51.84
27	12	881	1	4	501	166	46266.39	45.33
27	12	881	1	4	506	317	48231.68	44.93
27	12	881	1	5	520	1	110132.16	89.84
27	12	881	1	5	538	16	134382.5	109.22
27	12	881	1	5	567	66	121592.03	100.0
27	12	881	1	5	570	52	96823.87	82.58
27	12	881	1	5	573	20	99476.34	85.97
27	12	881	1	5	576	42	116814.17	95.14
27	12	881	1	5	581	25	113416.75	91.73
27	12	881	1	5	586	2	123019.05	102.25
27	12	881	1	5	587	41	116757.67	95.57
27	12	881	1	5	589	17	92322.44	80.51
27	12	881	1	5	590	58	111870.08	90.84
27	12	881	1	5	592	39	93714.51	81.97
27	12	881	1	5	601	4	120030.83	99.18
27	12	881	1	5	602	59	112736.48	91.87
27	12	881	1	6	615	1	86277.18	70.62
27	12	881	1	6	621	32	115634.26	95.64
27	12	881	1	6	631	28	95459.74	78.99
27	12	881	1	6	640	142	106516.02	87.5
27	12	881	1	6	642	44	105066.74	85.89
27	12	881	1	6	645	7	105323.57	85.95
27	12	881	1	6	654	24	88997.6	73.21
27	12	881	1	6	656	23	84151.85	70.3
27	12	881	1	6	663	16	89835.05	73.05
27	12	881	1	7	670	1	96462.49	69.74
27	12	881	1	7	678	9	99730.88	69.86
27	12	881	1	8	687	1	117663.82	94.48
27	12	881	1	8	702	98	176411.2	126.7
27	12	881	1	8	719	107	111713.69	89.24
27	12	881	1	8	721	108	117152.19	91.61
27	12	881	1	8	722	109	125434.65	96.63
27	12	881	1	8	724	84	103410.57	83.6
27	12	881	1	8	727	110	121176.23	95.95
27	12	881	1	8	729	111	116119.0	92.4
27	12	881	1	8	731	91	128262.36	99.59
27	12	881	1	8	738	18	112771.22	89.53
27	12	881	1	8	741	58	126371.35	100.97
27	12	881	1	8	747	47	119490.17	95.33
27	12	881	1	8	768	16	139116.08	110.68
27	12	881	1	9	783	1	29639.51	25.71
27	12	895	91	1	15	74	193271.81	152.15
27	12	895	91	1	6	1	159788.81	124.29
27	12	895	91	10	811	1	90401.39	78.75
27	12	895	91	10	822	23	97789.47	84.41
27	12	895	91	10	823	3	99714.95	87.17
27	12	895	91	10	825	36	94241.84	81.25
27	12	895	91	10	829	19	98629.45	86.17
27	12	895	91	10	834	5	106959.17	86.79
27	12	895	91	10	838	25	93628.88	82.48
27	12	895	91	10	840	21	85546.82	73.9
27	12	895	91	10	842	43	92042.93	81.69
27	12	895	91	11	847	1	64137.21	59.84
27	12	895	91	12	881	1	20389.57	20.23
27	12	895	91	12	902	39	2202.65	2.49
27	12	895	91	12	913	18	9724.49	9.85
27	12	895	91	12	931	11	11366.26	11.45
27	12	895	91	12	933	16	19979.29	19.17
27	12	895	91	13	1134	25	68100.72	57.48
27	12	895	91	13	1136	88	66369.6	56.68
27	12	895	91	13	957	1	83273.75	72.18
27	12	895	91	13	964	63	87813.2	75.08
27	12	895	91	13	967	18	87381.33	74.65
27	12	895	91	13	971	13	82774.34	70.44
27	12	895	91	13	972	28	78069.88	66.07
27	12	895	91	13	980	24	70424.76	59.93
27	12	895	91	13	982	17	71704.5	61.77
27	12	895	91	13	984	27	63424.85	53.7
27	12	895	91	13	985	16	66625.92	57.46
27	12	895	91	13	986	80	67210.56	58.81
27	12	895	91	13	987	62	66306.47	57.27
27	12	895	91	14	1002	1	136112.66	110.32
27	12	895	91	14	1018	6	141513.17	115.84
27	12	895	91	14	1020	5	139411.88	113.35
27	12	895	91	14	1021	20	134987.23	108.28
27	12	895	91	14	1022	27	133267.26	106.78
27	12	895	91	14	1023	21	133127.47	107.93
27	12	895	91	14	1025	24	129864.62	104.36
27	12	895	91	14	1027	19	128468.53	103.98
27	12	895	91	14	1029	14	114478.36	101.25
27	12	895	91	15	1039	1	61956.88	54.04
27	12	895	91	15	1053	60	82504.41	68.76
27	12	895	91	16	1074	1	78216.82	66.91
27	12	895	91	16	1082	17	89468.98	77.87
27	12	895	91	17	1092	1	182411.13	144.65
27	12	895	91	2	100	13	165375.23	132.83
27	12	895	91	2	110	34	149837.0	119.86
27	12	895	91	2	114	29	180221.22	135.79
27	12	895	91	2	118	3	155618.64	124.3
27	12	895	91	2	120	30	142122.48	113.44
27	12	895	91	2	128	61	158546.95	125.93
27	12	895	91	2	130	123	130874.1	106.41
27	12	895	91	2	132	25	134895.6	107.47
27	12	895	91	2	134	4	141639.47	113.03
27	12	895	91	2	142	117	143302.36	114.3
27	12	895	91	2	144	96	130208.74	103.9
27	12	895	91	2	148	90	121974.46	98.31
27	12	895	91	2	149	82	120969.48	97.32
27	12	895	91	2	152	51	112189.27	90.47
27	12	895	91	2	154	10	118259.88	95.52
27	12	895	91	2	155	24	125219.55	99.62
27	12	895	91	2	157	73	131962.76	104.85
27	12	895	91	2	163	87	132235.65	103.95
27	12	895	91	2	74	1	112962.57	94.11
27	12	895	91	2	93	22	200654.38	153.84
27	12	895	91	3	173	1	133446.45	113.68
27	12	895	91	3	196	4	107767.53	87.65
27	12	895	91	3	208	15	120469.91	108.22
27	12	895	91	3	210	61	114255.49	99.12
27	12	895	91	3	213	35	108821.02	91.04
27	12	895	91	3	223	56	99907.73	84.09
27	12	895	91	4	1148	19	64873.7	54.88
27	12	895	91	4	321	1	65030.63	55.8
27	12	895	91	4	422	183	87203.2	73.46
27	12	895	91	4	423	170	80293.05	72.2
27	12	895	91	4	425	62	84540.89	78.04
27	12	895	91	4	426	61	83354.66	78.37
27	12	895	91	4	428	176	72716.54	62.24
27	12	895	91	4	433	214	71564.48	59.94
27	12	895	91	4	440	251	70593.01	58.94
27	12	895	91	4	443	258	67168.44	56.42
27	12	895	91	4	445	134	62287.46	52.58
27	12	895	91	4	452	35	69195.12	60.83
27	12	895	91	4	453	87	67808.61	56.91
27	12	895	91	4	458	122	75101.82	64.73
27	12	895	91	4	463	98	83442.05	69.08
27	12	895	91	4	464	34	73960.95	63.33
27	12	895	91	4	465	33	70722.73	59.98
27	12	895	91	4	467	65	76871.27	66.08
27	12	895	91	4	470	111	69657.67	58.67
27	12	895	91	4	476	66	81323.85	70.55
27	12	895	91	4	477	67	76797.17	66.31
27	12	895	91	4	479	112	72497.35	61.51
27	12	895	91	4	480	160	72373.82	61.81
27	12	895	91	4	484	146	68645.41	60.75
27	12	895	91	4	485	145	60415.67	59.82
27	12	895	91	4	486	206	61316.21	62.25
27	12	895	91	4	492	59	75968.62	65.28
27	12	895	91	4	494	56	76202.1	65.89
27	12	895	91	4	497	123	88197.66	75.25
27	12	895	91	4	500	264	60914.79	60.96
27	12	895	91	4	501	166	55899.91	54.46
27	12	895	91	4	506	317	57865.19	54.05
27	12	895	91	5	520	1	119765.67	98.97
27	12	895	91	5	538	16	144016.02	118.34
27	12	895	91	5	567	66	131225.54	109.12
27	12	895	91	5	570	52	106457.39	91.71
27	12	895	91	5	573	20	109109.86	95.09
27	12	895	91	5	576	42	126447.69	104.26
27	12	895	91	5	581	25	123050.26	100.85
27	12	895	91	5	586	2	132652.56	111.38
27	12	895	91	5	587	41	126391.18	104.7
27	12	895	91	5	589	17	101955.96	89.63
27	12	895	91	5	590	58	121503.59	99.96
27	12	895	91	5	592	39	103348.03	91.09
27	12	895	91	5	601	4	129664.35	108.31
27	12	895	91	5	602	59	122370.0	100.99
27	12	895	91	6	615	1	95910.7	79.75
27	12	895	91	6	621	32	125267.78	104.76
27	12	895	91	6	631	28	105093.25	88.11
27	12	895	91	6	640	142	116149.54	96.62
27	12	895	91	6	642	44	114700.26	95.01
27	12	895	91	6	645	7	114957.09	95.07
27	12	895	91	6	654	24	98631.12	82.33
27	12	895	91	6	656	23	93785.36	79.42
27	12	895	91	6	663	16	99468.57	82.17
27	12	895	91	7	670	1	116146.8	88.73
27	12	895	91	7	678	9	119415.19	88.85
27	12	895	91	8	687	1	127297.34	103.6
27	12	895	91	8	702	98	186044.72	135.82
27	12	895	91	8	719	107	121347.21	98.37
27	12	895	91	8	721	108	126785.71	100.73
27	12	895	91	8	722	109	135068.17	105.75
27	12	895	91	8	724	84	113044.09	92.72
27	12	895	91	8	727	110	130809.74	105.07
27	12	895	91	8	729	111	125752.52	101.52
27	12	895	91	8	731	91	137895.88	108.71
27	12	895	91	8	738	18	122404.74	98.65
27	12	895	91	8	741	58	136004.87	110.09
27	12	895	91	8	747	47	129123.69	104.45
27	12	895	91	8	768	16	148749.6	119.81
27	12	895	91	9	783	1	46192.44	41.04
27	12	902	39	1	15	74	191069.16	149.66
27	12	902	39	1	6	1	157586.16	121.8
27	12	902	39	10	811	1	88198.74	76.25
27	12	902	39	10	822	23	95586.82	81.92
27	12	902	39	10	823	3	97512.3	84.68
27	12	902	39	10	825	36	92039.18	78.76
27	12	902	39	10	829	19	96426.8	83.67
27	12	902	39	10	834	5	104756.52	84.3
27	12	902	39	10	838	25	91426.23	79.99
27	12	902	39	10	840	21	83344.17	71.41
27	12	902	39	10	842	43	89840.28	79.2
27	12	902	39	11	847	1	65761.89	61.24
27	12	902	39	12	881	1	18186.92	17.74
27	12	902	39	12	895	91	2112.05	2.18
27	12	902	39	12	913	18	7521.84	7.36
27	12	902	39	12	931	11	9163.61	8.96
27	12	902	39	12	933	16	17776.64	16.68
27	12	902	39	13	1134	25	65898.07	54.99
27	12	902	39	13	1136	88	64166.95	54.19
27	12	902	39	13	957	1	81071.1	69.69
27	12	902	39	13	964	63	85610.55	72.59
27	12	902	39	13	967	18	85178.68	72.15
27	12	902	39	13	971	13	80571.69	67.95
27	12	902	39	13	972	28	75867.23	63.58
27	12	902	39	13	980	24	68222.1	57.44
27	12	902	39	13	982	17	69501.85	59.28
27	12	902	39	13	984	27	61222.2	51.21
27	12	902	39	13	985	16	64423.27	54.97
27	12	902	39	13	986	80	65007.91	56.32
27	12	902	39	13	987	62	64103.82	54.78
27	12	902	39	14	1002	1	133910.01	107.83
27	12	902	39	14	1018	6	139310.52	113.35
27	12	902	39	14	1020	5	137209.23	110.85
27	12	902	39	14	1021	20	132784.57	105.78
27	12	902	39	14	1022	27	131064.61	104.29
27	12	902	39	14	1023	21	130924.81	105.44
27	12	902	39	14	1025	24	127661.96	101.87
27	12	902	39	14	1027	19	126265.88	101.49
27	12	902	39	14	1029	14	112275.7	98.75
27	12	902	39	15	1039	1	59754.22	51.55
27	12	902	39	15	1053	60	80301.76	66.27
27	12	902	39	16	1074	1	76014.17	64.42
27	12	902	39	16	1082	17	87266.33	75.37
27	12	902	39	17	1092	1	180208.48	142.16
27	12	902	39	2	100	13	163172.58	130.33
27	12	902	39	2	110	34	147634.35	117.36
27	12	902	39	2	114	29	178018.57	133.29
27	12	902	39	2	118	3	153415.98	121.81
27	12	902	39	2	120	30	139919.83	110.95
27	12	902	39	2	128	61	156344.3	123.44
27	12	902	39	2	130	123	128671.45	103.91
27	12	902	39	2	132	25	132692.95	104.98
27	12	902	39	2	134	4	139436.82	110.54
27	12	902	39	2	142	117	141099.7	111.81
27	12	902	39	2	144	96	128006.09	101.41
27	12	902	39	2	148	90	119771.81	95.81
27	12	902	39	2	149	82	118766.83	94.83
27	12	902	39	2	152	51	109986.62	87.98
27	12	902	39	2	154	10	116057.22	93.03
27	12	902	39	2	155	24	123016.9	97.13
27	12	902	39	2	157	73	129760.11	102.36
27	12	902	39	2	163	87	130033.0	101.46
27	12	902	39	2	74	1	110759.92	91.62
27	12	902	39	2	93	22	198451.73	151.35
27	12	902	39	3	173	1	131243.8	111.19
27	12	902	39	3	196	4	105564.88	85.16
27	12	902	39	3	208	15	118267.26	105.73
27	12	902	39	3	210	61	112052.83	96.63
27	12	902	39	3	213	35	106618.37	88.55
27	12	902	39	3	223	56	97705.08	81.6
27	12	902	39	4	1148	19	62671.05	52.39
27	12	902	39	4	321	1	62827.98	53.31
27	12	902	39	4	422	183	85000.55	70.97
27	12	902	39	4	423	170	78090.4	69.71
27	12	902	39	4	425	62	82338.24	75.55
27	12	902	39	4	426	61	81152.0	75.88
27	12	902	39	4	428	176	70513.89	59.75
27	12	902	39	4	433	214	69361.83	57.45
27	12	902	39	4	440	251	68390.35	56.45
27	12	902	39	4	443	258	64965.79	53.93
27	12	902	39	4	445	134	60084.81	50.08
27	12	902	39	4	452	35	66992.47	58.33
27	12	902	39	4	453	87	65605.96	54.42
27	12	902	39	4	458	122	72899.16	62.24
27	12	902	39	4	463	98	81239.4	66.59
27	12	902	39	4	464	34	71758.3	60.84
27	12	902	39	4	465	33	68520.08	57.49
27	12	902	39	4	467	65	74668.62	63.59
27	12	902	39	4	470	111	67455.01	56.18
27	12	902	39	4	476	66	79121.2	68.06
27	12	902	39	4	477	67	74594.52	63.82
27	12	902	39	4	479	112	70294.7	59.02
27	12	902	39	4	480	160	70171.16	59.32
27	12	902	39	4	484	146	66442.76	58.26
27	12	902	39	4	485	145	58213.02	57.32
27	12	902	39	4	486	206	59113.56	59.76
27	12	902	39	4	492	59	73765.97	62.79
27	12	902	39	4	494	56	73999.45	63.4
27	12	902	39	4	497	123	85995.01	72.76
27	12	902	39	4	500	264	58712.14	58.47
27	12	902	39	4	501	166	53697.26	51.96
27	12	902	39	4	506	317	55662.54	51.56
27	12	902	39	5	520	1	117563.02	96.47
27	12	902	39	5	538	16	141813.37	115.85
27	12	902	39	5	567	66	129022.89	106.63
27	12	902	39	5	570	52	104254.74	89.21
27	12	902	39	5	573	20	106907.21	92.6
27	12	902	39	5	576	42	124245.04	101.77
27	12	902	39	5	581	25	120847.61	98.36
27	12	902	39	5	586	2	130449.91	108.89
27	12	902	39	5	587	41	124188.53	102.2
27	12	902	39	5	589	17	99753.31	87.14
27	12	902	39	5	590	58	119300.94	97.47
27	12	902	39	5	592	39	101145.38	88.6
27	12	902	39	5	601	4	127461.7	105.81
27	12	902	39	5	602	59	120167.35	98.5
27	12	902	39	6	615	1	93708.05	77.26
27	12	902	39	6	621	32	123065.13	102.27
27	12	902	39	6	631	28	102890.6	85.62
27	12	902	39	6	640	142	113946.89	94.13
27	12	902	39	6	642	44	112497.6	92.52
27	12	902	39	6	645	7	112754.44	92.58
27	12	902	39	6	654	24	96428.47	79.84
27	12	902	39	6	656	23	91582.71	76.93
27	12	902	39	6	663	16	97265.91	79.68
27	12	902	39	7	670	1	113944.15	86.24
27	12	902	39	7	678	9	117212.54	86.36
27	12	902	39	8	687	1	125094.69	101.11
27	12	902	39	8	702	98	183842.07	133.33
27	12	902	39	8	719	107	119144.56	95.87
27	12	902	39	8	721	108	124583.06	98.24
27	12	902	39	8	722	109	132865.52	103.26
27	12	902	39	8	724	84	110841.44	90.23
27	12	902	39	8	727	110	128607.09	102.58
27	12	902	39	8	729	111	123549.87	99.03
27	12	902	39	8	731	91	135693.22	106.22
27	12	902	39	8	738	18	120202.09	96.16
27	12	902	39	8	741	58	133802.22	107.6
27	12	902	39	8	747	47	126921.04	101.96
27	12	902	39	8	768	16	146546.94	117.31
27	12	902	39	9	783	1	43989.79	38.55
27	12	913	18	1	15	74	184855.34	144.93
27	12	913	18	1	6	1	151372.33	117.08
27	12	913	18	10	811	1	83452.12	72.93
27	12	913	18	10	822	23	90840.19	78.6
27	12	913	18	10	823	3	92765.68	81.36
27	12	913	18	10	825	36	87292.56	75.44
27	12	913	18	10	829	19	91680.18	80.35
27	12	913	18	10	834	5	100009.9	80.98
27	12	913	18	10	838	25	86679.61	76.67
27	12	913	18	10	840	21	78597.55	68.09
27	12	913	18	10	842	43	85093.66	75.88
27	12	913	18	11	847	1	73283.73	68.6
27	12	913	18	12	881	1	11973.1	13.02
27	12	913	18	12	895	91	9633.89	9.54
27	12	913	18	12	902	39	7521.84	7.36
27	12	913	18	12	931	11	5525.71	6.14
27	12	913	18	12	933	16	11562.82	11.96
27	12	913	18	13	1134	25	61151.45	51.67
27	12	913	18	13	1136	88	59420.32	50.87
27	12	913	18	13	957	1	76324.48	66.37
27	12	913	18	13	964	63	80863.92	69.27
27	12	913	18	13	967	18	80432.06	68.83
27	12	913	18	13	971	13	75825.07	64.63
27	12	913	18	13	972	28	71120.6	60.26
27	12	913	18	13	980	24	63475.48	54.12
27	12	913	18	13	982	17	64755.23	55.96
27	12	913	18	13	984	27	56475.58	47.89
27	12	913	18	13	985	16	59676.65	51.65
27	12	913	18	13	986	80	60261.29	53.0
27	12	913	18	13	987	62	59357.2	51.46
27	12	913	18	14	1002	1	129163.38	104.51
27	12	913	18	14	1018	6	134563.9	110.03
27	12	913	18	14	1020	5	132462.6	107.53
27	12	913	18	14	1021	20	128037.95	102.46
27	12	913	18	14	1022	27	126317.99	100.97
27	12	913	18	14	1023	21	126178.19	102.12
27	12	913	18	14	1025	24	122915.34	98.55
27	12	913	18	14	1027	19	121519.25	98.17
27	12	913	18	14	1029	14	107529.08	95.43
27	12	913	18	15	1039	1	53540.4	46.82
27	12	913	18	15	1053	60	74087.94	61.55
27	12	913	18	16	1074	1	69800.35	59.7
27	12	913	18	16	1082	17	81052.5	70.65
27	12	913	18	17	1092	1	173994.65	137.43
27	12	913	18	2	100	13	158425.95	127.01
27	12	913	18	2	110	34	142887.73	114.04
27	12	913	18	2	114	29	173271.95	129.97
27	12	913	18	2	118	3	148669.36	118.49
27	12	913	18	2	120	30	135173.21	107.63
27	12	913	18	2	128	61	151597.68	120.12
27	12	913	18	2	130	123	123924.83	100.59
27	12	913	18	2	132	25	127946.32	101.66
27	12	913	18	2	134	4	134690.2	107.22
27	12	913	18	2	142	117	136353.08	108.49
27	12	913	18	2	144	96	123259.47	98.09
27	12	913	18	2	148	90	115025.19	92.49
27	12	913	18	2	149	82	114020.21	91.51
27	12	913	18	2	152	51	105240.0	84.66
27	12	913	18	2	154	10	111310.6	89.71
27	12	913	18	2	155	24	118270.28	93.81
27	12	913	18	2	157	73	125013.49	99.04
27	12	913	18	2	163	87	125286.38	98.14
27	12	913	18	2	74	1	106013.3	88.3
27	12	913	18	2	93	22	193705.11	148.03
27	12	913	18	3	173	1	126497.18	107.87
27	12	913	18	3	196	4	100818.26	81.84
27	12	913	18	3	208	15	113520.64	102.41
27	12	913	18	3	210	61	107306.21	93.31
27	12	913	18	3	213	35	101871.75	85.23
27	12	913	18	3	223	56	92958.46	78.28
27	12	913	18	4	1148	19	57924.43	49.07
27	12	913	18	4	321	1	58081.36	49.98
27	12	913	18	4	422	183	80253.93	67.65
27	12	913	18	4	423	170	73343.78	66.39
27	12	913	18	4	425	62	77591.62	72.22
27	12	913	18	4	426	61	76405.38	72.56
27	12	913	18	4	428	176	65767.27	56.43
27	12	913	18	4	433	214	64615.21	54.13
27	12	913	18	4	440	251	63643.73	53.13
27	12	913	18	4	443	258	60219.17	50.61
27	12	913	18	4	445	134	55338.19	46.76
27	12	913	18	4	452	35	62245.85	55.01
27	12	913	18	4	453	87	60859.34	51.09
27	12	913	18	4	458	122	68152.54	58.92
27	12	913	18	4	463	98	76492.78	63.26
27	12	913	18	4	464	34	67011.68	57.52
27	12	913	18	4	465	33	63773.46	54.17
27	12	913	18	4	467	65	69922.0	60.27
27	12	913	18	4	470	111	62708.39	52.86
27	12	913	18	4	476	66	74374.58	64.74
27	12	913	18	4	477	67	69847.9	60.5
27	12	913	18	4	479	112	65548.08	55.7
27	12	913	18	4	480	160	65424.54	56.0
27	12	913	18	4	484	146	61696.13	54.94
27	12	913	18	4	485	145	53466.4	54.0
27	12	913	18	4	486	206	54366.94	56.44
27	12	913	18	4	492	59	69019.35	59.47
27	12	913	18	4	494	56	69252.83	60.08
27	12	913	18	4	497	123	81248.39	69.44
27	12	913	18	4	500	264	53965.52	55.15
27	12	913	18	4	501	166	48950.64	48.64
27	12	913	18	4	506	317	50915.92	48.24
27	12	913	18	5	520	1	112816.4	93.15
27	12	913	18	5	538	16	137066.75	112.53
27	12	913	18	5	567	66	124276.27	103.31
27	12	913	18	5	570	52	99508.11	85.89
27	12	913	18	5	573	20	102160.58	89.28
27	12	913	18	5	576	42	119498.42	98.45
27	12	913	18	5	581	25	116100.99	95.04
27	12	913	18	5	586	2	125703.29	105.56
27	12	913	18	5	587	41	119441.91	98.88
27	12	913	18	5	589	17	95006.69	83.82
27	12	913	18	5	590	58	114554.32	94.15
27	12	913	18	5	592	39	96398.76	85.28
27	12	913	18	5	601	4	122715.08	102.49
27	12	913	18	5	602	59	115420.73	95.18
27	12	913	18	6	615	1	88961.43	73.94
27	12	913	18	6	621	32	118318.51	98.95
27	12	913	18	6	631	28	98143.98	82.3
27	12	913	18	6	640	142	109200.27	90.81
27	12	913	18	6	642	44	107750.98	89.2
27	12	913	18	6	645	7	108007.82	89.26
27	12	913	18	6	654	24	91681.85	76.52
27	12	913	18	6	656	23	86836.09	73.61
27	12	913	18	6	663	16	92519.29	76.36
27	12	913	18	7	670	1	107730.32	81.52
27	12	913	18	7	678	9	110998.72	81.64
27	12	913	18	8	687	1	120348.07	97.79
27	12	913	18	8	702	98	179095.45	130.01
27	12	913	18	8	719	107	114397.94	92.55
27	12	913	18	8	721	108	119836.44	94.92
27	12	913	18	8	722	109	128118.9	99.94
27	12	913	18	8	724	84	106094.82	86.91
27	12	913	18	8	727	110	123860.47	99.26
27	12	913	18	8	729	111	118803.25	95.71
27	12	913	18	8	731	91	130946.6	102.9
27	12	913	18	8	738	18	115455.47	92.84
27	12	913	18	8	741	58	129055.6	104.28
27	12	913	18	8	747	47	122174.42	98.64
27	12	913	18	8	768	16	141800.32	113.99
27	12	913	18	9	783	1	37775.97	33.82
27	12	931	11	1	15	74	174907.7	147.72
27	12	931	11	1	6	1	141424.7	119.86
27	12	931	11	10	811	1	88977.83	79.07
27	12	931	11	10	822	23	96365.9	84.74
27	12	931	11	10	823	3	98291.39	87.5
27	12	931	11	10	825	36	92818.27	81.58
27	12	931	11	10	829	19	97205.89	86.49
27	12	931	11	10	834	5	105535.61	87.11
27	12	931	11	10	838	25	92205.32	82.81
27	12	931	11	10	840	21	84123.26	74.23
27	12	931	11	10	842	43	90619.37	82.01
27	12	931	11	11	847	1	71518.3	68.79
27	12	931	11	12	881	1	16190.79	16.52
27	12	931	11	12	895	91	11275.66	11.14
27	12	931	11	12	902	39	9163.61	8.96
27	12	931	11	12	913	18	5525.71	6.14
27	12	931	11	12	933	16	15780.51	15.46
27	12	931	11	13	1134	25	66677.16	57.81
27	12	931	11	13	1136	88	64946.03	57.0
27	12	931	11	13	957	1	81850.18	72.51
27	12	931	11	13	964	63	86389.63	75.4
27	12	931	11	13	967	18	85957.77	74.97
27	12	931	11	13	971	13	81350.78	70.76
27	12	931	11	13	972	28	76646.31	66.4
27	12	931	11	13	980	24	69001.19	60.26
27	12	931	11	13	982	17	70280.94	62.09
27	12	931	11	13	984	27	62001.29	54.02
27	12	931	11	13	985	16	65202.36	57.78
27	12	931	11	13	986	80	65787.0	59.14
27	12	931	11	13	987	62	64882.91	57.6
27	12	931	11	14	1002	1	134689.09	110.65
27	12	931	11	14	1018	6	140089.61	116.16
27	12	931	11	14	1020	5	137988.31	113.67
27	12	931	11	14	1021	20	133563.66	108.6
27	12	931	11	14	1022	27	131843.7	107.11
27	12	931	11	14	1023	21	131703.9	108.26
27	12	931	11	14	1025	24	128441.05	104.69
27	12	931	11	14	1027	19	127044.96	104.3
27	12	931	11	14	1029	14	113054.79	101.57
27	12	931	11	15	1039	1	57758.09	50.33
27	12	931	11	15	1053	60	78305.63	65.05
27	12	931	11	16	1074	1	74018.04	63.2
27	12	931	11	16	1082	17	85270.2	74.16
27	12	931	11	17	1092	1	164047.02	140.22
27	12	931	11	2	100	13	163951.66	133.15
27	12	931	11	2	110	34	148413.44	120.18
27	12	931	11	2	114	29	178797.66	136.11
27	12	931	11	2	118	3	154195.07	124.63
27	12	931	11	2	120	30	140698.92	113.77
27	12	931	11	2	128	61	157123.39	126.26
27	12	931	11	2	130	123	129450.54	106.73
27	12	931	11	2	132	25	133472.03	107.8
27	12	931	11	2	134	4	140215.91	113.36
27	12	931	11	2	142	117	141878.79	114.63
27	12	931	11	2	144	96	128785.18	104.23
27	12	931	11	2	148	90	120550.9	98.63
27	12	931	11	2	149	82	119545.92	97.65
27	12	931	11	2	152	51	110765.71	90.8
27	12	931	11	2	154	10	116836.31	95.84
27	12	931	11	2	155	24	123795.99	99.95
27	12	931	11	2	157	73	130539.2	105.17
27	12	931	11	2	163	87	130812.09	104.28
27	12	931	11	2	74	1	111539.01	94.44
27	12	931	11	2	93	22	199230.82	154.17
27	12	931	11	3	173	1	132022.89	114.01
27	12	931	11	3	196	4	106343.97	87.98
27	12	931	11	3	208	15	119046.35	108.55
27	12	931	11	3	210	61	112831.92	99.45
27	12	931	11	3	213	35	107397.46	91.37
27	12	931	11	3	223	56	98484.17	84.41
27	12	931	11	4	1148	19	63450.14	55.21
27	12	931	11	4	321	1	63607.07	56.12
27	12	931	11	4	422	183	85779.63	73.79
27	12	931	11	4	423	170	78869.49	72.53
27	12	931	11	4	425	62	83117.33	78.36
27	12	931	11	4	426	61	81931.09	78.7
27	12	931	11	4	428	176	71292.98	62.57
27	12	931	11	4	433	214	70140.92	60.27
27	12	931	11	4	440	251	69169.44	59.27
27	12	931	11	4	443	258	65744.88	56.75
27	12	931	11	4	445	134	60863.9	52.9
27	12	931	11	4	452	35	67771.56	61.15
27	12	931	11	4	453	87	66385.05	57.23
27	12	931	11	4	458	122	73678.25	65.06
27	12	931	11	4	463	98	82018.49	69.4
27	12	931	11	4	464	34	72537.39	63.66
27	12	931	11	4	465	33	69299.17	60.31
27	12	931	11	4	467	65	75447.71	66.41
27	12	931	11	4	470	111	68234.1	59.0
27	12	931	11	4	476	66	79900.28	70.88
27	12	931	11	4	477	67	75373.61	66.64
27	12	931	11	4	479	112	71073.79	61.83
27	12	931	11	4	480	160	70950.25	62.14
27	12	931	11	4	484	146	67221.84	61.08
27	12	931	11	4	485	145	58992.11	60.14
27	12	931	11	4	486	206	59892.65	62.58
27	12	931	11	4	492	59	74545.06	65.61
27	12	931	11	4	494	56	74778.54	66.22
27	12	931	11	4	497	123	86774.1	75.58
27	12	931	11	4	500	264	59491.23	61.29
27	12	931	11	4	501	166	54476.34	54.78
27	12	931	11	4	506	317	56441.63	54.38
27	12	931	11	5	520	1	118342.11	99.29
27	12	931	11	5	538	16	142592.46	118.67
27	12	931	11	5	567	66	129801.98	109.45
27	12	931	11	5	570	52	105033.82	92.03
27	12	931	11	5	573	20	107686.29	95.42
27	12	931	11	5	576	42	125024.13	104.59
27	12	931	11	5	581	25	121626.7	101.18
27	12	931	11	5	586	2	131229.0	111.7
27	12	931	11	5	587	41	124967.62	105.02
27	12	931	11	5	589	17	100532.39	89.96
27	12	931	11	5	590	58	120080.03	100.29
27	12	931	11	5	592	39	101924.46	91.42
27	12	931	11	5	601	4	128240.79	108.63
27	12	931	11	5	602	59	120946.44	101.32
27	12	931	11	6	615	1	94487.14	80.07
27	12	931	11	6	621	32	123844.21	105.09
27	12	931	11	6	631	28	103669.69	88.43
27	12	931	11	6	640	142	114725.98	96.95
27	12	931	11	6	642	44	113276.69	95.34
27	12	931	11	6	645	7	113533.53	95.4
27	12	931	11	6	654	24	97207.56	82.66
27	12	931	11	6	656	23	92361.8	79.75
27	12	931	11	6	663	16	98045.0	82.5
27	12	931	11	7	670	1	97782.69	84.31
27	12	931	11	7	678	9	101051.08	84.42
27	12	931	11	8	687	1	125873.77	103.92
27	12	931	11	8	702	98	184621.15	136.14
27	12	931	11	8	719	107	119923.65	98.69
27	12	931	11	8	721	108	125362.14	101.06
27	12	931	11	8	722	109	133644.61	106.08
27	12	931	11	8	724	84	111620.53	93.05
27	12	931	11	8	727	110	129386.18	105.4
27	12	931	11	8	729	111	124328.96	101.85
27	12	931	11	8	731	91	136472.31	109.04
27	12	931	11	8	738	18	120981.18	98.98
27	12	931	11	8	741	58	134581.3	110.42
27	12	931	11	8	747	47	127700.13	104.77
27	12	931	11	8	768	16	147326.03	120.13
27	12	931	11	9	783	1	41993.66	37.33
27	12	933	16	1	15	74	178392.46	138.9
27	12	933	16	1	6	1	144909.46	111.04
27	12	933	16	10	811	1	77490.95	66.08
27	12	933	16	10	822	23	84879.02	71.74
27	12	933	16	10	823	3	86804.51	74.5
27	12	933	16	10	825	36	81331.39	68.58
27	12	933	16	10	829	19	85719.0	73.5
27	12	933	16	10	834	5	94048.72	74.12
27	12	933	16	10	838	25	80718.43	69.82
27	12	933	16	10	840	21	72636.38	61.23
27	12	933	16	10	842	43	79132.49	69.02
27	12	933	16	11	847	1	83538.53	77.92
27	12	933	16	12	881	1	4804.96	5.74
27	12	933	16	12	895	91	19888.69	18.86
27	12	933	16	12	902	39	17776.64	16.68
27	12	933	16	12	913	18	11562.82	11.96
27	12	933	16	12	931	11	15780.51	15.46
27	12	933	16	13	1134	25	55190.27	44.81
27	12	933	16	13	1136	88	53459.15	44.01
27	12	933	16	13	957	1	70363.3	59.51
27	12	933	16	13	964	63	74902.75	62.41
27	12	933	16	13	967	18	74470.88	61.98
27	12	933	16	13	971	13	69863.89	57.77
27	12	933	16	13	972	28	65159.43	53.4
27	12	933	16	13	980	24	57514.31	47.26
27	12	933	16	13	982	17	58794.05	49.1
27	12	933	16	13	984	27	50514.4	41.03
27	12	933	16	13	985	16	53715.48	44.79
27	12	933	16	13	986	80	54300.12	46.14
27	12	933	16	13	987	62	53396.03	44.6
27	12	933	16	14	1002	1	123202.21	97.66
27	12	933	16	14	1018	6	128602.72	103.17
27	12	933	16	14	1020	5	126501.43	100.68
27	12	933	16	14	1021	20	122076.78	95.61
27	12	933	16	14	1022	27	120356.82	94.11
27	12	933	16	14	1023	21	120217.02	95.26
27	12	933	16	14	1025	24	116954.17	91.69
27	12	933	16	14	1027	19	115558.08	91.31
27	12	933	16	14	1029	14	101567.91	88.58
27	12	933	16	15	1039	1	42127.01	35.17
27	12	933	16	15	1053	60	62674.55	49.89
27	12	933	16	16	1074	1	58386.96	48.04
27	12	933	16	16	1082	17	69639.12	59.0
27	12	933	16	17	1092	1	167531.78	131.4
27	12	933	16	2	100	13	152464.78	120.16
27	12	933	16	2	110	34	136926.56	107.19
27	12	933	16	2	114	29	167310.77	123.12
27	12	933	16	2	118	3	142708.19	111.64
27	12	933	16	2	120	30	129212.04	100.77
27	12	933	16	2	128	61	145636.51	113.26
27	12	933	16	2	130	123	117963.66	93.74
27	12	933	16	2	132	25	121985.15	94.8
27	12	933	16	2	134	4	128729.03	100.36
27	12	933	16	2	142	117	130391.91	101.63
27	12	933	16	2	144	96	117298.3	91.24
27	12	933	16	2	148	90	109064.02	85.64
27	12	933	16	2	149	82	108059.04	84.66
27	12	933	16	2	152	51	99278.83	77.8
27	12	933	16	2	154	10	105349.43	82.85
27	12	933	16	2	155	24	112309.11	86.95
27	12	933	16	2	157	73	119052.32	92.18
27	12	933	16	2	163	87	119325.21	91.28
27	12	933	16	2	74	1	100052.13	81.44
27	12	933	16	2	93	22	187743.93	141.17
27	12	933	16	3	173	1	120536.0	101.01
27	12	933	16	3	196	4	94857.09	74.99
27	12	933	16	3	208	15	107559.47	95.55
27	12	933	16	3	210	61	101345.04	86.46
27	12	933	16	3	213	35	95910.58	78.38
27	12	933	16	3	223	56	86997.29	71.42
27	12	933	16	4	1148	19	51963.26	42.22
27	12	933	16	4	321	1	52120.18	43.13
27	12	933	16	4	422	183	74292.75	60.79
27	12	933	16	4	423	170	67382.61	59.54
27	12	933	16	4	425	62	71630.45	65.37
27	12	933	16	4	426	61	70444.21	65.7
27	12	933	16	4	428	176	59806.09	49.57
27	12	933	16	4	433	214	58654.03	47.27
27	12	933	16	4	440	251	57682.56	46.27
27	12	933	16	4	443	258	54258.0	43.75
27	12	933	16	4	445	134	49377.02	39.91
27	12	933	16	4	452	35	56284.67	48.16
27	12	933	16	4	453	87	54898.16	44.24
27	12	933	16	4	458	122	62191.37	52.06
27	12	933	16	4	463	98	70531.6	56.41
27	12	933	16	4	464	34	61050.51	50.66
27	12	933	16	4	465	33	57812.29	47.31
27	12	933	16	4	467	65	63960.83	53.41
27	12	933	16	4	470	111	56747.22	46.0
27	12	933	16	4	476	66	68413.4	57.88
27	12	933	16	4	477	67	63886.72	53.65
27	12	933	16	4	479	112	59586.91	48.84
27	12	933	16	4	480	160	59463.37	49.14
27	12	933	16	4	484	146	55734.96	48.08
27	12	933	16	4	485	145	47505.23	47.15
27	12	933	16	4	486	206	48405.76	49.59
27	12	933	16	4	492	59	63058.18	52.61
27	12	933	16	4	494	56	63291.65	53.22
27	12	933	16	4	497	123	75287.22	62.58
27	12	933	16	4	500	264	48004.35	48.29
27	12	933	16	4	501	166	42989.46	41.79
27	12	933	16	4	506	317	44954.75	41.38
27	12	933	16	5	520	1	106855.23	86.3
27	12	933	16	5	538	16	131105.58	105.68
27	12	933	16	5	567	66	118315.1	96.46
27	12	933	16	5	570	52	93546.94	79.04
27	12	933	16	5	573	20	96199.41	82.42
27	12	933	16	5	576	42	113537.24	91.59
27	12	933	16	5	581	25	110139.82	88.19
27	12	933	16	5	586	2	119742.12	98.71
27	12	933	16	5	587	41	113480.74	92.03
27	12	933	16	5	589	17	89045.51	76.96
27	12	933	16	5	590	58	108593.15	87.29
27	12	933	16	5	592	39	90437.58	78.42
27	12	933	16	5	601	4	116753.91	95.64
27	12	933	16	5	602	59	109459.56	88.32
27	12	933	16	6	615	1	83000.25	67.08
27	12	933	16	6	621	32	112357.33	92.09
27	12	933	16	6	631	28	92182.81	75.44
27	12	933	16	6	640	142	103239.1	83.95
27	12	933	16	6	642	44	101789.81	82.34
27	12	933	16	6	645	7	102046.64	82.4
27	12	933	16	6	654	24	85720.68	69.66
27	12	933	16	6	656	23	80874.92	66.75
27	12	933	16	6	663	16	86558.12	69.5
27	12	933	16	7	670	1	101267.45	75.48
27	12	933	16	7	678	9	104535.84	75.6
27	12	933	16	8	687	1	114386.89	90.93
27	12	933	16	8	702	98	173134.27	123.15
27	12	933	16	8	719	107	108436.77	85.7
27	12	933	16	8	721	108	113875.26	88.06
27	12	933	16	8	722	109	122157.72	93.09
27	12	933	16	8	724	84	100133.65	80.05
27	12	933	16	8	727	110	117899.3	92.4
27	12	933	16	8	729	111	112842.07	88.85
27	12	933	16	8	731	91	124985.43	96.04
27	12	933	16	8	738	18	109494.29	85.99
27	12	933	16	8	741	58	123094.42	97.43
27	12	933	16	8	747	47	116213.24	91.78
27	12	933	16	8	768	16	135839.15	107.14
27	12	933	16	9	783	1	26362.58	22.17
27	13	1134	25	1	15	74	227123.17	174.39
27	13	1134	25	1	6	1	193640.17	146.53
27	13	1134	25	10	811	1	25135.15	22.9
27	13	1134	25	10	822	23	32523.22	28.57
27	13	1134	25	10	823	3	34448.71	31.33
27	13	1134	25	10	825	36	28975.59	25.4
27	13	1134	25	10	829	19	33363.21	30.32
27	13	1134	25	10	834	5	43325.25	39.63
27	13	1134	25	10	838	25	28362.64	26.64
27	13	1134	25	10	840	21	20280.58	18.06
27	13	1134	25	10	842	43	26776.69	25.84
27	13	1134	25	11	847	1	131421.61	116.53
27	13	1134	25	12	881	1	57094.86	47.63
27	13	1134	25	12	895	91	67771.77	57.47
27	13	1134	25	12	902	39	65659.73	55.29
27	13	1134	25	12	913	18	60902.01	51.96
27	13	1134	25	12	931	11	66427.72	58.09
27	13	1134	25	12	933	16	54892.78	45.02
27	13	1134	25	13	1136	88	3443.93	3.63
27	13	1134	25	13	957	1	18007.51	16.33
27	13	1134	25	13	964	63	22546.95	19.23
27	13	1134	25	13	967	18	22115.09	18.8
27	13	1134	25	13	971	13	17508.1	14.59
27	13	1134	25	13	972	28	15060.66	12.53
27	13	1134	25	13	980	24	5158.51	4.09
27	13	1134	25	13	982	17	5114.83	5.67
27	13	1134	25	13	984	27	5759.46	5.14
27	13	1134	25	13	985	16	5090.67	4.36
27	13	1134	25	13	986	80	8142.17	9.46
27	13	1134	25	13	987	62	5561.27	4.85
27	13	1134	25	14	1002	1	59655.96	54.76
27	13	1134	25	14	1018	6	68609.41	60.06
27	13	1134	25	14	1020	5	62955.18	57.78
27	13	1134	25	14	1021	20	58530.53	52.71
27	13	1134	25	14	1022	27	56810.57	51.21
27	13	1134	25	14	1023	21	58171.49	52.4
27	13	1134	25	14	1025	24	53407.92	48.79
27	13	1134	25	14	1027	19	54561.01	49.97
27	13	1134	25	14	1029	14	49212.11	45.4
27	13	1134	25	15	1039	1	75668.52	62.29
27	13	1134	25	15	1053	60	96216.06	77.01
27	13	1134	25	16	1074	1	67015.99	61.65
27	13	1134	25	16	1082	17	68897.69	62.82
27	13	1134	25	17	1092	1	216262.49	166.89
27	13	1134	25	2	100	13	109660.39	86.44
27	13	1134	25	2	110	34	94122.17	73.47
27	13	1134	25	2	114	29	124506.38	89.4
27	13	1134	25	2	118	3	99903.8	77.92
27	13	1134	25	2	120	30	86407.65	67.05
27	13	1134	25	2	128	61	102832.12	79.54
27	13	1134	25	2	130	123	75159.27	60.02
27	13	1134	25	2	132	25	79180.76	61.08
27	13	1134	25	2	134	4	85924.64	66.64
27	13	1134	25	2	142	117	87587.52	67.91
27	13	1134	25	2	144	96	74493.91	57.52
27	13	1134	25	2	148	90	66259.63	51.92
27	13	1134	25	2	149	82	65254.65	50.94
27	13	1134	25	2	152	51	56474.44	44.09
27	13	1134	25	2	154	10	62545.04	49.13
27	13	1134	25	2	155	24	69504.72	53.23
27	13	1134	25	2	157	73	76247.93	58.46
27	13	1134	25	2	163	87	76520.82	57.56
27	13	1134	25	2	74	1	57247.74	47.73
27	13	1134	25	2	93	22	144939.54	107.45
27	13	1134	25	3	173	1	83439.63	72.37
27	13	1134	25	3	196	4	57760.71	46.34
27	13	1134	25	3	208	15	70928.98	63.23
27	13	1134	25	3	210	61	64248.67	57.81
27	13	1134	25	3	213	35	58814.2	49.73
27	13	1134	25	3	223	56	49900.91	42.77
27	13	1134	25	4	1148	19	10690.46	9.81
27	13	1134	25	4	321	1	11387.27	12.28
27	13	1134	25	4	422	183	37196.38	32.15
27	13	1134	25	4	423	170	30286.23	30.89
27	13	1134	25	4	425	62	34534.07	36.72
27	13	1134	25	4	426	61	33347.84	37.06
27	13	1134	25	4	428	176	22709.72	20.93
27	13	1134	25	4	433	214	21557.66	18.62
27	13	1134	25	4	440	251	20586.19	17.63
27	13	1134	25	4	443	258	17161.62	15.11
27	13	1134	25	4	445	134	12280.65	11.26
27	13	1134	25	4	452	35	11586.42	11.49
27	13	1134	25	4	453	87	8917.39	7.64
27	13	1134	25	4	458	122	19386.98	18.35
27	13	1134	25	4	463	98	27727.21	22.69
27	13	1134	25	4	464	34	18246.12	16.94
27	13	1134	25	4	465	33	15007.9	13.59
27	13	1134	25	4	467	65	21423.61	20.34
27	13	1134	25	4	470	111	14210.0	12.92
27	13	1134	25	4	476	66	25876.18	24.81
27	13	1134	25	4	477	67	21349.51	20.57
27	13	1134	25	4	479	112	17049.69	15.76
27	13	1134	25	4	480	160	16926.15	16.06
27	13	1134	25	4	484	146	19445.24	18.94
27	13	1134	25	4	485	145	21000.49	20.54
27	13	1134	25	4	486	206	22406.47	22.82
27	13	1134	25	4	492	59	20520.96	19.53
27	13	1134	25	4	494	56	20754.44	20.14
27	13	1134	25	4	497	123	32750.0	29.51
27	13	1134	25	4	500	264	24326.24	23.21
27	13	1134	25	4	501	166	27553.29	29.68
27	13	1134	25	4	506	317	33781.39	36.31
27	13	1134	25	5	520	1	49640.41	47.54
27	13	1134	25	5	538	16	73270.08	66.68
27	13	1134	25	5	567	66	63121.99	59.64
27	13	1134	25	5	570	52	41191.14	35.86
27	13	1134	25	5	573	20	43843.61	39.25
27	13	1134	25	5	576	42	58344.14	54.77
27	13	1134	25	5	581	25	54946.71	51.37
27	13	1134	25	5	586	2	64798.04	62.04
27	13	1134	25	5	587	41	58287.63	55.21
27	13	1134	25	5	589	17	36689.72	33.79
27	13	1134	25	5	590	58	53400.04	50.48
27	13	1134	25	5	592	39	38081.79	35.25
27	13	1134	25	5	601	4	73949.52	61.92
27	13	1134	25	5	602	59	54266.45	51.51
27	13	1134	25	6	615	1	40195.86	33.36
27	13	1134	25	6	621	32	69552.94	58.37
27	13	1134	25	6	631	28	38102.87	37.2
27	13	1134	25	6	640	142	60434.71	50.24
27	13	1134	25	6	642	44	58985.42	48.62
27	13	1134	25	6	645	7	59242.26	48.69
27	13	1134	25	6	654	24	42916.29	35.94
27	13	1134	25	6	656	23	28519.12	23.57
27	13	1134	25	6	663	16	43753.73	35.79
27	13	1134	25	7	670	1	149998.16	110.98
27	13	1134	25	7	678	9	153266.55	111.09
27	13	1134	25	8	687	1	71582.5	57.21
27	13	1134	25	8	702	98	130329.88	89.43
27	13	1134	25	8	719	107	65632.38	51.98
27	13	1134	25	8	721	108	71070.87	54.34
27	13	1134	25	8	722	109	79353.33	59.37
27	13	1134	25	8	724	84	57329.26	46.33
27	13	1134	25	8	727	110	75094.91	58.68
27	13	1134	25	8	729	111	70037.69	55.14
27	13	1134	25	8	731	91	82181.04	62.32
27	13	1134	25	8	738	18	66689.9	52.27
27	13	1134	25	8	741	58	80290.03	63.71
27	13	1134	25	8	747	47	73408.85	58.06
27	13	1134	25	8	768	16	93034.76	73.42
27	13	1134	25	9	783	1	59904.09	49.29
27	13	1136	88	1	15	74	228887.17	176.48
27	13	1136	88	1	6	1	195404.16	148.63
27	13	1136	88	10	811	1	25707.73	23.81
27	13	1136	88	10	822	23	33095.81	29.48
27	13	1136	88	10	823	3	35021.29	32.24
27	13	1136	88	10	825	36	29548.18	26.32
27	13	1136	88	10	829	19	33935.79	31.24
27	13	1136	88	10	834	5	43897.83	40.54
27	13	1136	88	10	838	25	28935.22	27.55
27	13	1136	88	10	840	21	20853.17	18.97
27	13	1136	88	10	842	43	27349.27	26.76
27	13	1136	88	11	847	1	133185.6	118.62
27	13	1136	88	12	881	1	58858.85	49.72
27	13	1136	88	12	895	91	69535.76	59.56
27	13	1136	88	12	902	39	67423.72	57.38
27	13	1136	88	12	913	18	62666.01	54.05
27	13	1136	88	12	931	11	68191.71	60.19
27	13	1136	88	12	933	16	56656.78	47.11
27	13	1136	88	13	1134	25	2003.86	2.53
27	13	1136	88	13	957	1	18580.09	17.25
27	13	1136	88	13	964	63	23119.54	20.15
27	13	1136	88	13	967	18	22687.67	19.71
27	13	1136	88	13	971	13	18080.68	15.51
27	13	1136	88	13	972	28	15633.24	13.45
27	13	1136	88	13	980	24	5731.1	5.0
27	13	1136	88	13	982	17	5830.33	6.7
27	13	1136	88	13	984	27	7523.46	7.24
27	13	1136	88	13	985	16	7229.95	6.82
27	13	1136	88	13	986	80	10281.45	11.92
27	13	1136	88	13	987	62	7700.55	7.31
27	13	1136	88	14	1002	1	60228.55	55.67
27	13	1136	88	14	1018	6	69181.99	60.97
27	13	1136	88	14	1020	5	63527.76	58.69
27	13	1136	88	14	1021	20	59103.11	53.62
27	13	1136	88	14	1022	27	57383.15	52.13
27	13	1136	88	14	1023	21	58744.08	53.31
27	13	1136	88	14	1025	24	53980.5	49.71
27	13	1136	88	14	1027	19	55133.6	50.89
27	13	1136	88	14	1029	14	49784.7	46.32
27	13	1136	88	15	1039	1	77432.51	64.38
27	13	1136	88	15	1053	60	97980.05	79.1
27	13	1136	88	16	1074	1	69155.28	64.11
27	13	1136	88	16	1082	17	71036.98	65.29
27	13	1136	88	17	1092	1	218026.48	168.98
27	13	1136	88	2	100	13	111799.68	88.9
27	13	1136	88	2	110	34	96261.45	75.93
27	13	1136	88	2	114	29	126645.67	91.86
27	13	1136	88	2	118	3	102043.09	80.38
27	13	1136	88	2	120	30	88546.93	69.51
27	13	1136	88	2	128	61	104971.4	82.0
27	13	1136	88	2	130	123	77298.55	62.48
27	13	1136	88	2	132	25	81320.05	63.54
27	13	1136	88	2	134	4	88063.92	69.11
27	13	1136	88	2	142	117	89726.81	70.38
27	13	1136	88	2	144	96	76633.19	59.98
27	13	1136	88	2	148	90	68398.91	54.38
27	13	1136	88	2	149	82	67393.93	53.4
27	13	1136	88	2	152	51	58613.72	46.55
27	13	1136	88	2	154	10	64684.32	51.59
27	13	1136	88	2	155	24	71644.0	55.7
27	13	1136	88	2	157	73	78387.21	60.92
27	13	1136	88	2	163	87	78660.1	60.02
27	13	1136	88	2	74	1	59387.02	50.19
27	13	1136	88	2	93	22	147078.83	109.91
27	13	1136	88	3	173	1	82423.45	73.76
27	13	1136	88	3	196	4	56744.53	47.74
27	13	1136	88	3	208	15	71501.56	64.14
27	13	1136	88	3	210	61	63232.48	59.21
27	13	1136	88	3	213	35	57798.02	51.13
27	13	1136	88	3	223	56	48884.73	44.17
27	13	1136	88	4	1148	19	12454.45	11.9
27	13	1136	88	4	321	1	13526.55	14.74
27	13	1136	88	4	422	183	36180.2	33.55
27	13	1136	88	4	423	170	29270.05	32.29
27	13	1136	88	4	425	62	33517.89	38.12
27	13	1136	88	4	426	61	32331.65	38.46
27	13	1136	88	4	428	176	21693.54	22.33
27	13	1136	88	4	433	214	20541.48	20.02
27	13	1136	88	4	440	251	19570.01	19.03
27	13	1136	88	4	443	258	16145.44	16.5
27	13	1136	88	4	445	134	11264.46	12.66
27	13	1136	88	4	452	35	13725.71	13.95
27	13	1136	88	4	453	87	11056.67	10.1
27	13	1136	88	4	458	122	21526.26	20.81
27	13	1136	88	4	463	98	29866.5	25.15
27	13	1136	88	4	464	34	20385.4	19.4
27	13	1136	88	4	465	33	17147.18	16.05
27	13	1136	88	4	467	65	23562.89	22.8
27	13	1136	88	4	470	111	16349.29	15.39
27	13	1136	88	4	476	66	28015.47	27.27
27	13	1136	88	4	477	67	23488.79	23.03
27	13	1136	88	4	479	112	19188.97	18.22
27	13	1136	88	4	480	160	19065.44	18.53
27	13	1136	88	4	484	146	21584.52	21.4
27	13	1136	88	4	485	145	23139.78	23.0
27	13	1136	88	4	486	206	24545.75	25.28
27	13	1136	88	4	492	59	22660.24	22.0
27	13	1136	88	4	494	56	22893.72	22.6
27	13	1136	88	4	497	123	34889.29	31.97
27	13	1136	88	4	500	264	26465.53	25.67
27	13	1136	88	4	501	166	29692.57	32.14
27	13	1136	88	4	506	317	35920.67	38.77
27	13	1136	88	5	520	1	50213.0	48.45
27	13	1136	88	5	538	16	73842.66	67.59
27	13	1136	88	5	567	66	63694.58	60.55
27	13	1136	88	5	570	52	41763.73	36.77
27	13	1136	88	5	573	20	44416.2	40.16
27	13	1136	88	5	576	42	58916.72	55.69
27	13	1136	88	5	581	25	55519.3	52.28
27	13	1136	88	5	586	2	65370.62	62.95
27	13	1136	88	5	587	41	58860.22	56.12
27	13	1136	88	5	589	17	37262.3	34.7
27	13	1136	88	5	590	58	53972.63	51.39
27	13	1136	88	5	592	39	38654.37	36.16
27	13	1136	88	5	601	4	69083.57	63.98
27	13	1136	88	5	602	59	54839.03	52.42
27	13	1136	88	6	615	1	39973.39	35.41
27	13	1136	88	6	621	32	64687.0	60.44
27	13	1136	88	6	631	28	38675.46	38.11
27	13	1136	88	6	640	142	62573.99	52.7
27	13	1136	88	6	642	44	61124.71	51.08
27	13	1136	88	6	645	7	54376.31	50.75
27	13	1136	88	6	654	24	45055.57	38.4
27	13	1136	88	6	656	23	29091.71	24.49
27	13	1136	88	6	663	16	45893.01	38.25
27	13	1136	88	7	670	1	151762.15	113.07
27	13	1136	88	7	678	9	155030.54	113.19
27	13	1136	88	8	687	1	73721.79	59.67
27	13	1136	88	8	702	98	132469.17	91.89
27	13	1136	88	8	719	107	67771.66	54.44
27	13	1136	88	8	721	108	73210.16	56.8
27	13	1136	88	8	722	109	81492.62	61.83
27	13	1136	88	8	724	84	59468.54	48.79
27	13	1136	88	8	727	110	77234.19	61.15
27	13	1136	88	8	729	111	72176.97	57.6
27	13	1136	88	8	731	91	84320.32	64.79
27	13	1136	88	8	738	18	68829.19	54.73
27	13	1136	88	8	741	58	82429.32	66.17
27	13	1136	88	8	747	47	75548.14	60.52
27	13	1136	88	8	768	16	95174.04	75.88
27	13	1136	88	9	783	1	61668.08	51.38
27	13	957	1	1	15	74	243570.45	189.68
27	13	957	1	1	6	1	210087.45	161.82
27	13	957	1	10	811	1	6206.91	8.92
27	13	957	1	10	822	23	13594.99	14.58
27	13	957	1	10	823	3	15520.47	17.35
27	13	957	1	10	825	36	10047.36	11.42
27	13	957	1	10	829	19	14434.97	16.34
27	13	957	1	10	834	5	25616.5	26.2
27	13	957	1	10	838	25	9434.4	12.66
27	13	957	1	10	840	21	6212.72	9.29
27	13	957	1	10	842	43	12708.82	17.07
27	13	957	1	11	847	1	147868.89	131.82
27	13	957	1	12	881	1	73542.13	62.92
27	13	957	1	12	895	91	84219.05	72.76
27	13	957	1	12	902	39	82107.0	70.58
27	13	957	1	12	913	18	77349.29	67.24
27	13	957	1	12	931	11	82875.0	73.38
27	13	957	1	12	933	16	71340.06	60.31
27	13	957	1	13	1134	25	17789.05	15.91
27	13	957	1	13	1136	88	20978.61	19.24
27	13	957	1	13	964	63	5044.46	7.02
27	13	957	1	13	967	18	4612.6	6.59
27	13	957	1	13	971	13	4629.4	5.79
27	13	957	1	13	972	28	21927.24	19.82
27	13	957	1	13	980	24	12630.54	11.82
27	13	957	1	13	982	17	16277.28	15.9
27	13	957	1	13	984	27	23294.14	20.76
27	13	957	1	13	985	16	22879.72	20.27
27	13	957	1	13	986	80	25931.22	25.37
27	13	957	1	13	987	62	23350.32	20.76
27	13	957	1	14	1002	1	40727.72	40.78
27	13	957	1	14	1018	6	49681.17	46.08
27	13	957	1	14	1020	5	44026.94	43.8
27	13	957	1	14	1021	20	39602.29	38.73
27	13	957	1	14	1022	27	37882.33	37.23
27	13	957	1	14	1023	21	39243.25	38.42
27	13	957	1	14	1025	24	34479.68	34.81
27	13	957	1	14	1027	19	35632.78	35.99
27	13	957	1	14	1029	14	30283.87	31.42
27	13	957	1	15	1039	1	92115.8	77.58
27	13	957	1	15	1053	60	112663.34	92.3
27	13	957	1	16	1074	1	84805.05	77.56
27	13	957	1	16	1082	17	86686.75	78.74
27	13	957	1	17	1092	1	232709.77	182.18
27	13	957	1	2	100	13	82992.29	84.14
27	13	957	1	2	110	34	78033.02	72.88
27	13	957	1	2	114	29	127500.39	97.43
27	13	957	1	2	118	3	83417.93	77.66
27	13	957	1	2	120	30	70318.5	66.46
27	13	957	1	2	128	61	86458.97	80.94
27	13	957	1	2	130	123	59075.27	57.47
27	13	957	1	2	132	25	63091.61	60.49
27	13	957	1	2	134	4	69850.45	66.38
27	13	957	1	2	142	117	77198.07	72.52
27	13	957	1	2	144	96	63112.04	60.47
27	13	957	1	2	148	90	58842.97	56.79
27	13	957	1	2	149	82	44709.99	44.54
27	13	957	1	2	152	51	54815.34	48.52
27	13	957	1	2	154	10	65539.05	57.16
27	13	957	1	2	155	24	72498.73	61.27
27	13	957	1	2	157	73	79241.94	66.49
27	13	957	1	2	163	87	79514.83	65.59
27	13	957	1	2	74	1	60241.75	55.76
27	13	957	1	2	93	22	114264.58	114.58
27	13	957	1	3	173	1	88644.81	81.05
27	13	957	1	3	196	4	62965.9	55.02
27	13	957	1	3	208	15	52000.74	49.25
27	13	957	1	3	210	61	59546.47	59.66
27	13	957	1	3	213	35	64019.39	58.41
27	13	957	1	3	223	56	55106.1	51.45
27	13	957	1	4	1148	19	28225.14	25.43
27	13	957	1	4	321	1	29176.32	28.19
27	13	957	1	4	422	183	42401.56	40.83
27	13	957	1	4	423	170	42746.12	41.45
27	13	957	1	4	425	62	46365.5	45.71
27	13	957	1	4	426	61	47019.19	47.01
27	13	957	1	4	428	176	30225.52	31.76
27	13	957	1	4	433	214	31787.63	30.12
27	13	957	1	4	440	251	30816.16	29.12
27	13	957	1	4	443	258	27391.6	26.6
27	13	957	1	4	445	134	22510.62	22.75
27	13	957	1	4	452	35	29375.48	27.4
27	13	957	1	4	453	87	26706.44	23.55
27	13	957	1	4	458	122	37176.03	34.26
27	13	957	1	4	463	98	41080.53	35.3
27	13	957	1	4	464	34	36035.17	32.85
27	13	957	1	4	465	33	32796.95	29.5
27	13	957	1	4	467	65	39212.66	36.25
27	13	957	1	4	470	111	31999.06	28.84
27	13	957	1	4	476	66	43665.24	40.72
27	13	957	1	4	477	67	39138.56	36.48
27	13	957	1	4	479	112	34838.74	31.67
27	13	957	1	4	480	160	34715.21	31.97
27	13	957	1	4	484	146	37234.29	34.85
27	13	957	1	4	485	145	38789.55	36.45
27	13	957	1	4	486	206	40195.52	38.73
27	13	957	1	4	492	59	38310.01	35.45
27	13	957	1	4	494	56	38543.49	36.05
27	13	957	1	4	497	123	50539.05	45.42
27	13	957	1	4	500	264	42115.3	39.12
27	13	957	1	4	501	166	45342.34	45.59
27	13	957	1	4	506	317	51570.44	52.22
27	13	957	1	5	520	1	30712.18	33.56
27	13	957	1	5	538	16	54341.84	52.7
27	13	957	1	5	567	66	44193.75	45.66
27	13	957	1	5	570	52	22262.91	21.88
27	13	957	1	5	573	20	24915.38	25.26
27	13	957	1	5	576	42	39415.9	40.79
27	13	957	1	5	581	25	36018.47	37.39
27	13	957	1	5	586	2	45869.8	48.06
27	13	957	1	5	587	41	39359.39	41.23
27	13	957	1	5	589	17	17761.48	19.8
27	13	957	1	5	590	58	34471.8	36.49
27	13	957	1	5	592	39	19153.55	21.27
27	13	957	1	5	601	4	49029.64	50.53
27	13	957	1	5	602	59	35338.21	37.52
27	13	957	1	6	615	1	32222.19	30.72
27	13	957	1	6	621	32	49086.82	49.09
27	13	957	1	6	631	28	22587.44	25.36
27	13	957	1	6	640	142	43274.14	43.71
27	13	957	1	6	642	44	41824.85	42.09
27	13	957	1	6	645	7	38776.13	39.41
27	13	957	1	6	654	24	36105.3	33.85
27	13	957	1	6	656	23	21340.5	19.8
27	13	957	1	6	663	16	49444.52	43.83
27	13	957	1	7	670	1	166445.44	126.26
27	13	957	1	7	678	9	169713.83	126.38
27	13	957	1	8	687	1	74576.51	65.24
27	13	957	1	8	702	98	133323.89	97.46
27	13	957	1	8	719	107	68626.39	60.01
27	13	957	1	8	721	108	74064.88	62.37
27	13	957	1	8	722	109	82347.35	67.4
27	13	957	1	8	724	84	60323.27	54.36
27	13	957	1	8	727	110	78088.92	66.71
27	13	957	1	8	729	111	73031.7	63.17
27	13	957	1	8	731	91	85175.05	70.35
27	13	957	1	8	738	18	69683.92	60.3
27	13	957	1	8	741	58	83284.04	71.74
27	13	957	1	8	747	47	76402.87	66.09
27	13	957	1	8	768	16	96028.77	81.45
27	13	957	1	9	783	1	76351.36	64.58
27	13	964	63	1	15	74	248356.93	193.09
27	13	964	63	1	6	1	214873.93	165.23
27	13	964	63	10	811	1	7508.29	7.85
27	13	964	63	10	822	23	11020.69	10.62
27	13	964	63	10	823	3	14096.13	13.68
27	13	964	63	10	825	36	7473.06	7.46
27	13	964	63	10	829	19	13484.31	13.12
27	13	964	63	10	834	5	24665.84	22.98
27	13	964	63	10	838	25	10633.06	10.2
27	13	964	63	10	840	21	12067.59	13.33
27	13	964	63	10	842	43	16254.73	15.65
27	13	964	63	11	847	1	152655.37	135.23
27	13	964	63	12	881	1	78328.62	66.32
27	13	964	63	12	895	91	89005.53	76.16
27	13	964	63	12	902	39	86893.49	73.98
27	13	964	63	12	913	18	82135.77	70.65
27	13	964	63	12	931	11	87661.48	76.79
27	13	964	63	12	933	16	76126.54	63.71
27	13	964	63	13	1134	25	22575.54	19.32
27	13	964	63	13	1136	88	25765.09	22.65
27	13	964	63	13	957	1	4775.5	6.46
27	13	964	63	13	967	18	431.87	0.43
27	13	964	63	13	971	13	8228.62	8.49
27	13	964	63	13	972	28	26713.72	23.22
27	13	964	63	13	980	24	17417.02	15.23
27	13	964	63	13	982	17	21063.77	19.31
27	13	964	63	13	984	27	28080.63	24.17
27	13	964	63	13	985	16	27666.2	23.68
27	13	964	63	13	986	80	30717.7	28.78
27	13	964	63	13	987	62	28136.8	24.17
27	13	964	63	14	1002	1	39231.41	36.97
27	13	964	63	14	1018	6	47106.88	42.12
27	13	964	63	14	1020	5	42530.63	39.99
27	13	964	63	14	1021	20	38105.98	34.92
27	13	964	63	14	1022	27	36386.02	33.42
27	13	964	63	14	1023	21	37746.94	34.61
27	13	964	63	14	1025	24	32983.37	31.0
27	13	964	63	14	1027	19	34136.47	32.18
27	13	964	63	14	1029	14	28787.57	27.61
27	13	964	63	15	1039	1	96902.28	80.99
27	13	964	63	15	1053	60	117449.82	95.71
27	13	964	63	16	1074	1	89591.53	80.97
27	13	964	63	16	1082	17	91473.23	82.14
27	13	964	63	17	1092	1	237496.25	185.59
27	13	964	63	2	100	13	82041.63	80.92
27	13	964	63	2	110	34	77548.55	69.78
27	13	964	63	2	114	29	125012.07	97.87
27	13	964	63	2	118	3	82933.46	74.56
27	13	964	63	2	120	30	69834.03	63.36
27	13	964	63	2	128	61	85974.5	77.85
27	13	964	63	2	130	123	58590.8	54.37
27	13	964	63	2	132	25	62607.14	57.39
27	13	964	63	2	134	4	69365.98	63.29
27	13	964	63	2	142	117	76713.6	69.42
27	13	964	63	2	144	96	62627.57	57.37
27	13	964	63	2	148	90	58358.5	53.69
27	13	964	63	2	149	82	44225.52	41.44
27	13	964	63	2	152	51	50911.02	46.95
27	13	964	63	2	154	10	62314.81	57.47
27	13	964	63	2	155	24	67597.92	61.62
27	13	964	63	2	157	73	76753.61	66.93
27	13	964	63	2	163	87	77026.5	66.03
27	13	964	63	2	74	1	57719.14	55.47
27	13	964	63	2	93	22	112768.27	110.77
27	13	964	63	3	173	1	93431.3	84.45
27	13	964	63	3	196	4	67752.38	58.43
27	13	964	63	3	208	15	49426.45	45.28
27	13	964	63	3	210	61	56972.17	55.7
27	13	964	63	3	213	35	61645.34	61.46
27	13	964	63	3	223	56	59892.58	54.86
27	13	964	63	4	1148	19	33011.62	28.83
27	13	964	63	4	321	1	33962.8	31.59
27	13	964	63	4	422	183	47188.04	44.23
27	13	964	63	4	423	170	47532.61	44.86
27	13	964	63	4	425	62	51151.98	49.12
27	13	964	63	4	426	61	51805.67	50.42
27	13	964	63	4	428	176	35012.0	35.17
27	13	964	63	4	433	214	36574.12	33.52
27	13	964	63	4	440	251	35602.64	32.52
27	13	964	63	4	443	258	32178.08	30.0
27	13	964	63	4	445	134	27297.1	26.16
27	13	964	63	4	452	35	34161.96	30.81
27	13	964	63	4	453	87	31492.92	26.95
27	13	964	63	4	458	122	41962.52	37.66
27	13	964	63	4	463	98	45867.01	38.7
27	13	964	63	4	464	34	40821.65	36.26
27	13	964	63	4	465	33	37583.43	32.91
27	13	964	63	4	467	65	43999.14	39.65
27	13	964	63	4	470	111	36785.54	32.24
27	13	964	63	4	476	66	48451.72	44.12
27	13	964	63	4	477	67	43925.04	39.89
27	13	964	63	4	479	112	39625.23	35.08
27	13	964	63	4	480	160	39501.69	35.38
27	13	964	63	4	484	146	42020.77	38.26
27	13	964	63	4	485	145	43576.03	39.86
27	13	964	63	4	486	206	44982.0	42.14
27	13	964	63	4	492	59	43096.49	38.85
27	13	964	63	4	494	56	43329.97	39.46
27	13	964	63	4	497	123	55325.54	48.82
27	13	964	63	4	500	264	46901.78	42.53
27	13	964	63	4	501	166	50128.83	49.0
27	13	964	63	4	506	317	56356.92	55.63
27	13	964	63	5	520	1	29215.87	29.75
27	13	964	63	5	538	16	52845.53	48.89
27	13	964	63	5	567	66	43243.09	42.44
27	13	964	63	5	570	52	19688.61	17.92
27	13	964	63	5	573	20	23419.07	21.46
27	13	964	63	5	576	42	38465.24	37.57
27	13	964	63	5	581	25	35067.81	34.17
27	13	964	63	5	586	2	44919.14	44.84
27	13	964	63	5	587	41	38408.73	38.01
27	13	964	63	5	589	17	16337.13	16.14
27	13	964	63	5	590	58	33521.14	33.28
27	13	964	63	5	592	39	17729.2	17.6
27	13	964	63	5	601	4	48078.97	47.31
27	13	964	63	5	602	59	34387.55	34.31
27	13	964	63	6	615	1	27846.45	28.61
27	13	964	63	6	621	32	48602.35	46.0
27	13	964	63	6	631	28	22102.97	22.26
27	13	964	63	6	640	142	42789.67	40.61
27	13	964	63	6	642	44	41340.38	39.0
27	13	964	63	6	645	7	38291.66	36.31
27	13	964	63	6	654	24	31105.05	31.88
27	13	964	63	6	656	23	26126.98	23.21
27	13	964	63	6	663	16	47409.69	45.64
27	13	964	63	7	670	1	171231.92	129.67
27	13	964	63	7	678	9	174500.31	129.79
27	13	964	63	8	687	1	72541.68	67.06
27	13	964	63	8	702	98	130835.56	97.9
27	13	964	63	8	719	107	66138.06	60.45
27	13	964	63	8	721	108	71576.55	62.81
27	13	964	63	8	722	109	79859.02	67.84
27	13	964	63	8	724	84	57800.66	54.07
27	13	964	63	8	727	110	75600.59	67.15
27	13	964	63	8	729	111	70543.37	63.6
27	13	964	63	8	731	91	82686.72	70.79
27	13	964	63	8	738	18	67649.08	62.12
27	13	964	63	8	741	58	81249.21	73.56
27	13	964	63	8	747	47	74368.03	67.91
27	13	964	63	8	768	16	93993.94	83.27
27	13	964	63	9	783	1	81137.85	67.99
27	13	967	18	1	15	74	247925.07	192.65
27	13	967	18	1	6	1	214442.06	164.8
27	13	967	18	10	811	1	7940.16	8.28
27	13	967	18	10	822	23	11452.56	11.06
27	13	967	18	10	823	3	14527.99	14.12
27	13	967	18	10	825	36	7904.93	7.89
27	13	967	18	10	829	19	13916.17	13.55
27	13	967	18	10	834	5	25097.71	23.41
27	13	967	18	10	838	25	11064.93	10.63
27	13	967	18	10	840	21	11635.72	12.89
27	13	967	18	10	842	43	16686.6	16.08
27	13	967	18	11	847	1	152223.51	134.79
27	13	967	18	12	881	1	77896.75	65.89
27	13	967	18	12	895	91	88573.67	75.73
27	13	967	18	12	902	39	86461.62	73.55
27	13	967	18	12	913	18	81703.91	70.22
27	13	967	18	12	931	11	87229.62	76.36
27	13	967	18	12	933	16	75694.68	63.28
27	13	967	18	13	1134	25	22143.67	18.89
27	13	967	18	13	1136	88	25333.23	22.22
27	13	967	18	13	957	1	4343.64	6.02
27	13	967	18	13	964	63	431.87	0.43
27	13	967	18	13	971	13	7796.75	8.06
27	13	967	18	13	972	28	26281.85	22.79
27	13	967	18	13	980	24	16985.16	14.8
27	13	967	18	13	982	17	20631.9	18.87
27	13	967	18	13	984	27	27648.76	23.73
27	13	967	18	13	985	16	27234.34	23.25
27	13	967	18	13	986	80	30285.84	28.35
27	13	967	18	13	987	62	27704.93	23.74
27	13	967	18	14	1002	1	39663.28	37.4
27	13	967	18	14	1018	6	47538.74	42.55
27	13	967	18	14	1020	5	42962.5	40.42
27	13	967	18	14	1021	20	38537.85	35.35
27	13	967	18	14	1022	27	36817.89	33.85
27	13	967	18	14	1023	21	38178.81	35.04
27	13	967	18	14	1025	24	33415.24	31.44
27	13	967	18	14	1027	19	34568.33	32.61
27	13	967	18	14	1029	14	29219.43	28.04
27	13	967	18	15	1039	1	96470.41	80.55
27	13	967	18	15	1053	60	117017.95	95.28
27	13	967	18	16	1074	1	89159.66	80.54
27	13	967	18	16	1082	17	91041.36	81.71
27	13	967	18	17	1092	1	237064.38	185.15
27	13	967	18	2	100	13	82473.49	81.35
27	13	967	18	2	110	34	77980.42	70.21
27	13	967	18	2	114	29	125443.93	98.3
27	13	967	18	2	118	3	83365.33	74.99
27	13	967	18	2	120	30	70265.9	63.8
27	13	967	18	2	128	61	86406.36	78.28
27	13	967	18	2	130	123	59022.66	54.8
27	13	967	18	2	132	25	63039.01	57.82
27	13	967	18	2	134	4	69797.85	63.72
27	13	967	18	2	142	117	77145.47	69.85
27	13	967	18	2	144	96	63059.44	57.8
27	13	967	18	2	148	90	58790.37	54.13
27	13	967	18	2	149	82	44657.39	41.87
27	13	967	18	2	152	51	51342.89	47.38
27	13	967	18	2	154	10	62746.67	57.91
27	13	967	18	2	155	24	68029.78	62.05
27	13	967	18	2	157	73	77185.48	67.36
27	13	967	18	2	163	87	77458.36	66.46
27	13	967	18	2	74	1	58151.01	55.9
27	13	967	18	2	93	22	113200.14	111.2
27	13	967	18	3	173	1	92999.43	84.02
27	13	967	18	3	196	4	67320.51	58.0
27	13	967	18	3	208	15	49858.32	45.72
27	13	967	18	3	210	61	57404.04	56.13
27	13	967	18	3	213	35	68374.0	61.38
27	13	967	18	3	223	56	59460.71	54.43
27	13	967	18	4	1148	19	32579.75	28.4
27	13	967	18	4	321	1	33530.94	31.16
27	13	967	18	4	422	183	46756.18	43.8
27	13	967	18	4	423	170	47100.74	44.43
27	13	967	18	4	425	62	50720.11	48.68
27	13	967	18	4	426	61	51373.8	49.99
27	13	967	18	4	428	176	34580.13	34.74
27	13	967	18	4	433	214	36142.25	33.09
27	13	967	18	4	440	251	35170.78	32.09
27	13	967	18	4	443	258	31746.21	29.57
27	13	967	18	4	445	134	26865.24	25.73
27	13	967	18	4	452	35	33730.09	30.38
27	13	967	18	4	453	87	31061.06	26.52
27	13	967	18	4	458	122	41530.65	37.23
27	13	967	18	4	463	98	45435.14	38.27
27	13	967	18	4	464	34	40389.79	35.83
27	13	967	18	4	465	33	37151.57	32.48
27	13	967	18	4	467	65	43567.28	39.22
27	13	967	18	4	470	111	36353.67	31.81
27	13	967	18	4	476	66	48019.85	43.69
27	13	967	18	4	477	67	43493.18	39.46
27	13	967	18	4	479	112	39193.36	34.65
27	13	967	18	4	480	160	39069.82	34.95
27	13	967	18	4	484	146	41588.91	37.83
27	13	967	18	4	485	145	43144.16	39.43
27	13	967	18	4	486	206	44550.14	41.71
27	13	967	18	4	492	59	42664.63	38.42
27	13	967	18	4	494	56	42898.11	39.03
27	13	967	18	4	497	123	54893.67	48.39
27	13	967	18	4	500	264	46469.91	42.1
27	13	967	18	4	501	166	49696.96	48.57
27	13	967	18	4	506	317	55925.06	55.2
27	13	967	18	5	520	1	29647.73	30.18
27	13	967	18	5	538	16	53277.4	49.32
27	13	967	18	5	567	66	43674.96	42.87
27	13	967	18	5	570	52	20120.48	18.35
27	13	967	18	5	573	20	23850.93	21.89
27	13	967	18	5	576	42	38897.1	38.01
27	13	967	18	5	581	25	35499.68	34.6
27	13	967	18	5	586	2	45351.0	45.27
27	13	967	18	5	587	41	38840.6	38.44
27	13	967	18	5	589	17	16769.0	16.57
27	13	967	18	5	590	58	33953.01	33.71
27	13	967	18	5	592	39	18161.07	18.04
27	13	967	18	5	601	4	48510.84	47.74
27	13	967	18	5	602	59	34819.42	34.74
27	13	967	18	6	615	1	28278.32	29.04
27	13	967	18	6	621	32	49034.21	46.43
27	13	967	18	6	631	28	22534.84	22.7
27	13	967	18	6	640	142	43221.53	41.04
27	13	967	18	6	642	44	41772.25	39.43
27	13	967	18	6	645	7	38723.53	36.74
27	13	967	18	6	654	24	31536.92	32.31
27	13	967	18	6	656	23	25695.12	22.77
27	13	967	18	6	663	16	47841.56	46.08
27	13	967	18	7	670	1	170800.05	129.24
27	13	967	18	7	678	9	174068.45	129.36
27	13	967	18	8	687	1	72973.55	67.49
27	13	967	18	8	702	98	131267.43	98.33
27	13	967	18	8	719	107	66569.92	60.88
27	13	967	18	8	721	108	72008.42	63.24
27	13	967	18	8	722	109	80290.88	68.27
27	13	967	18	8	724	84	58232.53	54.5
27	13	967	18	8	727	110	76032.46	67.58
27	13	967	18	8	729	111	70975.23	64.04
27	13	967	18	8	731	91	83118.59	71.23
27	13	967	18	8	738	18	68080.95	62.55
27	13	967	18	8	741	58	81681.08	73.99
27	13	967	18	8	747	47	74799.9	68.34
27	13	967	18	8	768	16	94425.81	83.7
27	13	967	18	9	783	1	80705.98	67.55
27	13	971	13	1	15	74	243289.49	188.36
27	13	971	13	1	6	1	209806.49	160.5
27	13	971	13	10	811	1	10816.82	12.16
27	13	971	13	10	822	23	18204.89	17.83
27	13	971	13	10	823	3	20130.38	20.59
27	13	971	13	10	825	36	14657.26	14.67
27	13	971	13	10	829	19	19044.87	19.58
27	13	971	13	10	834	5	30226.41	29.44
27	13	971	13	10	838	25	14044.3	15.9
27	13	971	13	10	840	21	10300.65	11.84
27	13	971	13	10	842	43	16796.75	19.62
27	13	971	13	11	847	1	147587.93	130.5
27	13	971	13	12	881	1	73261.18	61.6
27	13	971	13	12	895	91	83938.09	71.44
27	13	971	13	12	902	39	81826.05	69.26
27	13	971	13	12	913	18	77068.33	65.93
27	13	971	13	12	931	11	82594.04	72.06
27	13	971	13	12	933	16	71059.1	58.99
27	13	971	13	13	1134	25	17508.1	14.59
27	13	971	13	13	1136	88	20697.65	17.92
27	13	971	13	13	957	1	4811.78	6.13
27	13	971	13	13	964	63	8228.62	8.49
27	13	971	13	13	967	18	7796.75	8.06
27	13	971	13	13	972	28	16336.76	16.35
27	13	971	13	13	980	24	12349.58	10.51
27	13	971	13	13	982	17	15996.33	14.58
27	13	971	13	13	984	27	23013.19	19.44
27	13	971	13	13	985	16	22598.76	18.95
27	13	971	13	13	986	80	25650.27	24.06
27	13	971	13	13	987	62	23069.36	19.44
27	13	971	13	14	1002	1	45337.63	44.02
27	13	971	13	14	1018	6	54291.08	49.32
27	13	971	13	14	1020	5	48636.85	47.04
27	13	971	13	14	1021	20	44212.2	41.97
27	13	971	13	14	1022	27	42492.24	40.48
27	13	971	13	14	1023	21	43853.16	41.66
27	13	971	13	14	1025	24	39089.59	38.06
27	13	971	13	14	1027	19	40242.68	39.23
27	13	971	13	14	1029	14	34893.78	34.66
27	13	971	13	15	1039	1	91834.84	76.26
27	13	971	13	15	1053	60	112382.38	90.98
27	13	971	13	16	1074	1	84524.09	76.25
27	13	971	13	16	1082	17	86405.79	77.42
27	13	971	13	17	1092	1	232428.81	180.86
27	13	971	13	2	100	13	87602.19	87.38
27	13	971	13	2	110	34	82642.92	76.12
27	13	971	13	2	114	29	127219.44	96.11
27	13	971	13	2	118	3	88027.84	80.9
27	13	971	13	2	120	30	74928.4	69.7
27	13	971	13	2	128	61	91068.87	84.19
27	13	971	13	2	130	123	63685.17	60.71
27	13	971	13	2	132	25	67701.52	63.73
27	13	971	13	2	134	4	74460.36	69.63
27	13	971	13	2	142	117	90300.58	74.63
27	13	971	13	2	144	96	67721.95	63.71
27	13	971	13	2	148	90	68972.68	58.63
27	13	971	13	2	149	82	49319.89	47.78
27	13	971	13	2	152	51	54534.39	47.2
27	13	971	13	2	154	10	65258.09	55.84
27	13	971	13	2	155	24	72217.77	59.95
27	13	971	13	2	157	73	78960.98	65.17
27	13	971	13	2	163	87	79233.87	64.28
27	13	971	13	2	74	1	59960.79	54.44
27	13	971	13	2	93	22	147652.6	114.16
27	13	971	13	3	173	1	83054.34	77.58
27	13	971	13	3	196	4	57375.42	51.55
27	13	971	13	3	208	15	56610.65	52.49
27	13	971	13	3	210	61	64156.37	62.91
27	13	971	13	3	213	35	58428.91	54.94
27	13	971	13	3	223	56	49515.62	47.98
27	13	971	13	4	1148	19	27944.18	24.11
27	13	971	13	4	321	1	28895.37	26.87
27	13	971	13	4	422	183	36811.08	37.36
27	13	971	13	4	423	170	37155.64	37.98
27	13	971	13	4	425	62	40775.02	42.24
27	13	971	13	4	426	61	41428.71	43.55
27	13	971	13	4	428	176	24635.04	28.29
27	13	971	13	4	433	214	24738.14	27.26
27	13	971	13	4	440	251	30535.2	27.8
27	13	971	13	4	443	258	27110.64	25.28
27	13	971	13	4	445	134	22229.66	21.43
27	13	971	13	4	452	35	29094.52	26.08
27	13	971	13	4	453	87	26425.48	22.23
27	13	971	13	4	458	122	36895.08	32.94
27	13	971	13	4	463	98	40799.57	33.98
27	13	971	13	4	464	34	35754.21	31.54
27	13	971	13	4	465	33	32516.0	28.19
27	13	971	13	4	467	65	38931.71	34.93
27	13	971	13	4	470	111	31718.1	27.52
27	13	971	13	4	476	66	43384.28	39.4
27	13	971	13	4	477	67	38857.6	35.16
27	13	971	13	4	479	112	34557.79	30.35
27	13	971	13	4	480	160	34434.25	30.66
27	13	971	13	4	484	146	36953.33	33.53
27	13	971	13	4	485	145	38508.59	35.13
27	13	971	13	4	486	206	39914.57	37.42
27	13	971	13	4	492	59	38029.06	34.13
27	13	971	13	4	494	56	38262.53	34.74
27	13	971	13	4	497	123	50258.1	44.1
27	13	971	13	4	500	264	41834.34	37.81
27	13	971	13	4	501	166	45061.39	44.27
27	13	971	13	4	506	317	51289.48	50.9
27	13	971	13	5	520	1	35322.08	36.8
27	13	971	13	5	538	16	58951.75	55.94
27	13	971	13	5	567	66	48803.66	48.9
27	13	971	13	5	570	52	26872.81	25.12
27	13	971	13	5	573	20	29525.28	28.51
27	13	971	13	5	576	42	44025.8	44.04
27	13	971	13	5	581	25	40628.38	40.63
27	13	971	13	5	586	2	50479.7	51.3
27	13	971	13	5	587	41	43969.3	44.47
27	13	971	13	5	589	17	22371.38	23.05
27	13	971	13	5	590	58	39081.71	39.74
27	13	971	13	5	592	39	23763.45	24.51
27	13	971	13	5	601	4	53639.54	53.77
27	13	971	13	5	602	59	39948.12	40.77
27	13	971	13	6	615	1	31941.23	29.4
27	13	971	13	6	621	32	53696.72	52.34
27	13	971	13	6	631	28	27197.35	28.61
27	13	971	13	6	640	142	53342.76	46.83
27	13	971	13	6	642	44	51893.48	45.21
27	13	971	13	6	645	7	43386.03	42.65
27	13	971	13	6	654	24	35824.34	32.54
27	13	971	13	6	656	23	21059.54	18.48
27	13	971	13	6	663	16	49163.57	42.51
27	13	971	13	7	670	1	166164.48	124.95
27	13	971	13	7	678	9	169432.87	125.06
27	13	971	13	8	687	1	74295.56	63.92
27	13	971	13	8	702	98	133042.94	96.14
27	13	971	13	8	719	107	68345.43	58.69
27	13	971	13	8	721	108	73783.93	61.05
27	13	971	13	8	722	109	82066.39	66.08
27	13	971	13	8	724	84	60042.31	53.04
27	13	971	13	8	727	110	77807.96	65.4
27	13	971	13	8	729	111	72750.74	61.85
27	13	971	13	8	731	91	84894.09	69.04
27	13	971	13	8	738	18	69402.96	58.98
27	13	971	13	8	741	58	83003.09	70.42
27	13	971	13	8	747	47	76121.91	64.77
27	13	971	13	8	768	16	95747.81	80.13
27	13	971	13	9	783	1	76070.41	63.26
27	13	972	28	1	15	74	240700.92	184.93
27	13	972	28	1	6	1	207217.92	157.07
27	13	972	28	10	811	1	29273.33	26.81
27	13	972	28	10	822	23	36661.41	32.47
27	13	972	28	10	823	3	38586.89	35.23
27	13	972	28	10	825	36	33113.78	29.31
27	13	972	28	10	829	19	37501.39	34.23
27	13	972	28	10	834	5	47463.43	43.54
27	13	972	28	10	838	25	32500.82	30.55
27	13	972	28	10	840	21	24418.76	21.96
27	13	972	28	10	842	43	30914.87	29.75
27	13	972	28	11	847	1	144999.36	127.07
27	13	972	28	12	881	1	70672.6	58.17
27	13	972	28	12	895	91	81349.52	68.01
27	13	972	28	12	902	39	79237.47	65.83
27	13	972	28	12	913	18	74479.76	62.49
27	13	972	28	12	931	11	80005.47	68.63
27	13	972	28	12	933	16	68470.53	55.56
27	13	972	28	13	1134	25	15060.66	12.53
27	13	972	28	13	1136	88	18250.22	15.86
27	13	972	28	13	957	1	22145.69	20.24
27	13	972	28	13	964	63	26685.14	23.14
27	13	972	28	13	967	18	26253.27	22.71
27	13	972	28	13	971	13	16336.76	16.35
27	13	972	28	13	980	24	9902.14	8.45
27	13	972	28	13	982	17	14433.92	13.28
27	13	972	28	13	984	27	17592.55	15.08
27	13	972	28	13	985	16	20151.33	16.89
27	13	972	28	13	986	80	23202.83	22.0
27	13	972	28	13	987	62	20621.92	17.38
27	13	972	28	14	1002	1	63794.14	58.66
27	13	972	28	14	1018	6	72747.59	63.97
27	13	972	28	14	1020	5	67093.36	61.69
27	13	972	28	14	1021	20	62668.71	56.61
27	13	972	28	14	1022	27	60948.75	55.12
27	13	972	28	14	1023	21	62309.67	56.31
27	13	972	28	14	1025	24	57546.1	52.7
27	13	972	28	14	1027	19	58699.2	53.88
27	13	972	28	14	1029	14	53350.29	49.31
27	13	972	28	15	1039	1	89246.27	72.83
27	13	972	28	15	1053	60	109793.8	87.55
27	13	972	28	16	1074	1	82076.65	74.19
27	13	972	28	16	1082	17	83958.35	75.36
27	13	972	28	17	1092	1	229840.24	177.43
27	13	972	28	2	100	13	120285.31	95.67
27	13	972	28	2	110	34	104747.08	82.7
27	13	972	28	2	114	29	135131.3	98.63
27	13	972	28	2	118	3	110528.72	87.15
27	13	972	28	2	120	30	97032.56	76.28
27	13	972	28	2	128	61	113457.03	88.77
27	13	972	28	2	130	123	85784.18	69.25
27	13	972	28	2	132	25	89805.68	70.31
27	13	972	28	2	134	4	96549.55	75.88
27	13	972	28	2	142	117	98212.44	77.14
27	13	972	28	2	144	96	85118.82	66.75
27	13	972	28	2	148	90	76884.54	61.15
27	13	972	28	2	149	82	66643.64	57.76
27	13	972	28	2	152	51	67099.35	53.32
27	13	972	28	2	154	10	73169.95	58.36
27	13	972	28	2	155	24	80129.63	62.46
27	13	972	28	2	157	73	86872.84	67.69
27	13	972	28	2	163	87	87145.73	66.79
27	13	972	28	2	74	1	67872.65	56.96
27	13	972	28	2	93	22	155564.46	116.68
27	13	972	28	3	173	1	66717.58	61.23
27	13	972	28	3	196	4	41038.66	35.2
27	13	972	28	3	208	15	53741.04	55.77
27	13	972	28	3	210	61	47526.61	46.67
27	13	972	28	3	213	35	42092.15	38.59
27	13	972	28	3	223	56	33178.86	31.63
27	13	972	28	4	1148	19	25496.74	22.05
27	13	972	28	4	321	1	26447.93	24.81
27	13	972	28	4	422	183	20474.33	21.01
27	13	972	28	4	423	170	20818.89	21.63
27	13	972	28	4	425	62	24438.26	25.89
27	13	972	28	4	426	61	25091.95	27.2
27	13	972	28	4	428	176	8298.28	11.95
27	13	972	28	4	433	214	8401.38	10.91
27	13	972	28	4	440	251	11470.44	13.51
27	13	972	28	4	443	258	16181.39	17.1
27	13	972	28	4	445	134	19641.09	18.0
27	13	972	28	4	452	35	26647.08	24.02
27	13	972	28	4	453	87	23978.05	20.17
27	13	972	28	4	458	122	34447.64	30.88
27	13	972	28	4	463	98	38352.13	31.92
27	13	972	28	4	464	34	33306.77	29.48
27	13	972	28	4	465	33	30068.56	26.12
27	13	972	28	4	467	65	36484.27	32.87
27	13	972	28	4	470	111	29270.66	25.46
27	13	972	28	4	476	66	40936.84	37.34
27	13	972	28	4	477	67	36410.16	33.1
27	13	972	28	4	479	112	32110.35	28.29
27	13	972	28	4	480	160	31986.81	28.6
27	13	972	28	4	484	146	34505.89	31.47
27	13	972	28	4	485	145	36061.15	33.07
27	13	972	28	4	486	206	37467.13	35.36
27	13	972	28	4	492	59	35581.62	32.07
27	13	972	28	4	494	56	35815.09	32.68
27	13	972	28	4	497	123	47810.66	42.04
27	13	972	28	4	500	264	39386.9	35.75
27	13	972	28	4	501	166	42613.95	42.21
27	13	972	28	4	506	317	48842.04	48.84
27	13	972	28	5	520	1	53778.6	51.44
27	13	972	28	5	538	16	77408.26	70.58
27	13	972	28	5	567	66	67260.17	63.54
27	13	972	28	5	570	52	45329.33	39.77
27	13	972	28	5	573	20	47981.8	43.15
27	13	972	28	5	576	42	62482.32	58.68
27	13	972	28	5	581	25	59084.89	55.27
27	13	972	28	5	586	2	68936.22	65.94
27	13	972	28	5	587	41	62425.81	59.12
27	13	972	28	5	589	17	40827.9	37.69
27	13	972	28	5	590	58	57538.22	54.38
27	13	972	28	5	592	39	42219.97	39.15
27	13	972	28	5	601	4	72649.17	66.97
27	13	972	28	5	602	59	58404.63	55.41
27	13	972	28	6	615	1	43538.99	38.4
27	13	972	28	6	621	32	68252.59	63.43
27	13	972	28	6	631	28	42241.05	41.1
27	13	972	28	6	640	142	64940.52	55.83
27	13	972	28	6	642	44	63491.24	54.21
27	13	972	28	6	645	7	57941.91	53.74
27	13	972	28	6	654	24	47422.1	41.54
27	13	972	28	6	656	23	32657.3	27.48
27	13	972	28	6	663	16	54378.65	45.02
27	13	972	28	7	670	1	163575.91	121.52
27	13	972	28	7	678	9	166844.3	121.63
27	13	972	28	8	687	1	82207.42	66.44
27	13	972	28	8	702	98	140954.8	98.66
27	13	972	28	8	719	107	76257.29	61.21
27	13	972	28	8	721	108	81695.79	63.57
27	13	972	28	8	722	109	89978.25	68.6
27	13	972	28	8	724	84	67954.17	55.56
27	13	972	28	8	727	110	85719.82	67.91
27	13	972	28	8	729	111	80662.6	64.37
27	13	972	28	8	731	91	92805.95	71.55
27	13	972	28	8	738	18	77314.82	61.5
27	13	972	28	8	741	58	90914.95	72.94
27	13	972	28	8	747	47	84033.77	67.29
27	13	972	28	8	768	16	103659.68	82.65
27	13	972	28	9	783	1	73481.83	59.83
27	13	980	24	1	15	74	230939.91	177.85
27	13	980	24	1	6	1	197456.91	150.0
27	13	980	24	10	811	1	19976.64	18.81
27	13	980	24	10	822	23	27364.71	24.48
27	13	980	24	10	823	3	29290.2	27.24
27	13	980	24	10	825	36	23817.08	21.32
27	13	980	24	10	829	19	28204.69	26.24
27	13	980	24	10	834	5	38166.73	35.54
27	13	980	24	10	838	25	23204.12	22.55
27	13	980	24	10	840	21	15122.07	13.97
27	13	980	24	10	842	43	21618.18	21.76
27	13	980	24	11	847	1	135238.35	119.99
27	13	980	24	12	881	1	60911.59	51.09
27	13	980	24	12	895	91	71588.51	60.93
27	13	980	24	12	902	39	69476.46	58.75
27	13	980	24	12	913	18	64718.75	55.42
27	13	980	24	12	931	11	70244.46	61.56
27	13	980	24	12	933	16	58709.52	48.48
27	13	980	24	13	1134	25	5158.51	4.09
27	13	980	24	13	1136	88	8348.07	7.42
27	13	980	24	13	957	1	12848.99	12.25
27	13	980	24	13	964	63	17388.44	15.15
27	13	980	24	13	967	18	16956.57	14.71
27	13	980	24	13	971	13	12349.58	10.51
27	13	980	24	13	972	28	9902.14	8.45
27	13	980	24	13	982	17	5137.23	5.29
27	13	980	24	13	984	27	10663.6	8.93
27	13	980	24	13	985	16	10249.18	8.45
27	13	980	24	13	986	80	13300.68	13.55
27	13	980	24	13	987	62	10719.78	8.94
27	13	980	24	14	1002	1	54497.45	50.67
27	13	980	24	14	1018	6	63450.9	55.97
27	13	980	24	14	1020	5	57796.67	53.69
27	13	980	24	14	1021	20	53372.02	48.62
27	13	980	24	14	1022	27	51652.06	47.13
27	13	980	24	14	1023	21	53012.98	48.32
27	13	980	24	14	1025	24	48249.41	44.71
27	13	980	24	14	1027	19	49402.5	45.89
27	13	980	24	14	1029	14	44053.6	41.32
27	13	980	24	15	1039	1	79485.26	65.75
27	13	980	24	15	1053	60	100032.8	80.48
27	13	980	24	16	1074	1	72174.51	65.74
27	13	980	24	16	1082	17	74056.21	66.91
27	13	980	24	17	1092	1	220079.23	170.35
27	13	980	24	2	100	13	110383.16	87.22
27	13	980	24	2	110	34	94844.94	74.25
27	13	980	24	2	114	29	125229.15	90.18
27	13	980	24	2	118	3	100626.57	78.7
27	13	980	24	2	120	30	87130.42	67.84
27	13	980	24	2	128	61	103554.89	80.33
27	13	980	24	2	130	123	75882.04	60.8
27	13	980	24	2	132	25	79903.53	61.87
27	13	980	24	2	134	4	86647.41	67.43
27	13	980	24	2	142	117	88310.29	68.7
27	13	980	24	2	144	96	75216.68	58.3
27	13	980	24	2	148	90	66982.4	52.7
27	13	980	24	2	149	82	57346.94	49.77
27	13	980	24	2	152	51	57197.21	44.87
27	13	980	24	2	154	10	63267.81	49.91
27	13	980	24	2	155	24	70227.49	54.02
27	13	980	24	2	157	73	76970.7	59.24
27	13	980	24	2	163	87	77243.59	58.35
27	13	980	24	2	74	1	57970.51	48.51
27	13	980	24	2	93	22	145662.31	108.24
27	13	980	24	3	173	1	76619.72	69.68
27	13	980	24	3	196	4	50940.81	43.65
27	13	980	24	3	208	15	65770.47	59.14
27	13	980	24	3	210	61	57428.76	55.12
27	13	980	24	3	213	35	51994.3	47.04
27	13	980	24	3	223	56	43081.01	40.08
27	13	980	24	4	1148	19	15594.6	13.6
27	13	980	24	4	321	1	16545.78	16.36
27	13	980	24	4	422	183	30376.47	29.46
27	13	980	24	4	423	170	30721.03	30.08
27	13	980	24	4	425	62	34340.41	34.34
27	13	980	24	4	426	61	34994.09	35.64
27	13	980	24	4	428	176	18200.43	20.39
27	13	980	24	4	433	214	19157.09	18.29
27	13	980	24	4	440	251	18185.62	17.29
27	13	980	24	4	443	258	14761.06	14.77
27	13	980	24	4	445	134	9880.08	10.93
27	13	980	24	4	452	35	16744.94	15.58
27	13	980	24	4	453	87	14075.9	11.72
27	13	980	24	4	458	122	24545.49	22.43
27	13	980	24	4	463	98	28449.99	23.47
27	13	980	24	4	464	34	23404.63	21.03
27	13	980	24	4	465	33	20166.41	17.68
27	13	980	24	4	467	65	26582.12	24.42
27	13	980	24	4	470	111	19368.52	17.01
27	13	980	24	4	476	66	31034.7	28.89
27	13	980	24	4	477	67	26508.02	24.65
27	13	980	24	4	479	112	22208.2	19.85
27	13	980	24	4	480	160	22084.67	20.15
27	13	980	24	4	484	146	24603.75	23.03
27	13	980	24	4	485	145	26159.01	24.63
27	13	980	24	4	486	206	27564.98	26.91
27	13	980	24	4	492	59	25679.47	23.62
27	13	980	24	4	494	56	25912.95	24.23
27	13	980	24	4	497	123	37908.51	33.59
27	13	980	24	4	500	264	29484.76	27.3
27	13	980	24	4	501	166	32711.8	33.77
27	13	980	24	4	506	317	38939.9	40.4
27	13	980	24	5	520	1	44481.9	43.45
27	13	980	24	5	538	16	68111.57	62.59
27	13	980	24	5	567	66	57963.48	55.55
27	13	980	24	5	570	52	36032.63	31.77
27	13	980	24	5	573	20	38685.1	35.16
27	13	980	24	5	576	42	53185.62	50.69
27	13	980	24	5	581	25	49788.2	47.28
27	13	980	24	5	586	2	59639.52	57.95
27	13	980	24	5	587	41	53129.12	51.12
27	13	980	24	5	589	17	31531.2	29.7
27	13	980	24	5	590	58	48241.53	46.39
27	13	980	24	5	592	39	32923.27	31.16
27	13	980	24	5	601	4	63352.48	58.98
27	13	980	24	5	602	59	49107.94	47.42
27	13	980	24	6	615	1	34242.3	30.41
27	13	980	24	6	621	32	58955.9	55.44
27	13	980	24	6	631	28	32944.36	33.11
27	13	980	24	6	640	142	55643.83	47.84
27	13	980	24	6	642	44	54194.54	46.22
27	13	980	24	6	645	7	48645.21	45.75
27	13	980	24	6	654	24	38125.41	33.54
27	13	980	24	6	656	23	23360.61	19.49
27	13	980	24	6	663	16	44476.5	36.57
27	13	980	24	7	670	1	153814.9	114.44
27	13	980	24	7	678	9	157083.29	114.56
27	13	980	24	8	687	1	72305.27	57.99
27	13	980	24	8	702	98	131052.65	90.21
27	13	980	24	8	719	107	66355.15	52.76
27	13	980	24	8	721	108	71793.64	55.13
27	13	980	24	8	722	109	80076.1	60.15
27	13	980	24	8	724	84	58052.03	47.12
27	13	980	24	8	727	110	75817.68	59.47
27	13	980	24	8	729	111	70760.46	55.92
27	13	980	24	8	731	91	82903.81	63.11
27	13	980	24	8	738	18	67412.68	53.05
27	13	980	24	8	741	58	81012.8	64.49
27	13	980	24	8	747	47	74131.63	58.84
27	13	980	24	8	768	16	93757.53	74.2
27	13	980	24	9	783	1	63720.82	52.75
27	13	982	17	1	15	74	232126.55	179.88
27	13	982	17	1	6	1	198643.54	152.03
27	13	982	17	10	811	1	23623.38	22.89
27	13	982	17	10	822	23	31011.45	28.55
27	13	982	17	10	823	3	32936.94	31.32
27	13	982	17	10	825	36	27463.82	25.39
27	13	982	17	10	829	19	31851.44	30.31
27	13	982	17	10	834	5	41813.48	39.62
27	13	982	17	10	838	25	26850.87	26.63
27	13	982	17	10	840	21	18768.81	18.04
27	13	982	17	10	842	43	25264.92	25.83
27	13	982	17	11	847	1	136424.98	122.02
27	13	982	17	12	881	1	62098.23	53.12
27	13	982	17	12	895	91	72775.14	62.96
27	13	982	17	12	902	39	70663.1	60.78
27	13	982	17	12	913	18	65905.39	57.45
27	13	982	17	12	931	11	71431.09	63.59
27	13	982	17	12	933	16	59896.16	50.51
27	13	982	17	13	1134	25	5114.83	5.67
27	13	982	17	13	1136	88	8447.3	9.12
27	13	982	17	13	957	1	16495.73	16.32
27	13	982	17	13	964	63	21035.18	19.22
27	13	982	17	13	967	18	20603.32	18.79
27	13	982	17	13	971	13	15996.33	14.58
27	13	982	17	13	972	28	14433.92	13.28
27	13	982	17	13	980	24	5137.23	5.29
27	13	982	17	13	984	27	10762.84	10.64
27	13	982	17	13	985	16	10205.5	10.03
27	13	982	17	13	986	80	13257.0	15.13
27	13	982	17	13	987	62	10676.09	10.52
27	13	982	17	14	1002	1	58144.19	54.75
27	13	982	17	14	1018	6	67097.64	60.05
27	13	982	17	14	1020	5	61443.41	57.77
27	13	982	17	14	1021	20	57018.76	52.7
27	13	982	17	14	1022	27	55298.8	51.2
27	13	982	17	14	1023	21	56659.72	52.39
27	13	982	17	14	1025	24	51896.15	48.78
27	13	982	17	14	1027	19	53049.24	49.96
27	13	982	17	14	1029	14	47700.34	45.39
27	13	982	17	15	1039	1	80671.89	67.78
27	13	982	17	15	1053	60	101219.43	82.5
27	13	982	17	16	1074	1	72130.82	67.32
27	13	982	17	16	1082	17	74012.52	68.49
27	13	982	17	17	1092	1	221265.86	172.38
27	13	982	17	2	100	13	112781.67	90.69
27	13	982	17	2	110	34	97243.44	77.72
27	13	982	17	2	114	29	127627.66	93.65
27	13	982	17	2	118	3	103025.08	82.17
27	13	982	17	2	120	30	89528.92	71.3
27	13	982	17	2	128	61	105953.39	83.79
27	13	982	17	2	130	123	78280.54	64.27
27	13	982	17	2	132	25	82302.04	65.33
27	13	982	17	2	134	4	89045.91	70.89
27	13	982	17	2	142	117	90708.8	72.16
27	13	982	17	2	144	96	77615.18	61.77
27	13	982	17	2	148	90	69380.9	56.17
27	13	982	17	2	149	82	60993.68	53.84
27	13	982	17	2	152	51	59595.71	48.33
27	13	982	17	2	154	10	65666.32	53.38
27	13	982	17	2	155	24	72625.99	57.48
27	13	982	17	2	157	73	79369.2	62.71
27	13	982	17	2	163	87	79642.09	61.81
27	13	982	17	2	74	1	60369.01	51.98
27	13	982	17	2	93	22	148060.82	111.7
27	13	982	17	3	173	1	81151.5	74.51
27	13	982	17	3	196	4	55472.58	48.49
27	13	982	17	3	208	15	69417.21	63.21
27	13	982	17	3	210	61	61960.54	59.96
27	13	982	17	3	213	35	56526.07	51.88
27	13	982	17	3	223	56	47612.78	44.92
27	13	982	17	4	1148	19	15693.83	15.3
27	13	982	17	4	321	1	16502.1	17.94
27	13	982	17	4	422	183	34908.25	34.29
27	13	982	17	4	423	170	30284.17	34.02
27	13	982	17	4	425	62	38872.18	39.18
27	13	982	17	4	426	61	33345.78	40.19
27	13	982	17	4	428	176	22707.66	24.06
27	13	982	17	4	433	214	21555.6	21.76
27	13	982	17	4	440	251	20584.13	20.76
27	13	982	17	4	443	258	17159.56	18.24
27	13	982	17	4	445	134	12278.58	14.39
27	13	982	17	4	452	35	16701.25	17.16
27	13	982	17	4	453	87	14032.22	13.3
27	13	982	17	4	458	122	24501.81	24.01
27	13	982	17	4	463	98	30848.49	26.94
27	13	982	17	4	464	34	23360.95	22.61
27	13	982	17	4	465	33	20122.73	19.26
27	13	982	17	4	467	65	26538.44	26.0
27	13	982	17	4	470	111	19324.83	18.59
27	13	982	17	4	476	66	30991.01	30.47
27	13	982	17	4	477	67	26464.34	26.23
27	13	982	17	4	479	112	22164.52	21.43
27	13	982	17	4	480	160	22040.98	21.73
27	13	982	17	4	484	146	24560.07	24.61
27	13	982	17	4	485	145	26115.32	26.21
27	13	982	17	4	486	206	27521.3	28.49
27	13	982	17	4	492	59	25635.79	25.2
27	13	982	17	4	494	56	25869.27	25.81
27	13	982	17	4	497	123	37864.83	35.17
27	13	982	17	4	500	264	29441.07	28.88
27	13	982	17	4	501	166	32668.12	35.35
27	13	982	17	4	506	317	38896.22	41.98
27	13	982	17	5	520	1	48128.64	47.52
27	13	982	17	5	538	16	71758.31	66.67
27	13	982	17	5	567	66	61610.22	59.63
27	13	982	17	5	570	52	39679.37	35.85
27	13	982	17	5	573	20	42331.84	39.23
27	13	982	17	5	576	42	56832.37	54.76
27	13	982	17	5	581	25	53434.94	51.36
27	13	982	17	5	586	2	63286.26	62.03
27	13	982	17	5	587	41	56775.86	55.2
27	13	982	17	5	589	17	35177.94	33.77
27	13	982	17	5	590	58	51888.27	50.46
27	13	982	17	5	592	39	36570.01	35.24
27	13	982	17	5	601	4	66999.22	63.06
27	13	982	17	5	602	59	52754.68	51.49
27	13	982	17	6	615	1	37889.04	34.48
27	13	982	17	6	621	32	62602.64	59.51
27	13	982	17	6	631	28	36591.1	37.18
27	13	982	17	6	640	142	59290.57	51.91
27	13	982	17	6	642	44	57841.28	50.3
27	13	982	17	6	645	7	52291.96	49.82
27	13	982	17	6	654	24	41772.15	37.62
27	13	982	17	6	656	23	27007.35	23.56
27	13	982	17	6	663	16	46875.01	40.03
27	13	982	17	7	670	1	155001.53	116.47
27	13	982	17	7	678	9	158269.92	116.59
27	13	982	17	8	687	1	74703.78	61.46
27	13	982	17	8	702	98	133451.16	93.68
27	13	982	17	8	719	107	68753.65	56.23
27	13	982	17	8	721	108	74192.15	58.59
27	13	982	17	8	722	109	82474.61	63.62
27	13	982	17	8	724	84	60450.53	50.58
27	13	982	17	8	727	110	78216.18	62.93
27	13	982	17	8	729	111	73158.96	59.38
27	13	982	17	8	731	91	85302.32	66.57
27	13	982	17	8	738	18	69811.18	56.52
27	13	982	17	8	741	58	83411.31	67.96
27	13	982	17	8	747	47	76530.13	62.31
27	13	982	17	8	768	16	96156.04	77.67
27	13	982	17	9	783	1	64907.46	54.78
27	13	984	27	1	15	74	223861.92	171.74
27	13	984	27	1	6	1	190378.92	143.88
27	13	984	27	10	811	1	30631.67	27.66
27	13	984	27	10	822	23	38019.74	33.32
27	13	984	27	10	823	3	39945.23	36.08
27	13	984	27	10	825	36	34472.11	30.16
27	13	984	27	10	829	19	38859.73	35.08
27	13	984	27	10	834	5	52073.38	42.4
27	13	984	27	10	838	25	33859.16	31.39
27	13	984	27	10	840	21	25777.1	22.81
27	13	984	27	10	842	43	32273.21	30.6
27	13	984	27	11	847	1	128160.36	113.88
27	13	984	27	12	881	1	53833.6	44.98
27	13	984	27	12	895	91	64510.52	54.82
27	13	984	27	12	902	39	62398.47	52.64
27	13	984	27	12	913	18	57640.76	49.31
27	13	984	27	12	931	11	63166.47	55.45
27	13	984	27	12	933	16	51631.53	42.37
27	13	984	27	13	1134	25	7150.48	6.26
27	13	984	27	13	1136	88	5419.36	5.45
27	13	984	27	13	957	1	23504.03	21.09
27	13	984	27	13	964	63	28043.47	23.99
27	13	984	27	13	967	18	27611.61	23.56
27	13	984	27	13	971	13	23004.62	19.35
27	13	984	27	13	972	28	17592.55	15.08
27	13	984	27	13	980	24	10655.03	8.84
27	13	984	27	13	982	17	10754.27	10.54
27	13	984	27	13	985	16	7480.32	7.19
27	13	984	27	13	986	80	10430.92	11.47
27	13	984	27	13	987	62	6775.35	7.18
27	13	984	27	14	1002	1	65152.48	59.51
27	13	984	27	14	1018	6	74105.93	64.82
27	13	984	27	14	1020	5	68451.7	62.53
27	13	984	27	14	1021	20	64027.05	57.46
27	13	984	27	14	1022	27	62307.09	55.97
27	13	984	27	14	1023	21	63668.01	57.16
27	13	984	27	14	1025	24	58904.44	53.55
27	13	984	27	14	1027	19	60057.53	54.73
27	13	984	27	14	1029	14	54708.63	50.16
27	13	984	27	15	1039	1	72407.27	59.64
27	13	984	27	15	1053	60	92954.8	74.36
27	13	984	27	16	1074	1	65624.99	61.44
27	13	984	27	16	1082	17	67506.7	62.61
27	13	984	27	17	1092	1	213001.24	164.24
27	13	984	27	2	100	13	110489.44	88.44
27	13	984	27	2	110	34	94951.21	75.47
27	13	984	27	2	114	29	125335.43	91.4
27	13	984	27	2	118	3	100732.85	79.91
27	13	984	27	2	120	30	87236.69	69.05
27	13	984	27	2	128	61	103661.16	81.54
27	13	984	27	2	130	123	75988.31	62.02
27	13	984	27	2	132	25	80009.81	63.08
27	13	984	27	2	134	4	86753.68	68.64
27	13	984	27	2	142	117	88416.57	69.91
27	13	984	27	2	144	96	75322.95	59.51
27	13	984	27	2	148	90	67088.67	53.92
27	13	984	27	2	149	82	66083.69	52.93
27	13	984	27	2	152	51	57303.48	46.08
27	13	984	27	2	154	10	63374.09	51.13
27	13	984	27	2	155	24	70333.77	55.23
27	13	984	27	2	157	73	77076.97	60.46
27	13	984	27	2	163	87	77349.86	59.56
27	13	984	27	2	74	1	58076.78	49.72
27	13	984	27	2	93	22	145768.59	109.45
27	13	984	27	3	173	1	77412.99	67.66
27	13	984	27	3	196	4	51734.08	41.64
27	13	984	27	3	208	15	64436.46	62.21
27	13	984	27	3	210	61	58222.03	53.11
27	13	984	27	3	213	35	52787.57	45.03
27	13	984	27	3	223	56	43874.28	38.07
27	13	984	27	4	1148	19	7429.2	7.16
27	13	984	27	4	321	1	9968.26	11.88
27	13	984	27	4	422	183	31169.74	27.45
27	13	984	27	4	423	170	24259.6	26.19
27	13	984	27	4	425	62	28507.44	32.02
27	13	984	27	4	426	61	27321.2	32.36
27	13	984	27	4	428	176	16683.08	16.23
27	13	984	27	4	433	214	15531.02	13.92
27	13	984	27	4	440	251	14559.55	12.93
27	13	984	27	4	443	258	11134.99	10.4
27	13	984	27	4	445	134	6254.01	6.56
27	13	984	27	4	452	35	12415.47	13.49
27	13	984	27	4	453	87	9746.43	9.63
27	13	984	27	4	458	122	20216.03	20.34
27	13	984	27	4	463	98	28556.26	24.69
27	13	984	27	4	464	34	19075.16	18.94
27	13	984	27	4	465	33	15836.95	15.59
27	13	984	27	4	467	65	21971.28	21.75
27	13	984	27	4	470	111	14757.68	14.34
27	13	984	27	4	476	66	26423.86	26.22
27	13	984	27	4	477	67	21897.18	21.99
27	13	984	27	4	479	112	17597.36	17.18
27	13	984	27	4	480	160	17473.83	17.48
27	13	984	27	4	484	146	18054.24	18.72
27	13	984	27	4	485	145	19609.5	20.32
27	13	984	27	4	486	206	21015.47	22.61
27	13	984	27	4	492	59	21068.63	20.95
27	13	984	27	4	494	56	21302.11	21.56
27	13	984	27	4	497	123	33297.68	30.92
27	13	984	27	4	500	264	22935.24	23.0
27	13	984	27	4	501	166	26162.29	29.47
27	13	984	27	4	506	317	32390.39	36.1
27	13	984	27	5	520	1	55136.93	52.29
27	13	984	27	5	538	16	78766.6	71.43
27	13	984	27	5	567	66	68618.51	64.39
27	13	984	27	5	570	52	46687.66	40.62
27	13	984	27	5	573	20	49340.13	44.0
27	13	984	27	5	576	42	63840.66	59.53
27	13	984	27	5	581	25	60443.23	56.12
27	13	984	27	5	586	2	70294.56	66.79
27	13	984	27	5	587	41	63784.15	59.96
27	13	984	27	5	589	17	42186.24	38.54
27	13	984	27	5	590	58	58896.56	55.23
27	13	984	27	5	592	39	43578.31	40.0
27	13	984	27	5	601	4	74778.56	63.92
27	13	984	27	5	602	59	59762.97	56.26
27	13	984	27	6	615	1	41024.91	35.36
27	13	984	27	6	621	32	70381.99	60.37
27	13	984	27	6	631	28	43599.39	41.95
27	13	984	27	6	640	142	61263.75	52.23
27	13	984	27	6	642	44	59814.47	50.62
27	13	984	27	6	645	7	60071.3	50.68
27	13	984	27	6	654	24	43745.33	37.94
27	13	984	27	6	656	23	34015.64	28.33
27	13	984	27	6	663	16	44582.78	37.78
27	13	984	27	7	670	1	146736.91	108.33
27	13	984	27	7	678	9	150005.3	108.45
27	13	984	27	8	687	1	72411.55	59.21
27	13	984	27	8	702	98	131158.93	91.43
27	13	984	27	8	719	107	66461.42	53.98
27	13	984	27	8	721	108	71899.92	56.34
27	13	984	27	8	722	109	80182.38	61.36
27	13	984	27	8	724	84	58158.3	48.33
27	13	984	27	8	727	110	75923.96	60.68
27	13	984	27	8	729	111	70866.73	57.13
27	13	984	27	8	731	91	83010.09	64.32
27	13	984	27	8	738	18	67518.95	54.26
27	13	984	27	8	741	58	81119.08	65.7
27	13	984	27	8	747	47	74237.9	60.06
27	13	984	27	8	768	16	93863.81	75.42
27	13	984	27	9	783	1	56642.83	46.64
27	13	985	16	1	15	74	226454.85	174.45
27	13	985	16	1	6	1	192971.85	146.6
27	13	985	16	10	811	1	30225.82	27.26
27	13	985	16	10	822	23	37613.89	32.93
27	13	985	16	10	823	3	39539.38	35.69
27	13	985	16	10	825	36	34066.26	29.76
27	13	985	16	10	829	19	38453.87	34.68
27	13	985	16	10	834	5	46153.67	36.04
27	13	985	16	10	838	25	33453.31	31.0
27	13	985	16	10	840	21	25371.25	22.42
27	13	985	16	10	842	43	31867.36	30.2
27	13	985	16	11	847	1	130753.29	116.59
27	13	985	16	12	881	1	56426.54	47.69
27	13	985	16	12	895	91	67103.45	57.53
27	13	985	16	12	902	39	64991.4	55.35
27	13	985	16	12	913	18	60233.69	52.02
27	13	985	16	12	931	11	65759.4	58.16
27	13	985	16	12	933	16	54224.46	45.08
27	13	985	16	13	1134	25	5090.67	4.36
27	13	985	16	13	1136	88	6348.59	6.07
27	13	985	16	13	957	1	23098.17	20.69
27	13	985	16	13	964	63	27637.62	23.59
27	13	985	16	13	967	18	27205.76	23.16
27	13	985	16	13	971	13	22598.76	18.95
27	13	985	16	13	972	28	20151.33	16.89
27	13	985	16	13	980	24	10249.18	8.45
27	13	985	16	13	982	17	10205.5	10.03
27	13	985	16	13	984	27	7491.72	7.26
27	13	985	16	13	985	16	3740.09	3.2
27	13	985	16	13	986	80	3051.5	5.1
27	13	985	16	13	987	62	470.6	0.49
27	13	985	16	14	1002	1	64746.63	59.12
27	13	985	16	14	1018	6	73700.08	64.42
27	13	985	16	14	1020	5	68045.85	62.14
27	13	985	16	14	1021	20	63621.2	57.07
27	13	985	16	14	1022	27	61901.24	55.57
27	13	985	16	14	1023	21	63262.16	56.76
27	13	985	16	14	1025	24	58498.59	53.15
27	13	985	16	14	1027	19	67663.02	53.23
27	13	985	16	14	1029	14	54302.78	49.76
27	13	985	16	15	1039	1	62929.12	61.2
27	13	985	16	15	1053	60	83476.65	75.93
27	13	985	16	16	1074	1	61925.33	57.29
27	13	985	16	16	1082	17	63807.03	58.46
27	13	985	16	17	1092	1	215594.17	166.95
27	13	985	16	2	100	13	104569.72	82.08
27	13	985	16	2	110	34	89031.5	69.11
27	13	985	16	2	114	29	119415.72	85.04
27	13	985	16	2	118	3	94813.13	73.56
27	13	985	16	2	120	30	81316.98	62.69
27	13	985	16	2	128	61	97741.45	75.18
27	13	985	16	2	130	123	70068.6	55.66
27	13	985	16	2	132	25	74090.09	56.72
27	13	985	16	2	134	4	80833.97	62.29
27	13	985	16	2	142	117	82496.85	63.55
27	13	985	16	2	144	96	69403.24	53.16
27	13	985	16	2	148	90	61168.96	47.56
27	13	985	16	2	149	82	60163.98	46.58
27	13	985	16	2	152	51	51383.77	39.73
27	13	985	16	2	154	10	57454.37	44.77
27	13	985	16	2	155	24	64414.05	48.87
27	13	985	16	2	157	73	71157.26	54.1
27	13	985	16	2	163	87	71430.15	53.2
27	13	985	16	2	74	1	52157.07	43.37
27	13	985	16	2	93	22	139848.88	103.09
27	13	985	16	3	173	1	85171.89	74.48
27	13	985	16	3	196	4	59492.97	48.45
27	13	985	16	3	208	15	76019.65	67.59
27	13	985	16	3	210	61	65980.92	59.92
27	13	985	16	3	213	35	60546.46	51.84
27	13	985	16	3	223	56	51633.17	44.88
27	13	985	16	4	1148	19	12422.71	11.92
27	13	985	16	4	321	1	6296.6	7.92
27	13	985	16	4	422	183	38928.64	34.26
27	13	985	16	4	423	170	32018.49	33.0
27	13	985	16	4	425	62	36266.33	38.83
27	13	985	16	4	426	61	35080.09	39.17
27	13	985	16	4	428	176	24441.98	23.04
27	13	985	16	4	433	214	23289.92	20.74
27	13	985	16	4	440	251	22318.44	19.74
27	13	985	16	4	443	258	18893.88	17.22
27	13	985	16	4	445	134	14012.9	13.37
27	13	985	16	4	452	35	6495.76	7.13
27	13	985	16	4	453	87	3826.72	3.28
27	13	985	16	4	458	122	14296.31	13.99
27	13	985	16	4	463	98	22636.55	18.33
27	13	985	16	4	464	34	13155.45	12.58
27	13	985	16	4	465	33	9917.23	9.23
27	13	985	16	4	467	65	16332.94	15.98
27	13	985	16	4	470	111	9119.34	8.57
27	13	985	16	4	476	66	20785.52	20.45
27	13	985	16	4	477	67	16258.84	16.21
27	13	985	16	4	479	112	11959.02	11.4
27	13	985	16	4	480	160	11835.48	11.7
27	13	985	16	4	484	146	14354.57	14.58
27	13	985	16	4	485	145	15909.83	16.18
27	13	985	16	4	486	206	17315.8	18.46
27	13	985	16	4	492	59	15430.29	15.18
27	13	985	16	4	494	56	15663.77	15.78
27	13	985	16	4	497	123	27659.33	25.15
27	13	985	16	4	500	264	19235.58	18.85
27	13	985	16	4	501	166	22462.62	25.32
27	13	985	16	4	506	317	28690.72	31.95
27	13	985	16	5	520	1	58960.17	48.22
27	13	985	16	5	538	16	83210.52	67.6
27	13	985	16	5	567	66	70420.04	58.38
27	13	985	16	5	570	52	46281.81	40.22
27	13	985	16	5	573	20	48934.28	43.61
27	13	985	16	5	576	42	65642.19	53.51
27	13	985	16	5	581	25	62244.76	50.11
27	13	985	16	5	586	2	71847.06	60.63
27	13	985	16	5	587	41	65585.68	53.95
27	13	985	16	5	589	17	41780.38	38.15
27	13	985	16	5	590	58	60698.09	49.22
27	13	985	16	5	592	39	43172.45	39.61
27	13	985	16	5	601	4	68858.85	57.56
27	13	985	16	5	602	59	61564.5	50.25
27	13	985	16	6	615	1	35105.2	29.0
27	13	985	16	6	621	32	64462.27	54.01
27	13	985	16	6	631	28	44287.75	37.36
27	13	985	16	6	640	142	55344.04	45.88
27	13	985	16	6	642	44	53894.75	44.26
27	13	985	16	6	645	7	54151.59	44.33
27	13	985	16	6	654	24	37825.62	31.58
27	13	985	16	6	656	23	33609.79	27.93
27	13	985	16	6	663	16	38663.06	31.43
27	13	985	16	7	670	1	149329.84	111.04
27	13	985	16	7	678	9	152598.23	111.16
27	13	985	16	8	687	1	66491.83	52.85
27	13	985	16	8	702	98	125239.21	85.07
27	13	985	16	8	719	107	60541.71	47.62
27	13	985	16	8	721	108	65980.2	49.98
27	13	985	16	8	722	109	74262.67	55.01
27	13	985	16	8	724	84	52238.59	41.97
27	13	985	16	8	727	110	70004.24	54.32
27	13	985	16	8	729	111	64947.02	50.78
27	13	985	16	8	731	91	77090.37	57.96
27	13	985	16	8	738	18	61599.24	47.91
27	13	985	16	8	741	58	75199.36	59.35
27	13	985	16	8	747	47	68318.19	53.7
27	13	985	16	8	768	16	87944.09	69.06
27	13	985	16	9	783	1	46521.57	47.62
27	13	986	80	1	15	74	228244.3	177.08
27	13	986	80	1	6	1	194761.3	149.22
27	13	986	80	10	811	1	33277.32	32.36
27	13	986	80	10	822	23	40665.39	38.03
27	13	986	80	10	823	3	42590.88	40.79
27	13	986	80	10	825	36	37117.76	34.87
27	13	986	80	10	829	19	41505.37	39.78
27	13	986	80	10	834	5	40242.62	34.75
27	13	986	80	10	838	25	36504.81	36.1
27	13	986	80	10	840	21	28422.75	27.52
27	13	986	80	10	842	43	34918.86	35.3
27	13	986	80	11	847	1	132542.74	119.22
27	13	986	80	12	881	1	58215.99	50.32
27	13	986	80	12	895	91	68892.9	60.16
27	13	986	80	12	902	39	66780.86	57.98
27	13	986	80	12	913	18	62023.14	54.64
27	13	986	80	12	931	11	67548.85	60.78
27	13	986	80	12	933	16	56013.91	47.71
27	13	986	80	13	1134	25	8142.17	9.46
27	13	986	80	13	1136	88	9400.09	11.17
27	13	986	80	13	957	1	26149.67	25.8
27	13	986	80	13	964	63	30689.12	28.69
27	13	986	80	13	967	18	30257.26	28.26
27	13	986	80	13	971	13	25650.27	24.06
27	13	986	80	13	972	28	23202.83	22.0
27	13	986	80	13	980	24	13300.68	13.55
27	13	986	80	13	982	17	13257.0	15.13
27	13	986	80	13	984	27	11261.01	12.12
27	13	986	80	13	985	16	3051.5	5.1
27	13	986	80	13	986	80	2384.08	4.63
27	13	986	80	13	987	62	2580.9	4.61
27	13	986	80	14	1002	1	69396.1	58.29
27	13	986	80	14	1018	6	74796.62	63.8
27	13	986	80	14	1020	5	72695.32	61.31
27	13	986	80	14	1021	20	68270.67	56.24
27	13	986	80	14	1022	27	66550.71	54.74
27	13	986	80	14	1023	21	66410.91	55.89
27	13	986	80	14	1025	24	63148.06	52.32
27	13	986	80	14	1027	19	61751.97	51.94
27	13	986	80	14	1029	14	61651.84	51.44
27	13	986	80	15	1039	1	60559.66	63.27
27	13	986	80	15	1053	60	81107.19	77.99
27	13	986	80	16	1074	1	62418.68	59.06
27	13	986	80	16	1082	17	64300.38	60.23
27	13	986	80	17	1092	1	217383.62	169.58
27	13	986	80	2	100	13	102675.42	81.1
27	13	986	80	2	110	34	87137.19	68.13
27	13	986	80	2	114	29	117521.41	84.06
27	13	986	80	2	118	3	92918.83	72.58
27	13	986	80	2	120	30	79422.67	61.72
27	13	986	80	2	128	61	95847.14	74.21
27	13	986	80	2	130	123	68174.29	54.68
27	13	986	80	2	132	25	72195.79	55.75
27	13	986	80	2	134	4	78939.66	61.31
27	13	986	80	2	142	117	80602.55	62.58
27	13	986	80	2	144	96	67508.93	52.18
27	13	986	80	2	148	90	59274.65	46.58
27	13	986	80	2	149	82	58269.68	45.6
27	13	986	80	2	152	51	49489.46	38.75
27	13	986	80	2	154	10	55560.07	43.79
27	13	986	80	2	155	24	62519.75	47.9
27	13	986	80	2	157	73	69262.96	53.12
27	13	986	80	2	163	87	69535.84	52.23
27	13	986	80	2	74	1	50262.76	42.39
27	13	986	80	2	93	22	137954.57	102.12
27	13	986	80	3	173	1	87176.12	78.45
27	13	986	80	3	196	4	61497.2	52.43
27	13	986	80	3	208	15	79071.15	72.69
27	13	986	80	3	210	61	67985.16	63.9
27	13	986	80	3	213	35	62550.69	55.82
27	13	986	80	3	223	56	53637.4	48.86
27	13	986	80	4	1148	19	14426.95	15.9
27	13	986	80	4	321	1	8086.05	10.54
27	13	986	80	4	422	183	40932.87	38.23
27	13	986	80	4	423	170	34022.72	36.98
27	13	986	80	4	425	62	38270.56	42.81
27	13	986	80	4	426	61	37084.33	43.14
27	13	986	80	4	428	176	26446.21	27.01
27	13	986	80	4	433	214	25294.15	24.71
27	13	986	80	4	440	251	24322.68	23.71
27	13	986	80	4	443	258	20898.11	21.19
27	13	986	80	4	445	134	16017.14	17.35
27	13	986	80	4	452	35	2986.16	3.52
27	13	986	80	4	453	87	3971.46	4.3
27	13	986	80	4	458	122	12402.01	13.01
27	13	986	80	4	463	98	20742.24	17.35
27	13	986	80	4	464	34	11261.14	11.61
27	13	986	80	4	465	33	8022.93	8.26
27	13	986	80	4	467	65	16826.29	17.74
27	13	986	80	4	470	111	9612.69	10.33
27	13	986	80	4	476	66	21278.87	22.21
27	13	986	80	4	477	67	16752.19	17.98
27	13	986	80	4	479	112	12452.37	13.17
27	13	986	80	4	480	160	12328.84	13.47
27	13	986	80	4	484	146	14847.92	16.35
27	13	986	80	4	485	145	16403.18	17.95
27	13	986	80	4	486	206	17809.15	20.23
27	13	986	80	4	492	59	15923.64	16.94
27	13	986	80	4	494	56	16157.12	17.55
27	13	986	80	4	497	123	28152.68	26.91
27	13	986	80	4	500	264	19728.93	20.62
27	13	986	80	4	501	166	22955.97	27.09
27	13	986	80	4	506	317	29184.07	33.72
27	13	986	80	5	520	1	53049.12	46.93
27	13	986	80	5	538	16	77299.47	66.31
27	13	986	80	5	567	66	64508.99	57.09
27	13	986	80	5	570	52	49333.31	45.32
27	13	986	80	5	573	20	51411.07	44.63
27	13	986	80	5	576	42	59731.14	52.22
27	13	986	80	5	581	25	56333.71	48.82
27	13	986	80	5	586	2	65936.01	59.34
27	13	986	80	5	587	41	59674.63	52.66
27	13	986	80	5	589	17	44831.88	43.25
27	13	986	80	5	590	58	54787.04	47.93
27	13	986	80	5	592	39	46223.95	44.71
27	13	986	80	5	601	4	62947.8	56.27
27	13	986	80	5	602	59	55653.45	48.96
27	13	986	80	6	615	1	29194.15	27.71
27	13	986	80	6	621	32	58551.23	52.72
27	13	986	80	6	631	28	38376.7	36.07
27	13	986	80	6	640	142	49432.99	44.59
27	13	986	80	6	642	44	47983.7	42.97
27	13	986	80	6	645	7	48240.54	43.04
27	13	986	80	6	654	24	31914.57	30.29
27	13	986	80	6	656	23	31860.37	29.06
27	13	986	80	6	663	16	36768.76	30.45
27	13	986	80	7	670	1	151119.29	113.67
27	13	986	80	7	678	9	154387.68	113.78
27	13	986	80	8	687	1	64597.53	51.87
27	13	986	80	8	702	98	123344.91	84.09
27	13	986	80	8	719	107	58647.4	46.64
27	13	986	80	8	721	108	64085.9	49.01
27	13	986	80	8	722	109	72368.36	54.03
27	13	986	80	8	724	84	50344.28	41.0
27	13	986	80	8	727	110	68109.94	53.35
27	13	986	80	8	729	111	63052.71	49.8
27	13	986	80	8	731	91	75196.07	56.99
27	13	986	80	8	738	18	59704.93	46.93
27	13	986	80	8	741	58	73305.06	58.37
27	13	986	80	8	747	47	66423.88	52.72
27	13	986	80	8	768	16	86049.79	68.08
27	13	986	80	9	783	1	49250.34	49.97
27	13	987	62	1	15	74	226135.4	174.27
27	13	987	62	1	6	1	192652.4	146.41
27	13	987	62	10	811	1	30696.42	27.75
27	13	987	62	10	822	23	38084.49	33.42
27	13	987	62	10	823	3	40009.97	36.18
27	13	987	62	10	825	36	34536.86	30.25
27	13	987	62	10	829	19	38924.47	35.17
27	13	987	62	10	834	5	45834.21	35.85
27	13	987	62	10	838	25	33923.9	31.49
27	13	987	62	10	840	21	25841.85	22.9
27	13	987	62	10	842	43	32337.95	30.69
27	13	987	62	11	847	1	130433.84	116.41
27	13	987	62	12	881	1	56107.08	47.5
27	13	987	62	12	895	91	66784.0	57.35
27	13	987	62	12	902	39	64671.95	55.16
27	13	987	62	12	913	18	59914.24	51.83
27	13	987	62	12	931	11	65439.95	57.97
27	13	987	62	12	933	16	53905.01	44.9
27	13	987	62	13	1134	25	5561.27	4.85
27	13	987	62	13	1136	88	6819.19	6.56
27	13	987	62	13	957	1	23568.77	21.18
27	13	987	62	13	964	63	28108.22	24.08
27	13	987	62	13	967	18	27676.35	23.65
27	13	987	62	13	971	13	23069.36	19.44
27	13	987	62	13	972	28	20621.92	17.38
27	13	987	62	13	980	24	10719.78	8.94
27	13	987	62	13	982	17	10676.09	10.52
27	13	987	62	13	984	27	7241.43	7.57
27	13	987	62	13	985	16	470.6	0.49
27	13	987	62	13	986	80	2580.9	4.61
27	13	987	62	14	1002	1	74987.7	59.39
27	13	987	62	14	1018	6	80388.22	64.9
27	13	987	62	14	1020	5	78286.92	62.41
27	13	987	62	14	1021	20	73862.27	57.34
27	13	987	62	14	1022	27	72142.31	55.85
27	13	987	62	14	1023	21	72002.51	57.0
27	13	987	62	14	1025	24	68739.66	53.43
27	13	987	62	14	1027	19	67343.57	53.04
27	13	987	62	14	1029	14	54773.38	50.25
27	13	987	62	15	1039	1	62609.66	61.02
27	13	987	62	15	1053	60	83157.2	75.74
27	13	987	62	16	1074	1	61605.87	57.11
27	13	987	62	16	1082	17	63487.57	58.28
27	13	987	62	17	1092	1	215274.72	166.77
27	13	987	62	2	100	13	104250.27	81.89
27	13	987	62	2	110	34	88712.05	68.92
27	13	987	62	2	114	29	119096.26	84.85
27	13	987	62	2	118	3	94493.68	73.37
27	13	987	62	2	120	30	80997.53	62.51
27	13	987	62	2	128	61	97422.0	75.0
27	13	987	62	2	130	123	69749.15	55.47
27	13	987	62	2	132	25	73770.64	56.54
27	13	987	62	2	134	4	80514.52	62.1
27	13	987	62	2	142	117	82177.4	63.37
27	13	987	62	2	144	96	69083.79	52.97
27	13	987	62	2	148	90	60849.51	47.37
27	13	987	62	2	149	82	59844.53	46.39
27	13	987	62	2	152	51	51064.32	39.54
27	13	987	62	2	154	10	57134.92	44.58
27	13	987	62	2	155	24	64094.6	48.69
27	13	987	62	2	157	73	70837.81	53.91
27	13	987	62	2	163	87	71110.7	53.02
27	13	987	62	2	74	1	51837.62	43.18
27	13	987	62	2	93	22	139529.42	102.9
27	13	987	62	3	173	1	84921.59	74.79
27	13	987	62	3	196	4	59242.68	48.77
27	13	987	62	3	208	15	76490.24	68.08
27	13	987	62	3	210	61	65730.63	60.24
27	13	987	62	3	213	35	60296.17	52.16
27	13	987	62	3	223	56	51382.88	45.2
27	13	987	62	4	1148	19	12172.42	12.24
27	13	987	62	4	321	1	5977.15	7.73
27	13	987	62	4	422	183	38678.34	34.57
27	13	987	62	4	423	170	31768.2	33.32
27	13	987	62	4	425	62	36016.04	39.15
27	13	987	62	4	426	61	34829.8	39.49
27	13	987	62	4	428	176	24191.68	23.35
27	13	987	62	4	433	214	23039.62	21.05
27	13	987	62	4	440	251	22068.15	20.05
27	13	987	62	4	443	258	18643.59	17.53
27	13	987	62	4	445	134	13762.61	13.69
27	13	987	62	4	452	35	6176.3	6.94
27	13	987	62	4	453	87	3507.27	3.09
27	13	987	62	4	458	122	13976.86	13.8
27	13	987	62	4	463	98	22317.1	18.14
27	13	987	62	4	464	34	12836.0	12.4
27	13	987	62	4	465	33	9597.78	9.05
27	13	987	62	4	467	65	16013.49	15.79
27	13	987	62	4	470	111	8799.88	8.38
27	13	987	62	4	476	66	20466.06	20.26
27	13	987	62	4	477	67	15939.39	16.02
27	13	987	62	4	479	112	11639.57	11.22
27	13	987	62	4	480	160	11516.03	11.52
27	13	987	62	4	484	146	14035.12	14.39
27	13	987	62	4	485	145	15590.37	15.99
27	13	987	62	4	486	206	16996.35	18.28
27	13	987	62	4	492	59	15110.84	14.99
27	13	987	62	4	494	56	15344.32	15.6
27	13	987	62	4	497	123	27339.88	24.96
27	13	987	62	4	500	264	18916.12	18.67
27	13	987	62	4	501	166	22143.17	25.13
27	13	987	62	4	506	317	28371.27	31.76
27	13	987	62	5	520	1	58640.72	48.03
27	13	987	62	5	538	16	82891.07	67.41
27	13	987	62	5	567	66	70100.59	58.19
27	13	987	62	5	570	52	46752.41	40.71
27	13	987	62	5	573	20	49404.88	44.1
27	13	987	62	5	576	42	65322.73	53.33
27	13	987	62	5	581	25	61925.31	49.92
27	13	987	62	5	586	2	71527.61	60.44
27	13	987	62	5	587	41	65266.23	53.76
27	13	987	62	5	589	17	42250.98	38.64
27	13	987	62	5	590	58	60378.64	49.03
27	13	987	62	5	592	39	43643.05	40.1
27	13	987	62	5	601	4	68539.4	57.37
27	13	987	62	5	602	59	61245.05	50.06
27	13	987	62	6	615	1	34785.75	28.81
27	13	987	62	6	621	32	64142.82	53.83
27	13	987	62	6	631	28	43968.3	37.17
27	13	987	62	6	640	142	55024.59	45.69
27	13	987	62	6	642	44	53575.3	44.08
27	13	987	62	6	645	7	53832.14	44.14
27	13	987	62	6	654	24	37506.17	31.4
27	13	987	62	6	656	23	34080.39	28.42
27	13	987	62	6	663	16	38343.61	31.24
27	13	987	62	7	670	1	149010.39	110.85
27	13	987	62	7	678	9	152278.78	110.97
27	13	987	62	8	687	1	66172.38	52.66
27	13	987	62	8	702	98	124919.76	84.88
27	13	987	62	8	719	107	60222.26	47.43
27	13	987	62	8	721	108	65660.75	49.79
27	13	987	62	8	722	109	73943.21	54.82
27	13	987	62	8	724	84	51919.14	41.79
27	13	987	62	8	727	110	69684.79	54.14
27	13	987	62	8	729	111	64627.57	50.59
27	13	987	62	8	731	91	76770.92	57.78
27	13	987	62	8	738	18	61279.79	47.72
27	13	987	62	8	741	58	74879.91	59.16
27	13	987	62	8	747	47	67998.74	53.51
27	13	987	62	8	768	16	87624.64	68.87
27	13	987	62	9	783	1	46202.12	47.43
27	14	1002	1	1	15	74	296941.86	229.01
27	14	1002	1	1	6	1	263458.86	201.15
27	14	1002	1	10	811	1	35563.72	34.88
27	14	1002	1	10	822	23	30221.3	29.03
27	14	1002	1	10	823	3	27064.04	25.8
27	14	1002	1	10	825	36	33503.62	31.66
27	14	1002	1	10	829	19	30603.32	29.47
27	14	1002	1	10	834	5	34126.44	28.6
27	14	1002	1	10	838	25	35898.23	33.93
27	14	1002	1	10	840	21	43313.2	43.14
27	14	1002	1	10	842	43	40829.95	38.38
27	14	1002	1	11	847	1	201240.3	171.15
27	14	1002	1	12	881	1	126913.54	102.25
27	14	1002	1	12	895	91	137590.46	112.09
27	14	1002	1	12	902	39	135478.41	109.91
27	14	1002	1	12	913	18	130720.7	106.58
27	14	1002	1	12	931	11	136246.41	112.71
27	14	1002	1	12	933	16	124711.47	99.64
27	14	1002	1	13	1134	25	61431.26	57.06
27	14	1002	1	13	1136	88	64620.82	60.39
27	14	1002	1	13	957	1	41759.11	41.57
27	14	1002	1	13	964	63	40904.72	38.97
27	14	1002	1	13	967	18	41336.58	39.41
27	14	1002	1	13	971	13	47084.35	46.23
27	14	1002	1	13	972	28	65569.44	60.96
27	14	1002	1	13	980	24	56272.75	52.97
27	14	1002	1	13	982	17	59919.49	57.04
27	14	1002	1	13	984	27	66936.35	61.91
27	14	1002	1	13	985	16	76076.89	61.41
27	14	1002	1	13	986	80	74339.64	60.88
27	14	1002	1	13	987	62	75757.44	61.22
27	14	1002	1	14	1018	6	6096.66	8.01
27	14	1002	1	14	1020	5	3995.36	5.52
27	14	1002	1	14	1021	20	4038.48	4.71
27	14	1002	1	14	1022	27	4128.86	5.04
27	14	1002	1	14	1023	21	3804.73	5.0
27	14	1002	1	14	1025	24	11767.45	10.98
27	14	1002	1	14	1027	19	8411.43	8.45
27	14	1002	1	14	1029	14	12547.05	11.79
27	14	1002	1	15	1039	1	129043.02	115.0
27	14	1002	1	15	1053	60	149590.55	129.72
27	14	1002	1	16	1074	1	130902.03	110.79
27	14	1002	1	16	1082	17	122048.87	111.18
27	14	1002	1	17	1092	1	286081.17	221.51
27	14	1002	1	2	100	13	64713.85	65.07
27	14	1002	1	2	110	34	67632.5	65.33
27	14	1002	1	2	114	29	98461.98	96.02
27	14	1002	1	2	118	3	73610.64	71.15
27	14	1002	1	2	120	30	53916.75	54.34
27	14	1002	1	2	128	61	88146.06	75.42
27	14	1002	1	2	130	123	60762.36	51.95
27	14	1002	1	2	132	25	64778.7	54.97
27	14	1002	1	2	134	4	71537.54	60.87
27	14	1002	1	2	142	117	78885.16	67.0
27	14	1002	1	2	144	96	64799.13	54.95
27	14	1002	1	2	148	90	60530.06	51.27
27	14	1002	1	2	149	82	46397.08	39.02
27	14	1002	1	2	152	51	53729.92	44.9
27	14	1002	1	2	154	10	64486.36	55.05
27	14	1002	1	2	155	24	69769.47	59.2
27	14	1002	1	2	157	73	79854.55	65.65
27	14	1002	1	2	163	87	80127.44	64.76
27	14	1002	1	2	74	1	60854.78	53.71
27	14	1002	1	2	93	22	77406.46	77.01
27	14	1002	1	3	173	1	74618.97	81.91
27	14	1002	1	3	196	4	50439.19	56.26
27	14	1002	1	3	208	15	31838.54	32.22
27	14	1002	1	3	210	61	39384.26	42.63
27	14	1002	1	3	213	35	44057.43	48.39
27	14	1002	1	3	223	56	56560.53	63.6
27	14	1002	1	4	1148	19	71867.34	66.57
27	14	1002	1	4	321	1	76785.86	62.79
27	14	1002	1	4	422	183	79512.75	79.31
27	14	1002	1	4	423	170	79857.31	79.94
27	14	1002	1	4	425	62	83476.68	84.2
27	14	1002	1	4	426	61	84130.37	85.5
27	14	1002	1	4	428	176	73867.73	72.91
27	14	1002	1	4	433	214	75429.84	71.26
27	14	1002	1	4	440	251	74458.37	70.26
27	14	1002	1	4	443	258	71033.81	67.74
27	14	1002	1	4	445	134	66152.83	63.9
27	14	1002	1	4	452	35	75281.72	61.48
27	14	1002	1	4	453	87	73280.62	58.66
27	14	1002	1	4	458	122	65248.26	52.11
27	14	1002	1	4	463	98	61813.9	49.71
27	14	1002	1	4	464	34	64955.38	52.05
27	14	1002	1	4	465	33	68193.6	55.4
27	14	1002	1	4	467	65	72814.77	60.67
27	14	1002	1	4	470	111	75000.36	60.21
27	14	1002	1	4	476	66	67059.08	54.97
27	14	1002	1	4	477	67	72831.11	60.97
27	14	1002	1	4	479	112	77840.04	63.05
27	14	1002	1	4	480	160	77716.51	63.35
27	14	1002	1	4	484	146	83331.28	68.07
27	14	1002	1	4	485	145	84886.54	69.68
27	14	1002	1	4	486	206	86292.51	71.96
27	14	1002	1	4	492	59	81311.31	66.82
27	14	1002	1	4	494	56	81544.79	67.43
27	14	1002	1	4	497	123	77213.2	61.87
27	14	1002	1	4	500	264	88212.28	72.35
27	14	1002	1	4	501	166	91439.33	78.82
27	14	1002	1	4	506	317	97667.43	85.45
27	14	1002	1	5	520	1	19265.69	18.61
27	14	1002	1	5	538	16	30263.03	29.79
27	14	1002	1	5	567	66	24808.17	26.35
27	14	1002	1	5	570	52	25008.35	23.57
27	14	1002	1	5	573	20	22038.78	20.46
27	14	1002	1	5	576	42	26080.22	26.93
27	14	1002	1	5	581	25	25219.24	24.36
27	14	1002	1	5	586	2	32043.71	34.89
27	14	1002	1	5	587	41	29750.66	29.39
27	14	1002	1	5	589	17	24818.12	23.34
27	14	1002	1	5	590	58	24863.07	24.66
27	14	1002	1	5	592	39	25251.21	24.04
27	14	1002	1	5	601	4	39420.9	38.69
27	14	1002	1	5	602	59	31639.37	29.3
27	14	1002	1	6	615	1	42776.14	36.22
27	14	1002	1	6	621	32	41310.83	41.43
27	14	1002	1	6	631	28	37684.18	33.06
27	14	1002	1	6	640	142	44961.22	38.19
27	14	1002	1	6	642	44	43511.94	36.58
27	14	1002	1	6	645	7	40463.22	33.89
27	14	1002	1	6	654	24	46034.74	39.49
27	14	1002	1	6	656	23	51489.55	42.44
27	14	1002	1	6	663	16	62339.38	53.26
27	14	1002	1	7	670	1	219816.85	165.6
27	14	1002	1	7	678	9	223085.24	165.72
27	14	1002	1	8	687	1	78619.03	68.66
27	14	1002	1	8	702	98	133936.5	96.62
27	14	1002	1	8	719	107	69239.0	59.17
27	14	1002	1	8	721	108	74677.49	61.54
27	14	1002	1	8	722	109	82959.95	66.56
27	14	1002	1	8	724	84	60936.3	52.32
27	14	1002	1	8	727	110	78701.53	65.88
27	14	1002	1	8	729	111	73644.31	62.33
27	14	1002	1	8	731	91	85787.66	69.52
27	14	1002	1	8	738	18	73726.44	63.72
27	14	1002	1	8	741	58	88867.5	75.07
27	14	1002	1	8	747	47	80445.39	69.51
27	14	1002	1	8	768	16	100071.29	84.87
27	14	1002	1	9	783	1	117733.7	101.7
27	14	1018	6	1	15	74	301848.59	233.52
27	14	1018	6	1	6	1	268365.59	205.66
27	14	1018	6	10	811	1	40470.45	39.38
27	14	1018	6	10	822	23	36458.11	32.24
27	14	1018	6	10	823	3	31970.77	30.31
27	14	1018	6	10	825	36	40244.68	35.22
27	14	1018	6	10	829	19	35510.05	33.97
27	14	1018	6	10	834	5	39033.17	33.11
27	14	1018	6	10	838	25	40804.96	38.44
27	14	1018	6	10	840	21	48219.94	47.64
27	14	1018	6	10	842	43	45736.68	42.89
27	14	1018	6	11	847	1	206147.03	175.66
27	14	1018	6	12	881	1	131820.27	106.75
27	14	1018	6	12	895	91	142497.19	116.6
27	14	1018	6	12	902	39	140385.14	114.41
27	14	1018	6	12	913	18	135627.43	111.08
27	14	1018	6	12	931	11	141153.14	117.22
27	14	1018	6	12	933	16	129618.2	104.15
27	14	1018	6	13	1134	25	68726.26	60.38
27	14	1018	6	13	1136	88	71915.82	63.71
27	14	1018	6	13	957	1	49054.11	44.89
27	14	1018	6	13	964	63	47141.53	42.19
27	14	1018	6	13	967	18	47573.4	42.62
27	14	1018	6	13	971	13	54379.35	49.56
27	14	1018	6	13	972	28	72864.44	64.29
27	14	1018	6	13	980	24	63567.75	56.29
27	14	1018	6	13	982	17	67214.49	60.37
27	14	1018	6	13	984	27	74231.35	65.23
27	14	1018	6	13	985	16	73816.93	64.74
27	14	1018	6	13	986	80	79246.37	65.39
27	14	1018	6	13	987	62	74287.53	65.23
27	14	1018	6	14	1002	1	6079.43	6.87
27	14	1018	6	14	1020	5	2959.23	3.44
27	14	1018	6	14	1021	20	9070.5	9.81
27	14	1018	6	14	1022	27	9035.59	9.54
27	14	1018	6	14	1023	21	8711.46	9.5
27	14	1018	6	14	1025	24	16674.18	15.48
27	14	1018	6	14	1027	19	13318.16	12.96
27	14	1018	6	14	1029	14	17453.78	16.3
27	14	1018	6	15	1039	1	133949.75	119.51
27	14	1018	6	15	1053	60	154497.28	134.23
27	14	1018	6	16	1074	1	135808.77	115.29
27	14	1018	6	16	1082	17	126955.6	115.69
27	14	1018	6	17	1092	1	290987.91	226.02
27	14	1018	6	2	100	13	69620.58	69.58
27	14	1018	6	2	110	34	72539.23	69.84
27	14	1018	6	2	114	29	133019.74	101.1
27	14	1018	6	2	118	3	78517.37	75.66
27	14	1018	6	2	120	30	58823.48	58.85
27	14	1018	6	2	128	61	93052.79	79.93
27	14	1018	6	2	130	123	65669.09	56.46
27	14	1018	6	2	132	25	69685.43	59.48
27	14	1018	6	2	134	4	76444.27	65.37
27	14	1018	6	2	142	117	83791.89	71.51
27	14	1018	6	2	144	96	69705.86	59.46
27	14	1018	6	2	148	90	65436.79	55.78
27	14	1018	6	2	149	82	51303.81	43.52
27	14	1018	6	2	152	51	58636.65	49.41
27	14	1018	6	2	154	10	69393.1	59.56
27	14	1018	6	2	155	24	74676.2	63.7
27	14	1018	6	2	157	73	84761.28	70.16
27	14	1018	6	2	163	87	85034.17	69.26
27	14	1018	6	2	74	1	65761.51	58.22
27	14	1018	6	2	93	22	82582.8	82.27
27	14	1018	6	3	173	1	68878.85	74.62
27	14	1018	6	3	196	4	44699.07	48.96
27	14	1018	6	3	208	15	26098.41	24.92
27	14	1018	6	3	210	61	33644.14	35.34
27	14	1018	6	3	213	35	38317.31	41.09
27	14	1018	6	3	223	56	50820.41	56.3
27	14	1018	6	4	1148	19	79162.34	69.9
27	14	1018	6	4	321	1	81692.59	67.29
27	14	1018	6	4	422	183	73772.62	72.02
27	14	1018	6	4	423	170	74117.19	72.64
27	14	1018	6	4	425	62	77736.56	76.9
27	14	1018	6	4	426	61	78390.25	78.21
27	14	1018	6	4	428	176	75875.11	74.25
27	14	1018	6	4	433	214	75978.2	73.22
27	14	1018	6	4	440	251	81753.37	73.59
27	14	1018	6	4	443	258	78328.81	71.07
27	14	1018	6	4	445	134	73447.83	67.22
27	14	1018	6	4	452	35	80188.45	65.99
27	14	1018	6	4	453	87	78187.35	63.17
27	14	1018	6	4	458	122	70154.99	56.62
27	14	1018	6	4	463	98	66720.63	54.22
27	14	1018	6	4	464	34	69862.11	56.56
27	14	1018	6	4	465	33	73100.33	59.91
27	14	1018	6	4	467	65	77721.5	65.18
27	14	1018	6	4	470	111	79907.09	64.72
27	14	1018	6	4	476	66	71965.81	59.47
27	14	1018	6	4	477	67	77737.84	65.48
27	14	1018	6	4	479	112	82746.77	67.56
27	14	1018	6	4	480	160	82623.24	67.86
27	14	1018	6	4	484	146	88238.01	72.58
27	14	1018	6	4	485	145	89793.27	74.18
27	14	1018	6	4	486	206	91199.24	76.47
27	14	1018	6	4	492	59	86218.04	71.33
27	14	1018	6	4	494	56	86451.52	71.94
27	14	1018	6	4	497	123	82119.93	66.37
27	14	1018	6	4	500	264	93119.02	76.85
27	14	1018	6	4	501	166	96346.06	83.32
27	14	1018	6	4	506	317	102574.16	89.95
27	14	1018	6	5	520	1	24172.42	23.11
27	14	1018	6	5	538	16	35169.76	34.3
27	14	1018	6	5	567	66	29714.9	30.85
27	14	1018	6	5	570	52	29915.08	28.08
27	14	1018	6	5	573	20	26945.52	24.96
27	14	1018	6	5	576	42	30986.95	31.43
27	14	1018	6	5	581	25	30125.98	28.87
27	14	1018	6	5	586	2	36950.44	39.4
27	14	1018	6	5	587	41	34657.39	33.9
27	14	1018	6	5	589	17	29724.85	27.84
27	14	1018	6	5	590	58	29769.8	29.16
27	14	1018	6	5	592	39	30157.95	28.55
27	14	1018	6	5	601	4	44327.63	43.2
27	14	1018	6	5	602	59	36546.1	33.8
27	14	1018	6	6	615	1	47682.87	40.73
27	14	1018	6	6	621	32	46217.56	45.93
27	14	1018	6	6	631	28	42590.91	37.57
27	14	1018	6	6	640	142	49867.96	42.7
27	14	1018	6	6	642	44	48418.67	41.08
27	14	1018	6	6	645	7	45369.95	38.39
27	14	1018	6	6	654	24	50941.47	44.0
27	14	1018	6	6	656	23	56396.28	46.95
27	14	1018	6	6	663	16	67246.11	57.76
27	14	1018	6	7	670	1	224723.58	170.1
27	14	1018	6	7	678	9	227991.97	170.22
27	14	1018	6	8	687	1	83525.76	73.17
27	14	1018	6	8	702	98	138843.23	101.13
27	14	1018	6	8	719	107	74145.73	63.68
27	14	1018	6	8	721	108	79584.22	66.04
27	14	1018	6	8	722	109	87866.69	71.07
27	14	1018	6	8	724	84	65843.03	56.83
27	14	1018	6	8	727	110	83608.26	70.38
27	14	1018	6	8	729	111	78551.04	66.84
27	14	1018	6	8	731	91	90694.39	74.02
27	14	1018	6	8	738	18	78633.17	68.23
27	14	1018	6	8	741	58	93774.23	79.57
27	14	1018	6	8	747	47	85352.12	74.02
27	14	1018	6	8	768	16	104978.02	89.38
27	14	1018	6	9	783	1	122640.43	106.2
27	14	1020	5	1	15	74	301064.76	232.28
27	14	1020	5	1	6	1	267581.76	204.42
27	14	1020	5	10	811	1	39686.63	38.14
27	14	1020	5	10	822	23	34344.21	32.29
27	14	1020	5	10	823	3	31186.94	29.07
27	14	1020	5	10	825	36	37626.52	34.93
27	14	1020	5	10	829	19	34726.22	32.73
27	14	1020	5	10	834	5	38249.34	31.87
27	14	1020	5	10	838	25	40021.13	37.2
27	14	1020	5	10	840	21	47436.11	46.4
27	14	1020	5	10	842	43	44952.85	41.65
27	14	1020	5	11	847	1	205363.2	174.42
27	14	1020	5	12	881	1	131036.44	105.51
27	14	1020	5	12	895	91	141713.36	115.36
27	14	1020	5	12	902	39	139601.31	113.17
27	14	1020	5	12	913	18	134843.6	109.84
27	14	1020	5	12	931	11	140369.31	115.98
27	14	1020	5	12	933	16	128834.37	102.91
27	14	1020	5	13	1134	25	65554.16	60.32
27	14	1020	5	13	1136	88	68743.72	63.65
27	14	1020	5	13	957	1	45882.02	44.83
27	14	1020	5	13	964	63	45027.62	42.24
27	14	1020	5	13	967	18	45459.49	42.67
27	14	1020	5	13	971	13	51207.25	49.5
27	14	1020	5	13	972	28	69692.35	64.23
27	14	1020	5	13	980	24	60395.65	56.24
27	14	1020	5	13	982	17	64042.39	60.31
27	14	1020	5	13	984	27	71059.25	65.17
27	14	1020	5	13	985	16	80199.79	64.68
27	14	1020	5	13	986	80	78462.54	64.15
27	14	1020	5	13	987	62	79880.34	64.49
27	14	1020	5	14	1002	1	5295.61	5.63
27	14	1020	5	14	1018	6	2954.34	3.22
27	14	1020	5	14	1021	20	8286.67	8.57
27	14	1020	5	14	1022	27	8251.76	8.3
27	14	1020	5	14	1023	21	7927.63	8.26
27	14	1020	5	14	1025	24	15890.36	14.24
27	14	1020	5	14	1027	19	12534.33	11.72
27	14	1020	5	14	1029	14	16669.96	15.06
27	14	1020	5	15	1039	1	133165.92	118.27
27	14	1020	5	15	1053	60	153713.46	132.99
27	14	1020	5	16	1074	1	135024.94	114.05
27	14	1020	5	16	1082	17	126171.78	114.45
27	14	1020	5	17	1092	1	290204.08	224.78
27	14	1020	5	2	100	13	68836.75	68.34
27	14	1020	5	2	110	34	71755.4	68.6
27	14	1020	5	2	114	29	132235.91	99.86
27	14	1020	5	2	118	3	77733.54	74.42
27	14	1020	5	2	120	30	58039.65	57.61
27	14	1020	5	2	128	61	92268.96	78.69
27	14	1020	5	2	130	123	64885.26	55.22
27	14	1020	5	2	132	25	68901.6	58.24
27	14	1020	5	2	134	4	75660.44	64.13
27	14	1020	5	2	142	117	83008.06	70.27
27	14	1020	5	2	144	96	68922.03	58.22
27	14	1020	5	2	148	90	64652.96	54.54
27	14	1020	5	2	149	82	50519.98	42.28
27	14	1020	5	2	152	51	57852.83	48.17
27	14	1020	5	2	154	10	68609.27	58.32
27	14	1020	5	2	155	24	73892.38	62.46
27	14	1020	5	2	157	73	83977.45	68.92
27	14	1020	5	2	163	87	84250.34	68.02
27	14	1020	5	2	74	1	64977.68	56.98
27	14	1020	5	2	93	22	81798.97	81.03
27	14	1020	5	3	173	1	71476.65	77.13
27	14	1020	5	3	196	4	47296.87	51.47
27	14	1020	5	3	208	15	28696.22	27.43
27	14	1020	5	3	210	61	36241.95	37.85
27	14	1020	5	3	213	35	40915.11	43.6
27	14	1020	5	3	223	56	53418.21	58.81
27	14	1020	5	4	1148	19	75990.25	69.84
27	14	1020	5	4	321	1	80908.76	66.05
27	14	1020	5	4	422	183	76370.43	74.53
27	14	1020	5	4	423	170	76714.99	75.15
27	14	1020	5	4	425	62	80334.37	79.41
27	14	1020	5	4	426	61	80988.06	80.72
27	14	1020	5	4	428	176	77990.63	76.18
27	14	1020	5	4	433	214	79552.75	74.53
27	14	1020	5	4	440	251	78581.27	73.53
27	14	1020	5	4	443	258	75156.71	71.01
27	14	1020	5	4	445	134	70275.73	67.16
27	14	1020	5	4	452	35	79404.62	64.75
27	14	1020	5	4	453	87	77403.52	61.93
27	14	1020	5	4	458	122	69371.16	55.38
27	14	1020	5	4	463	98	65936.81	52.98
27	14	1020	5	4	464	34	69078.28	55.32
27	14	1020	5	4	465	33	72316.5	58.67
27	14	1020	5	4	467	65	76937.67	63.94
27	14	1020	5	4	470	111	79123.26	63.48
27	14	1020	5	4	476	66	71181.99	58.23
27	14	1020	5	4	477	67	76954.01	64.24
27	14	1020	5	4	479	112	81962.95	66.32
27	14	1020	5	4	480	160	81839.41	66.62
27	14	1020	5	4	484	146	87454.18	71.34
27	14	1020	5	4	485	145	89009.44	72.94
27	14	1020	5	4	486	206	90415.41	75.23
27	14	1020	5	4	492	59	85434.22	70.09
27	14	1020	5	4	494	56	85667.69	70.7
27	14	1020	5	4	497	123	81336.1	65.13
27	14	1020	5	4	500	264	92335.19	75.61
27	14	1020	5	4	501	166	95562.23	82.08
27	14	1020	5	4	506	317	101790.33	88.71
27	14	1020	5	5	520	1	23388.59	21.87
27	14	1020	5	5	538	16	34385.94	33.06
27	14	1020	5	5	567	66	28931.08	29.61
27	14	1020	5	5	570	52	29131.25	26.84
27	14	1020	5	5	573	20	26161.69	23.72
27	14	1020	5	5	576	42	30203.13	30.19
27	14	1020	5	5	581	25	29342.15	27.63
27	14	1020	5	5	586	2	36166.62	38.16
27	14	1020	5	5	587	41	33873.56	32.66
27	14	1020	5	5	589	17	28941.03	26.6
27	14	1020	5	5	590	58	28985.97	27.92
27	14	1020	5	5	592	39	29374.12	27.31
27	14	1020	5	5	601	4	43543.8	41.96
27	14	1020	5	5	602	59	35762.27	32.56
27	14	1020	5	6	615	1	46899.04	39.49
27	14	1020	5	6	621	32	45433.73	44.69
27	14	1020	5	6	631	28	41807.09	36.33
27	14	1020	5	6	640	142	49084.13	41.46
27	14	1020	5	6	642	44	47634.84	39.84
27	14	1020	5	6	645	7	44586.12	37.15
27	14	1020	5	6	654	24	50157.64	42.76
27	14	1020	5	6	656	23	55612.45	45.71
27	14	1020	5	6	663	16	66462.28	56.52
27	14	1020	5	7	670	1	223939.75	168.86
27	14	1020	5	7	678	9	227208.14	168.98
27	14	1020	5	8	687	1	82741.94	71.93
27	14	1020	5	8	702	98	138059.41	99.89
27	14	1020	5	8	719	107	73361.9	62.44
27	14	1020	5	8	721	108	78800.4	64.8
27	14	1020	5	8	722	109	87082.86	69.83
27	14	1020	5	8	724	84	65059.2	55.59
27	14	1020	5	8	727	110	82824.43	69.14
27	14	1020	5	8	729	111	77767.21	65.6
27	14	1020	5	8	731	91	89910.56	72.78
27	14	1020	5	8	738	18	77849.34	66.99
27	14	1020	5	8	741	58	92990.4	78.33
27	14	1020	5	8	747	47	84568.29	72.78
27	14	1020	5	8	768	16	104194.2	88.14
27	14	1020	5	9	783	1	121856.6	104.96
27	14	1021	20	1	15	74	295427.22	226.16
27	14	1021	20	1	6	1	261944.22	198.3
27	14	1021	20	10	811	1	34049.08	32.02
27	14	1021	20	10	822	23	28706.66	26.17
27	14	1021	20	10	823	3	25549.4	22.95
27	14	1021	20	10	825	36	31988.98	28.81
27	14	1021	20	10	829	19	29088.68	26.61
27	14	1021	20	10	834	5	32611.8	25.75
27	14	1021	20	10	838	25	34383.59	31.08
27	14	1021	20	10	840	21	41798.56	40.28
27	14	1021	20	10	842	43	39315.31	35.53
27	14	1021	20	11	847	1	199725.66	168.3
27	14	1021	20	12	881	1	125398.9	99.4
27	14	1021	20	12	895	91	136075.82	109.24
27	14	1021	20	12	902	39	133963.77	107.06
27	14	1021	20	12	913	18	129206.06	103.72
27	14	1021	20	12	931	11	134731.77	109.86
27	14	1021	20	12	933	16	123196.83	96.79
27	14	1021	20	13	1134	25	59916.62	54.2
27	14	1021	20	13	1136	88	63106.18	57.53
27	14	1021	20	13	957	1	40244.47	38.71
27	14	1021	20	13	964	63	39390.08	36.12
27	14	1021	20	13	967	18	39821.94	36.55
27	14	1021	20	13	971	13	45569.71	43.38
27	14	1021	20	13	972	28	64054.8	58.11
27	14	1021	20	13	980	24	54758.11	50.12
27	14	1021	20	13	982	17	58404.85	54.19
27	14	1021	20	13	984	27	65421.71	59.05
27	14	1021	20	13	985	16	74562.25	58.56
27	14	1021	20	13	986	80	72825.0	58.03
27	14	1021	20	13	987	62	74242.8	58.37
27	14	1021	20	14	1002	1	3842.06	4.32
27	14	1021	20	14	1018	6	9219.05	10.08
27	14	1021	20	14	1020	5	7117.76	7.59
27	14	1021	20	14	1022	27	2614.22	2.19
27	14	1021	20	14	1023	21	1125.54	0.96
27	14	1021	20	14	1025	24	10252.81	8.13
27	14	1021	20	14	1027	19	6276.97	5.41
27	14	1021	20	14	1029	14	11032.41	8.94
27	14	1021	20	15	1039	1	127528.38	112.15
27	14	1021	20	15	1053	60	148075.91	126.87
27	14	1021	20	16	1074	1	129387.39	107.94
27	14	1021	20	16	1082	17	120534.23	108.33
27	14	1021	20	17	1092	1	284566.54	218.66
27	14	1021	20	2	100	13	61690.82	60.74
27	14	1021	20	2	110	34	64609.47	61.01
27	14	1021	20	2	114	29	126598.36	93.74
27	14	1021	20	2	118	3	70587.61	66.83
27	14	1021	20	2	120	30	50893.72	50.02
27	14	1021	20	2	128	61	86631.42	72.57
27	14	1021	20	2	130	123	59247.72	49.1
27	14	1021	20	2	132	25	63264.06	52.12
27	14	1021	20	2	134	4	70022.9	58.01
27	14	1021	20	2	142	117	77370.52	64.15
27	14	1021	20	2	144	96	63284.49	52.1
27	14	1021	20	2	148	90	59015.42	48.42
27	14	1021	20	2	149	82	44882.44	36.16
27	14	1021	20	2	152	51	52215.28	42.05
27	14	1021	20	2	154	10	62971.72	52.2
27	14	1021	20	2	155	24	68254.83	56.35
27	14	1021	20	2	157	73	78339.91	62.8
27	14	1021	20	2	163	87	78612.8	61.9
27	14	1021	20	2	74	1	59340.14	50.86
27	14	1021	20	2	93	22	79288.75	77.42
27	14	1021	20	3	173	1	77741.37	83.99
27	14	1021	20	3	196	4	53561.59	58.33
27	14	1021	20	3	208	15	34960.93	34.29
27	14	1021	20	3	210	61	42506.66	44.71
27	14	1021	20	3	213	35	47179.83	50.47
27	14	1021	20	3	223	56	59682.93	65.67
27	14	1021	20	4	1148	19	70352.7	63.72
27	14	1021	20	4	321	1	75271.22	59.93
27	14	1021	20	4	422	183	84529.13	79.12
27	14	1021	20	4	423	170	84873.69	79.74
27	14	1021	20	4	425	62	88493.06	84.0
27	14	1021	20	4	426	61	89146.75	85.31
27	14	1021	20	4	428	176	72353.09	70.06
27	14	1021	20	4	433	214	73915.2	68.41
27	14	1021	20	4	440	251	72943.73	67.41
27	14	1021	20	4	443	258	69519.17	64.89
27	14	1021	20	4	445	134	64638.19	61.04
27	14	1021	20	4	452	35	73767.08	58.63
27	14	1021	20	4	453	87	71765.98	55.81
27	14	1021	20	4	458	122	63733.62	49.26
27	14	1021	20	4	463	98	60299.26	46.86
27	14	1021	20	4	464	34	63440.74	49.2
27	14	1021	20	4	465	33	66678.96	52.55
27	14	1021	20	4	467	65	71300.13	57.82
27	14	1021	20	4	470	111	73485.72	57.36
27	14	1021	20	4	476	66	65544.44	52.11
27	14	1021	20	4	477	67	71316.47	58.12
27	14	1021	20	4	479	112	76325.4	60.2
27	14	1021	20	4	480	160	76201.87	60.5
27	14	1021	20	4	484	146	81816.64	65.22
27	14	1021	20	4	485	145	83371.9	66.82
27	14	1021	20	4	486	206	84777.87	69.11
27	14	1021	20	4	492	59	79796.67	63.97
27	14	1021	20	4	494	56	80030.15	64.58
27	14	1021	20	4	497	123	75698.56	59.01
27	14	1021	20	4	500	264	86697.64	69.5
27	14	1021	20	4	501	166	89924.69	75.96
27	14	1021	20	4	506	317	96152.79	82.59
27	14	1021	20	5	520	1	17023.99	15.65
27	14	1021	20	5	538	16	27240.0	25.47
27	14	1021	20	5	567	66	21785.14	22.02
27	14	1021	20	5	570	52	23493.71	20.72
27	14	1021	20	5	573	20	20524.14	17.61
27	14	1021	20	5	576	42	23057.19	22.6
27	14	1021	20	5	581	25	19184.18	20.54
27	14	1021	20	5	586	2	29020.68	30.56
27	14	1021	20	5	587	41	24419.52	25.68
27	14	1021	20	5	589	17	23303.48	20.48
27	14	1021	20	5	590	58	23348.43	21.8
27	14	1021	20	5	592	39	23736.57	21.19
27	14	1021	20	5	601	4	34089.76	34.98
27	14	1021	20	5	602	59	30124.73	26.44
27	14	1021	20	6	615	1	41261.5	33.37
27	14	1021	20	6	621	32	35979.69	37.71
27	14	1021	20	6	631	28	36169.54	30.21
27	14	1021	20	6	640	142	43446.58	35.34
27	14	1021	20	6	642	44	41997.3	33.72
27	14	1021	20	6	645	7	38948.58	31.04
27	14	1021	20	6	654	24	44520.1	36.64
27	14	1021	20	6	656	23	49974.91	39.59
27	14	1021	20	6	663	16	60824.74	50.4
27	14	1021	20	7	670	1	218302.21	162.74
27	14	1021	20	7	678	9	221570.6	162.86
27	14	1021	20	8	687	1	77104.39	65.81
27	14	1021	20	8	702	98	132421.86	93.77
27	14	1021	20	8	719	107	67724.36	56.32
27	14	1021	20	8	721	108	73162.85	58.68
27	14	1021	20	8	722	109	81445.31	63.71
27	14	1021	20	8	724	84	59421.66	49.47
27	14	1021	20	8	727	110	77186.89	63.03
27	14	1021	20	8	729	111	72129.67	59.48
27	14	1021	20	8	731	91	84273.02	66.67
27	14	1021	20	8	738	18	72211.8	60.87
27	14	1021	20	8	741	58	87352.86	72.21
27	14	1021	20	8	747	47	78930.75	66.66
27	14	1021	20	8	768	16	98556.65	82.02
27	14	1021	20	9	783	1	116219.06	98.84
27	14	1022	27	1	15	74	292813.0	223.97
27	14	1022	27	1	6	1	259330.0	196.11
27	14	1022	27	10	811	1	31434.86	29.84
27	14	1022	27	10	822	23	26092.44	23.99
27	14	1022	27	10	823	3	22935.18	20.77
27	14	1022	27	10	825	36	29374.76	26.62
27	14	1022	27	10	829	19	26474.46	24.43
27	14	1022	27	10	834	5	29997.58	23.56
27	14	1022	27	10	838	25	31769.37	28.89
27	14	1022	27	10	840	21	39184.34	38.1
27	14	1022	27	10	842	43	36701.08	33.34
27	14	1022	27	11	847	1	197111.44	166.11
27	14	1022	27	12	881	1	122784.68	97.21
27	14	1022	27	12	895	91	133461.6	107.05
27	14	1022	27	12	902	39	131349.55	104.87
27	14	1022	27	12	913	18	126591.84	101.54
27	14	1022	27	12	931	11	132117.55	107.68
27	14	1022	27	12	933	16	120582.61	94.6
27	14	1022	27	13	1134	25	57302.4	52.02
27	14	1022	27	13	1136	88	60491.96	55.35
27	14	1022	27	13	957	1	37630.25	36.53
27	14	1022	27	13	964	63	36775.86	33.94
27	14	1022	27	13	967	18	37207.72	34.37
27	14	1022	27	13	971	13	42955.49	41.19
27	14	1022	27	13	972	28	61440.58	55.92
27	14	1022	27	13	980	24	52143.89	47.93
27	14	1022	27	13	982	17	55790.63	52.01
27	14	1022	27	13	984	27	62807.49	56.87
27	14	1022	27	13	985	16	71948.03	56.37
27	14	1022	27	13	986	80	70210.78	55.85
27	14	1022	27	13	987	62	71628.58	56.19
27	14	1022	27	14	1002	1	8594.06	7.95
27	14	1022	27	14	1018	6	13994.57	13.46
27	14	1022	27	14	1020	5	11893.28	10.97
27	14	1022	27	14	1021	20	7468.62	5.9
27	14	1022	27	14	1023	21	7109.59	5.59
27	14	1022	27	14	1025	24	7638.59	5.94
27	14	1022	27	14	1027	19	4282.57	3.41
27	14	1022	27	14	1029	14	8418.19	6.75
27	14	1022	27	15	1039	1	124914.16	109.96
27	14	1022	27	15	1053	60	145461.69	124.68
27	14	1022	27	16	1074	1	126773.17	105.75
27	14	1022	27	16	1082	17	117920.01	106.14
27	14	1022	27	17	1092	1	281952.31	216.47
27	14	1022	27	2	100	13	63380.02	61.79
27	14	1022	27	2	110	34	66298.67	62.06
27	14	1022	27	2	114	29	123984.14	91.55
27	14	1022	27	2	118	3	80976.16	67.1
27	14	1022	27	2	120	30	52582.92	51.07
27	14	1022	27	2	128	61	84017.2	70.39
27	14	1022	27	2	130	123	56633.49	46.91
27	14	1022	27	2	132	25	60649.84	49.93
27	14	1022	27	2	134	4	67408.68	55.83
27	14	1022	27	2	142	117	74756.3	61.96
27	14	1022	27	2	144	96	60670.27	49.91
27	14	1022	27	2	148	90	56401.2	46.23
27	14	1022	27	2	149	82	42268.22	33.98
27	14	1022	27	2	152	51	49601.06	39.87
27	14	1022	27	2	154	10	60357.5	50.02
27	14	1022	27	2	155	24	65640.61	54.16
27	14	1022	27	2	157	73	75725.69	60.62
27	14	1022	27	2	163	87	75998.58	59.72
27	14	1022	27	2	74	1	56725.91	48.68
27	14	1022	27	2	93	22	86757.37	83.32
27	14	1022	27	3	173	1	82516.88	87.36
27	14	1022	27	3	196	4	58337.1	61.71
27	14	1022	27	3	208	15	39736.45	37.67
27	14	1022	27	3	210	61	47282.17	48.09
27	14	1022	27	3	213	35	51955.34	53.84
27	14	1022	27	3	223	56	64458.44	69.05
27	14	1022	27	4	1148	19	67738.48	61.53
27	14	1022	27	4	321	1	72657.0	57.75
27	14	1022	27	4	422	183	81914.91	76.93
27	14	1022	27	4	423	170	82259.47	77.56
27	14	1022	27	4	425	62	85878.84	81.82
27	14	1022	27	4	426	61	86532.53	83.12
27	14	1022	27	4	428	176	69738.87	67.87
27	14	1022	27	4	433	214	71300.98	66.22
27	14	1022	27	4	440	251	70329.51	65.23
27	14	1022	27	4	443	258	66904.95	62.7
27	14	1022	27	4	445	134	62023.97	58.86
27	14	1022	27	4	452	35	71152.86	56.45
27	14	1022	27	4	453	87	69151.76	53.62
27	14	1022	27	4	458	122	61119.4	47.07
27	14	1022	27	4	463	98	57685.04	44.68
27	14	1022	27	4	464	34	60826.52	47.01
27	14	1022	27	4	465	33	64064.74	50.37
27	14	1022	27	4	467	65	68685.91	55.63
27	14	1022	27	4	470	111	70871.5	55.18
27	14	1022	27	4	476	66	62930.22	49.93
27	14	1022	27	4	477	67	68702.25	55.93
27	14	1022	27	4	479	112	73711.18	58.01
27	14	1022	27	4	480	160	73587.65	58.31
27	14	1022	27	4	484	146	79202.42	63.04
27	14	1022	27	4	485	145	80757.67	64.64
27	14	1022	27	4	486	206	82163.65	66.92
27	14	1022	27	4	492	59	77182.45	61.79
27	14	1022	27	4	494	56	77415.93	62.39
27	14	1022	27	4	497	123	73084.34	56.83
27	14	1022	27	4	500	264	84083.42	67.31
27	14	1022	27	4	501	166	87310.47	73.78
27	14	1022	27	4	506	317	93538.57	80.41
27	14	1022	27	5	520	1	15136.83	13.57
27	14	1022	27	5	538	16	28929.2	26.52
27	14	1022	27	5	567	66	23474.34	23.07
27	14	1022	27	5	570	52	20879.49	18.53
27	14	1022	27	5	573	20	17909.92	15.42
27	14	1022	27	5	576	42	24746.39	23.65
27	14	1022	27	5	581	25	21090.38	19.32
27	14	1022	27	5	586	2	32132.2	31.18
27	14	1022	27	5	587	41	25621.8	24.35
27	14	1022	27	5	589	17	20689.26	18.3
27	14	1022	27	5	590	58	20734.21	19.62
27	14	1022	27	5	592	39	21122.35	19.0
27	14	1022	27	5	601	4	35292.04	33.65
27	14	1022	27	5	602	59	27510.51	24.26
27	14	1022	27	6	615	1	38647.27	31.19
27	14	1022	27	6	621	32	37181.97	36.39
27	14	1022	27	6	631	28	33555.32	28.02
27	14	1022	27	6	640	142	40832.36	33.15
27	14	1022	27	6	642	44	39383.08	31.54
27	14	1022	27	6	645	7	36334.36	28.85
27	14	1022	27	6	654	24	41905.88	34.45
27	14	1022	27	6	656	23	47360.68	37.4
27	14	1022	27	6	663	16	58210.52	48.22
27	14	1022	27	7	670	1	215687.98	160.56
27	14	1022	27	7	678	9	218956.38	160.68
27	14	1022	27	8	687	1	74490.17	63.63
27	14	1022	27	8	702	98	129807.64	91.59
27	14	1022	27	8	719	107	65110.14	54.13
27	14	1022	27	8	721	108	70548.63	56.5
27	14	1022	27	8	722	109	78831.09	61.52
27	14	1022	27	8	724	84	56807.44	47.28
27	14	1022	27	8	727	110	74572.67	60.84
27	14	1022	27	8	729	111	69515.45	57.29
27	14	1022	27	8	731	91	81658.8	64.48
27	14	1022	27	8	738	18	69597.58	58.68
27	14	1022	27	8	741	58	84738.64	70.03
27	14	1022	27	8	747	47	76316.53	64.48
27	14	1022	27	8	768	16	95942.43	79.83
27	14	1022	27	9	783	1	113604.84	96.66
27	14	1023	21	1	15	74	293436.75	225.59
27	14	1023	21	1	6	1	259953.74	197.74
27	14	1023	21	10	811	1	33051.28	31.65
27	14	1023	21	10	822	23	27708.86	25.8
27	14	1023	21	10	823	3	24551.6	22.58
27	14	1023	21	10	825	36	30991.18	28.44
27	14	1023	21	10	829	19	28090.88	26.24
27	14	1023	21	10	834	5	30621.33	25.18
27	14	1023	21	10	838	25	33385.79	30.71
27	14	1023	21	10	840	21	40800.76	39.91
27	14	1023	21	10	842	43	38317.5	35.16
27	14	1023	21	11	847	1	197735.19	167.73
27	14	1023	21	12	881	1	123408.43	98.83
27	14	1023	21	12	895	91	134085.35	108.67
27	14	1023	21	12	902	39	131973.3	106.49
27	14	1023	21	12	913	18	127215.59	103.16
27	14	1023	21	12	931	11	132741.3	109.3
27	14	1023	21	12	933	16	121206.36	96.22
27	14	1023	21	13	1134	25	58918.82	53.83
27	14	1023	21	13	1136	88	62108.38	57.16
27	14	1023	21	13	957	1	39246.67	38.34
27	14	1023	21	13	964	63	38392.28	35.75
27	14	1023	21	13	967	18	38824.14	36.18
27	14	1023	21	13	971	13	44571.9	43.01
27	14	1023	21	13	972	28	63057.0	57.74
27	14	1023	21	13	980	24	53760.31	49.75
27	14	1023	21	13	982	17	57407.05	53.82
27	14	1023	21	13	984	27	64423.91	58.68
27	14	1023	21	13	985	16	72571.78	57.99
27	14	1023	21	13	986	80	70834.52	57.47
27	14	1023	21	13	987	62	72252.33	57.81
27	14	1023	21	14	1002	1	3459.5	4.26
27	14	1023	21	14	1018	6	8860.02	9.78
27	14	1023	21	14	1020	5	6758.72	7.28
27	14	1023	21	14	1021	20	1125.54	0.96
27	14	1023	21	14	1022	27	2255.18	1.88
27	14	1023	21	14	1025	24	9255.01	7.75
27	14	1023	21	14	1027	19	5151.42	4.44
27	14	1023	21	14	1029	14	10034.61	8.57
27	14	1023	21	15	1039	1	125537.91	111.58
27	14	1023	21	15	1053	60	146085.44	126.3
27	14	1023	21	16	1074	1	127396.92	107.37
27	14	1023	21	16	1082	17	118543.76	107.76
27	14	1023	21	17	1092	1	282576.06	218.09
27	14	1023	21	2	100	13	61675.63	60.73
27	14	1023	21	2	110	34	64594.27	60.99
27	14	1023	21	2	114	29	125600.56	93.37
27	14	1023	21	2	118	3	70572.42	66.81
27	14	1023	21	2	120	30	50878.52	50.0
27	14	1023	21	2	128	61	85633.61	72.2
27	14	1023	21	2	130	123	58249.91	48.73
27	14	1023	21	2	132	25	62266.26	51.75
27	14	1023	21	2	134	4	69025.1	57.64
27	14	1023	21	2	142	117	76372.72	63.77
27	14	1023	21	2	144	96	62286.69	51.73
27	14	1023	21	2	148	90	58017.62	48.05
27	14	1023	21	2	149	82	43884.64	35.79
27	14	1023	21	2	152	51	51217.48	41.68
27	14	1023	21	2	154	10	61973.92	51.83
27	14	1023	21	2	155	24	67257.03	55.97
27	14	1023	21	2	157	73	77342.11	62.43
27	14	1023	21	2	163	87	77615.0	61.53
27	14	1023	21	2	74	1	58342.33	50.49
27	14	1023	21	2	93	22	80414.29	78.38
27	14	1023	21	3	173	1	77382.33	83.68
27	14	1023	21	3	196	4	53202.55	58.02
27	14	1023	21	3	208	15	34601.9	33.98
27	14	1023	21	3	210	61	42147.62	44.4
27	14	1023	21	3	213	35	46820.79	50.16
27	14	1023	21	3	223	56	59323.89	65.37
27	14	1023	21	4	1148	19	69354.9	63.35
27	14	1023	21	4	321	1	73280.74	59.37
27	14	1023	21	4	422	183	83531.33	78.75
27	14	1023	21	4	423	170	83875.89	79.37
27	14	1023	21	4	425	62	87495.26	83.63
27	14	1023	21	4	426	61	88148.95	84.94
27	14	1023	21	4	428	176	71355.28	69.68
27	14	1023	21	4	433	214	72917.4	68.04
27	14	1023	21	4	440	251	71945.93	67.04
27	14	1023	21	4	443	258	68521.36	64.52
27	14	1023	21	4	445	134	63640.39	60.67
27	14	1023	21	4	452	35	71776.61	58.07
27	14	1023	21	4	453	87	69775.51	55.25
27	14	1023	21	4	458	122	61743.15	48.7
27	14	1023	21	4	463	98	58308.79	46.3
27	14	1023	21	4	464	34	61450.27	48.64
27	14	1023	21	4	465	33	64688.49	51.99
27	14	1023	21	4	467	65	69309.66	57.25
27	14	1023	21	4	470	111	71495.25	56.8
27	14	1023	21	4	476	66	63553.97	51.55
27	14	1023	21	4	477	67	69325.99	57.56
27	14	1023	21	4	479	112	74334.93	59.63
27	14	1023	21	4	480	160	74211.4	59.94
27	14	1023	21	4	484	146	79826.17	64.66
27	14	1023	21	4	485	145	81381.42	66.26
27	14	1023	21	4	486	206	82787.4	68.54
27	14	1023	21	4	492	59	77806.2	63.41
27	14	1023	21	4	494	56	78039.68	64.01
27	14	1023	21	4	497	123	73708.09	58.45
27	14	1023	21	4	500	264	84707.17	68.93
27	14	1023	21	4	501	166	87934.22	75.4
27	14	1023	21	4	506	317	94162.32	82.03
27	14	1023	21	5	520	1	15898.45	14.69
27	14	1023	21	5	538	16	27224.81	25.45
27	14	1023	21	5	567	66	21769.95	22.01
27	14	1023	21	5	570	52	22495.91	20.35
27	14	1023	21	5	573	20	18533.67	17.04
27	14	1023	21	5	576	42	23042.0	22.59
27	14	1023	21	5	581	25	19168.99	20.52
27	14	1023	21	5	586	2	29005.49	30.55
27	14	1023	21	5	587	41	25825.99	25.59
27	14	1023	21	5	589	17	22305.68	20.11
27	14	1023	21	5	590	58	20938.4	20.86
27	14	1023	21	5	592	39	22738.77	20.81
27	14	1023	21	5	601	4	35496.23	34.9
27	14	1023	21	5	602	59	29126.93	26.07
27	14	1023	21	6	615	1	39271.02	32.81
27	14	1023	21	6	621	32	37386.16	37.63
27	14	1023	21	6	631	28	34179.07	29.64
27	14	1023	21	6	640	142	42448.78	34.97
27	14	1023	21	6	642	44	40999.5	33.35
27	14	1023	21	6	645	7	37950.78	30.66
27	14	1023	21	6	654	24	42529.63	36.08
27	14	1023	21	6	656	23	47984.43	39.02
27	14	1023	21	6	663	16	58834.27	49.84
27	14	1023	21	7	670	1	216311.73	162.18
27	14	1023	21	7	678	9	219580.13	162.3
27	14	1023	21	8	687	1	76106.59	65.44
27	14	1023	21	8	702	98	131424.06	93.4
27	14	1023	21	8	719	107	66726.56	55.95
27	14	1023	21	8	721	108	72165.05	58.31
27	14	1023	21	8	722	109	80447.51	63.34
27	14	1023	21	8	724	84	58423.85	49.09
27	14	1023	21	8	727	110	76189.09	62.65
27	14	1023	21	8	729	111	71131.86	59.1
27	14	1023	21	8	731	91	83275.22	66.29
27	14	1023	21	8	738	18	71214.0	60.5
27	14	1023	21	8	741	58	86355.06	71.84
27	14	1023	21	8	747	47	77932.95	66.29
27	14	1023	21	8	768	16	97558.85	81.65
27	14	1023	21	9	783	1	114228.59	98.28
27	14	1025	24	1	15	74	290792.35	222.69
27	14	1025	24	1	6	1	257309.34	194.83
27	14	1025	24	10	811	1	29414.21	28.55
27	14	1025	24	10	822	23	24071.79	22.7
27	14	1025	24	10	823	3	20914.53	19.48
27	14	1025	24	10	825	36	27354.11	25.33
27	14	1025	24	10	829	19	24453.81	23.14
27	14	1025	24	10	834	5	27976.93	22.28
27	14	1025	24	10	838	25	29748.72	27.61
27	14	1025	24	10	840	21	37163.69	36.81
27	14	1025	24	10	842	43	34680.43	32.06
27	14	1025	24	11	847	1	195090.79	164.83
27	14	1025	24	12	881	1	120764.03	95.92
27	14	1025	24	12	895	91	131440.95	105.76
27	14	1025	24	12	902	39	129328.9	103.58
27	14	1025	24	12	913	18	124571.19	100.25
27	14	1025	24	12	931	11	130096.9	106.39
27	14	1025	24	12	933	16	118561.96	93.31
27	14	1025	24	13	1134	25	55281.75	50.73
27	14	1025	24	13	1136	88	58471.31	54.06
27	14	1025	24	13	957	1	35609.6	35.24
27	14	1025	24	13	964	63	34755.21	32.65
27	14	1025	24	13	967	18	35187.07	33.08
27	14	1025	24	13	971	13	40934.84	39.91
27	14	1025	24	13	972	28	59419.93	54.64
27	14	1025	24	13	980	24	50123.24	46.65
27	14	1025	24	13	982	17	53769.98	50.72
27	14	1025	24	13	984	27	60786.84	55.58
27	14	1025	24	13	985	16	69927.38	55.09
27	14	1025	24	13	986	80	68190.12	54.56
27	14	1025	24	13	987	62	69607.93	54.9
27	14	1025	24	14	1002	1	6527.11	6.52
27	14	1025	24	14	1018	6	11927.62	12.03
27	14	1025	24	14	1020	5	9826.33	9.54
27	14	1025	24	14	1021	20	5401.68	4.47
27	14	1025	24	14	1022	27	3681.72	2.98
27	14	1025	24	14	1023	21	5042.64	4.16
27	14	1025	24	14	1027	19	2261.92	2.12
27	14	1025	24	14	1029	14	6397.54	5.47
27	14	1025	24	15	1039	1	122893.51	108.68
27	14	1025	24	15	1053	60	143441.04	123.4
27	14	1025	24	16	1074	1	124752.52	104.46
27	14	1025	24	16	1082	17	115899.36	104.86
27	14	1025	24	17	1092	1	279931.66	215.19
27	14	1025	24	2	100	13	61359.37	60.51
27	14	1025	24	2	110	34	64278.02	60.77
27	14	1025	24	2	114	29	121963.49	90.27
27	14	1025	24	2	118	3	78955.51	65.81
27	14	1025	24	2	120	30	50562.27	49.78
27	14	1025	24	2	128	61	81996.54	69.1
27	14	1025	24	2	130	123	54612.84	45.63
27	14	1025	24	2	132	25	58629.19	48.65
27	14	1025	24	2	134	4	65388.03	54.54
27	14	1025	24	2	142	117	72735.65	60.67
27	14	1025	24	2	144	96	58649.62	48.63
27	14	1025	24	2	148	90	54380.55	44.95
27	14	1025	24	2	149	82	40247.57	32.69
27	14	1025	24	2	152	51	47580.41	38.58
27	14	1025	24	2	154	10	58336.85	48.73
27	14	1025	24	2	155	24	63619.96	52.87
27	14	1025	24	2	157	73	73705.04	59.33
27	14	1025	24	2	163	87	73977.93	58.43
27	14	1025	24	2	74	1	54705.26	47.39
27	14	1025	24	2	93	22	84690.43	81.89
27	14	1025	24	3	173	1	80449.94	85.94
27	14	1025	24	3	196	4	56270.16	60.28
27	14	1025	24	3	208	15	37669.5	36.24
27	14	1025	24	3	210	61	45215.23	46.66
27	14	1025	24	3	213	35	49888.4	52.42
27	14	1025	24	3	223	56	62391.5	67.63
27	14	1025	24	4	1148	19	65717.83	60.25
27	14	1025	24	4	321	1	70636.34	56.46
27	14	1025	24	4	422	183	79894.26	75.65
27	14	1025	24	4	423	170	80238.82	76.27
27	14	1025	24	4	425	62	83858.19	80.53
27	14	1025	24	4	426	61	84511.88	81.84
27	14	1025	24	4	428	176	67718.21	66.58
27	14	1025	24	4	433	214	69280.33	64.94
27	14	1025	24	4	440	251	68308.86	63.94
27	14	1025	24	4	443	258	64884.3	61.42
27	14	1025	24	4	445	134	60003.32	57.57
27	14	1025	24	4	452	35	69132.21	55.16
27	14	1025	24	4	453	87	67131.11	52.34
27	14	1025	24	4	458	122	59098.75	45.79
27	14	1025	24	4	463	98	55664.39	43.39
27	14	1025	24	4	464	34	58805.87	45.73
27	14	1025	24	4	465	33	62044.09	49.08
27	14	1025	24	4	467	65	66665.26	54.35
27	14	1025	24	4	470	111	68850.85	53.89
27	14	1025	24	4	476	66	60909.57	48.64
27	14	1025	24	4	477	67	66681.59	54.65
27	14	1025	24	4	479	112	71690.53	56.73
27	14	1025	24	4	480	160	71567.0	57.03
27	14	1025	24	4	484	146	77181.77	61.75
27	14	1025	24	4	485	145	78737.02	63.35
27	14	1025	24	4	486	206	80143.0	65.63
27	14	1025	24	4	492	59	75161.8	60.5
27	14	1025	24	4	494	56	75395.28	61.11
27	14	1025	24	4	497	123	71063.69	55.54
27	14	1025	24	4	500	264	82062.77	66.02
27	14	1025	24	4	501	166	85289.82	72.49
27	14	1025	24	4	506	317	91517.92	79.12
27	14	1025	24	5	520	1	13116.18	12.28
27	14	1025	24	5	538	16	26908.55	25.23
27	14	1025	24	5	567	66	21453.69	21.78
27	14	1025	24	5	570	52	18858.84	17.25
27	14	1025	24	5	573	20	15889.27	14.13
27	14	1025	24	5	576	42	22725.74	22.36
27	14	1025	24	5	581	25	19069.73	18.03
27	14	1025	24	5	586	2	30111.55	29.89
27	14	1025	24	5	587	41	23601.15	23.07
27	14	1025	24	5	589	17	18668.61	17.01
27	14	1025	24	5	590	58	18713.56	18.33
27	14	1025	24	5	592	39	19101.7	17.71
27	14	1025	24	5	601	4	33271.39	32.37
27	14	1025	24	5	602	59	25489.86	22.97
27	14	1025	24	6	615	1	36626.62	29.9
27	14	1025	24	6	621	32	35161.32	35.1
27	14	1025	24	6	631	28	31534.67	26.74
27	14	1025	24	6	640	142	38811.71	31.87
27	14	1025	24	6	642	44	37362.43	30.25
27	14	1025	24	6	645	7	34313.71	27.56
27	14	1025	24	6	654	24	39885.23	33.17
27	14	1025	24	6	656	23	45340.03	36.11
27	14	1025	24	6	663	16	56189.87	46.93
27	14	1025	24	7	670	1	213667.33	159.27
27	14	1025	24	7	678	9	216935.73	159.39
27	14	1025	24	8	687	1	72469.52	62.34
27	14	1025	24	8	702	98	127786.99	90.3
27	14	1025	24	8	719	107	63089.49	52.85
27	14	1025	24	8	721	108	68527.98	55.21
27	14	1025	24	8	722	109	76810.44	60.24
27	14	1025	24	8	724	84	54786.78	45.99
27	14	1025	24	8	727	110	72552.02	59.55
27	14	1025	24	8	729	111	67494.8	56.0
27	14	1025	24	8	731	91	79638.15	63.19
27	14	1025	24	8	738	18	67576.93	57.4
27	14	1025	24	8	741	58	82717.99	68.74
27	14	1025	24	8	747	47	74295.88	63.19
27	14	1025	24	8	768	16	93921.78	78.55
27	14	1025	24	9	783	1	111584.19	95.37
27	14	1027	19	1	15	74	288777.81	221.64
27	14	1027	19	1	6	1	255294.81	193.78
27	14	1027	19	10	811	1	28240.17	27.71
27	14	1027	19	10	822	23	22897.75	21.86
27	14	1027	19	10	823	3	19740.48	18.64
27	14	1027	19	10	825	36	26180.06	24.49
27	14	1027	19	10	829	19	23279.76	22.3
27	14	1027	19	10	834	5	25962.39	21.23
27	14	1027	19	10	838	25	28574.67	26.76
27	14	1027	19	10	840	21	35989.65	35.97
27	14	1027	19	10	842	43	33506.39	31.21
27	14	1027	19	11	847	1	193076.25	163.78
27	14	1027	19	12	881	1	118749.49	94.88
27	14	1027	19	12	895	91	129426.41	104.72
27	14	1027	19	12	902	39	127314.36	102.54
27	14	1027	19	12	913	18	122556.65	99.21
27	14	1027	19	12	931	11	128082.36	105.35
27	14	1027	19	12	933	16	116547.42	92.27
27	14	1027	19	13	1134	25	54107.71	49.89
27	14	1027	19	13	1136	88	57297.26	53.22
27	14	1027	19	13	957	1	34435.56	34.4
27	14	1027	19	13	964	63	33581.16	31.81
27	14	1027	19	13	967	18	34013.03	32.24
27	14	1027	19	13	971	13	39760.79	39.06
27	14	1027	19	13	972	28	58245.89	53.79
27	14	1027	19	13	980	24	48949.19	45.8
27	14	1027	19	13	982	17	52595.93	49.88
27	14	1027	19	13	984	27	59612.8	54.74
27	14	1027	19	13	985	16	67912.84	54.04
27	14	1027	19	13	986	80	66175.59	53.52
27	14	1027	19	13	987	62	67593.39	53.85
27	14	1027	19	14	1002	1	8610.93	8.71
27	14	1027	19	14	1018	6	14011.44	14.22
27	14	1027	19	14	1020	5	11910.15	11.73
27	14	1027	19	14	1021	20	6276.97	5.41
27	14	1027	19	14	1022	27	7846.55	6.23
27	14	1027	19	14	1023	21	5151.42	4.44
27	14	1027	19	14	1025	24	4443.9	3.81
27	14	1027	19	14	1029	14	5223.5	4.62
27	14	1027	19	15	1039	1	120878.97	107.63
27	14	1027	19	15	1053	60	141426.5	122.35
27	14	1027	19	16	1074	1	122737.98	103.42
27	14	1027	19	16	1082	17	113884.82	103.81
27	14	1027	19	17	1092	1	277917.12	214.14
27	14	1027	19	2	100	13	61161.28	60.11
27	14	1027	19	2	110	34	72396.55	60.19
27	14	1027	19	2	114	29	120789.45	89.42
27	14	1027	19	2	118	3	77781.46	64.97
27	14	1027	19	2	120	30	50364.18	49.39
27	14	1027	19	2	128	61	80822.5	68.26
27	14	1027	19	2	130	123	53438.8	44.78
27	14	1027	19	2	132	25	57455.15	47.8
27	14	1027	19	2	134	4	64213.98	53.7
27	14	1027	19	2	142	117	71561.61	59.83
27	14	1027	19	2	144	96	57475.58	47.78
27	14	1027	19	2	148	90	53206.5	44.1
27	14	1027	19	2	149	82	39073.52	31.85
27	14	1027	19	2	152	51	46406.37	37.74
27	14	1027	19	2	154	10	57162.81	47.88
27	14	1027	19	2	155	24	62445.92	52.03
27	14	1027	19	2	157	73	72530.99	58.49
27	14	1027	19	2	163	87	72803.88	57.59
27	14	1027	19	2	74	1	53531.22	46.54
27	14	1027	19	2	93	22	85565.72	82.83
27	14	1027	19	3	173	1	82533.75	88.12
27	14	1027	19	3	196	4	58353.97	62.47
27	14	1027	19	3	208	15	39753.32	38.43
27	14	1027	19	3	210	61	47299.05	48.85
27	14	1027	19	3	213	35	51972.21	54.6
27	14	1027	19	3	223	56	64475.31	69.81
27	14	1027	19	4	1148	19	64543.79	59.4
27	14	1027	19	4	321	1	68621.81	55.42
27	14	1027	19	4	422	183	78720.21	74.8
27	14	1027	19	4	423	170	79064.78	75.43
27	14	1027	19	4	425	62	82684.15	79.69
27	14	1027	19	4	426	61	83337.84	80.99
27	14	1027	19	4	428	176	66544.17	65.74
27	14	1027	19	4	433	214	68106.29	64.09
27	14	1027	19	4	440	251	67134.81	63.09
27	14	1027	19	4	443	258	63710.25	60.57
27	14	1027	19	4	445	134	58829.27	56.73
27	14	1027	19	4	452	35	67117.67	54.11
27	14	1027	19	4	453	87	65116.57	51.29
27	14	1027	19	4	458	122	57084.21	44.74
27	14	1027	19	4	463	98	53649.85	42.34
27	14	1027	19	4	464	34	56791.33	44.68
27	14	1027	19	4	465	33	60029.55	48.03
27	14	1027	19	4	467	65	64650.72	53.3
27	14	1027	19	4	470	111	66836.31	52.84
27	14	1027	19	4	476	66	58895.03	47.6
27	14	1027	19	4	477	67	64667.06	53.6
27	14	1027	19	4	479	112	69675.99	55.68
27	14	1027	19	4	480	160	69552.46	55.98
27	14	1027	19	4	484	146	75167.23	60.71
27	14	1027	19	4	485	145	76722.49	62.31
27	14	1027	19	4	486	206	78128.46	64.59
27	14	1027	19	4	492	59	73147.26	59.45
27	14	1027	19	4	494	56	73380.74	60.06
27	14	1027	19	4	497	123	69049.15	54.5
27	14	1027	19	4	500	264	80048.23	64.98
27	14	1027	19	4	501	166	83275.28	71.45
27	14	1027	19	4	506	317	89503.38	78.08
27	14	1027	19	5	520	1	11239.51	10.74
27	14	1027	19	5	538	16	26710.47	24.84
27	14	1027	19	5	567	66	21926.2	21.12
27	14	1027	19	5	570	52	17684.79	16.4
27	14	1027	19	5	573	20	13874.73	13.09
27	14	1027	19	5	576	42	21223.56	21.21
27	14	1027	19	5	581	25	16635.63	16.61
27	14	1027	19	5	586	2	27677.45	28.47
27	14	1027	19	5	587	41	21167.05	21.64
27	14	1027	19	5	589	17	17494.57	16.17
27	14	1027	19	5	590	58	16279.46	16.91
27	14	1027	19	5	592	39	17927.66	16.87
27	14	1027	19	5	601	4	30837.29	30.94
27	14	1027	19	5	602	59	24315.81	22.13
27	14	1027	19	6	615	1	34612.09	28.86
27	14	1027	19	6	621	32	32727.22	33.68
27	14	1027	19	6	631	28	29520.13	25.69
27	14	1027	19	6	640	142	37637.67	31.02
27	14	1027	19	6	642	44	36188.38	29.41
27	14	1027	19	6	645	7	33139.66	26.72
27	14	1027	19	6	654	24	37870.69	32.12
27	14	1027	19	6	656	23	43325.5	35.07
27	14	1027	19	6	663	16	54175.33	45.89
27	14	1027	19	7	670	1	211652.8	158.23
27	14	1027	19	7	678	9	214921.19	158.35
27	14	1027	19	8	687	1	71295.48	61.49
27	14	1027	19	8	702	98	126612.95	89.46
27	14	1027	19	8	719	107	61915.44	52.0
27	14	1027	19	8	721	108	67353.94	54.37
27	14	1027	19	8	722	109	75636.4	59.39
27	14	1027	19	8	724	84	53612.74	45.15
27	14	1027	19	8	727	110	71377.97	58.71
27	14	1027	19	8	729	111	66320.75	55.16
27	14	1027	19	8	731	91	78464.11	62.35
27	14	1027	19	8	738	18	66402.88	56.55
27	14	1027	19	8	741	58	81543.94	67.9
27	14	1027	19	8	747	47	73121.83	62.34
27	14	1027	19	8	768	16	92747.74	77.7
27	14	1027	19	9	783	1	109569.65	94.33
27	14	1029	14	1	15	74	275095.51	219.46
27	14	1029	14	1	6	1	241612.5	191.6
27	14	1029	14	10	811	1	23446.57	23.51
27	14	1029	14	10	822	23	18104.15	17.66
27	14	1029	14	10	823	3	14946.89	14.44
27	14	1029	14	10	825	36	21386.47	20.3
27	14	1029	14	10	829	19	18486.17	18.1
27	14	1029	14	10	834	5	26280.84	21.55
27	14	1029	14	10	838	25	23781.07	22.57
27	14	1029	14	10	840	21	31196.05	31.77
27	14	1029	14	10	842	43	28712.79	27.02
27	14	1029	14	11	847	1	179393.95	161.6
27	14	1029	14	12	881	1	105067.19	92.7
27	14	1029	14	12	895	91	115744.11	102.54
27	14	1029	14	12	902	39	113632.06	100.36
27	14	1029	14	12	913	18	108874.35	97.03
27	14	1029	14	12	931	11	114400.06	103.16
27	14	1029	14	12	933	16	102865.12	90.09
27	14	1029	14	13	1134	25	49314.11	45.69
27	14	1029	14	13	1136	88	52503.67	49.02
27	14	1029	14	13	957	1	29641.96	30.2
27	14	1029	14	13	964	63	28787.57	27.61
27	14	1029	14	13	967	18	29219.43	28.04
27	14	1029	14	13	971	13	34967.19	34.87
27	14	1029	14	13	972	28	53452.29	49.6
27	14	1029	14	13	980	24	44155.59	41.61
27	14	1029	14	13	982	17	47802.34	45.68
27	14	1029	14	13	984	27	54819.2	50.54
27	14	1029	14	13	985	16	54404.78	50.05
27	14	1029	14	13	986	80	66494.04	53.83
27	14	1029	14	13	987	62	54875.37	50.54
27	14	1029	14	14	1002	1	11033.96	10.13
27	14	1029	14	14	1018	6	16434.47	15.65
27	14	1029	14	14	1020	5	14333.18	13.15
27	14	1029	14	14	1021	20	9908.52	8.08
27	14	1029	14	14	1022	27	8188.56	6.59
27	14	1029	14	14	1023	21	9549.49	7.78
27	14	1029	14	14	1025	24	4785.91	4.17
27	14	1029	14	14	1027	19	5939.01	5.35
27	14	1029	14	15	1039	1	123640.85	107.36
27	14	1029	14	15	1053	60	144188.39	122.08
27	14	1029	14	16	1074	1	123056.44	103.74
27	14	1029	14	16	1082	17	114203.28	104.13
27	14	1029	14	17	1092	1	264234.82	211.96
27	14	1029	14	2	100	13	64088.46	62.24
27	14	1029	14	2	110	34	71874.51	60.31
27	14	1029	14	2	114	29	120267.41	89.54
27	14	1029	14	2	118	3	77259.42	65.09
27	14	1029	14	2	120	30	51965.0	51.45
27	14	1029	14	2	128	61	80300.46	68.37
27	14	1029	14	2	130	123	52916.76	44.9
27	14	1029	14	2	132	25	56933.1	47.92
27	14	1029	14	2	134	4	63691.94	53.82
27	14	1029	14	2	142	117	71039.56	59.95
27	14	1029	14	2	144	96	56953.53	47.9
27	14	1029	14	2	148	90	52684.46	44.22
27	14	1029	14	2	149	82	38551.48	31.97
27	14	1029	14	2	152	51	45884.33	37.85
27	14	1029	14	2	154	10	56640.77	48.0
27	14	1029	14	2	155	24	61923.88	52.15
27	14	1029	14	2	157	73	72008.95	58.6
27	14	1029	14	2	163	87	72281.84	57.71
27	14	1029	14	2	74	1	53009.18	46.66
27	14	1029	14	2	93	22	89197.27	85.5
27	14	1029	14	3	173	1	84996.76	88.51
27	14	1029	14	3	196	4	60816.98	62.85
27	14	1029	14	3	208	15	42216.32	38.81
27	14	1029	14	3	210	61	49762.05	49.23
27	14	1029	14	3	213	35	54435.22	54.99
27	14	1029	14	3	223	56	66938.32	70.2
27	14	1029	14	4	1148	19	59750.19	55.21
27	14	1029	14	4	321	1	68940.26	55.74
27	14	1029	14	4	422	183	73926.62	70.61
27	14	1029	14	4	423	170	74271.18	71.23
27	14	1029	14	4	425	62	77890.55	75.49
27	14	1029	14	4	426	61	78544.24	76.8
27	14	1029	14	4	428	176	61750.57	61.55
27	14	1029	14	4	433	214	63312.69	59.9
27	14	1029	14	4	440	251	62341.22	58.9
27	14	1029	14	4	443	258	58916.65	56.38
27	14	1029	14	4	445	134	54035.67	52.53
27	14	1029	14	4	452	35	67436.12	54.43
27	14	1029	14	4	453	87	65435.02	51.61
27	14	1029	14	4	458	122	57402.66	45.06
27	14	1029	14	4	463	98	53968.3	42.66
27	14	1029	14	4	464	34	57109.78	45.0
27	14	1029	14	4	465	33	60348.0	48.35
27	14	1029	14	4	467	65	64969.17	53.62
27	14	1029	14	4	470	111	67154.76	53.16
27	14	1029	14	4	476	66	59213.49	47.92
27	14	1029	14	4	477	67	64985.51	53.92
27	14	1029	14	4	479	112	69994.45	56.0
27	14	1029	14	4	480	160	69870.91	56.3
27	14	1029	14	4	484	146	75485.68	61.02
27	14	1029	14	4	485	145	77040.94	62.63
27	14	1029	14	4	486	206	78446.91	64.91
27	14	1029	14	4	492	59	73465.72	59.77
27	14	1029	14	4	494	56	73699.19	60.38
27	14	1029	14	4	497	123	69367.6	54.82
27	14	1029	14	4	500	264	80366.69	65.3
27	14	1029	14	4	501	166	83593.73	71.77
27	14	1029	14	4	506	317	89821.83	78.4
27	14	1029	14	5	520	1	12427.28	11.94
27	14	1029	14	5	538	16	31090.32	28.8
27	14	1029	14	5	567	66	23212.82	22.42
27	14	1029	14	5	570	52	12891.19	12.21
27	14	1029	14	5	573	20	10295.61	11.83
27	14	1029	14	5	576	42	21961.57	21.91
27	14	1029	14	5	581	25	17373.65	17.31
27	14	1029	14	5	586	2	28415.47	29.17
27	14	1029	14	5	587	41	21905.06	22.34
27	14	1029	14	5	589	17	12700.97	11.97
27	14	1029	14	5	590	58	17017.47	17.61
27	14	1029	14	5	592	39	13134.06	12.68
27	14	1029	14	5	601	4	31575.3	31.64
27	14	1029	14	5	602	59	23793.77	22.25
27	14	1029	14	6	615	1	34930.54	29.17
27	14	1029	14	6	621	32	33465.23	34.38
27	14	1029	14	6	631	28	29838.59	26.01
27	14	1029	14	6	640	142	37115.63	31.14
27	14	1029	14	6	642	44	35666.34	29.53
27	14	1029	14	6	645	7	32617.62	26.84
27	14	1029	14	6	654	24	38189.14	32.44
27	14	1029	14	6	656	23	43643.95	35.39
27	14	1029	14	6	663	16	54493.78	46.21
27	14	1029	14	7	670	1	197970.49	156.05
27	14	1029	14	7	678	9	201238.89	156.17
27	14	1029	14	8	687	1	70773.44	61.61
27	14	1029	14	8	702	98	126090.91	89.57
27	14	1029	14	8	719	107	61393.4	52.12
27	14	1029	14	8	721	108	66831.9	54.49
27	14	1029	14	8	722	109	75114.36	59.51
27	14	1029	14	8	724	84	53090.7	45.27
27	14	1029	14	8	727	110	70855.93	58.83
27	14	1029	14	8	729	111	65798.71	55.28
27	14	1029	14	8	731	91	77942.06	62.47
27	14	1029	14	8	738	18	65880.84	56.67
27	14	1029	14	8	741	58	81021.9	68.02
27	14	1029	14	8	747	47	72599.79	62.46
27	14	1029	14	8	768	16	92225.69	77.82
27	14	1029	14	9	783	1	107876.42	94.36
27	15	1039	1	1	15	74	214234.79	163.86
27	15	1039	1	1	6	1	180751.78	136.0
27	15	1039	1	10	811	1	102173.43	85.2
27	15	1039	1	10	822	23	109561.5	90.87
27	15	1039	1	10	823	3	111486.99	93.63
27	15	1039	1	10	825	36	106013.87	87.71
27	15	1039	1	10	829	19	110401.49	92.62
27	15	1039	1	10	834	5	103715.42	89.59
27	15	1039	1	10	838	25	105400.92	88.94
27	15	1039	1	10	840	21	97318.86	80.36
27	15	1039	1	10	842	43	103814.97	88.14
27	15	1039	1	11	847	1	125393.49	112.11
27	15	1039	1	12	881	1	44206.47	37.1
27	15	1039	1	12	895	91	61743.65	53.05
27	15	1039	1	12	902	39	59631.61	50.87
27	15	1039	1	12	913	18	53417.78	46.14
27	15	1039	1	12	931	11	57635.48	49.65
27	15	1039	1	12	933	16	42004.4	34.49
27	15	1039	1	13	1134	25	79872.76	63.94
27	15	1039	1	13	1136	88	78141.63	63.13
27	15	1039	1	13	957	1	95045.78	78.64
27	15	1039	1	13	964	63	99585.23	81.53
27	15	1039	1	13	967	18	99153.37	81.1
27	15	1039	1	13	971	13	94546.38	76.9
27	15	1039	1	13	972	28	89841.91	72.53
27	15	1039	1	13	980	24	82196.79	66.39
27	15	1039	1	13	982	17	83476.54	68.23
27	15	1039	1	13	984	27	75196.89	60.15
27	15	1039	1	13	985	16	64217.11	60.43
27	15	1039	1	13	986	80	64106.31	61.59
27	15	1039	1	13	987	62	63897.66	60.24
27	15	1039	1	14	1002	1	132868.91	113.13
27	15	1039	1	14	1018	6	138269.42	118.64
27	15	1039	1	14	1020	5	136168.13	116.15
27	15	1039	1	14	1021	20	131743.48	111.08
27	15	1039	1	14	1022	27	130023.51	109.59
27	15	1039	1	14	1023	21	129883.72	110.74
27	15	1039	1	14	1025	24	126620.87	107.17
27	15	1039	1	14	1027	19	125224.78	106.78
27	15	1039	1	14	1029	14	125124.64	106.28
27	15	1039	1	15	1053	60	22404.87	17.79
27	15	1039	1	16	1074	1	18117.29	15.94
27	15	1039	1	16	1082	17	29369.44	26.9
27	15	1039	1	17	1092	1	203374.1	156.36
27	15	1039	1	2	100	13	162131.48	135.63
27	15	1039	1	2	110	34	146593.25	122.66
27	15	1039	1	2	114	29	176977.47	138.59
27	15	1039	1	2	118	3	152374.89	127.11
27	15	1039	1	2	120	30	138878.73	116.24
27	15	1039	1	2	128	61	155303.2	128.74
27	15	1039	1	2	130	123	127630.35	109.21
27	15	1039	1	2	132	25	131651.85	110.27
27	15	1039	1	2	134	4	138395.72	115.84
27	15	1039	1	2	142	117	140058.61	117.11
27	15	1039	1	2	144	96	126964.99	106.71
27	15	1039	1	2	148	90	118730.71	101.11
27	15	1039	1	2	149	82	117725.73	100.13
27	15	1039	1	2	152	51	108945.52	93.28
27	15	1039	1	2	154	10	115016.13	98.32
27	15	1039	1	2	155	24	121975.8	102.43
27	15	1039	1	2	157	73	128719.01	107.65
27	15	1039	1	2	163	87	128991.9	106.75
27	15	1039	1	2	74	1	109718.82	96.92
27	15	1039	1	2	93	22	197410.63	156.64
27	15	1039	1	3	173	1	145218.49	120.14
27	15	1039	1	3	196	4	119539.57	94.11
27	15	1039	1	3	208	15	132241.95	114.68
27	15	1039	1	3	210	61	126027.52	105.58
27	15	1039	1	3	213	35	120593.06	97.5
27	15	1039	1	3	223	56	111679.77	90.54
27	15	1039	1	4	1148	19	76645.74	61.34
27	15	1039	1	4	321	1	58530.4	55.89
27	15	1039	1	4	422	183	98975.23	79.92
27	15	1039	1	4	423	170	92065.09	78.66
27	15	1039	1	4	425	62	96312.93	84.49
27	15	1039	1	4	426	61	95126.69	84.83
27	15	1039	1	4	428	176	84488.58	68.7
27	15	1039	1	4	433	214	83336.52	66.4
27	15	1039	1	4	440	251	82365.04	65.4
27	15	1039	1	4	443	258	78940.48	62.88
27	15	1039	1	4	445	134	74059.5	59.03
27	15	1039	1	4	452	35	66090.87	63.6
27	15	1039	1	4	453	87	64564.86	59.71
27	15	1039	1	4	458	122	71858.07	67.54
27	15	1039	1	4	463	98	80198.3	71.88
27	15	1039	1	4	464	34	70717.2	66.14
27	15	1039	1	4	465	33	67478.98	62.78
27	15	1039	1	4	467	65	73026.75	67.63
27	15	1039	1	4	470	111	61752.08	56.66
27	15	1039	1	4	476	66	77772.94	71.47
27	15	1039	1	4	477	67	72231.12	66.26
27	15	1039	1	4	479	112	64591.77	59.5
27	15	1039	1	4	480	160	65322.5	60.29
27	15	1039	1	4	484	146	49797.29	47.88
27	15	1039	1	4	485	145	48336.26	46.46
27	15	1039	1	4	486	206	49236.79	48.9
27	15	1039	1	4	492	59	68645.82	63.36
27	15	1039	1	4	494	56	68879.3	63.97
27	15	1039	1	4	497	123	55123.83	62.04
27	15	1039	1	4	500	264	48835.38	47.61
27	15	1039	1	4	501	166	43820.49	41.1
27	15	1039	1	4	506	317	34825.77	35.12
27	15	1039	1	5	520	1	116521.92	101.77
27	15	1039	1	5	538	16	140772.27	121.15
27	15	1039	1	5	567	66	127981.79	111.93
27	15	1039	1	5	570	52	118229.42	98.16
27	15	1039	1	5	573	20	114883.87	99.47
27	15	1039	1	5	576	42	123203.94	107.07
27	15	1039	1	5	581	25	119806.52	103.66
27	15	1039	1	5	586	2	129408.81	114.18
27	15	1039	1	5	587	41	123147.43	107.5
27	15	1039	1	5	589	17	113728.0	96.09
27	15	1039	1	5	590	58	118259.85	102.77
27	15	1039	1	5	592	39	115120.06	97.55
27	15	1039	1	5	601	4	126420.6	111.11
27	15	1039	1	5	602	59	119126.25	103.8
27	15	1039	1	6	615	1	92666.95	82.55
27	15	1039	1	6	621	32	122024.03	107.56
27	15	1039	1	6	631	28	101849.5	90.91
27	15	1039	1	6	640	142	112905.79	99.43
27	15	1039	1	6	642	44	111456.51	97.81
27	15	1039	1	6	645	7	111713.34	97.88
27	15	1039	1	6	654	24	95387.37	85.14
27	15	1039	1	6	656	23	95333.17	83.9
27	15	1039	1	6	663	16	96224.82	84.98
27	15	1039	1	7	670	1	137109.77	100.45
27	15	1039	1	7	678	9	140378.16	100.56
27	15	1039	1	8	687	1	99849.61	98.92
27	15	1039	1	8	702	98	182800.97	138.62
27	15	1039	1	8	719	107	118103.46	101.17
27	15	1039	1	8	721	108	123541.96	103.53
27	15	1039	1	8	722	109	131824.42	108.56
27	15	1039	1	8	724	84	109800.34	95.52
27	15	1039	1	8	727	110	127566.0	107.88
27	15	1039	1	8	729	111	122508.77	104.33
27	15	1039	1	8	731	91	134652.13	111.52
27	15	1039	1	8	738	18	119160.99	101.46
27	15	1039	1	8	741	58	111785.56	108.39
27	15	1039	1	8	747	47	101620.19	99.68
27	15	1039	1	8	768	16	119238.04	113.03
27	15	1039	1	9	783	1	16497.55	14.39
27	15	1053	60	1	15	74	235113.04	179.31
27	15	1053	60	1	6	1	201630.04	151.45
27	15	1053	60	10	811	1	123051.68	100.65
27	15	1053	60	10	822	23	130439.76	106.32
27	15	1053	60	10	823	3	132365.24	109.08
27	15	1053	60	10	825	36	126892.13	103.16
27	15	1053	60	10	829	19	131279.74	108.07
27	15	1053	60	10	834	5	124593.67	105.04
27	15	1053	60	10	838	25	126279.17	104.39
27	15	1053	60	10	840	21	118197.11	95.81
27	15	1053	60	10	842	43	124693.22	103.59
27	15	1053	60	11	847	1	146271.75	127.56
27	15	1053	60	12	881	1	65084.72	52.54
27	15	1053	60	12	895	91	82621.91	68.49
27	15	1053	60	12	902	39	80509.86	66.31
27	15	1053	60	12	913	18	74296.04	61.59
27	15	1053	60	12	931	11	78513.73	65.1
27	15	1053	60	12	933	16	62882.65	49.94
27	15	1053	60	13	1134	25	100751.01	79.39
27	15	1053	60	13	1136	88	99019.89	78.58
27	15	1053	60	13	957	1	115924.04	94.09
27	15	1053	60	13	964	63	120463.49	96.98
27	15	1053	60	13	967	18	120031.62	96.55
27	15	1053	60	13	971	13	115424.63	92.34
27	15	1053	60	13	972	28	110720.17	87.98
27	15	1053	60	13	980	24	103075.05	81.84
27	15	1053	60	13	982	17	104354.79	83.67
27	15	1053	60	13	984	27	96075.14	75.6
27	15	1053	60	13	985	16	85095.37	75.88
27	15	1053	60	13	986	80	84984.57	77.04
27	15	1053	60	13	987	62	84775.92	75.69
27	15	1053	60	14	1002	1	153747.16	128.58
27	15	1053	60	14	1018	6	159147.67	134.09
27	15	1053	60	14	1020	5	157046.38	131.6
27	15	1053	60	14	1021	20	152621.73	126.53
27	15	1053	60	14	1022	27	150901.77	125.03
27	15	1053	60	14	1023	21	150761.97	126.18
27	15	1053	60	14	1025	24	147499.12	122.62
27	15	1053	60	14	1027	19	146103.03	122.23
27	15	1053	60	14	1029	14	146002.9	121.73
27	15	1053	60	15	1039	1	22663.59	18.3
27	15	1053	60	16	1074	1	34501.14	27.99
27	15	1053	60	16	1082	17	45753.29	38.94
27	15	1053	60	17	1092	1	224252.36	171.81
27	15	1053	60	2	100	13	183009.73	151.08
27	15	1053	60	2	110	34	167471.51	138.11
27	15	1053	60	2	114	29	197855.72	154.04
27	15	1053	60	2	118	3	173253.14	142.56
27	15	1053	60	2	120	30	159756.99	131.69
27	15	1053	60	2	128	61	176181.46	144.18
27	15	1053	60	2	130	123	148508.61	124.66
27	15	1053	60	2	132	25	152530.1	125.72
27	15	1053	60	2	134	4	159273.98	131.29
27	15	1053	60	2	142	117	160936.86	132.56
27	15	1053	60	2	144	96	147843.25	122.16
27	15	1053	60	2	148	90	139608.97	116.56
27	15	1053	60	2	149	82	138603.99	115.58
27	15	1053	60	2	152	51	129823.78	108.73
27	15	1053	60	2	154	10	135894.38	113.77
27	15	1053	60	2	155	24	142854.06	117.88
27	15	1053	60	2	157	73	149597.27	123.1
27	15	1053	60	2	163	87	149870.16	122.2
27	15	1053	60	2	74	1	130597.08	112.37
27	15	1053	60	2	93	22	218288.88	172.09
27	15	1053	60	3	173	1	166096.74	135.59
27	15	1053	60	3	196	4	140417.82	109.56
27	15	1053	60	3	208	15	153120.21	130.13
27	15	1053	60	3	210	61	146905.78	121.03
27	15	1053	60	3	213	35	141471.31	112.95
27	15	1053	60	3	223	56	132558.02	105.99
27	15	1053	60	4	1148	19	97523.99	76.79
27	15	1053	60	4	321	1	79408.65	71.33
27	15	1053	60	4	422	183	119853.49	95.37
27	15	1053	60	4	423	170	112943.34	94.11
27	15	1053	60	4	425	62	117191.18	99.94
27	15	1053	60	4	426	61	116004.95	100.28
27	15	1053	60	4	428	176	105366.83	84.15
27	15	1053	60	4	433	214	104214.77	81.85
27	15	1053	60	4	440	251	103243.3	80.85
27	15	1053	60	4	443	258	99818.73	78.33
27	15	1053	60	4	445	134	94937.76	74.48
27	15	1053	60	4	452	35	86969.12	79.05
27	15	1053	60	4	453	87	85443.11	75.16
27	15	1053	60	4	458	122	92736.32	82.99
27	15	1053	60	4	463	98	101076.55	87.33
27	15	1053	60	4	464	34	91595.46	81.58
27	15	1053	60	4	465	33	88357.24	78.23
27	15	1053	60	4	467	65	93905.0	83.08
27	15	1053	60	4	470	111	82630.34	72.11
27	15	1053	60	4	476	66	98651.19	86.92
27	15	1053	60	4	477	67	93109.37	81.71
27	15	1053	60	4	479	112	85470.02	74.94
27	15	1053	60	4	480	160	86200.75	75.74
27	15	1053	60	4	484	146	70675.55	63.33
27	15	1053	60	4	485	145	69214.51	61.91
27	15	1053	60	4	486	206	70115.05	64.35
27	15	1053	60	4	492	59	89524.07	78.81
27	15	1053	60	4	494	56	89757.55	79.41
27	15	1053	60	4	497	123	76002.09	77.49
27	15	1053	60	4	500	264	69713.63	63.06
27	15	1053	60	4	501	166	64698.75	56.55
27	15	1053	60	4	506	317	55704.02	50.57
27	15	1053	60	5	520	1	137400.18	117.22
27	15	1053	60	5	538	16	161650.53	136.6
27	15	1053	60	5	567	66	148860.05	127.38
27	15	1053	60	5	570	52	139107.68	113.61
27	15	1053	60	5	573	20	135762.12	114.92
27	15	1053	60	5	576	42	144082.19	122.51
27	15	1053	60	5	581	25	140684.77	119.11
27	15	1053	60	5	586	2	150287.07	129.63
27	15	1053	60	5	587	41	144025.69	122.95
27	15	1053	60	5	589	17	134606.25	111.54
27	15	1053	60	5	590	58	139138.1	118.22
27	15	1053	60	5	592	39	135998.32	113.0
27	15	1053	60	5	601	4	147298.86	126.56
27	15	1053	60	5	602	59	140004.51	119.25
27	15	1053	60	6	615	1	113545.2	98.0
27	15	1053	60	6	621	32	142902.28	123.01
27	15	1053	60	6	631	28	122727.76	106.36
27	15	1053	60	6	640	142	133784.05	114.88
27	15	1053	60	6	642	44	132334.76	113.26
27	15	1053	60	6	645	7	132591.59	113.33
27	15	1053	60	6	654	24	116265.63	100.58
27	15	1053	60	6	656	23	116211.42	99.35
27	15	1053	60	6	663	16	117103.07	100.43
27	15	1053	60	7	670	1	157988.03	115.89
27	15	1053	60	7	678	9	161256.42	116.01
27	15	1053	60	8	687	1	120727.86	114.37
27	15	1053	60	8	702	98	203679.22	154.07
27	15	1053	60	8	719	107	138981.72	116.62
27	15	1053	60	8	721	108	144420.21	118.98
27	15	1053	60	8	722	109	152702.67	124.01
27	15	1053	60	8	724	84	130678.6	110.97
27	15	1053	60	8	727	110	148444.25	123.32
27	15	1053	60	8	729	111	143387.02	119.78
27	15	1053	60	8	731	91	155530.38	126.96
27	15	1053	60	8	738	18	140039.24	116.91
27	15	1053	60	8	741	58	132663.81	123.84
27	15	1053	60	8	747	47	122498.44	115.13
27	15	1053	60	8	768	16	140116.29	128.48
27	15	1053	60	9	783	1	37375.81	29.84
27	16	1074	1	1	15	74	230887.61	177.55
27	16	1074	1	1	6	1	197404.61	149.69
27	16	1074	1	10	811	1	90771.9	85.02
27	16	1074	1	10	822	23	98159.97	90.69
27	16	1074	1	10	823	3	100085.46	93.45
27	16	1074	1	10	825	36	94612.34	87.52
27	16	1074	1	10	829	19	98999.95	92.44
27	16	1074	1	10	834	5	101418.06	87.01
27	16	1074	1	10	838	25	93999.38	88.76
27	16	1074	1	10	840	21	85917.33	80.18
27	16	1074	1	10	842	43	92413.44	87.96
27	16	1074	1	11	847	1	142046.32	125.8
27	16	1074	1	12	881	1	60859.29	50.79
27	16	1074	1	12	895	91	78396.48	66.74
27	16	1074	1	12	902	39	76284.43	64.56
27	16	1074	1	12	913	18	70070.61	59.83
27	16	1074	1	12	931	11	74288.3	63.34
27	16	1074	1	12	933	16	58657.22	48.18
27	16	1074	1	13	1134	25	67010.43	62.21
27	16	1074	1	13	1136	88	65559.59	62.82
27	16	1074	1	13	957	1	83644.25	78.46
27	16	1074	1	13	964	63	88183.7	81.35
27	16	1074	1	13	967	18	87751.83	80.92
27	16	1074	1	13	971	13	83144.84	76.71
27	16	1074	1	13	972	28	80697.4	74.65
27	16	1074	1	13	980	24	70795.26	66.21
27	16	1074	1	13	982	17	72125.25	67.88
27	16	1074	1	13	984	27	64152.67	60.41
27	16	1074	1	13	985	16	61919.76	57.85
27	16	1074	1	13	986	80	61808.95	59.01
27	16	1074	1	13	987	62	61600.31	57.67
27	16	1074	1	14	1002	1	130571.55	110.55
27	16	1074	1	14	1018	6	135972.06	116.06
27	16	1074	1	14	1020	5	133870.77	113.57
27	16	1074	1	14	1021	20	129446.12	108.5
27	16	1074	1	14	1022	27	127726.16	107.01
27	16	1074	1	14	1023	21	127586.36	108.16
27	16	1074	1	14	1025	24	124323.51	104.59
27	16	1074	1	14	1027	19	122927.42	104.2
27	16	1074	1	14	1029	14	122827.28	103.7
27	16	1074	1	15	1039	1	18438.16	16.54
27	16	1074	1	15	1053	60	34563.3	28.08
27	16	1074	1	16	1082	17	13185.2	13.83
27	16	1074	1	17	1092	1	220026.93	170.05
27	16	1074	1	2	100	13	159834.12	133.05
27	16	1074	1	2	110	34	144295.9	120.08
27	16	1074	1	2	114	29	174680.11	136.01
27	16	1074	1	2	118	3	150077.53	124.53
27	16	1074	1	2	120	30	136581.38	113.67
27	16	1074	1	2	128	61	153005.84	126.16
27	16	1074	1	2	130	123	125333.0	106.63
27	16	1074	1	2	132	25	129354.49	107.7
27	16	1074	1	2	134	4	136098.37	113.26
27	16	1074	1	2	142	117	137761.25	114.53
27	16	1074	1	2	144	96	124667.64	104.13
27	16	1074	1	2	148	90	116433.35	98.53
27	16	1074	1	2	149	82	115428.38	97.55
27	16	1074	1	2	152	51	106648.17	90.7
27	16	1074	1	2	154	10	112718.77	95.74
27	16	1074	1	2	155	24	119678.45	99.85
27	16	1074	1	2	157	73	126421.66	105.07
27	16	1074	1	2	163	87	126694.54	104.18
27	16	1074	1	2	74	1	107421.47	94.34
27	16	1074	1	2	93	22	195113.27	154.06
27	16	1074	1	3	173	1	138367.47	124.17
27	16	1074	1	3	196	4	112688.56	98.15
27	16	1074	1	3	208	15	125390.94	118.71
27	16	1074	1	3	210	61	119176.51	109.62
27	16	1074	1	3	213	35	113742.05	101.53
27	16	1074	1	3	223	56	104828.76	94.58
27	16	1074	1	4	1148	19	65618.3	61.62
27	16	1074	1	4	321	1	57759.69	53.45
27	16	1074	1	4	422	183	92124.22	83.95
27	16	1074	1	4	423	170	85214.08	82.7
27	16	1074	1	4	425	62	89461.92	88.53
27	16	1074	1	4	426	61	88275.68	88.86
27	16	1074	1	4	428	176	77637.56	72.73
27	16	1074	1	4	433	214	76485.5	70.43
27	16	1074	1	4	440	251	75514.03	69.43
27	16	1074	1	4	443	258	72089.47	66.91
27	16	1074	1	4	445	134	67208.49	63.07
27	16	1074	1	4	452	35	63793.51	61.03
27	16	1074	1	4	453	87	62267.5	57.13
27	16	1074	1	4	458	122	69560.71	64.96
27	16	1074	1	4	463	98	77900.94	69.3
27	16	1074	1	4	464	34	68419.84	63.56
27	16	1074	1	4	465	33	65181.63	60.21
27	16	1074	1	4	467	65	70729.39	65.06
27	16	1074	1	4	470	111	59454.73	54.08
27	16	1074	1	4	476	66	75475.58	68.9
27	16	1074	1	4	477	67	69933.76	63.68
27	16	1074	1	4	479	112	62294.41	56.92
27	16	1074	1	4	480	160	63025.14	57.72
27	16	1074	1	4	484	146	48311.88	44.52
27	16	1074	1	4	485	145	46850.84	43.11
27	16	1074	1	4	486	206	47751.37	45.55
27	16	1074	1	4	492	59	66348.46	60.78
27	16	1074	1	4	494	56	66581.94	61.39
27	16	1074	1	4	497	123	57286.72	58.41
27	16	1074	1	4	500	264	47349.96	44.25
27	16	1074	1	4	501	166	42335.07	37.75
27	16	1074	1	4	506	317	36988.65	31.49
27	16	1074	1	5	520	1	114224.57	99.19
27	16	1074	1	5	538	16	138474.92	118.57
27	16	1074	1	5	567	66	125684.44	109.35
27	16	1074	1	5	570	52	106827.89	97.98
27	16	1074	1	5	573	20	112586.51	96.89
27	16	1074	1	5	576	42	120906.58	104.49
27	16	1074	1	5	581	25	117509.16	101.08
27	16	1074	1	5	586	2	127111.46	111.6
27	16	1074	1	5	587	41	120850.08	104.92
27	16	1074	1	5	589	17	102326.46	95.91
27	16	1074	1	5	590	58	115962.49	100.19
27	16	1074	1	5	592	39	103718.53	97.37
27	16	1074	1	5	601	4	124123.25	108.53
27	16	1074	1	5	602	59	116828.89	101.22
27	16	1074	1	6	615	1	90369.59	79.97
27	16	1074	1	6	621	32	119726.67	104.99
27	16	1074	1	6	631	28	99552.15	88.33
27	16	1074	1	6	640	142	110608.43	96.85
27	16	1074	1	6	642	44	109159.15	95.24
27	16	1074	1	6	645	7	109415.98	95.3
27	16	1074	1	6	654	24	93090.02	82.56
27	16	1074	1	6	656	23	93035.81	81.32
27	16	1074	1	6	663	16	93927.46	82.4
27	16	1074	1	7	670	1	153762.6	114.14
27	16	1074	1	7	678	9	157030.99	114.25
27	16	1074	1	8	687	1	83945.21	92.95
27	16	1074	1	8	702	98	180503.61	136.04
27	16	1074	1	8	719	107	115806.1	98.59
27	16	1074	1	8	721	108	121244.6	100.96
27	16	1074	1	8	722	109	129527.06	105.98
27	16	1074	1	8	724	84	107502.99	92.95
27	16	1074	1	8	727	110	125268.64	105.3
27	16	1074	1	8	729	111	120211.41	101.75
27	16	1074	1	8	731	91	132354.77	108.94
27	16	1074	1	8	738	18	116863.63	98.88
27	16	1074	1	8	741	58	95881.16	102.42
27	16	1074	1	8	747	47	85715.79	93.72
27	16	1074	1	8	768	16	103333.64	107.07
27	16	1074	1	9	783	1	33150.38	28.08
27	16	1082	17	1	15	74	242084.77	188.48
27	16	1082	17	1	6	1	208601.76	160.62
27	16	1082	17	10	811	1	92653.78	86.26
27	16	1082	17	10	822	23	100041.86	91.92
27	16	1082	17	10	823	3	96493.26	94.24
27	16	1082	17	10	825	36	96494.23	88.76
27	16	1082	17	10	829	19	92770.5	90.21
27	16	1082	17	10	834	5	87005.57	82.76
27	16	1082	17	10	838	25	90720.04	88.99
27	16	1082	17	10	840	21	87799.22	81.41
27	16	1082	17	10	842	43	85194.33	84.13
27	16	1082	17	11	847	1	153243.47	136.73
27	16	1082	17	12	881	1	72056.45	61.72
27	16	1082	17	12	895	91	89593.63	77.67
27	16	1082	17	12	902	39	87481.59	75.49
27	16	1082	17	12	913	18	81267.76	70.77
27	16	1082	17	12	931	11	85485.46	74.27
27	16	1082	17	12	933	16	69854.38	59.11
27	16	1082	17	13	1134	25	68892.31	63.45
27	16	1082	17	13	1136	88	67441.48	64.05
27	16	1082	17	13	957	1	85526.14	79.69
27	16	1082	17	13	964	63	90065.59	82.59
27	16	1082	17	13	967	18	89633.72	82.16
27	16	1082	17	13	971	13	85026.73	77.95
27	16	1082	17	13	972	28	82579.29	75.89
27	16	1082	17	13	980	24	72677.15	67.44
27	16	1082	17	13	982	17	74007.14	69.12
27	16	1082	17	13	984	27	66034.56	61.65
27	16	1082	17	13	985	16	63801.64	59.09
27	16	1082	17	13	986	80	63690.84	60.25
27	16	1082	17	13	987	62	63482.19	58.9
27	16	1082	17	14	1002	1	116159.06	106.29
27	16	1082	17	14	1018	6	121559.57	111.81
27	16	1082	17	14	1020	5	119458.27	109.32
27	16	1082	17	14	1021	20	115033.62	104.25
27	16	1082	17	14	1022	27	113313.66	102.75
27	16	1082	17	14	1023	21	113173.86	103.9
27	16	1082	17	14	1025	24	109911.01	100.33
27	16	1082	17	14	1027	19	108514.92	99.95
27	16	1082	17	14	1029	14	108414.79	99.45
27	16	1082	17	15	1039	1	29635.31	27.48
27	16	1082	17	15	1053	60	45760.45	39.01
27	16	1082	17	16	1074	1	13185.38	13.89
27	16	1082	17	17	1092	1	231224.08	180.98
27	16	1082	17	2	100	13	145421.5	128.88
27	16	1082	17	2	110	34	129883.28	115.91
27	16	1082	17	2	114	29	160267.49	131.84
27	16	1082	17	2	118	3	135664.91	120.35
27	16	1082	17	2	120	30	122168.76	109.49
27	16	1082	17	2	128	61	138593.22	121.98
27	16	1082	17	2	130	123	110920.38	102.46
27	16	1082	17	2	132	25	114941.87	103.52
27	16	1082	17	2	134	4	121685.75	109.08
27	16	1082	17	2	142	117	123348.63	110.35
27	16	1082	17	2	144	96	110255.02	99.96
27	16	1082	17	2	148	90	102020.73	94.36
27	16	1082	17	2	149	82	101015.76	93.37
27	16	1082	17	2	152	51	92235.55	86.52
27	16	1082	17	2	154	10	98306.15	91.57
27	16	1082	17	2	155	24	105265.83	95.67
27	16	1082	17	2	157	73	112009.04	100.9
27	16	1082	17	2	163	87	112281.92	100.0
27	16	1082	17	2	74	1	93008.85	90.16
27	16	1082	17	2	93	22	180700.65	149.89
27	16	1082	17	3	173	1	140249.36	125.41
27	16	1082	17	3	196	4	114570.44	99.38
27	16	1082	17	3	208	15	127272.83	119.95
27	16	1082	17	3	210	61	121058.4	110.85
27	16	1082	17	3	213	35	115623.93	102.77
27	16	1082	17	3	223	56	106710.64	95.81
27	16	1082	17	4	1148	19	67500.19	62.85
27	16	1082	17	4	321	1	59641.58	54.69
27	16	1082	17	4	422	183	94006.11	85.19
27	16	1082	17	4	423	170	87095.96	83.93
27	16	1082	17	4	425	62	91343.8	89.76
27	16	1082	17	4	426	61	90157.57	90.1
27	16	1082	17	4	428	176	79519.45	73.97
27	16	1082	17	4	433	214	78367.39	71.67
27	16	1082	17	4	440	251	77395.92	70.67
27	16	1082	17	4	443	258	73971.35	68.15
27	16	1082	17	4	445	134	69090.38	64.3
27	16	1082	17	4	452	35	65675.4	62.26
27	16	1082	17	4	453	87	64149.39	58.37
27	16	1082	17	4	458	122	71442.6	66.2
27	16	1082	17	4	463	98	79782.83	70.54
27	16	1082	17	4	464	34	70301.73	64.79
27	16	1082	17	4	465	33	67063.51	61.44
27	16	1082	17	4	467	65	72611.28	66.29
27	16	1082	17	4	470	111	61336.61	55.32
27	16	1082	17	4	476	66	68097.87	70.08
27	16	1082	17	4	477	67	71815.65	64.92
27	16	1082	17	4	479	112	64176.3	58.15
27	16	1082	17	4	480	160	64907.03	58.95
27	16	1082	17	4	484	146	50193.76	45.76
27	16	1082	17	4	485	145	48732.73	44.34
27	16	1082	17	4	486	206	49633.26	46.78
27	16	1082	17	4	492	59	68230.35	62.02
27	16	1082	17	4	494	56	68463.83	62.62
27	16	1082	17	4	497	123	43130.86	59.13
27	16	1082	17	4	500	264	49231.85	45.49
27	16	1082	17	4	501	166	44216.96	38.98
27	16	1082	17	4	506	317	38870.54	32.73
27	16	1082	17	5	520	1	99812.07	94.94
27	16	1082	17	5	538	16	124062.42	114.31
27	16	1082	17	5	567	66	111271.94	105.09
27	16	1082	17	5	570	52	104600.61	98.58
27	16	1082	17	5	573	20	98174.02	92.63
27	16	1082	17	5	576	42	106494.09	100.23
27	16	1082	17	5	581	25	103096.66	96.82
27	16	1082	17	5	586	2	112698.96	107.35
27	16	1082	17	5	587	41	106437.58	100.67
27	16	1082	17	5	589	17	100944.18	95.53
27	16	1082	17	5	590	58	101549.99	95.93
27	16	1082	17	5	592	39	100374.99	94.89
27	16	1082	17	5	601	4	109710.75	104.27
27	16	1082	17	5	602	59	102416.4	96.96
27	16	1082	17	6	615	1	75957.1	75.72
27	16	1082	17	6	621	32	105314.18	100.73
27	16	1082	17	6	631	28	85139.65	84.08
27	16	1082	17	6	640	142	96195.94	92.59
27	16	1082	17	6	642	44	94746.65	90.98
27	16	1082	17	6	645	7	95003.49	91.04
27	16	1082	17	6	654	24	78677.52	78.3
27	16	1082	17	6	656	23	78623.32	77.06
27	16	1082	17	6	663	16	79514.84	78.22
27	16	1082	17	7	670	1	164959.75	125.07
27	16	1082	17	7	678	9	168228.15	125.19
27	16	1082	17	8	687	1	70760.01	79.12
27	16	1082	17	8	702	98	166090.99	131.87
27	16	1082	17	8	719	107	101393.48	94.42
27	16	1082	17	8	721	108	106831.98	96.78
27	16	1082	17	8	722	109	115114.44	101.8
27	16	1082	17	8	724	84	93090.37	88.77
27	16	1082	17	8	727	110	91870.83	97.1
27	16	1082	17	8	729	111	84872.44	90.75
27	16	1082	17	8	731	91	94690.87	99.02
27	16	1082	17	8	738	18	83839.53	88.85
27	16	1082	17	8	741	58	82695.96	88.6
27	16	1082	17	8	747	47	72530.59	79.89
27	16	1082	17	8	768	16	90148.44	93.24
27	16	1082	17	9	783	1	44347.53	39.01
27	17	1092	1	1	15	74	68469.21	64.73
27	17	1092	1	1	6	1	66658.58	61.28
27	17	1092	1	10	811	1	240009.48	188.89
27	17	1092	1	10	822	23	247397.56	194.56
27	17	1092	1	10	823	3	249323.04	197.32
27	17	1092	1	10	825	36	243849.93	191.4
27	17	1092	1	10	829	19	248237.54	196.31
27	17	1092	1	10	834	5	256567.26	196.93
27	17	1092	1	10	838	25	243236.97	192.63
27	17	1092	1	10	840	21	235154.92	184.05
27	17	1092	1	10	842	43	241651.02	191.83
27	17	1092	1	11	847	1	150011.74	126.11
27	17	1092	1	12	881	1	162769.21	125.66
27	17	1092	1	12	895	91	182242.39	144.08
27	17	1092	1	12	902	39	180130.35	141.9
27	17	1092	1	12	913	18	173916.52	137.18
27	17	1092	1	12	931	11	164089.41	140.23
27	17	1092	1	12	933	16	167583.68	131.39
27	17	1092	1	13	1134	25	217708.81	167.63
27	17	1092	1	13	1136	88	215977.69	166.82
27	17	1092	1	13	957	1	232881.84	182.33
27	17	1092	1	13	964	63	237421.29	185.22
27	17	1092	1	13	967	18	236989.42	184.79
27	17	1092	1	13	971	13	232382.43	180.58
27	17	1092	1	13	972	28	227677.97	176.22
27	17	1092	1	13	980	24	220032.85	170.08
27	17	1092	1	13	982	17	221312.59	171.91
27	17	1092	1	13	984	27	213032.94	163.84
27	17	1092	1	13	985	16	216234.01	167.6
27	17	1092	1	13	986	80	216818.65	168.96
27	17	1092	1	13	987	62	215914.56	167.42
27	17	1092	1	14	1002	1	285720.75	220.47
27	17	1092	1	14	1018	6	291121.26	225.98
27	17	1092	1	14	1020	5	289019.97	223.49
27	17	1092	1	14	1021	20	284595.32	218.42
27	17	1092	1	14	1022	27	282875.35	216.93
27	17	1092	1	14	1023	21	282735.56	218.08
27	17	1092	1	14	1025	24	279472.71	214.51
27	17	1092	1	14	1027	19	278076.62	214.12
27	17	1092	1	14	1029	14	264086.45	211.39
27	17	1092	1	15	1039	1	204645.55	157.98
27	17	1092	1	15	1053	60	225193.09	172.7
27	17	1092	1	16	1074	1	220905.5	170.86
27	17	1092	1	16	1082	17	232157.65	181.81
27	17	1092	1	2	100	13	314983.32	242.97
27	17	1092	1	2	110	34	299445.09	230.0
27	17	1092	1	2	114	29	329829.31	245.93
27	17	1092	1	2	118	3	305226.73	234.45
27	17	1092	1	2	120	30	291730.57	223.59
27	17	1092	1	2	128	61	308155.04	236.08
27	17	1092	1	2	130	123	280482.19	216.55
27	17	1092	1	2	132	25	284503.69	217.62
27	17	1092	1	2	134	4	291247.56	223.18
27	17	1092	1	2	142	117	292910.45	224.45
27	17	1092	1	2	144	96	279816.83	214.05
27	17	1092	1	2	148	90	271582.55	208.45
27	17	1092	1	2	149	82	270577.57	207.47
27	17	1092	1	2	152	51	261797.36	200.62
27	17	1092	1	2	154	10	267867.97	205.66
27	17	1092	1	2	155	24	274827.65	209.77
27	17	1092	1	2	157	73	281570.85	214.99
27	17	1092	1	2	163	87	281843.74	214.1
27	17	1092	1	2	74	1	262570.66	204.26
27	17	1092	1	2	93	22	350262.47	263.98
27	17	1092	1	3	173	1	283054.54	223.83
27	17	1092	1	3	196	4	257375.62	197.8
27	17	1092	1	3	208	15	270078.01	218.37
27	17	1092	1	3	210	61	263863.58	209.27
27	17	1092	1	3	213	35	258429.11	201.19
27	17	1092	1	3	223	56	249515.82	194.23
27	17	1092	1	4	1148	19	214481.79	165.03
27	17	1092	1	4	321	1	214638.72	165.94
27	17	1092	1	4	422	183	236811.29	183.61
27	17	1092	1	4	423	170	229901.14	182.35
27	17	1092	1	4	425	62	234148.98	188.18
27	17	1092	1	4	426	61	232962.75	188.52
27	17	1092	1	4	428	176	222324.63	172.39
27	17	1092	1	4	433	214	221172.57	170.09
27	17	1092	1	4	440	251	220201.1	169.09
27	17	1092	1	4	443	258	216776.53	166.57
27	17	1092	1	4	445	134	211895.56	162.72
27	17	1092	1	4	452	35	218803.21	170.97
27	17	1092	1	4	453	87	217416.7	167.05
27	17	1092	1	4	458	122	224709.91	174.88
27	17	1092	1	4	463	98	233050.14	179.22
27	17	1092	1	4	464	34	223569.04	173.48
27	17	1092	1	4	465	33	220330.82	170.13
27	17	1092	1	4	467	65	226479.36	176.23
27	17	1092	1	4	470	111	219265.76	168.82
27	17	1092	1	4	476	66	230931.94	180.7
27	17	1092	1	4	477	67	226405.26	176.46
27	17	1092	1	4	479	112	222105.44	171.65
27	17	1092	1	4	480	160	221981.91	171.96
27	17	1092	1	4	484	146	218253.5	170.9
27	17	1092	1	4	485	145	210023.76	169.96
27	17	1092	1	4	486	206	210924.3	172.4
27	17	1092	1	4	492	59	225576.71	175.43
27	17	1092	1	4	494	56	225810.19	176.03
27	17	1092	1	4	497	123	237805.76	185.4
27	17	1092	1	4	500	264	210522.89	171.11
27	17	1092	1	4	501	166	205508.0	164.6
27	17	1092	1	4	506	317	207473.28	164.2
27	17	1092	1	5	520	1	269373.77	209.11
27	17	1092	1	5	538	16	293624.11	228.49
27	17	1092	1	5	567	66	280833.63	219.27
27	17	1092	1	5	570	52	256065.48	201.85
27	17	1092	1	5	573	20	258717.95	205.24
27	17	1092	1	5	576	42	276055.78	214.41
27	17	1092	1	5	581	25	272658.36	211.0
27	17	1092	1	5	586	2	282260.65	221.52
27	17	1092	1	5	587	41	275999.28	214.84
27	17	1092	1	5	589	17	251564.05	199.78
27	17	1092	1	5	590	58	271111.69	210.11
27	17	1092	1	5	592	39	252956.12	201.24
27	17	1092	1	5	601	4	279272.44	218.45
27	17	1092	1	5	602	59	271978.09	211.14
27	17	1092	1	6	615	1	245518.79	189.89
27	17	1092	1	6	621	32	274875.87	214.91
27	17	1092	1	6	631	28	254701.35	198.25
27	17	1092	1	6	640	142	265757.63	206.77
27	17	1092	1	6	642	44	264308.35	205.16
27	17	1092	1	6	645	7	264565.18	205.22
27	17	1092	1	6	654	24	248239.21	192.48
27	17	1092	1	6	656	23	243393.46	189.57
27	17	1092	1	6	663	16	249076.66	192.32
27	17	1092	1	7	670	1	66336.22	59.26
27	17	1092	1	7	678	9	86606.69	76.08
27	17	1092	1	8	687	1	276905.43	213.74
27	17	1092	1	8	702	98	335652.81	245.96
27	17	1092	1	8	719	107	270955.3	208.51
27	17	1092	1	8	721	108	276393.8	210.88
27	17	1092	1	8	722	109	284676.26	215.9
27	17	1092	1	8	724	84	262652.18	202.87
27	17	1092	1	8	727	110	280417.84	215.22
27	17	1092	1	8	729	111	275360.61	211.67
27	17	1092	1	8	731	91	287503.97	218.86
27	17	1092	1	8	738	18	272012.83	208.8
27	17	1092	1	8	741	58	285612.96	220.24
27	17	1092	1	8	747	47	278731.78	214.59
27	17	1092	1	8	768	16	298357.69	229.95
27	17	1092	1	9	783	1	188881.11	144.98
27	2	100	13	1	15	74	326050.37	252.28
27	2	100	13	1	6	1	292567.37	224.43
27	2	100	13	10	811	1	78301.53	76.61
27	2	100	13	10	822	23	74122.97	72.38
27	2	100	13	10	823	3	70965.7	69.16
27	2	100	13	10	825	36	76715.11	73.84
27	2	100	13	10	829	19	70892.26	68.34
27	2	100	13	10	834	5	65460.76	63.91
27	2	100	13	10	838	25	78636.04	75.67
27	2	100	13	10	840	21	91547.35	82.77
27	2	100	13	10	842	43	86037.22	76.3
27	2	100	13	11	847	1	230348.81	194.43
27	2	100	13	12	881	1	156022.06	125.52
27	2	100	13	12	895	91	166698.97	135.36
27	2	100	13	12	902	39	164586.93	133.18
27	2	100	13	12	913	18	159829.21	129.85
27	2	100	13	12	931	11	165354.92	135.99
27	2	100	13	12	933	16	153819.98	122.91
27	2	100	13	13	1134	25	110276.07	89.04
27	2	100	13	13	1136	88	111534.0	90.75
27	2	100	13	13	957	1	84496.92	83.31
27	2	100	13	13	964	63	84188.18	81.31
27	2	100	13	13	967	18	84620.04	81.74
27	2	100	13	13	971	13	89822.16	87.97
27	2	100	13	13	972	28	116220.07	99.05
27	2	100	13	13	980	24	106923.38	91.05
27	2	100	13	13	982	17	115390.9	94.71
27	2	100	13	13	984	27	110783.22	90.0
27	2	100	13	13	985	16	105185.41	84.68
27	2	100	13	13	986	80	103448.15	84.16
27	2	100	13	13	987	62	104865.95	84.5
27	2	100	13	14	1002	1	64368.62	64.34
27	2	100	13	14	1018	6	69769.14	69.85
27	2	100	13	14	1020	5	67667.84	67.36
27	2	100	13	14	1021	20	61690.82	60.74
27	2	100	13	14	1022	27	63164.3	61.95
27	2	100	13	14	1023	21	61675.63	60.73
27	2	100	13	14	1025	24	64647.69	62.45
27	2	100	13	14	1027	19	61161.28	60.11
27	2	100	13	14	1029	14	63993.27	62.22
27	2	100	13	15	1039	1	158151.53	138.27
27	2	100	13	15	1053	60	178699.07	153.0
27	2	100	13	16	1074	1	160010.55	134.06
27	2	100	13	16	1082	17	145293.96	130.4
27	2	100	13	17	1092	1	315189.69	244.78
27	2	100	13	2	110	34	15940.97	14.14
27	2	100	13	2	114	29	74029.53	61.5
27	2	100	13	2	118	3	12692.6	11.78
27	2	100	13	2	120	30	31109.47	27.39
27	2	100	13	2	128	61	28934.34	26.37
27	2	100	13	2	130	123	35335.31	30.68
27	2	100	13	2	132	25	31038.48	26.94
27	2	100	13	2	134	4	25760.79	23.18
27	2	100	13	2	142	117	25057.97	21.91
27	2	100	13	2	144	96	35903.11	30.39
27	2	100	13	2	148	90	43663.86	37.01
27	2	100	13	2	149	82	48861.25	41.31
27	2	100	13	2	152	51	56569.58	47.24
27	2	100	13	2	154	10	47617.71	40.55
27	2	100	13	2	155	24	40873.45	34.64
27	2	100	13	2	157	73	36344.5	33.19
27	2	100	13	2	163	87	42687.12	36.72
27	2	100	13	2	74	1	57020.97	49.64
27	2	100	13	2	93	22	94462.69	79.55
27	2	100	13	3	173	1	138291.45	143.75
27	2	100	13	3	196	4	114111.67	118.1
27	2	100	13	3	208	15	95511.02	94.06
27	2	100	13	3	210	61	103056.74	104.47
27	2	100	13	3	213	35	107729.91	110.23
27	2	100	13	3	223	56	151459.3	124.17
27	2	100	13	4	1148	19	112248.84	91.21
27	2	100	13	4	321	1	105894.37	86.06
27	2	100	13	4	422	183	138754.77	113.54
27	2	100	13	4	423	170	131844.62	112.28
27	2	100	13	4	425	62	136092.46	118.12
27	2	100	13	4	426	61	134906.22	118.45
27	2	100	13	4	428	176	124268.11	102.32
27	2	100	13	4	433	214	123116.05	100.02
27	2	100	13	4	440	251	122144.57	99.02
27	2	100	13	4	443	258	118720.01	96.5
27	2	100	13	4	445	134	113839.03	92.66
27	2	100	13	4	452	35	104390.23	84.76
27	2	100	13	4	453	87	102389.13	81.94
27	2	100	13	4	458	122	94356.78	75.39
27	2	100	13	4	463	98	90922.42	72.99
27	2	100	13	4	464	34	94063.9	75.33
27	2	100	13	4	465	33	97302.11	78.68
27	2	100	13	4	467	65	96059.86	79.89
27	2	100	13	4	470	111	104108.87	83.49
27	2	100	13	4	476	66	90304.17	74.19
27	2	100	13	4	477	67	96076.2	80.2
27	2	100	13	4	479	112	106948.56	86.32
27	2	100	13	4	480	160	106825.02	86.63
27	2	100	13	4	484	146	112439.79	91.35
27	2	100	13	4	485	145	113995.05	92.95
27	2	100	13	4	486	206	115401.03	95.23
27	2	100	13	4	492	59	109801.3	89.77
27	2	100	13	4	494	56	108183.1	87.94
27	2	100	13	4	497	123	100458.29	81.09
27	2	100	13	4	500	264	117320.8	95.62
27	2	100	13	4	501	166	120547.85	102.09
27	2	100	13	4	506	317	126775.94	108.72
27	2	100	13	5	520	1	56123.77	55.31
27	2	100	13	5	538	16	50466.29	47.96
27	2	100	13	5	567	66	40875.64	39.82
27	2	100	13	5	570	52	68910.01	66.92
27	2	100	13	5	573	20	61387.32	60.87
27	2	100	13	5	576	42	45506.89	43.57
27	2	100	13	5	581	25	51602.28	48.79
27	2	100	13	5	586	2	38430.75	37.0
27	2	100	13	5	587	41	43746.15	43.14
27	2	100	13	5	589	17	68719.79	66.69
27	2	100	13	5	590	58	51929.28	49.64
27	2	100	13	5	592	39	69152.88	67.39
27	2	100	13	5	601	4	39643.65	38.24
27	2	100	13	5	602	59	48076.81	47.46
27	2	100	13	6	615	1	73515.27	64.31
27	2	100	13	6	621	32	42308.44	41.78
27	2	100	13	6	631	28	74355.06	65.93
27	2	100	13	6	640	142	51016.0	43.77
27	2	100	13	6	642	44	52704.7	45.26
27	2	100	13	6	645	7	56403.68	47.72
27	2	100	13	6	654	24	70646.84	59.91
27	2	100	13	6	656	23	85099.1	73.1
27	2	100	13	6	663	16	69295.42	57.53
27	2	100	13	7	670	1	248925.36	188.87
27	2	100	13	7	678	9	252193.75	188.99
27	2	100	13	8	687	1	71252.56	61.24
27	2	100	13	8	702	98	81062.76	63.82
27	2	100	13	8	719	107	52385.0	44.97
27	2	100	13	8	721	108	47843.39	40.37
27	2	100	13	8	722	109	41327.64	36.08
27	2	100	13	8	724	84	57102.49	48.24
27	2	100	13	8	727	110	51867.43	44.72
27	2	100	13	8	729	111	56790.31	48.12
27	2	100	13	8	731	91	48347.34	41.48
27	2	100	13	8	738	18	67805.06	57.26
27	2	100	13	8	741	58	61111.66	52.27
27	2	100	13	8	747	47	68955.61	58.24
27	2	100	13	8	768	16	87922.6	73.91
27	2	100	13	9	783	1	146842.21	124.97
27	2	110	34	1	15	74	310512.15	239.31
27	2	110	34	1	6	1	277029.15	211.46
27	2	110	34	10	811	1	72134.83	65.67
27	2	110	34	10	822	23	74390.58	65.93
27	2	110	34	10	823	3	70655.7	61.53
27	2	110	34	10	825	36	75000.15	64.76
27	2	110	34	10	829	19	69177.3	59.26
27	2	110	34	10	834	5	59216.14	50.96
27	2	110	34	10	838	25	71334.75	63.36
27	2	110	34	10	840	21	76009.13	69.8
27	2	110	34	10	842	43	70498.99	63.33
27	2	110	34	11	847	1	214810.59	181.45
27	2	110	34	12	881	1	140483.83	112.55
27	2	110	34	12	895	91	151160.75	122.39
27	2	110	34	12	902	39	149048.7	120.21
27	2	110	34	12	913	18	144290.99	116.88
27	2	110	34	12	931	11	149816.7	123.02
27	2	110	34	12	933	16	138281.76	109.94
27	2	110	34	13	1134	25	94737.85	76.07
27	2	110	34	13	1136	88	95995.77	77.78
27	2	110	34	13	957	1	78330.22	72.36
27	2	110	34	13	964	63	78507.46	70.52
27	2	110	34	13	967	18	78939.33	70.95
27	2	110	34	13	971	13	83655.46	77.02
27	2	110	34	13	972	28	100681.85	86.08
27	2	110	34	13	980	24	91385.15	78.08
27	2	110	34	13	982	17	99852.68	81.74
27	2	110	34	13	984	27	95245.0	77.03
27	2	110	34	13	985	16	89647.18	71.71
27	2	110	34	13	986	80	87909.93	71.19
27	2	110	34	13	987	62	89327.73	71.53
27	2	110	34	14	1002	1	67287.27	64.6
27	2	110	34	14	1018	6	72687.79	70.11
27	2	110	34	14	1020	5	70586.49	67.62
27	2	110	34	14	1021	20	64609.47	61.01
27	2	110	34	14	1022	27	66082.95	62.21
27	2	110	34	14	1023	21	64594.27	60.99
27	2	110	34	14	1025	24	74065.85	61.39
27	2	110	34	14	1027	19	64079.93	60.38
27	2	110	34	14	1029	14	72569.63	60.5
27	2	110	34	15	1039	1	142613.31	125.3
27	2	110	34	15	1053	60	163160.85	140.02
27	2	110	34	16	1074	1	144472.33	121.09
27	2	110	34	16	1082	17	129755.74	117.43
27	2	110	34	17	1092	1	299651.47	231.81
27	2	110	34	2	100	13	15940.97	14.14
27	2	110	34	2	114	29	66663.5	56.01
27	2	110	34	2	118	3	13247.16	12.95
27	2	110	34	2	120	30	15571.25	14.42
27	2	110	34	2	128	61	22304.5	21.11
27	2	110	34	2	130	123	19797.09	17.71
27	2	110	34	2	132	25	15500.26	13.97
27	2	110	34	2	134	4	10222.56	10.21
27	2	110	34	2	142	117	18428.14	16.64
27	2	110	34	2	144	96	20364.88	17.42
27	2	110	34	2	148	90	28125.64	24.04
27	2	110	34	2	149	82	33323.03	28.34
27	2	110	34	2	152	51	41031.36	34.27
27	2	110	34	2	154	10	32079.49	27.58
27	2	110	34	2	155	24	25335.22	21.67
27	2	110	34	2	157	73	20806.28	20.22
27	2	110	34	2	163	87	27148.9	23.75
27	2	110	34	2	74	1	41482.75	36.67
27	2	110	34	2	93	22	87096.66	74.06
27	2	110	34	3	173	1	169459.79	140.79
27	2	110	34	3	196	4	143780.88	114.76
27	2	110	34	3	208	15	98429.67	94.32
27	2	110	34	3	210	61	105975.39	104.74
27	2	110	34	3	213	35	110648.56	110.5
27	2	110	34	3	223	56	135921.08	111.2
27	2	110	34	4	1148	19	96710.62	78.24
27	2	110	34	4	321	1	90356.15	73.09
27	2	110	34	4	422	183	123216.54	100.57
27	2	110	34	4	423	170	116306.4	99.31
27	2	110	34	4	425	62	120554.24	105.15
27	2	110	34	4	426	61	119368.0	105.48
27	2	110	34	4	428	176	108729.88	89.35
27	2	110	34	4	433	214	107577.82	87.05
27	2	110	34	4	440	251	106606.35	86.05
27	2	110	34	4	443	258	103181.79	83.53
27	2	110	34	4	445	134	98300.81	79.68
27	2	110	34	4	452	35	88852.01	71.79
27	2	110	34	4	453	87	86850.91	68.97
27	2	110	34	4	458	122	78818.55	62.42
27	2	110	34	4	463	98	75384.19	60.02
27	2	110	34	4	464	34	78525.67	62.36
27	2	110	34	4	465	33	81763.89	65.71
27	2	110	34	4	467	65	80521.64	66.92
27	2	110	34	4	470	111	88570.65	70.52
27	2	110	34	4	476	66	74765.95	61.22
27	2	110	34	4	477	67	80537.97	67.23
27	2	110	34	4	479	112	91410.34	73.35
27	2	110	34	4	480	160	91286.8	73.66
27	2	110	34	4	484	146	96901.57	78.38
27	2	110	34	4	485	145	98456.83	79.98
27	2	110	34	4	486	206	99862.8	82.26
27	2	110	34	4	492	59	94263.08	76.8
27	2	110	34	4	494	56	92644.87	74.97
27	2	110	34	4	497	123	84920.06	68.12
27	2	110	34	4	500	264	101782.58	82.65
27	2	110	34	4	501	166	105009.62	89.12
27	2	110	34	4	506	317	111237.72	95.75
27	2	110	34	5	520	1	62278.79	52.99
27	2	110	34	5	538	16	53384.94	48.22
27	2	110	34	5	567	66	42467.94	40.02
27	2	110	34	5	570	52	72508.74	60.94
27	2	110	34	5	573	20	64986.04	54.88
27	2	110	34	5	576	42	44972.34	43.1
27	2	110	34	5	581	25	49745.88	47.03
27	2	110	34	5	586	2	38549.74	35.94
27	2	110	34	5	587	41	44391.49	41.14
27	2	110	34	5	589	17	69388.3	59.66
27	2	110	34	5	590	58	50757.38	47.65
27	2	110	34	5	592	39	68819.11	59.02
27	2	110	34	5	601	4	34721.25	31.84
27	2	110	34	5	602	59	48722.15	45.47
27	2	110	34	6	615	1	57977.05	51.34
27	2	110	34	6	621	32	34925.28	33.01
27	2	110	34	6	631	28	58816.83	52.96
27	2	110	34	6	640	142	35477.77	30.8
27	2	110	34	6	642	44	37166.48	32.29
27	2	110	34	6	645	7	40865.46	34.75
27	2	110	34	6	654	24	55108.62	46.93
27	2	110	34	6	656	23	69560.87	60.13
27	2	110	34	6	663	16	53757.2	44.56
27	2	110	34	7	670	1	233387.14	175.9
27	2	110	34	7	678	9	236655.53	176.02
27	2	110	34	8	687	1	55714.33	48.27
27	2	110	34	8	702	98	73696.73	58.33
27	2	110	34	8	719	107	36846.78	32.0
27	2	110	34	8	721	108	32305.17	27.4
27	2	110	34	8	722	109	25789.41	23.11
27	2	110	34	8	724	84	41564.27	35.27
27	2	110	34	8	727	110	36329.2	31.75
27	2	110	34	8	729	111	41252.09	35.15
27	2	110	34	8	731	91	32809.12	28.51
27	2	110	34	8	738	18	52266.84	44.29
27	2	110	34	8	741	58	45573.44	39.3
27	2	110	34	8	747	47	53417.39	45.27
27	2	110	34	8	768	16	72384.38	60.94
27	2	110	34	9	783	1	131303.99	112.0
27	2	114	29	1	15	74	341192.42	255.16
27	2	114	29	1	6	1	307709.42	227.3
27	2	114	29	10	811	1	118970.35	95.08
27	2	114	29	10	822	23	122155.16	96.1
27	2	114	29	10	823	3	118420.29	91.69
27	2	114	29	10	825	36	122764.73	94.93
27	2	114	29	10	829	19	116941.88	89.43
27	2	114	29	10	834	5	106018.45	80.45
27	2	114	29	10	838	25	115633.6	91.09
27	2	114	29	10	840	21	120725.06	95.13
27	2	114	29	10	842	43	115228.01	88.47
27	2	114	29	11	847	1	245490.86	197.3
27	2	114	29	12	881	1	171164.1	128.4
27	2	114	29	12	895	91	181841.02	138.24
27	2	114	29	12	902	39	179728.97	136.06
27	2	114	29	12	913	18	174971.26	132.73
27	2	114	29	12	931	11	180496.97	138.86
27	2	114	29	12	933	16	168962.03	125.79
27	2	114	29	13	1134	25	125418.12	91.92
27	2	114	29	13	1136	88	126676.04	93.63
27	2	114	29	13	957	1	128679.62	100.08
27	2	114	29	13	964	63	125309.77	100.02
27	2	114	29	13	967	18	125741.63	100.45
27	2	114	29	13	971	13	128180.21	98.34
27	2	114	29	13	972	28	136529.83	104.02
27	2	114	29	13	980	24	126627.69	95.57
27	2	114	29	13	982	17	130532.95	97.59
27	2	114	29	13	984	27	125925.26	92.88
27	2	114	29	13	985	16	120327.45	87.56
27	2	114	29	13	986	80	118590.2	87.03
27	2	114	29	13	987	62	120008.0	87.37
27	2	114	29	14	1002	1	97670.26	94.73
27	2	114	29	14	1018	6	102460.0	99.31
27	2	114	29	14	1020	5	100358.71	96.82
27	2	114	29	14	1021	20	126953.05	95.47
27	2	114	29	14	1022	27	125233.08	93.97
27	2	114	29	14	1023	21	126594.01	95.16
27	2	114	29	14	1025	24	121830.44	91.55
27	2	114	29	14	1027	19	120628.31	91.26
27	2	114	29	14	1029	14	120334.21	90.67
27	2	114	29	15	1039	1	173293.58	141.15
27	2	114	29	15	1053	60	193841.11	155.87
27	2	114	29	16	1074	1	175152.6	136.94
27	2	114	29	16	1082	17	160436.01	133.28
27	2	114	29	17	1092	1	330331.74	247.66
27	2	114	29	2	100	13	74409.7	62.19
27	2	114	29	2	110	34	67043.67	56.7
27	2	114	29	2	118	3	61900.93	51.18
27	2	114	29	2	120	30	78373.6	58.47
27	2	114	29	2	128	61	35493.35	39.22
27	2	114	29	2	130	123	76625.86	55.48
27	2	114	29	2	132	25	71146.71	52.5
27	2	114	29	2	134	4	61839.38	51.44
27	2	114	29	2	142	117	49584.65	41.17
27	2	114	29	2	144	96	66459.86	48.94
27	2	114	29	2	148	90	70268.69	49.56
27	2	114	29	2	149	82	83511.55	60.24
27	2	114	29	2	152	51	74731.34	53.39
27	2	114	29	2	154	10	66544.14	46.79
27	2	114	29	2	155	24	61470.67	44.65
27	2	114	29	2	157	73	60248.65	43.8
27	2	114	29	2	163	87	60521.54	42.91
27	2	114	29	2	74	1	72163.02	52.51
27	2	114	29	2	93	22	20460.22	18.11
27	2	114	29	3	173	1	200140.06	156.64
27	2	114	29	3	196	4	174461.15	130.61
27	2	114	29	3	208	15	128201.88	123.52
27	2	114	29	3	210	61	135747.61	133.94
27	2	114	29	3	213	35	175514.64	134.0
27	2	114	29	3	223	56	166601.35	127.04
27	2	114	29	4	1148	19	127390.89	94.08
27	2	114	29	4	321	1	121036.42	88.94
27	2	114	29	4	422	183	153896.81	116.42
27	2	114	29	4	423	170	146986.67	115.16
27	2	114	29	4	425	62	151234.51	120.99
27	2	114	29	4	426	61	150048.27	121.33
27	2	114	29	4	428	176	139410.15	105.2
27	2	114	29	4	433	214	138258.09	102.9
27	2	114	29	4	440	251	137286.62	101.9
27	2	114	29	4	443	258	133862.06	99.38
27	2	114	29	4	445	134	128981.08	95.53
27	2	114	29	4	452	35	119532.28	87.63
27	2	114	29	4	453	87	117531.18	84.81
27	2	114	29	4	458	122	109498.82	78.26
27	2	114	29	4	463	98	106064.46	75.86
27	2	114	29	4	464	34	109205.94	78.2
27	2	114	29	4	465	33	112444.16	81.55
27	2	114	29	4	467	65	111201.91	82.77
27	2	114	29	4	470	111	119250.92	86.36
27	2	114	29	4	476	66	105446.22	77.07
27	2	114	29	4	477	67	111218.24	83.07
27	2	114	29	4	479	112	122090.6	89.2
27	2	114	29	4	480	160	121967.07	89.5
27	2	114	29	4	484	146	127581.84	94.22
27	2	114	29	4	485	145	129137.1	95.82
27	2	114	29	4	486	206	130543.07	98.11
27	2	114	29	4	492	59	124943.35	92.64
27	2	114	29	4	494	56	123325.14	90.82
27	2	114	29	4	497	123	115600.33	83.97
27	2	114	29	4	500	264	132462.85	98.5
27	2	114	29	4	501	166	135689.89	104.97
27	2	114	29	4	506	317	141917.99	111.6
27	2	114	29	5	520	1	110043.37	83.16
27	2	114	29	5	538	16	91128.54	89.39
27	2	114	29	5	567	66	105072.79	83.28
27	2	114	29	5	570	52	120273.33	91.1
27	2	114	29	5	573	20	112750.63	85.05
27	2	114	29	5	576	42	105352.03	83.95
27	2	114	29	5	581	25	106556.85	84.78
27	2	114	29	5	586	2	98867.27	76.67
27	2	114	29	5	587	41	101202.46	78.89
27	2	114	29	5	589	17	117152.89	89.83
27	2	114	29	5	590	58	109595.83	82.66
27	2	114	29	5	592	39	116583.7	89.19
27	2	114	29	5	601	4	91532.22	69.59
27	2	114	29	5	602	59	108484.88	81.2
27	2	114	29	6	615	1	98020.4	73.69
27	2	114	29	6	621	32	91736.25	70.76
27	2	114	29	6	631	28	105619.14	82.46
27	2	114	29	6	640	142	84196.92	61.49
27	2	114	29	6	642	44	85313.75	62.44
27	2	114	29	6	645	7	88630.04	64.92
27	2	114	29	6	654	24	94811.9	69.34
27	2	114	29	6	656	23	108656.99	81.4
27	2	114	29	6	663	16	84437.47	60.41
27	2	114	29	7	670	1	264067.41	191.75
27	2	114	29	7	678	9	267335.8	191.86
27	2	114	29	8	687	1	86393.32	64.07
27	2	114	29	8	702	98	18683.41	17.78
27	2	114	29	8	719	107	67525.76	47.8
27	2	114	29	8	721	108	60962.22	42.88
27	2	114	29	8	722	109	49529.12	40.26
27	2	114	29	8	724	84	72244.54	51.12
27	2	114	29	8	727	110	64986.25	47.22
27	2	114	29	8	729	111	71931.07	50.95
27	2	114	29	8	731	91	66181.76	47.67
27	2	114	29	8	738	18	82945.82	60.09
27	2	114	29	8	741	58	78946.08	58.46
27	2	114	29	8	747	47	84096.37	61.07
27	2	114	29	8	768	16	103580.9	77.34
27	2	114	29	9	783	1	161984.26	127.85
27	2	118	3	1	15	74	316304.1	242.89
27	2	118	3	1	6	1	282821.1	215.03
27	2	118	3	10	811	1	77519.75	70.45
27	2	118	3	10	822	23	79775.49	70.71
27	2	118	3	10	823	3	76040.61	66.31
27	2	118	3	10	825	36	80385.06	69.54
27	2	118	3	10	829	19	74562.21	64.04
27	2	118	3	10	834	5	64601.06	55.74
27	2	118	3	10	838	25	76719.66	68.14
27	2	118	3	10	840	21	81394.04	74.58
27	2	118	3	10	842	43	75883.91	68.11
27	2	118	3	11	847	1	220602.54	185.03
27	2	118	3	12	881	1	146275.78	116.13
27	2	118	3	12	895	91	156952.7	125.97
27	2	118	3	12	902	39	154840.65	123.79
27	2	118	3	12	913	18	150082.94	120.46
27	2	118	3	12	931	11	155608.65	126.59
27	2	118	3	12	933	16	144073.71	113.52
27	2	118	3	13	1134	25	100529.8	79.65
27	2	118	3	13	1136	88	101787.72	81.36
27	2	118	3	13	957	1	83715.13	77.14
27	2	118	3	13	964	63	83892.37	75.3
27	2	118	3	13	967	18	84324.24	75.73
27	2	118	3	13	971	13	89040.37	81.81
27	2	118	3	13	972	28	106066.76	90.86
27	2	118	3	13	980	24	96770.07	82.86
27	2	118	3	13	982	17	105644.63	85.32
27	2	118	3	13	984	27	101036.95	80.61
27	2	118	3	13	985	16	95439.13	75.29
27	2	118	3	13	986	80	93701.88	74.76
27	2	118	3	13	987	62	95119.68	75.1
27	2	118	3	14	1002	1	73265.41	70.42
27	2	118	3	14	1018	6	78665.93	75.93
27	2	118	3	14	1020	5	76564.63	73.44
27	2	118	3	14	1021	20	70587.61	66.83
27	2	118	3	14	1022	27	72061.1	68.03
27	2	118	3	14	1023	21	70572.42	66.81
27	2	118	3	14	1025	24	79450.76	66.17
27	2	118	3	14	1027	19	78248.64	65.87
27	2	118	3	14	1029	14	77954.54	65.29
27	2	118	3	15	1039	1	148405.26	128.88
27	2	118	3	15	1053	60	168952.8	143.6
27	2	118	3	16	1074	1	150264.28	124.67
27	2	118	3	16	1082	17	135547.69	121.01
27	2	118	3	17	1092	1	305443.42	235.39
27	2	118	3	2	100	13	12692.6	11.78
27	2	118	3	2	110	34	13247.16	12.95
27	2	118	3	2	114	29	61520.76	50.48
27	2	118	3	2	120	30	21549.39	20.24
27	2	118	3	2	128	61	16425.56	15.36
27	2	118	3	2	130	123	25826.12	23.1
27	2	118	3	2	132	25	21529.29	19.36
27	2	118	3	2	134	4	14211.94	12.91
27	2	118	3	2	142	117	12549.2	10.89
27	2	118	3	2	144	96	25749.79	22.2
27	2	118	3	2	148	90	33510.55	28.82
27	2	118	3	2	149	82	38707.94	33.12
27	2	118	3	2	152	51	46416.27	39.05
27	2	118	3	2	154	10	37464.4	32.36
27	2	118	3	2	155	24	30720.14	26.45
27	2	118	3	2	157	73	25179.98	22.5
27	2	118	3	2	163	87	30928.28	25.87
27	2	118	3	2	74	1	47274.7	40.24
27	2	118	3	2	93	22	81953.92	68.54
27	2	118	3	3	173	1	175251.74	144.37
27	2	118	3	3	196	4	149572.83	118.34
27	2	118	3	3	208	15	113917.23	99.34
27	2	118	3	3	210	61	121462.96	109.76
27	2	118	3	3	213	35	126136.12	115.51
27	2	118	3	3	223	56	141713.03	114.77
27	2	118	3	4	1148	19	102502.57	81.81
27	2	118	3	4	321	1	96148.1	76.67
27	2	118	3	4	422	183	129008.49	104.15
27	2	118	3	4	423	170	122098.35	102.89
27	2	118	3	4	425	62	126346.19	108.72
27	2	118	3	4	426	61	125159.95	109.06
27	2	118	3	4	428	176	114521.83	92.93
27	2	118	3	4	433	214	113369.77	90.63
27	2	118	3	4	440	251	112398.3	89.63
27	2	118	3	4	443	258	108973.74	87.11
27	2	118	3	4	445	134	104092.76	83.26
27	2	118	3	4	452	35	94643.96	75.36
27	2	118	3	4	453	87	92642.86	72.54
27	2	118	3	4	458	122	84610.5	65.99
27	2	118	3	4	463	98	81176.14	63.59
27	2	118	3	4	464	34	84317.62	65.93
27	2	118	3	4	465	33	87555.84	69.28
27	2	118	3	4	467	65	86313.59	70.5
27	2	118	3	4	470	111	94362.6	74.09
27	2	118	3	4	476	66	80557.9	64.8
27	2	118	3	4	477	67	86329.92	70.8
27	2	118	3	4	479	112	97202.29	76.93
27	2	118	3	4	480	160	97078.75	77.23
27	2	118	3	4	484	146	102693.52	81.95
27	2	118	3	4	485	145	104248.78	83.56
27	2	118	3	4	486	206	105654.75	85.84
27	2	118	3	4	492	59	100055.03	80.37
27	2	118	3	4	494	56	98436.83	78.55
27	2	118	3	4	497	123	90712.01	71.7
27	2	118	3	4	500	264	107574.53	86.23
27	2	118	3	4	501	166	110801.57	92.7
27	2	118	3	4	506	317	117029.67	99.33
27	2	118	3	5	520	1	67663.7	57.77
27	2	118	3	5	538	16	59363.08	54.04
27	2	118	3	5	567	66	48446.08	45.84
27	2	118	3	5	570	52	77893.65	65.72
27	2	118	3	5	573	20	70370.96	59.67
27	2	118	3	5	576	42	50950.48	48.92
27	2	118	3	5	581	25	55774.91	52.42
27	2	118	3	5	586	2	44527.88	41.76
27	2	118	3	5	587	41	50420.53	46.53
27	2	118	3	5	589	17	74773.21	64.44
27	2	118	3	5	590	58	56786.41	53.04
27	2	118	3	5	592	39	74204.03	63.8
27	2	118	3	5	601	4	40750.28	37.23
27	2	118	3	5	602	59	54751.18	50.86
27	2	118	3	6	615	1	63361.96	56.12
27	2	118	3	6	621	32	40954.31	38.4
27	2	118	3	6	631	28	64201.75	57.74
27	2	118	3	6	640	142	40862.69	35.58
27	2	118	3	6	642	44	42551.39	37.07
27	2	118	3	6	645	7	46250.37	39.53
27	2	118	3	6	654	24	60493.53	51.72
27	2	118	3	6	656	23	74945.78	64.91
27	2	118	3	6	663	16	59549.15	48.14
27	2	118	3	7	670	1	239179.09	179.48
27	2	118	3	7	678	9	242447.48	179.59
27	2	118	3	8	687	1	61505.0	51.8
27	2	118	3	8	702	98	68553.99	52.81
27	2	118	3	8	719	107	42637.44	35.53
27	2	118	3	8	721	108	36073.9	30.61
27	2	118	3	8	722	109	30041.02	25.13
27	2	118	3	8	724	84	47356.22	38.85
27	2	118	3	8	727	110	40097.94	34.95
27	2	118	3	8	729	111	47042.75	38.68
27	2	118	3	8	731	91	36588.51	30.63
27	2	118	3	8	738	18	58057.5	47.82
27	2	118	3	8	741	58	49352.83	41.41
27	2	118	3	8	747	47	59208.05	48.8
27	2	118	3	8	768	16	76163.77	63.06
27	2	118	3	9	783	1	137095.94	115.58
27	2	120	30	1	15	74	302797.63	232.9
27	2	120	30	1	6	1	269314.63	205.04
27	2	120	30	10	811	1	64420.31	59.25
27	2	120	30	10	822	23	66676.06	59.52
27	2	120	30	10	823	3	62941.18	55.11
27	2	120	30	10	825	36	67285.63	58.35
27	2	120	30	10	829	19	61462.78	52.85
27	2	120	30	10	834	5	51501.62	44.54
27	2	120	30	10	838	25	63620.22	56.94
27	2	120	30	10	840	21	68294.6	63.38
27	2	120	30	10	842	43	62784.47	56.92
27	2	120	30	11	847	1	207096.07	175.04
27	2	120	30	12	881	1	132769.31	106.14
27	2	120	30	12	895	91	143446.23	115.98
27	2	120	30	12	902	39	141334.18	113.8
27	2	120	30	12	913	18	136576.47	110.46
27	2	120	30	12	931	11	142102.18	116.6
27	2	120	30	12	933	16	130567.24	103.53
27	2	120	30	13	1134	25	87023.33	69.66
27	2	120	30	13	1136	88	88281.25	71.36
27	2	120	30	13	957	1	70615.7	65.94
27	2	120	30	13	964	63	70792.94	64.1
27	2	120	30	13	967	18	71224.81	64.53
27	2	120	30	13	971	13	75940.94	70.61
27	2	120	30	13	972	28	92967.33	79.66
27	2	120	30	13	980	24	83670.63	71.67
27	2	120	30	13	982	17	92138.16	75.32
27	2	120	30	13	984	27	87530.47	70.62
27	2	120	30	13	985	16	81932.66	65.3
27	2	120	30	13	986	80	80195.41	64.77
27	2	120	30	13	987	62	81613.21	65.11
27	2	120	30	14	1002	1	53571.52	53.61
27	2	120	30	14	1018	6	58972.04	59.12
27	2	120	30	14	1020	5	56870.74	56.63
27	2	120	30	14	1021	20	50893.72	50.02
27	2	120	30	14	1022	27	52367.2	51.23
27	2	120	30	14	1023	21	50878.52	50.0
27	2	120	30	14	1025	24	52524.23	51.67
27	2	120	30	14	1027	19	50364.18	49.39
27	2	120	30	14	1029	14	51869.81	51.43
27	2	120	30	15	1039	1	134898.79	118.89
27	2	120	30	15	1053	60	155446.32	133.61
27	2	120	30	16	1074	1	136757.81	114.68
27	2	120	30	16	1082	17	122041.22	111.02
27	2	120	30	17	1092	1	291936.95	225.4
27	2	120	30	2	100	13	31109.47	27.39
27	2	120	30	2	110	34	15571.25	14.42
27	2	120	30	2	114	29	78026.16	56.04
27	2	120	30	2	118	3	21549.39	20.24
27	2	120	30	2	128	61	30641.46	27.59
27	2	120	30	2	130	123	12082.57	11.29
27	2	120	30	2	132	25	7785.74	7.56
27	2	120	30	2	134	4	14924.62	13.58
27	2	120	30	2	142	117	26736.39	23.05
27	2	120	30	2	144	96	12650.36	11.01
27	2	120	30	2	148	90	20411.12	17.63
27	2	120	30	2	149	82	25608.51	21.93
27	2	120	30	2	152	51	33316.83	27.86
27	2	120	30	2	154	10	24364.97	21.16
27	2	120	30	2	155	24	17620.7	15.25
27	2	120	30	2	157	73	24715.83	22.87
27	2	120	30	2	163	87	30040.59	24.21
27	2	120	30	2	74	1	33768.23	30.25
27	2	120	30	2	93	22	98459.32	74.1
27	2	120	30	3	173	1	127494.35	133.03
27	2	120	30	3	196	4	103314.57	107.37
27	2	120	30	3	208	15	84713.92	83.33
27	2	120	30	3	210	61	92259.64	93.75
27	2	120	30	3	213	35	96932.81	99.51
27	2	120	30	3	223	56	128206.56	104.78
27	2	120	30	4	1148	19	88996.1	71.82
27	2	120	30	4	321	1	82641.63	66.67
27	2	120	30	4	422	183	115502.02	94.15
27	2	120	30	4	423	170	108591.88	92.9
27	2	120	30	4	425	62	112839.72	98.73
27	2	120	30	4	426	61	111653.48	99.07
27	2	120	30	4	428	176	101015.36	82.93
27	2	120	30	4	433	214	99863.3	80.63
27	2	120	30	4	440	251	98891.83	79.63
27	2	120	30	4	443	258	95467.27	77.11
27	2	120	30	4	445	134	90586.29	73.27
27	2	120	30	4	452	35	81137.49	65.37
27	2	120	30	4	453	87	79136.39	62.55
27	2	120	30	4	458	122	71104.03	56.0
27	2	120	30	4	463	98	67669.67	53.6
27	2	120	30	4	464	34	70811.15	55.94
27	2	120	30	4	465	33	74049.37	59.29
27	2	120	30	4	467	65	72807.12	60.51
27	2	120	30	4	470	111	80856.13	64.1
27	2	120	30	4	476	66	67051.43	54.8
27	2	120	30	4	477	67	72823.45	60.81
27	2	120	30	4	479	112	83695.82	66.94
27	2	120	30	4	480	160	83572.28	67.24
27	2	120	30	4	484	146	89187.05	71.96
27	2	120	30	4	485	145	90742.31	73.56
27	2	120	30	4	486	206	92148.28	75.85
27	2	120	30	4	492	59	86548.56	70.38
27	2	120	30	4	494	56	84930.35	68.55
27	2	120	30	4	497	123	77205.54	61.7
27	2	120	30	4	500	264	94068.06	76.24
27	2	120	30	4	501	166	97295.1	82.7
27	2	120	30	4	506	317	103523.2	89.33
27	2	120	30	5	520	1	38325.16	41.84
27	2	120	30	5	538	16	39669.19	37.24
27	2	120	30	5	567	66	28752.19	29.03
27	2	120	30	5	570	52	50228.43	54.37
27	2	120	30	5	573	20	42705.73	48.32
27	2	120	30	5	576	42	31256.59	32.12
27	2	120	30	5	581	25	33119.17	35.55
27	2	120	30	5	586	2	24833.99	24.96
27	2	120	30	5	587	41	27764.79	29.66
27	2	120	30	5	589	17	61673.78	53.24
27	2	120	30	5	590	58	34130.68	36.17
27	2	120	30	5	592	39	61104.59	52.61
27	2	120	30	5	601	4	18094.55	20.36
27	2	120	30	5	602	59	32095.45	33.99
27	2	120	30	6	615	1	50262.53	44.92
27	2	120	30	6	621	32	18298.58	21.53
27	2	120	30	6	631	28	51102.31	46.54
27	2	120	30	6	640	142	27763.25	24.39
27	2	120	30	6	642	44	29451.96	25.88
27	2	120	30	6	645	7	33150.94	28.33
27	2	120	30	6	654	24	47394.1	40.52
27	2	120	30	6	656	23	61846.35	53.71
27	2	120	30	6	663	16	46042.68	38.15
27	2	120	30	7	670	1	225672.62	169.48
27	2	120	30	7	678	9	228941.01	169.6
27	2	120	30	8	687	1	47999.81	41.85
27	2	120	30	8	702	98	83849.65	56.08
27	2	120	30	8	719	107	29132.26	25.58
27	2	120	30	8	721	108	24590.64	20.99
27	2	120	30	8	722	109	32873.11	26.01
27	2	120	30	8	724	84	33849.75	28.86
27	2	120	30	8	727	110	28614.68	25.33
27	2	120	30	8	729	111	33537.57	28.74
27	2	120	30	8	731	91	35700.81	28.97
27	2	120	30	8	738	18	44552.32	37.87
27	2	120	30	8	741	58	42109.52	37.06
27	2	120	30	8	747	47	45702.87	38.85
27	2	120	30	8	768	16	65187.4	55.13
27	2	120	30	9	783	1	123589.47	105.58
27	2	128	61	1	15	74	319121.86	244.21
27	2	128	61	1	6	1	285638.86	216.35
27	2	128	61	10	811	1	80560.78	73.73
27	2	128	61	10	822	23	82816.52	74.0
27	2	128	61	10	823	3	79081.65	69.59
27	2	128	61	10	825	36	83426.09	72.83
27	2	128	61	10	829	19	77603.25	67.33
27	2	128	61	10	834	5	67642.09	59.02
27	2	128	61	10	838	25	79760.69	71.42
27	2	128	61	10	840	21	84435.07	77.86
27	2	128	61	10	842	43	78924.94	71.4
27	2	128	61	11	847	1	223420.3	186.35
27	2	128	61	12	881	1	149093.55	117.45
27	2	128	61	12	895	91	159770.46	127.29
27	2	128	61	12	902	39	157658.41	125.11
27	2	128	61	12	913	18	152900.7	121.77
27	2	128	61	12	931	11	158426.41	127.91
27	2	128	61	12	933	16	146891.47	114.84
27	2	128	61	13	1134	25	103347.56	80.97
27	2	128	61	13	1136	88	104605.49	82.68
27	2	128	61	13	957	1	86756.17	80.42
27	2	128	61	13	964	63	86933.41	78.58
27	2	128	61	13	967	18	87365.28	79.02
27	2	128	61	13	971	13	92081.4	85.09
27	2	128	61	13	972	28	114459.27	93.07
27	2	128	61	13	980	24	104557.13	84.62
27	2	128	61	13	982	17	108462.39	86.63
27	2	128	61	13	984	27	103854.71	81.93
27	2	128	61	13	985	16	98256.89	76.61
27	2	128	61	13	986	80	96519.64	76.08
27	2	128	61	13	987	62	97937.44	76.42
27	2	128	61	14	1002	1	88739.84	75.42
27	2	128	61	14	1018	6	94140.35	80.93
27	2	128	61	14	1020	5	92039.06	78.44
27	2	128	61	14	1021	20	87614.41	73.37
27	2	128	61	14	1022	27	85894.45	71.87
27	2	128	61	14	1023	21	87255.37	73.06
27	2	128	61	14	1025	24	82491.8	69.45
27	2	128	61	14	1027	19	81289.67	69.16
27	2	128	61	14	1029	14	80995.57	68.57
27	2	128	61	15	1039	1	151223.02	130.2
27	2	128	61	15	1053	60	171770.56	144.92
27	2	128	61	16	1074	1	153082.04	125.99
27	2	128	61	16	1082	17	138365.45	122.33
27	2	128	61	17	1092	1	308261.18	236.71
27	2	128	61	2	100	13	28934.34	26.37
27	2	128	61	2	110	34	22304.5	21.11
27	2	128	61	2	114	29	35105.09	38.63
27	2	128	61	2	118	3	16425.56	15.36
27	2	128	61	2	120	30	30641.46	27.59
27	2	128	61	2	130	123	28867.15	26.39
27	2	128	61	2	132	25	24570.33	22.65
27	2	128	61	2	134	4	17252.98	16.19
27	2	128	61	2	142	117	15590.24	14.18
27	2	128	61	2	144	96	28790.83	25.49
27	2	128	61	2	148	90	36551.59	32.11
27	2	128	61	2	149	82	41748.98	36.41
27	2	128	61	2	152	51	49457.3	42.34
27	2	128	61	2	154	10	40505.44	35.65
27	2	128	61	2	155	24	33761.17	29.73
27	2	128	61	2	157	73	28221.02	25.79
27	2	128	61	2	163	87	31825.21	27.17
27	2	128	61	2	74	1	50092.46	41.56
27	2	128	61	2	93	22	55538.25	56.68
27	2	128	61	3	173	1	178069.51	145.68
27	2	128	61	3	196	4	152390.59	119.66
27	2	128	61	3	208	15	116958.27	102.62
27	2	128	61	3	210	61	124503.99	113.04
27	2	128	61	3	213	35	129177.16	118.8
27	2	128	61	3	223	56	144530.79	116.09
27	2	128	61	4	1148	19	105320.33	83.13
27	2	128	61	4	321	1	98965.86	77.98
27	2	128	61	4	422	183	131826.25	105.47
27	2	128	61	4	423	170	124916.11	104.21
27	2	128	61	4	425	62	129163.95	110.04
27	2	128	61	4	426	61	127977.71	110.38
27	2	128	61	4	428	176	117339.6	94.25
27	2	128	61	4	433	214	116187.54	91.94
27	2	128	61	4	440	251	115216.06	90.95
27	2	128	61	4	443	258	111791.5	88.42
27	2	128	61	4	445	134	106910.52	84.58
27	2	128	61	4	452	35	97461.72	76.68
27	2	128	61	4	453	87	95460.62	73.86
27	2	128	61	4	458	122	87428.27	67.31
27	2	128	61	4	463	98	83993.91	64.91
27	2	128	61	4	464	34	87135.38	67.25
27	2	128	61	4	465	33	90373.6	70.6
27	2	128	61	4	467	65	89131.35	71.82
27	2	128	61	4	470	111	97180.36	75.41
27	2	128	61	4	476	66	83375.66	66.12
27	2	128	61	4	477	67	89147.68	72.12
27	2	128	61	4	479	112	100020.05	78.25
27	2	128	61	4	480	160	99896.51	78.55
27	2	128	61	4	484	146	105511.28	83.27
27	2	128	61	4	485	145	107066.54	84.87
27	2	128	61	4	486	206	108472.51	87.16
27	2	128	61	4	492	59	102872.79	81.69
27	2	128	61	4	494	56	101254.59	79.86
27	2	128	61	4	497	123	93529.78	73.01
27	2	128	61	4	500	264	110392.29	87.55
27	2	128	61	4	501	166	113619.34	94.01
27	2	128	61	4	506	317	119847.43	100.64
27	2	128	61	5	520	1	70704.73	61.06
27	2	128	61	5	538	16	68455.16	61.4
27	2	128	61	5	567	66	57538.15	53.19
27	2	128	61	5	570	52	80934.69	69.0
27	2	128	61	5	573	20	73411.99	62.95
27	2	128	61	5	576	42	57611.13	54.88
27	2	128	61	5	581	25	58815.94	55.71
27	2	128	61	5	586	2	51126.37	47.59
27	2	128	61	5	587	41	53461.56	49.82
27	2	128	61	5	589	17	77814.25	67.73
27	2	128	61	5	590	58	59827.45	56.32
27	2	128	61	5	592	39	77245.06	67.09
27	2	128	61	5	601	4	43791.32	40.52
27	2	128	61	5	602	59	57792.22	54.14
27	2	128	61	6	615	1	66403.0	59.4
27	2	128	61	6	621	32	43995.35	41.68
27	2	128	61	6	631	28	67242.78	61.02
27	2	128	61	6	640	142	43903.72	38.87
27	2	128	61	6	642	44	45592.43	40.36
27	2	128	61	6	645	7	49291.41	42.82
27	2	128	61	6	654	24	63534.56	55.0
27	2	128	61	6	656	23	77986.82	68.2
27	2	128	61	6	663	16	62366.91	49.46
27	2	128	61	7	670	1	241996.85	180.79
27	2	128	61	7	678	9	245265.24	180.91
27	2	128	61	8	687	1	64322.76	53.12
27	2	128	61	8	702	98	59059.01	46.39
27	2	128	61	8	719	107	45455.2	36.84
27	2	128	61	8	721	108	38891.66	31.93
27	2	128	61	8	722	109	26345.53	23.34
27	2	128	61	8	724	84	50173.98	40.17
27	2	128	61	8	727	110	42915.7	36.27
27	2	128	61	8	729	111	49860.51	40.0
27	2	128	61	8	731	91	37485.44	31.93
27	2	128	61	8	738	18	60875.26	49.13
27	2	128	61	8	741	58	50249.76	42.72
27	2	128	61	8	747	47	62025.81	50.12
27	2	128	61	8	768	16	77060.7	64.36
27	2	128	61	9	783	1	139913.7	116.89
27	2	130	123	1	15	74	291556.86	224.15
27	2	130	123	1	6	1	258073.85	196.29
27	2	130	123	10	811	1	53177.08	50.26
27	2	130	123	10	822	23	55432.82	50.52
27	2	130	123	10	823	3	51697.95	46.12
27	2	130	123	10	825	36	56042.39	49.35
27	2	130	123	10	829	19	50219.55	43.85
27	2	130	123	10	834	5	40258.39	35.55
27	2	130	123	10	838	25	52376.99	47.95
27	2	130	123	10	840	21	57051.37	54.39
27	2	130	123	10	842	43	51541.24	47.93
27	2	130	123	11	847	1	195855.3	166.29
27	2	130	123	12	881	1	121528.54	97.39
27	2	130	123	12	895	91	132205.46	107.23
27	2	130	123	12	902	39	130093.41	105.05
27	2	130	123	12	913	18	125335.7	101.72
27	2	130	123	12	931	11	130861.41	107.85
27	2	130	123	12	933	16	119326.47	94.78
27	2	130	123	13	1134	25	75782.56	60.91
27	2	130	123	13	1136	88	77040.48	62.62
27	2	130	123	13	957	1	59372.47	56.95
27	2	130	123	13	964	63	59549.71	55.11
27	2	130	123	13	967	18	59981.58	55.54
27	2	130	123	13	971	13	64697.7	61.62
27	2	130	123	13	972	28	81724.1	70.67
27	2	130	123	13	980	24	72427.4	62.67
27	2	130	123	13	982	17	80897.38	66.58
27	2	130	123	13	984	27	76289.7	61.87
27	2	130	123	13	985	16	70691.89	56.55
27	2	130	123	13	986	80	68954.63	56.02
27	2	130	123	13	987	62	70372.44	56.36
27	2	130	123	14	1002	1	61356.14	51.94
27	2	130	123	14	1018	6	66756.65	57.46
27	2	130	123	14	1020	5	64655.36	54.97
27	2	130	123	14	1021	20	60230.71	49.89
27	2	130	123	14	1022	27	58510.75	48.4
27	2	130	123	14	1023	21	59871.67	49.59
27	2	130	123	14	1025	24	55108.1	45.98
27	2	130	123	14	1027	19	53905.97	45.68
27	2	130	123	14	1029	14	53611.87	45.1
27	2	130	123	15	1039	1	123658.01	110.14
27	2	130	123	15	1053	60	144205.55	124.86
27	2	130	123	16	1074	1	125517.03	105.93
27	2	130	123	16	1082	17	110800.44	102.27
27	2	130	123	17	1092	1	280696.17	216.65
27	2	130	123	2	100	13	35335.31	30.68
27	2	130	123	2	110	34	19797.09	17.71
27	2	130	123	2	114	29	76276.38	54.51
27	2	130	123	2	118	3	25826.12	23.1
27	2	130	123	2	120	30	12082.57	11.29
27	2	130	123	2	128	61	28867.15	26.39
27	2	130	123	2	132	25	6011.43	6.35
27	2	130	123	2	134	4	13150.31	12.37
27	2	130	123	2	142	117	24962.08	21.85
27	2	130	123	2	144	96	10876.05	9.8
27	2	130	123	2	148	90	9167.89	8.64
27	2	130	123	2	149	82	14365.28	12.93
27	2	130	123	2	152	51	22073.6	18.87
27	2	130	123	2	154	10	13124.2	12.42
27	2	130	123	2	155	24	15846.39	14.04
27	2	130	123	2	157	73	22941.52	21.66
27	2	130	123	2	163	87	28290.81	22.68
27	2	130	123	2	74	1	22527.46	21.5
27	2	130	123	2	93	22	96709.54	72.56
27	2	130	123	3	173	1	150504.5	125.63
27	2	130	123	3	196	4	124825.58	99.6
27	2	130	123	3	208	15	89574.57	79.15
27	2	130	123	3	210	61	97120.29	89.57
27	2	130	123	3	213	35	101793.46	95.32
27	2	130	123	3	223	56	116965.78	96.03
27	2	130	123	4	1148	19	77755.33	63.07
27	2	130	123	4	321	1	71400.85	57.93
27	2	130	123	4	422	183	104261.25	85.41
27	2	130	123	4	423	170	97351.1	84.15
27	2	130	123	4	425	62	101598.94	89.98
27	2	130	123	4	426	61	100412.71	90.32
27	2	130	123	4	428	176	89774.59	74.19
27	2	130	123	4	433	214	88622.53	71.89
27	2	130	123	4	440	251	87651.06	70.89
27	2	130	123	4	443	258	84226.49	68.37
27	2	130	123	4	445	134	79345.51	64.52
27	2	130	123	4	452	35	69896.71	56.62
27	2	130	123	4	453	87	67895.62	53.8
27	2	130	123	4	458	122	59863.26	47.25
27	2	130	123	4	463	98	56428.9	44.85
27	2	130	123	4	464	34	59570.38	47.19
27	2	130	123	4	465	33	62808.59	50.54
27	2	130	123	4	467	65	61566.34	51.76
27	2	130	123	4	470	111	69615.36	55.35
27	2	130	123	4	476	66	55810.65	46.06
27	2	130	123	4	477	67	61582.68	52.06
27	2	130	123	4	479	112	72455.04	58.19
27	2	130	123	4	480	160	72331.5	58.49
27	2	130	123	4	484	146	77946.28	63.21
27	2	130	123	4	485	145	79501.53	64.82
27	2	130	123	4	486	206	80907.51	67.1
27	2	130	123	4	492	59	75307.79	61.63
27	2	130	123	4	494	56	73689.58	59.81
27	2	130	123	4	497	123	65964.77	52.96
27	2	130	123	4	500	264	82827.28	67.49
27	2	130	123	4	501	166	86054.33	73.96
27	2	130	123	4	506	317	92282.43	80.59
27	2	130	123	5	520	1	35988.9	37.58
27	2	130	123	5	538	16	44585.77	42.34
27	2	130	123	5	567	66	29298.86	29.79
27	2	130	123	5	570	52	53550.99	45.53
27	2	130	123	5	573	20	46028.29	39.48
27	2	130	123	5	576	42	29578.1	30.47
27	2	130	123	5	581	25	30782.91	31.3
27	2	130	123	5	586	2	23093.34	23.18
27	2	130	123	5	587	41	25428.53	25.41
27	2	130	123	5	589	17	50430.55	44.25
27	2	130	123	5	590	58	31794.42	31.91
27	2	130	123	5	592	39	49861.36	43.61
27	2	130	123	5	601	4	15758.29	16.11
27	2	130	123	5	602	59	29759.19	29.73
27	2	130	123	6	615	1	39019.3	35.93
27	2	130	123	6	621	32	15962.32	17.27
27	2	130	123	6	631	28	39859.08	37.55
27	2	130	123	6	640	142	16520.02	15.39
27	2	130	123	6	642	44	18208.73	16.89
27	2	130	123	6	645	7	21907.71	19.34
27	2	130	123	6	654	24	36150.86	31.53
27	2	130	123	6	656	23	50603.12	44.72
27	2	130	123	6	663	16	34801.91	29.4
27	2	130	123	7	670	1	214431.84	160.74
27	2	130	123	7	678	9	217700.24	160.85
27	2	130	123	8	687	1	38805.44	34.73
27	2	130	123	8	702	98	82099.88	54.54
27	2	130	123	8	719	107	19937.88	18.46
27	2	130	123	8	721	108	22840.87	19.45
27	2	130	123	8	722	109	31123.33	24.48
27	2	130	123	8	724	84	22608.98	20.11
27	2	130	123	8	727	110	26864.91	23.8
27	2	130	123	8	729	111	24343.19	21.61
27	2	130	123	8	731	91	33951.04	27.44
27	2	130	123	8	738	18	35357.94	30.75
27	2	130	123	8	741	58	39566.38	34.35
27	2	130	123	8	747	47	36508.5	31.73
27	2	130	123	8	768	16	55993.02	48.0
27	2	130	123	9	783	1	112348.7	96.84
27	2	132	25	1	15	74	295570.74	226.93
27	2	132	25	1	6	1	262087.74	199.07
27	2	132	25	10	811	1	57193.43	53.28
27	2	132	25	10	822	23	59449.17	53.55
27	2	132	25	10	823	3	55714.29	49.14
27	2	132	25	10	825	36	60058.74	52.38
27	2	132	25	10	829	19	54235.89	46.88
27	2	132	25	10	834	5	44274.74	38.57
27	2	132	25	10	838	25	56393.34	50.97
27	2	132	25	10	840	21	61067.72	57.41
27	2	132	25	10	842	43	55557.59	50.95
27	2	132	25	11	847	1	199869.18	169.07
27	2	132	25	12	881	1	125542.43	100.16
27	2	132	25	12	895	91	136219.34	110.01
27	2	132	25	12	902	39	134107.3	107.83
27	2	132	25	12	913	18	129349.58	104.49
27	2	132	25	12	931	11	134875.29	110.63
27	2	132	25	12	933	16	123340.35	97.56
27	2	132	25	13	1134	25	79796.44	63.69
27	2	132	25	13	1136	88	81054.37	65.39
27	2	132	25	13	957	1	63388.82	59.97
27	2	132	25	13	964	63	63566.06	58.13
27	2	132	25	13	967	18	63997.92	58.56
27	2	132	25	13	971	13	68714.05	64.64
27	2	132	25	13	972	28	85740.44	73.69
27	2	132	25	13	980	24	76443.75	65.7
27	2	132	25	13	982	17	84911.27	69.35
27	2	132	25	13	984	27	80303.59	64.65
27	2	132	25	13	985	16	74705.78	59.33
27	2	132	25	13	986	80	72968.52	58.8
27	2	132	25	13	987	62	74386.32	59.14
27	2	132	25	14	1002	1	65372.49	54.97
27	2	132	25	14	1018	6	70773.0	60.48
27	2	132	25	14	1020	5	68671.7	57.99
27	2	132	25	14	1021	20	64247.05	52.92
27	2	132	25	14	1022	27	62527.09	51.42
27	2	132	25	14	1023	21	63888.02	52.61
27	2	132	25	14	1025	24	59124.44	49.0
27	2	132	25	14	1027	19	57922.32	48.71
27	2	132	25	14	1029	14	57628.22	48.12
27	2	132	25	15	1039	1	127671.9	112.92
27	2	132	25	15	1053	60	148219.44	127.64
27	2	132	25	16	1074	1	129530.92	108.7
27	2	132	25	16	1082	17	114814.33	105.05
27	2	132	25	17	1092	1	284710.06	219.43
27	2	132	25	2	100	13	31038.48	26.94
27	2	132	25	2	110	34	15500.26	13.97
27	2	132	25	2	114	29	70799.27	50.07
27	2	132	25	2	118	3	21529.29	19.36
27	2	132	25	2	120	30	7785.74	7.56
27	2	132	25	2	128	61	24570.33	22.65
27	2	132	25	2	130	123	6011.43	6.35
27	2	132	25	2	134	4	8853.48	8.64
27	2	132	25	2	142	117	19509.51	17.08
27	2	132	25	2	144	96	5423.48	5.04
27	2	132	25	2	148	90	13184.23	11.66
27	2	132	25	2	149	82	18381.62	15.95
27	2	132	25	2	152	51	26089.95	21.89
27	2	132	25	2	154	10	17138.08	15.19
27	2	132	25	2	155	24	10393.82	9.28
27	2	132	25	2	157	73	17488.94	16.9
27	2	132	25	2	163	87	22813.7	18.24
27	2	132	25	2	74	1	26541.34	24.28
27	2	132	25	2	93	22	91232.43	68.13
27	2	132	25	3	173	1	154518.39	128.4
27	2	132	25	3	196	4	128839.47	102.38
27	2	132	25	3	208	15	93590.91	82.17
27	2	132	25	3	210	61	101136.64	92.59
27	2	132	25	3	213	35	105809.81	98.35
27	2	132	25	3	223	56	120979.67	98.81
27	2	132	25	4	1148	19	81769.21	65.85
27	2	132	25	4	321	1	75414.74	60.7
27	2	132	25	4	422	183	108275.14	88.18
27	2	132	25	4	423	170	101364.99	86.93
27	2	132	25	4	425	62	105612.83	92.76
27	2	132	25	4	426	61	104426.59	93.1
27	2	132	25	4	428	176	93788.48	76.96
27	2	132	25	4	433	214	92636.42	74.66
27	2	132	25	4	440	251	91664.94	73.66
27	2	132	25	4	443	258	88240.38	71.14
27	2	132	25	4	445	134	83359.4	67.3
27	2	132	25	4	452	35	73910.6	59.4
27	2	132	25	4	453	87	71909.5	56.58
27	2	132	25	4	458	122	63877.15	50.03
27	2	132	25	4	463	98	60442.79	47.63
27	2	132	25	4	464	34	63584.27	49.97
27	2	132	25	4	465	33	66822.48	53.32
27	2	132	25	4	467	65	65580.23	54.54
27	2	132	25	4	470	111	73629.24	58.13
27	2	132	25	4	476	66	59824.54	48.83
27	2	132	25	4	477	67	65596.57	54.84
27	2	132	25	4	479	112	76468.93	60.97
27	2	132	25	4	480	160	76345.39	61.27
27	2	132	25	4	484	146	81960.16	65.99
27	2	132	25	4	485	145	83515.42	67.59
27	2	132	25	4	486	206	84921.4	69.88
27	2	132	25	4	492	59	79321.67	64.41
27	2	132	25	4	494	56	77703.47	62.58
27	2	132	25	4	497	123	69978.66	55.73
27	2	132	25	4	500	264	86841.17	70.27
27	2	132	25	4	501	166	90068.22	76.73
27	2	132	25	4	506	317	96296.31	83.36
27	2	132	25	5	520	1	47337.38	40.61
27	2	132	25	5	538	16	45599.43	41.36
27	2	132	25	5	567	66	34682.42	33.16
27	2	132	25	5	570	52	57567.33	48.55
27	2	132	25	5	573	20	50044.64	42.5
27	2	132	25	5	576	42	34755.4	34.84
27	2	132	25	5	581	25	35960.22	35.67
27	2	132	25	5	586	2	28270.64	27.56
27	2	132	25	5	587	41	30605.83	29.78
27	2	132	25	5	589	17	54446.9	47.27
27	2	132	25	5	590	58	36971.72	36.29
27	2	132	25	5	592	39	53877.71	46.63
27	2	132	25	5	601	4	20935.59	20.48
27	2	132	25	5	602	59	34936.49	34.11
27	2	132	25	6	615	1	43035.64	38.95
27	2	132	25	6	621	32	21139.62	21.65
27	2	132	25	6	631	28	43875.43	40.57
27	2	132	25	6	640	142	20536.37	18.42
27	2	132	25	6	642	44	22225.07	19.91
27	2	132	25	6	645	7	25924.05	22.36
27	2	132	25	6	654	24	40167.21	34.55
27	2	132	25	6	656	23	54619.46	47.74
27	2	132	25	6	663	16	38815.79	32.17
27	2	132	25	7	670	1	218445.73	163.51
27	2	132	25	7	678	9	221714.12	163.63
27	2	132	25	8	687	1	40772.93	35.88
27	2	132	25	8	702	98	76622.77	50.11
27	2	132	25	8	719	107	21905.37	19.61
27	2	132	25	8	721	108	17363.76	15.02
27	2	132	25	8	722	109	25646.22	20.04
27	2	132	25	8	724	84	26622.86	22.89
27	2	132	25	8	727	110	21387.8	19.36
27	2	132	25	8	729	111	26310.68	22.77
27	2	132	25	8	731	91	28473.93	23.0
27	2	132	25	8	738	18	37325.43	31.9
27	2	132	25	8	741	58	34882.64	31.09
27	2	132	25	8	747	47	38475.98	32.88
27	2	132	25	8	768	16	57960.51	49.16
27	2	132	25	9	783	1	116362.58	99.61
27	2	134	4	1	15	74	302324.94	231.62
27	2	134	4	1	6	1	268841.93	203.76
27	2	134	4	10	811	1	63952.27	59.17
27	2	134	4	10	822	23	66208.01	59.44
27	2	134	4	10	823	3	62473.13	55.04
27	2	134	4	10	825	36	66817.58	58.27
27	2	134	4	10	829	19	60994.73	52.77
27	2	134	4	10	834	5	51033.58	44.46
27	2	134	4	10	838	25	63152.18	56.86
27	2	134	4	10	840	21	67826.56	63.3
27	2	134	4	10	842	43	62316.43	56.84
27	2	134	4	11	847	1	206623.38	173.76
27	2	134	4	12	881	1	132296.62	104.86
27	2	134	4	12	895	91	142973.54	114.7
27	2	134	4	12	902	39	140861.49	112.52
27	2	134	4	12	913	18	136103.78	109.18
27	2	134	4	12	931	11	141629.49	115.32
27	2	134	4	12	933	16	130094.55	102.25
27	2	134	4	13	1134	25	86550.64	68.38
27	2	134	4	13	1136	88	87808.56	70.09
27	2	134	4	13	957	1	70147.65	65.87
27	2	134	4	13	964	63	70324.89	64.03
27	2	134	4	13	967	18	70756.76	64.46
27	2	134	4	13	971	13	75472.89	70.53
27	2	134	4	13	972	28	92499.28	79.58
27	2	134	4	13	980	24	83202.59	71.59
27	2	134	4	13	982	17	91665.47	74.04
27	2	134	4	13	984	27	87057.78	69.34
27	2	134	4	13	985	16	81459.97	64.02
27	2	134	4	13	986	80	79722.71	63.49
27	2	134	4	13	987	62	81140.52	63.83
27	2	134	4	14	1002	1	72131.32	60.86
27	2	134	4	14	1018	6	77531.84	66.37
27	2	134	4	14	1020	5	75430.54	63.88
27	2	134	4	14	1021	20	71005.89	58.81
27	2	134	4	14	1022	27	69285.93	57.32
27	2	134	4	14	1023	21	70646.86	58.5
27	2	134	4	14	1025	24	65883.28	54.9
27	2	134	4	14	1027	19	64681.16	54.6
27	2	134	4	14	1029	14	64387.06	54.01
27	2	134	4	15	1039	1	134426.1	117.61
27	2	134	4	15	1053	60	154973.63	132.33
27	2	134	4	16	1074	1	136285.11	113.4
27	2	134	4	16	1082	17	121568.53	109.74
27	2	134	4	17	1092	1	291464.25	224.12
27	2	134	4	2	100	13	25760.79	23.18
27	2	134	4	2	110	34	10222.56	10.21
27	2	134	4	2	114	29	61459.21	50.75
27	2	134	4	2	118	3	14211.94	12.91
27	2	134	4	2	120	30	14924.62	13.58
27	2	134	4	2	128	61	17252.98	16.19
27	2	134	4	2	130	123	13150.31	12.37
27	2	134	4	2	132	25	8853.48	8.64
27	2	134	4	2	142	117	13376.61	11.73
27	2	134	4	2	144	96	12182.31	10.93
27	2	134	4	2	148	90	19943.07	17.55
27	2	134	4	2	149	82	25140.46	21.85
27	2	134	4	2	152	51	32848.79	27.78
27	2	134	4	2	154	10	23896.92	21.09
27	2	134	4	2	155	24	17152.66	15.18
27	2	134	4	2	157	73	11228.17	11.64
27	2	134	4	2	163	87	21944.6	18.49
27	2	134	4	2	74	1	33295.54	28.97
27	2	134	4	2	93	22	81892.37	68.8
27	2	134	4	3	173	1	161272.58	133.1
27	2	134	4	3	196	4	135593.66	107.07
27	2	134	4	3	208	15	100349.75	88.07
27	2	134	4	3	210	61	107895.48	98.48
27	2	134	4	3	213	35	112568.65	104.24
27	2	134	4	3	223	56	127733.86	103.5
27	2	134	4	4	1148	19	88523.41	70.54
27	2	134	4	4	321	1	82168.93	65.39
27	2	134	4	4	422	183	115029.33	92.88
27	2	134	4	4	423	170	108119.18	91.62
27	2	134	4	4	425	62	112367.02	97.45
27	2	134	4	4	426	61	111180.79	97.79
27	2	134	4	4	428	176	100542.67	81.66
27	2	134	4	4	433	214	99390.61	79.35
27	2	134	4	4	440	251	98419.14	78.36
27	2	134	4	4	443	258	94994.57	75.83
27	2	134	4	4	445	134	90113.6	71.99
27	2	134	4	4	452	35	80664.8	64.09
27	2	134	4	4	453	87	78663.7	61.27
27	2	134	4	4	458	122	70631.34	54.72
27	2	134	4	4	463	98	67196.98	52.32
27	2	134	4	4	464	34	70338.46	54.66
27	2	134	4	4	465	33	73576.68	58.01
27	2	134	4	4	467	65	72334.42	59.23
27	2	134	4	4	470	111	80383.44	62.82
27	2	134	4	4	476	66	66578.74	53.53
27	2	134	4	4	477	67	72350.76	59.53
27	2	134	4	4	479	112	83223.12	65.66
27	2	134	4	4	480	160	83099.59	65.96
27	2	134	4	4	484	146	88714.36	70.68
27	2	134	4	4	485	145	90269.61	72.28
27	2	134	4	4	486	206	91675.59	74.57
27	2	134	4	4	492	59	86075.87	69.1
27	2	134	4	4	494	56	84457.66	67.27
27	2	134	4	4	497	123	76732.85	60.43
27	2	134	4	4	500	264	93595.36	74.96
27	2	134	4	4	501	166	96822.41	81.43
27	2	134	4	4	506	317	103050.51	88.05
27	2	134	4	5	520	1	54096.22	46.5
27	2	134	4	5	538	16	52738.31	47.38
27	2	134	4	5	567	66	41821.31	39.18
27	2	134	4	5	570	52	64326.17	54.45
27	2	134	4	5	573	20	56803.48	48.39
27	2	134	4	5	576	42	41894.29	40.87
27	2	134	4	5	581	25	43099.1	41.69
27	2	134	4	5	586	2	35409.52	33.58
27	2	134	4	5	587	41	37744.72	35.81
27	2	134	4	5	589	17	61205.73	53.17
27	2	134	4	5	590	58	44110.61	42.31
27	2	134	4	5	592	39	60636.55	52.53
27	2	134	4	5	601	4	28074.48	26.5
27	2	134	4	5	602	59	42075.37	40.13
27	2	134	4	6	615	1	49794.48	44.84
27	2	134	4	6	621	32	28278.51	27.67
27	2	134	4	6	631	28	50634.27	46.47
27	2	134	4	6	640	142	27295.21	24.31
27	2	134	4	6	642	44	28983.91	25.8
27	2	134	4	6	645	7	32682.89	28.26
27	2	134	4	6	654	24	46926.05	40.44
27	2	134	4	6	656	23	61378.3	53.64
27	2	134	4	6	663	16	45569.99	36.87
27	2	134	4	7	670	1	225199.92	168.21
27	2	134	4	7	678	9	228468.32	168.32
27	2	134	4	8	687	1	47525.83	40.53
27	2	134	4	8	702	98	75398.56	51.04
27	2	134	4	8	719	107	28658.28	24.25
27	2	134	4	8	721	108	22094.74	19.34
27	2	134	4	8	722	109	20585.12	17.85
27	2	134	4	8	724	84	33377.06	27.58
27	2	134	4	8	727	110	26118.77	23.68
27	2	134	4	8	729	111	33063.58	27.41
27	2	134	4	8	731	91	27604.83	23.25
27	2	134	4	8	738	18	44078.34	36.54
27	2	134	4	8	741	58	40369.15	34.04
27	2	134	4	8	747	47	45228.89	37.53
27	2	134	4	8	768	16	64713.42	53.8
27	2	134	4	9	783	1	123116.78	104.3
27	2	142	117	1	15	74	303987.82	232.89
27	2	142	117	1	6	1	270504.82	205.03
27	2	142	117	10	811	1	71299.89	65.31
27	2	142	117	10	822	23	73555.63	65.57
27	2	142	117	10	823	3	69820.75	61.17
27	2	142	117	10	825	36	74165.2	64.4
27	2	142	117	10	829	19	68342.35	58.9
27	2	142	117	10	834	5	58381.2	50.6
27	2	142	117	10	838	25	70499.8	63.0
27	2	142	117	10	840	21	75174.18	69.44
27	2	142	117	10	842	43	69664.05	62.97
27	2	142	117	11	847	1	208286.26	175.03
27	2	142	117	12	881	1	133959.5	106.13
27	2	142	117	12	895	91	144636.42	115.97
27	2	142	117	12	902	39	142524.37	113.79
27	2	142	117	12	913	18	137766.66	110.45
27	2	142	117	12	931	11	143292.37	116.59
27	2	142	117	12	933	16	131757.43	103.52
27	2	142	117	13	1134	25	88213.52	69.65
27	2	142	117	13	1136	88	89471.44	71.35
27	2	142	117	13	957	1	77495.28	72.0
27	2	142	117	13	964	63	77672.52	70.16
27	2	142	117	13	967	18	78104.38	70.59
27	2	142	117	13	971	13	90975.61	76.07
27	2	142	117	13	972	28	99325.23	81.75
27	2	142	117	13	980	24	89423.09	73.3
27	2	142	117	13	982	17	93328.35	75.31
27	2	142	117	13	984	27	88720.67	70.61
27	2	142	117	13	985	16	83122.85	65.29
27	2	142	117	13	986	80	81385.6	64.76
27	2	142	117	13	987	62	82803.4	65.1
27	2	142	117	14	1002	1	79478.95	66.99
27	2	142	117	14	1018	6	84879.46	72.51
27	2	142	117	14	1020	5	82778.17	70.01
27	2	142	117	14	1021	20	78353.51	64.94
27	2	142	117	14	1022	27	76633.55	63.45
27	2	142	117	14	1023	21	77994.48	64.64
27	2	142	117	14	1025	24	73230.9	61.03
27	2	142	117	14	1027	19	72028.78	60.73
27	2	142	117	14	1029	14	71734.68	60.15
27	2	142	117	15	1039	1	136088.98	118.88
27	2	142	117	15	1053	60	156636.52	133.6
27	2	142	117	16	1074	1	137948.0	114.67
27	2	142	117	16	1082	17	123231.41	111.01
27	2	142	117	17	1092	1	293127.14	225.39
27	2	142	117	2	100	13	25057.97	21.91
27	2	142	117	2	110	34	18428.14	16.64
27	2	142	117	2	114	29	49204.48	40.48
27	2	142	117	2	118	3	12549.2	10.89
27	2	142	117	2	120	30	26736.39	23.05
27	2	142	117	2	128	61	15590.24	14.18
27	2	142	117	2	130	123	24962.08	21.85
27	2	142	117	2	132	25	19509.51	17.08
27	2	142	117	2	134	4	13376.61	11.73
27	2	142	117	2	144	96	15134.23	14.33
27	2	142	117	2	148	90	22938.65	20.74
27	2	142	117	2	149	82	32488.08	27.98
27	2	142	117	2	152	51	37526.75	31.12
27	2	142	117	2	154	10	25551.32	23.37
27	2	142	117	2	155	24	18807.06	17.46
27	2	142	117	2	157	73	12863.7	12.5
27	2	142	117	2	163	87	18612.0	15.86
27	2	142	117	2	74	1	34958.42	30.24
27	2	142	117	2	93	22	69637.64	58.53
27	2	142	117	3	173	1	162935.46	134.36
27	2	142	117	3	196	4	137256.55	108.34
27	2	142	117	3	208	15	107697.37	94.2
27	2	142	117	3	210	61	115243.1	104.62
27	2	142	117	3	213	35	119916.27	110.37
27	2	142	117	3	223	56	129396.75	104.77
27	2	142	117	4	1148	19	90186.29	71.81
27	2	142	117	4	321	1	83831.82	66.66
27	2	142	117	4	422	183	116692.21	94.14
27	2	142	117	4	423	170	109782.07	92.89
27	2	142	117	4	425	62	114029.91	98.72
27	2	142	117	4	426	61	112843.67	99.06
27	2	142	117	4	428	176	102205.55	82.93
27	2	142	117	4	433	214	101053.49	80.62
27	2	142	117	4	440	251	100082.02	79.63
27	2	142	117	4	443	258	96657.46	77.1
27	2	142	117	4	445	134	91776.48	73.26
27	2	142	117	4	452	35	82327.68	65.36
27	2	142	117	4	453	87	80326.58	62.54
27	2	142	117	4	458	122	72294.22	55.99
27	2	142	117	4	463	98	68859.86	53.59
27	2	142	117	4	464	34	72001.34	55.93
27	2	142	117	4	465	33	75239.56	59.28
27	2	142	117	4	467	65	73997.31	60.5
27	2	142	117	4	470	111	82046.32	64.09
27	2	142	117	4	476	66	68241.62	54.8
27	2	142	117	4	477	67	74013.64	60.8
27	2	142	117	4	479	112	84886.01	66.93
27	2	142	117	4	480	160	84762.47	67.23
27	2	142	117	4	484	146	90377.24	71.95
27	2	142	117	4	485	145	91932.5	73.55
27	2	142	117	4	486	206	93338.47	75.84
27	2	142	117	4	492	59	87738.75	70.37
27	2	142	117	4	494	56	86120.55	68.54
27	2	142	117	4	497	123	78395.73	61.69
27	2	142	117	4	500	264	95258.25	76.23
27	2	142	117	4	501	166	98485.29	82.69
27	2	142	117	4	506	317	104713.39	89.32
27	2	142	117	5	520	1	61443.84	52.63
27	2	142	117	5	538	16	64550.09	56.86
27	2	142	117	5	567	66	53633.08	48.65
27	2	142	117	5	570	52	71673.79	60.58
27	2	142	117	5	573	20	64151.1	54.53
27	2	142	117	5	576	42	53706.06	50.34
27	2	142	117	5	581	25	54910.87	51.17
27	2	142	117	5	586	2	47221.3	43.05
27	2	142	117	5	587	41	49556.49	45.28
27	2	142	117	5	589	17	68553.36	59.3
27	2	142	117	5	590	58	55922.38	51.78
27	2	142	117	5	592	39	67984.17	58.66
27	2	142	117	5	601	4	39886.25	35.98
27	2	142	117	5	602	59	53887.14	49.6
27	2	142	117	6	615	1	57142.1	50.98
27	2	142	117	6	621	32	40090.28	37.14
27	2	142	117	6	631	28	57981.89	52.6
27	2	142	117	6	640	142	34642.83	30.44
27	2	142	117	6	642	44	36331.53	31.93
27	2	142	117	6	645	7	40030.51	34.39
27	2	142	117	6	654	24	54273.67	46.58
27	2	142	117	6	656	23	71452.39	59.12
27	2	142	117	6	663	16	47232.87	38.14
27	2	142	117	7	670	1	226862.81	169.47
27	2	142	117	7	678	9	230131.2	169.59
27	2	142	117	8	687	1	49188.72	41.8
27	2	142	117	8	702	98	56237.71	42.81
27	2	142	117	8	719	107	30321.16	25.52
27	2	142	117	8	721	108	23757.62	20.61
27	2	142	117	8	722	109	17724.74	15.12
27	2	142	117	8	724	84	35039.94	28.85
27	2	142	117	8	727	110	27781.66	24.95
27	2	142	117	8	729	111	34726.47	28.68
27	2	142	117	8	731	91	24272.23	20.63
27	2	142	117	8	738	18	45741.22	37.81
27	2	142	117	8	741	58	37036.55	31.41
27	2	142	117	8	747	47	46891.77	38.8
27	2	142	117	8	768	16	63847.49	53.06
27	2	142	117	9	783	1	124779.66	105.57
27	2	144	96	1	15	74	290883.89	223.36
27	2	144	96	1	6	1	257400.89	195.5
27	2	144	96	10	811	1	57213.86	53.26
27	2	144	96	10	822	23	59469.6	53.53
27	2	144	96	10	823	3	55734.72	49.12
27	2	144	96	10	825	36	60079.17	52.36
27	2	144	96	10	829	19	54256.32	46.86
27	2	144	96	10	834	5	44295.17	38.55
27	2	144	96	10	838	25	56413.77	50.95
27	2	144	96	10	840	21	61088.15	57.39
27	2	144	96	10	842	43	55578.02	50.93
27	2	144	96	11	847	1	195182.33	165.5
27	2	144	96	12	881	1	120855.57	96.6
27	2	144	96	12	895	91	131532.49	106.44
27	2	144	96	12	902	39	129420.44	104.26
27	2	144	96	12	913	18	124662.73	100.93
27	2	144	96	12	931	11	130188.44	107.07
27	2	144	96	12	933	16	118653.5	93.99
27	2	144	96	13	1134	25	75109.59	60.12
27	2	144	96	13	1136	88	76367.51	61.83
27	2	144	96	13	957	1	63409.25	59.95
27	2	144	96	13	964	63	63586.49	58.11
27	2	144	96	13	967	18	64018.35	58.54
27	2	144	96	13	971	13	68734.48	64.62
27	2	144	96	13	972	28	86221.3	72.22
27	2	144	96	13	980	24	76319.16	63.77
27	2	144	96	13	982	17	80224.42	65.79
27	2	144	96	13	984	27	75616.73	61.08
27	2	144	96	13	985	16	70018.92	55.76
27	2	144	96	13	986	80	68281.67	55.24
27	2	144	96	13	987	62	69699.47	55.58
27	2	144	96	14	1002	1	65392.92	54.95
27	2	144	96	14	1018	6	70793.43	60.46
27	2	144	96	14	1020	5	68692.13	57.97
27	2	144	96	14	1021	20	64267.48	52.9
27	2	144	96	14	1022	27	62547.52	51.4
27	2	144	96	14	1023	21	63908.45	52.59
27	2	144	96	14	1025	24	59144.87	48.98
27	2	144	96	14	1027	19	57942.75	48.69
27	2	144	96	14	1029	14	57648.65	48.1
27	2	144	96	15	1039	1	122985.05	109.35
27	2	144	96	15	1053	60	143532.58	124.07
27	2	144	96	16	1074	1	124844.07	105.14
27	2	144	96	16	1082	17	110127.48	101.48
27	2	144	96	17	1092	1	280023.21	215.86
27	2	144	96	2	100	13	35903.11	30.39
27	2	144	96	2	110	34	20364.88	17.42
27	2	144	96	2	114	29	66112.42	46.51
27	2	144	96	2	118	3	25749.79	22.2
27	2	144	96	2	120	30	12650.36	11.01
27	2	144	96	2	128	61	28790.83	25.49
27	2	144	96	2	130	123	10876.05	9.8
27	2	144	96	2	132	25	5423.48	5.04
27	2	144	96	2	134	4	12182.31	10.93
27	2	144	96	2	142	117	15134.23	14.33
27	2	144	96	2	148	90	9838.55	9.0
27	2	144	96	2	149	82	18402.05	15.93
27	2	144	96	2	152	51	24422.81	21.59
27	2	144	96	2	154	10	12451.23	11.63
27	2	144	96	2	155	24	5706.96	5.72
27	2	144	96	2	157	73	12801.45	13.7
27	2	144	96	2	163	87	18126.85	14.67
27	2	144	96	2	74	1	21854.49	20.72
27	2	144	96	2	93	22	86545.58	64.56
27	2	144	96	3	173	1	149831.53	124.84
27	2	144	96	3	196	4	124152.62	98.81
27	2	144	96	3	208	15	93611.34	82.15
27	2	144	96	3	210	61	101157.07	92.57
27	2	144	96	3	213	35	105830.24	98.33
27	2	144	96	3	223	56	116292.82	95.25
27	2	144	96	4	1148	19	77082.36	62.28
27	2	144	96	4	321	1	70727.89	57.14
27	2	144	96	4	422	183	103588.28	84.62
27	2	144	96	4	423	170	96678.14	83.36
27	2	144	96	4	425	62	100925.98	89.19
27	2	144	96	4	426	61	99739.74	89.53
27	2	144	96	4	428	176	89101.62	73.4
27	2	144	96	4	433	214	87949.56	71.1
27	2	144	96	4	440	251	86978.09	70.1
27	2	144	96	4	443	258	83553.53	67.58
27	2	144	96	4	445	134	78672.55	63.73
27	2	144	96	4	452	35	69223.75	55.84
27	2	144	96	4	453	87	67222.65	53.02
27	2	144	96	4	458	122	59190.29	46.46
27	2	144	96	4	463	98	55755.93	44.07
27	2	144	96	4	464	34	58897.41	46.4
27	2	144	96	4	465	33	62135.63	49.76
27	2	144	96	4	467	65	60893.38	50.97
27	2	144	96	4	470	111	68942.39	54.57
27	2	144	96	4	476	66	55137.69	45.27
27	2	144	96	4	477	67	60909.71	51.27
27	2	144	96	4	479	112	71782.08	57.4
27	2	144	96	4	480	160	71658.54	57.7
27	2	144	96	4	484	146	77273.31	62.43
27	2	144	96	4	485	145	78828.57	64.03
27	2	144	96	4	486	206	80234.54	66.31
27	2	144	96	4	492	59	74634.82	60.85
27	2	144	96	4	494	56	73016.61	59.02
27	2	144	96	4	497	123	65291.8	52.17
27	2	144	96	4	500	264	82154.32	66.7
27	2	144	96	4	501	166	85381.36	73.17
27	2	144	96	4	506	317	91609.46	79.8
27	2	144	96	5	520	1	47357.81	40.59
27	2	144	96	5	538	16	50464.06	44.81
27	2	144	96	5	567	66	39547.05	36.61
27	2	144	96	5	570	52	57587.76	48.53
27	2	144	96	5	573	20	50065.07	42.48
27	2	144	96	5	576	42	39620.03	38.29
27	2	144	96	5	581	25	40824.84	39.12
27	2	144	96	5	586	2	33135.27	31.01
27	2	144	96	5	587	41	35470.46	33.23
27	2	144	96	5	589	17	54467.33	47.25
27	2	144	96	5	590	58	41836.35	39.74
27	2	144	96	5	592	39	53898.14	46.61
27	2	144	96	5	601	4	25800.22	23.93
27	2	144	96	5	602	59	39801.11	37.56
27	2	144	96	6	615	1	43056.07	38.93
27	2	144	96	6	621	32	26004.25	25.1
27	2	144	96	6	631	28	43895.86	40.55
27	2	144	96	6	640	142	20556.8	18.4
27	2	144	96	6	642	44	22245.5	19.89
27	2	144	96	6	645	7	25944.48	22.34
27	2	144	96	6	654	24	40187.64	34.53
27	2	144	96	6	656	23	54639.89	47.72
27	2	144	96	6	663	16	34128.94	28.61
27	2	144	96	7	670	1	213758.88	159.95
27	2	144	96	7	678	9	217027.27	160.07
27	2	144	96	8	687	1	36086.07	32.32
27	2	144	96	8	702	98	71935.91	46.54
27	2	144	96	8	719	107	17218.52	16.04
27	2	144	96	8	721	108	12676.9	11.45
27	2	144	96	8	722	109	20959.37	16.48
27	2	144	96	8	724	84	21936.01	19.32
27	2	144	96	8	727	110	16700.94	15.79
27	2	144	96	8	729	111	21623.82	19.2
27	2	144	96	8	731	91	23787.07	19.43
27	2	144	96	8	738	18	32638.58	28.33
27	2	144	96	8	741	58	30195.78	27.53
27	2	144	96	8	747	47	33789.13	29.32
27	2	144	96	8	768	16	53273.66	45.59
27	2	144	96	9	783	1	111675.73	96.05
27	2	148	90	1	15	74	282657.22	216.05
27	2	148	90	1	6	1	249174.21	188.19
27	2	148	90	10	811	1	52944.78	49.58
27	2	148	90	10	822	23	55200.53	49.85
27	2	148	90	10	823	3	51465.65	45.44
27	2	148	90	10	825	36	55810.1	48.68
27	2	148	90	10	829	19	49987.25	43.18
27	2	148	90	10	834	5	40026.09	34.87
27	2	148	90	10	838	25	52144.7	47.27
27	2	148	90	10	840	21	56819.08	53.71
27	2	148	90	10	842	43	51308.94	47.25
27	2	148	90	11	847	1	186955.65	158.19
27	2	148	90	12	881	1	112628.9	89.29
27	2	148	90	12	895	91	123305.81	99.13
27	2	148	90	12	902	39	121193.77	96.95
27	2	148	90	12	913	18	116436.06	93.62
27	2	148	90	12	931	11	121961.76	99.75
27	2	148	90	12	933	16	110426.83	86.68
27	2	148	90	13	1134	25	66882.91	52.81
27	2	148	90	13	1136	88	68140.84	54.52
27	2	148	90	13	957	1	59140.17	56.27
27	2	148	90	13	964	63	59317.41	54.43
27	2	148	90	13	967	18	59749.28	54.86
27	2	148	90	13	971	13	69645.0	59.23
27	2	148	90	13	972	28	77994.63	64.91
27	2	148	90	13	980	24	68092.48	56.46
27	2	148	90	13	982	17	71997.74	58.48
27	2	148	90	13	984	27	67390.06	53.77
27	2	148	90	13	985	16	61792.25	48.45
27	2	148	90	13	986	80	60054.99	47.92
27	2	148	90	13	987	62	61472.8	48.26
27	2	148	90	14	1002	1	61123.84	51.27
27	2	148	90	14	1018	6	66524.36	56.78
27	2	148	90	14	1020	5	64423.06	54.29
27	2	148	90	14	1021	20	59998.41	49.22
27	2	148	90	14	1022	27	58278.45	47.72
27	2	148	90	14	1023	21	59639.37	48.91
27	2	148	90	14	1025	24	54875.8	45.3
27	2	148	90	14	1027	19	53673.68	45.01
27	2	148	90	14	1029	14	53379.58	44.42
27	2	148	90	15	1039	1	114758.37	102.04
27	2	148	90	15	1053	60	135305.91	116.76
27	2	148	90	16	1074	1	116617.39	97.83
27	2	148	90	16	1082	17	101900.8	94.17
27	2	148	90	17	1092	1	271796.53	208.55
27	2	148	90	2	100	13	43663.86	37.01
27	2	148	90	2	110	34	28125.64	24.04
27	2	148	90	2	114	29	69912.25	47.78
27	2	148	90	2	118	3	33510.55	28.82
27	2	148	90	2	120	30	20411.12	17.63
27	2	148	90	2	128	61	36551.59	32.11
27	2	148	90	2	130	123	9167.89	8.64
27	2	148	90	2	132	25	13184.23	11.66
27	2	148	90	2	134	4	19943.07	17.55
27	2	148	90	2	142	117	22938.65	20.74
27	2	148	90	2	144	96	9838.55	9.0
27	2	148	90	2	149	82	14132.98	12.26
27	2	148	90	2	152	51	16196.14	14.28
27	2	148	90	2	154	10	4224.55	4.32
27	2	148	90	2	155	24	9510.9	8.71
27	2	148	90	2	157	73	21653.79	16.84
27	2	148	90	2	163	87	21926.68	15.94
27	2	148	90	2	74	1	13627.81	13.4
27	2	148	90	2	93	22	90345.41	65.83
27	2	148	90	3	173	1	141604.86	117.53
27	2	148	90	3	196	4	115925.94	91.5
27	2	148	90	3	208	15	89342.27	78.47
27	2	148	90	3	210	61	96887.99	88.89
27	2	148	90	3	213	35	101561.16	94.65
27	2	148	90	3	223	56	108066.14	87.93
27	2	148	90	4	1148	19	68855.69	54.97
27	2	148	90	4	321	1	62501.21	49.83
27	2	148	90	4	422	183	95361.61	77.31
27	2	148	90	4	423	170	88451.46	76.05
27	2	148	90	4	425	62	92699.3	81.88
27	2	148	90	4	426	61	91513.06	82.22
27	2	148	90	4	428	176	80874.95	66.09
27	2	148	90	4	433	214	79722.89	63.79
27	2	148	90	4	440	251	78751.42	62.79
27	2	148	90	4	443	258	75326.85	60.27
27	2	148	90	4	445	134	70445.87	56.42
27	2	148	90	4	452	35	60997.07	48.52
27	2	148	90	4	453	87	58995.98	45.7
27	2	148	90	4	458	122	50963.62	39.15
27	2	148	90	4	463	98	47529.26	36.75
27	2	148	90	4	464	34	50670.74	39.09
27	2	148	90	4	465	33	53908.95	42.44
27	2	148	90	4	467	65	52666.7	43.66
27	2	148	90	4	470	111	60715.72	47.25
27	2	148	90	4	476	66	46911.01	37.96
27	2	148	90	4	477	67	52683.04	43.96
27	2	148	90	4	479	112	63555.4	50.09
27	2	148	90	4	480	160	63431.86	50.39
27	2	148	90	4	484	146	69046.64	55.11
27	2	148	90	4	485	145	70601.89	56.72
27	2	148	90	4	486	206	72007.87	59.0
27	2	148	90	4	492	59	66408.15	53.53
27	2	148	90	4	494	56	64789.94	51.71
27	2	148	90	4	497	123	57065.13	44.86
27	2	148	90	4	500	264	73927.64	59.39
27	2	148	90	4	501	166	77154.69	65.86
27	2	148	90	4	506	317	83382.79	72.49
27	2	148	90	5	520	1	43088.74	36.91
27	2	148	90	5	538	16	50359.26	46.8
27	2	148	90	5	567	66	35072.35	34.26
27	2	148	90	5	570	52	53318.69	44.85
27	2	148	90	5	573	20	45795.99	38.8
27	2	148	90	5	576	42	35351.59	34.93
27	2	148	90	5	581	25	36556.4	35.76
27	2	148	90	5	586	2	28866.83	27.65
27	2	148	90	5	587	41	31202.02	29.87
27	2	148	90	5	589	17	50198.25	43.57
27	2	148	90	5	590	58	37567.91	36.38
27	2	148	90	5	592	39	49629.06	42.94
27	2	148	90	5	601	4	21531.78	20.57
27	2	148	90	5	602	59	35532.68	34.2
27	2	148	90	6	615	1	39485.2	34.58
27	2	148	90	6	621	32	21735.81	21.74
27	2	148	90	6	631	28	39626.78	36.87
27	2	148	90	6	640	142	16287.72	14.72
27	2	148	90	6	642	44	17976.43	16.21
27	2	148	90	6	645	7	21675.41	18.66
27	2	148	90	6	654	24	36276.69	30.23
27	2	148	90	6	656	23	50121.79	42.29
27	2	148	90	6	663	16	25902.27	21.3
27	2	148	90	7	670	1	205532.2	152.64
27	2	148	90	7	678	9	208800.59	152.75
27	2	148	90	8	687	1	29905.8	26.63
27	2	148	90	8	702	98	75735.75	47.81
27	2	148	90	8	719	107	11038.24	10.36
27	2	148	90	8	721	108	16476.74	12.72
27	2	148	90	8	722	109	24759.2	17.74
27	2	148	90	8	724	84	13709.33	12.01
27	2	148	90	8	727	110	20500.77	17.06
27	2	148	90	8	729	111	15443.55	13.51
27	2	148	90	8	731	91	27586.9	20.7
27	2	148	90	8	738	18	26458.3	22.65
27	2	148	90	8	741	58	30666.74	26.25
27	2	148	90	8	747	47	27608.86	23.63
27	2	148	90	8	768	16	47093.38	39.9
27	2	148	90	9	783	1	103449.06	88.74
27	2	149	82	1	15	74	277358.6	215.4
27	2	149	82	1	6	1	243875.6	187.54
27	2	149	82	10	811	1	38811.8	37.33
27	2	149	82	10	822	23	41067.55	37.59
27	2	149	82	10	823	3	37332.67	33.19
27	2	149	82	10	825	36	41677.12	36.42
27	2	149	82	10	829	19	35854.27	30.92
27	2	149	82	10	834	5	25893.11	22.62
27	2	149	82	10	838	25	38011.72	35.01
27	2	149	82	10	840	21	42686.1	41.46
27	2	149	82	10	842	43	37175.96	34.99
27	2	149	82	11	847	1	181657.04	157.54
27	2	149	82	12	881	1	107330.29	88.64
27	2	149	82	12	895	91	118007.2	98.48
27	2	149	82	12	902	39	115895.16	96.3
27	2	149	82	12	913	18	111137.44	92.97
27	2	149	82	12	931	11	116663.15	99.11
27	2	149	82	12	933	16	105128.21	86.03
27	2	149	82	13	1134	25	61584.3	52.16
27	2	149	82	13	1136	88	62842.23	53.87
27	2	149	82	13	957	1	45007.19	44.02
27	2	149	82	13	964	63	45184.43	42.18
27	2	149	82	13	967	18	45616.3	42.61
27	2	149	82	13	971	13	50332.43	48.68
27	2	149	82	13	972	28	67032.19	58.06
27	2	149	82	13	980	24	57735.5	50.06
27	2	149	82	13	982	17	61382.24	54.14
27	2	149	82	13	984	27	62091.45	53.12
27	2	149	82	13	985	16	56493.63	47.8
27	2	149	82	13	986	80	54756.38	47.28
27	2	149	82	13	987	62	56174.18	47.62
27	2	149	82	14	1002	1	46990.86	39.01
27	2	149	82	14	1018	6	52391.38	44.52
27	2	149	82	14	1020	5	50290.08	42.03
27	2	149	82	14	1021	20	45865.43	36.96
27	2	149	82	14	1022	27	44145.47	35.47
27	2	149	82	14	1023	21	45506.39	36.65
27	2	149	82	14	1025	24	40742.82	33.05
27	2	149	82	14	1027	19	39540.7	32.75
27	2	149	82	14	1029	14	39246.6	32.16
27	2	149	82	15	1039	1	109459.76	101.39
27	2	149	82	15	1053	60	130007.3	116.11
27	2	149	82	16	1074	1	111318.78	97.18
27	2	149	82	16	1082	17	101434.46	93.84
27	2	149	82	17	1092	1	266497.92	207.9
27	2	149	82	2	100	13	48861.25	41.31
27	2	149	82	2	110	34	33323.03	28.34
27	2	149	82	2	114	29	83163.29	58.54
27	2	149	82	2	118	3	38707.94	33.12
27	2	149	82	2	120	30	25608.51	21.93
27	2	149	82	2	128	61	41748.98	36.41
27	2	149	82	2	130	123	14365.28	12.93
27	2	149	82	2	132	25	18381.62	15.95
27	2	149	82	2	134	4	25140.46	21.85
27	2	149	82	2	142	117	32488.08	27.98
27	2	149	82	2	144	96	18402.05	15.93
27	2	149	82	2	148	90	14132.98	12.26
27	2	149	82	2	152	51	8780.21	6.85
27	2	149	82	2	154	10	18089.29	16.04
27	2	149	82	2	155	24	23372.4	20.18
27	2	149	82	2	157	73	34904.84	27.6
27	2	149	82	2	163	87	35177.72	26.7
27	2	149	82	2	74	1	15905.06	15.66
27	2	149	82	2	93	22	103596.45	76.59
27	2	149	82	3	173	1	117989.72	115.91
27	2	149	82	3	196	4	93809.94	90.26
27	2	149	82	3	208	15	75209.29	66.22
27	2	149	82	3	210	61	82755.01	76.63
27	2	149	82	3	213	35	87428.18	82.39
27	2	149	82	3	223	56	102767.53	87.28
27	2	149	82	4	1148	19	63557.07	54.32
27	2	149	82	4	321	1	57202.6	49.18
27	2	149	82	4	422	183	90062.99	76.66
27	2	149	82	4	423	170	83152.85	75.4
27	2	149	82	4	425	62	87400.69	81.23
27	2	149	82	4	426	61	86214.45	81.57
27	2	149	82	4	428	176	75576.34	65.44
27	2	149	82	4	433	214	74424.28	63.14
27	2	149	82	4	440	251	73452.8	62.14
27	2	149	82	4	443	258	70028.24	59.62
27	2	149	82	4	445	134	65147.26	55.77
27	2	149	82	4	452	35	55698.46	47.88
27	2	149	82	4	453	87	53697.36	45.05
27	2	149	82	4	458	122	45665.01	38.5
27	2	149	82	4	463	98	42230.65	36.1
27	2	149	82	4	464	34	45372.12	38.44
27	2	149	82	4	465	33	48610.34	41.79
27	2	149	82	4	467	65	52200.36	43.33
27	2	149	82	4	470	111	55417.1	46.6
27	2	149	82	4	476	66	46444.67	37.63
27	2	149	82	4	477	67	52216.7	43.63
27	2	149	82	4	479	112	58256.79	49.44
27	2	149	82	4	480	160	58133.25	49.74
27	2	149	82	4	484	146	63748.02	54.47
27	2	149	82	4	485	145	65303.28	56.07
27	2	149	82	4	486	206	66709.26	58.35
27	2	149	82	4	492	59	65941.8	53.21
27	2	149	82	4	494	56	64323.6	51.38
27	2	149	82	4	497	123	56598.79	44.53
27	2	149	82	4	500	264	68629.03	58.74
27	2	149	82	4	501	166	71856.08	65.21
27	2	149	82	4	506	317	78084.17	71.84
27	2	149	82	5	520	1	28955.76	24.65
27	2	149	82	5	538	16	42346.37	39.82
27	2	149	82	5	567	66	27059.46	27.28
27	2	149	82	5	570	52	39185.71	32.6
27	2	149	82	5	573	20	31663.01	26.54
27	2	149	82	5	576	42	27338.7	27.96
27	2	149	82	5	581	25	32240.35	26.54
27	2	149	82	5	586	2	20853.93	20.67
27	2	149	82	5	587	41	23189.13	22.9
27	2	149	82	5	589	17	36065.27	31.32
27	2	149	82	5	590	58	28508.21	24.15
27	2	149	82	5	592	39	35496.08	30.68
27	2	149	82	5	601	4	17865.72	17.6
27	2	149	82	5	602	59	22527.67	22.19
27	2	149	82	6	615	1	24654.02	23.0
27	2	149	82	6	621	32	13469.15	14.05
27	2	149	82	6	631	28	25493.8	24.62
27	2	149	82	6	640	142	2154.74	2.46
27	2	149	82	6	642	44	3516.82	4.27
27	2	149	82	6	645	7	7542.43	6.41
27	2	149	82	6	654	24	21785.59	18.59
27	2	149	82	6	656	23	35911.21	32.11
27	2	149	82	6	663	16	25435.92	20.97
27	2	149	82	7	670	1	200233.59	151.99
27	2	149	82	7	678	9	203501.98	152.11
27	2	149	82	8	687	1	33669.32	30.61
27	2	149	82	8	702	98	88986.79	58.57
27	2	149	82	8	719	107	24289.28	21.12
27	2	149	82	8	721	108	29727.78	23.48
27	2	149	82	8	722	109	38010.24	28.51
27	2	149	82	8	724	84	15986.58	14.27
27	2	149	82	8	727	110	33751.82	27.82
27	2	149	82	8	729	111	28694.59	24.28
27	2	149	82	8	731	91	40837.95	31.46
27	2	149	82	8	738	18	28776.72	25.67
27	2	149	82	8	741	58	43917.78	37.01
27	2	149	82	8	747	47	35495.67	31.46
27	2	149	82	8	768	16	55121.58	46.82
27	2	149	82	9	783	1	98150.44	88.09
27	2	152	51	1	15	74	273410.66	208.87
27	2	152	51	1	6	1	239927.66	181.01
27	2	152	51	10	811	1	44522.53	42.07
27	2	152	51	10	822	23	47423.82	42.71
27	2	152	51	10	823	3	43688.94	38.31
27	2	152	51	10	825	36	48033.39	41.54
27	2	152	51	10	829	19	42210.54	36.04
27	2	152	51	10	834	5	31603.84	27.36
27	2	152	51	10	838	25	43722.44	39.76
27	2	152	51	10	840	21	47467.8	44.28
27	2	152	51	10	842	43	41970.74	37.62
27	2	152	51	11	847	1	177709.1	151.01
27	2	152	51	12	881	1	103382.35	82.11
27	2	152	51	12	895	91	114059.26	91.95
27	2	152	51	12	902	39	111947.22	89.77
27	2	152	51	12	913	18	107189.5	86.44
27	2	152	51	12	931	11	112715.21	92.57
27	2	152	51	12	933	16	101180.27	79.5
27	2	152	51	13	1134	25	57636.36	45.63
27	2	152	51	13	1136	88	58894.29	47.34
27	2	152	51	13	957	1	50717.92	48.76
27	2	152	51	13	964	63	50895.16	46.92
27	2	152	51	13	967	18	51327.02	47.35
27	2	152	51	13	971	13	54922.94	47.5
27	2	152	51	13	972	28	66520.7	56.5
27	2	152	51	13	980	24	57224.01	48.5
27	2	152	51	13	982	17	62751.19	51.3
27	2	152	51	13	984	27	58143.51	46.59
27	2	152	51	13	985	16	52545.7	41.27
27	2	152	51	13	986	80	50808.44	40.74
27	2	152	51	13	987	62	52226.24	41.08
27	2	152	51	14	1002	1	53347.13	44.13
27	2	152	51	14	1018	6	58747.65	49.64
27	2	152	51	14	1020	5	56646.35	47.15
27	2	152	51	14	1021	20	52221.7	42.08
27	2	152	51	14	1022	27	50501.74	40.59
27	2	152	51	14	1023	21	51862.66	41.77
27	2	152	51	14	1025	24	47099.09	38.17
27	2	152	51	14	1027	19	45896.97	37.87
27	2	152	51	14	1029	14	45602.87	37.28
27	2	152	51	15	1039	1	105511.82	94.86
27	2	152	51	15	1053	60	126059.36	109.58
27	2	152	51	16	1074	1	107370.84	90.65
27	2	152	51	16	1082	17	92654.25	86.99
27	2	152	51	17	1092	1	262549.98	201.37
27	2	152	51	2	100	13	56569.58	47.24
27	2	152	51	2	110	34	41031.36	34.27
27	2	152	51	2	114	29	74383.08	51.69
27	2	152	51	2	118	3	46416.27	39.05
27	2	152	51	2	120	30	33316.83	27.86
27	2	152	51	2	128	61	52708.81	41.83
27	2	152	51	2	130	123	22073.6	18.87
27	2	152	51	2	132	25	26089.95	21.89
27	2	152	51	2	134	4	32848.79	27.78
27	2	152	51	2	142	117	37464.22	30.2
27	2	152	51	2	144	96	24370.6	19.81
27	2	152	51	2	148	90	16136.32	14.21
27	2	152	51	2	149	82	8780.21	6.85
27	2	152	51	2	154	10	12421.74	11.42
27	2	152	51	2	155	24	19381.42	15.52
27	2	152	51	2	157	73	26124.63	20.75
27	2	152	51	2	163	87	26397.51	19.85
27	2	152	51	2	74	1	7124.85	8.81
27	2	152	51	2	93	22	94816.24	69.74
27	2	152	51	3	173	1	132358.31	110.35
27	2	152	51	3	196	4	106679.39	84.32
27	2	152	51	3	208	15	81565.56	71.33
27	2	152	51	3	210	61	89111.28	81.75
27	2	152	51	3	213	35	93784.45	87.51
27	2	152	51	3	223	56	98819.59	80.75
27	2	152	51	4	1148	19	59609.13	47.79
27	2	152	51	4	321	1	53254.66	42.65
27	2	152	51	4	422	183	86115.05	70.13
27	2	152	51	4	423	170	79204.91	68.87
27	2	152	51	4	425	62	83452.75	74.7
27	2	152	51	4	426	61	82266.51	75.04
27	2	152	51	4	428	176	71628.4	58.91
27	2	152	51	4	433	214	70476.34	56.61
27	2	152	51	4	440	251	69504.86	55.61
27	2	152	51	4	443	258	66080.3	53.09
27	2	152	51	4	445	134	61199.32	49.24
27	2	152	51	4	452	35	51750.52	41.34
27	2	152	51	4	453	87	49749.42	38.52
27	2	152	51	4	458	122	41717.07	31.97
27	2	152	51	4	463	98	38282.71	29.57
27	2	152	51	4	464	34	41424.18	31.91
27	2	152	51	4	465	33	44662.4	35.26
27	2	152	51	4	467	65	43420.15	36.48
27	2	152	51	4	470	111	51469.16	40.07
27	2	152	51	4	476	66	37664.46	30.78
27	2	152	51	4	477	67	43436.49	36.78
27	2	152	51	4	479	112	54308.85	42.91
27	2	152	51	4	480	160	54185.31	43.21
27	2	152	51	4	484	146	59800.08	47.93
27	2	152	51	4	485	145	61355.34	49.54
27	2	152	51	4	486	206	62761.32	51.82
27	2	152	51	4	492	59	57161.59	46.35
27	2	152	51	4	494	56	55543.39	44.53
27	2	152	51	4	497	123	47818.58	37.68
27	2	152	51	4	500	264	64681.09	52.21
27	2	152	51	4	501	166	67908.14	58.68
27	2	152	51	4	506	317	74136.23	65.31
27	2	152	51	5	520	1	35312.03	29.77
27	2	152	51	5	538	16	51126.58	46.67
27	2	152	51	5	567	66	35839.67	34.13
27	2	152	51	5	570	52	45541.98	37.71
27	2	152	51	5	573	20	38019.29	31.66
27	2	152	51	5	576	42	40805.46	34.73
27	2	152	51	5	581	25	38596.62	31.66
27	2	152	51	5	586	2	29634.14	27.52
27	2	152	51	5	587	41	31969.34	29.75
27	2	152	51	5	589	17	42421.54	36.44
27	2	152	51	5	590	58	34864.48	29.27
27	2	152	51	5	592	39	41852.36	35.8
27	2	152	51	5	601	4	26645.93	24.45
27	2	152	51	5	602	59	33753.53	27.81
27	2	152	51	6	615	1	24763.14	22.85
27	2	152	51	6	621	32	22249.36	20.91
27	2	152	51	6	631	28	31204.53	29.36
27	2	152	51	6	640	142	9465.57	8.11
27	2	152	51	6	642	44	10582.41	9.06
27	2	152	51	6	645	7	13898.7	11.53
27	2	152	51	6	654	24	21554.63	18.5
27	2	152	51	6	656	23	35399.72	30.55
27	2	152	51	6	663	16	16655.71	14.12
27	2	152	51	7	670	1	196285.65	145.46
27	2	152	51	7	678	9	199554.04	145.58
27	2	152	51	8	687	1	24889.11	23.76
27	2	152	51	8	702	98	80206.58	51.72
27	2	152	51	8	719	107	15509.07	14.27
27	2	152	51	8	721	108	20947.57	16.63
27	2	152	51	8	722	109	29230.03	21.66
27	2	152	51	8	724	84	7206.37	7.42
27	2	152	51	8	727	110	24971.61	20.97
27	2	152	51	8	729	111	19914.38	17.43
27	2	152	51	8	731	91	32057.74	24.61
27	2	152	51	8	738	18	19996.51	18.82
27	2	152	51	8	741	58	35137.57	30.16
27	2	152	51	8	747	47	26715.46	24.61
27	2	152	51	8	768	16	46341.37	39.97
27	2	152	51	9	783	1	94202.5	81.56
27	2	154	10	1	15	74	278942.63	213.26
27	2	154	10	1	6	1	245459.63	185.4
27	2	154	10	10	811	1	56720.56	53.18
27	2	154	10	10	822	23	59156.83	53.63
27	2	154	10	10	823	3	55421.96	49.22
27	2	154	10	10	825	36	59766.4	52.46
27	2	154	10	10	829	19	53943.55	46.96
27	2	154	10	10	834	5	43768.66	38.56
27	2	154	10	10	838	25	53383.81	49.19
27	2	154	10	10	840	21	58475.27	53.23
27	2	154	10	10	842	43	52978.22	46.57
27	2	154	10	11	847	1	183241.07	155.4
27	2	154	10	12	881	1	108914.31	86.5
27	2	154	10	12	895	91	119591.23	96.34
27	2	154	10	12	902	39	117479.18	94.16
27	2	154	10	12	913	18	112721.47	90.83
27	2	154	10	12	931	11	118247.18	96.97
27	2	154	10	12	933	16	106712.24	83.89
27	2	154	10	13	1134	25	63168.33	50.02
27	2	154	10	13	1136	88	64426.25	51.73
27	2	154	10	13	957	1	66429.83	58.18
27	2	154	10	13	964	63	63059.98	58.12
27	2	154	10	13	967	18	63491.84	58.55
27	2	154	10	13	971	13	65930.42	56.44
27	2	154	10	13	972	28	74280.04	62.12
27	2	154	10	13	980	24	64377.9	53.67
27	2	154	10	13	982	17	68283.16	55.69
27	2	154	10	13	984	27	63675.47	50.98
27	2	154	10	13	985	16	58077.66	45.66
27	2	154	10	13	986	80	56340.41	45.14
27	2	154	10	13	987	62	57758.21	45.48
27	2	154	10	14	1002	1	65080.15	55.05
27	2	154	10	14	1018	6	70480.66	60.56
27	2	154	10	14	1020	5	68379.37	58.07
27	2	154	10	14	1021	20	63954.72	53.0
27	2	154	10	14	1022	27	62234.76	51.5
27	2	154	10	14	1023	21	63595.68	52.69
27	2	154	10	14	1025	24	58832.11	49.08
27	2	154	10	14	1027	19	57629.98	48.79
27	2	154	10	14	1029	14	57335.88	48.2
27	2	154	10	15	1039	1	111043.79	99.25
27	2	154	10	15	1053	60	131591.32	113.97
27	2	154	10	16	1074	1	112902.81	95.04
27	2	154	10	16	1082	17	98186.22	91.38
27	2	154	10	17	1092	1	268081.95	205.76
27	2	154	10	2	100	13	47617.71	40.55
27	2	154	10	2	110	34	32079.49	27.58
27	2	154	10	2	114	29	66197.66	44.99
27	2	154	10	2	118	3	37464.4	32.36
27	2	154	10	2	120	30	24364.97	21.16
27	2	154	10	2	128	61	44523.39	35.13
27	2	154	10	2	130	123	13124.2	12.42
27	2	154	10	2	132	25	17138.08	15.19
27	2	154	10	2	134	4	23896.92	21.09
27	2	154	10	2	142	117	25551.32	23.37
27	2	154	10	2	144	96	12451.23	11.63
27	2	154	10	2	148	90	4224.55	4.32
27	2	154	10	2	149	82	18089.29	16.04
27	2	154	10	2	152	51	12481.55	11.49
27	2	154	10	2	155	24	7468.15	7.35
27	2	154	10	2	157	73	17939.21	14.05
27	2	154	10	2	163	87	18212.09	13.15
27	2	154	10	2	74	1	9913.23	10.62
27	2	154	10	2	93	22	86630.82	63.04
27	2	154	10	3	173	1	137890.27	114.74
27	2	154	10	3	196	4	112211.36	88.71
27	2	154	10	3	208	15	93298.58	82.25
27	2	154	10	3	210	61	100844.3	92.67
27	2	154	10	3	213	35	113264.85	92.1
27	2	154	10	3	223	56	104351.56	85.14
27	2	154	10	4	1148	19	65141.1	52.18
27	2	154	10	4	321	1	58786.63	47.04
27	2	154	10	4	422	183	91647.02	74.52
27	2	154	10	4	423	170	84736.88	73.26
27	2	154	10	4	425	62	88984.72	79.09
27	2	154	10	4	426	61	87798.48	79.43
27	2	154	10	4	428	176	77160.36	63.3
27	2	154	10	4	433	214	76008.3	61.0
27	2	154	10	4	440	251	75036.83	60.0
27	2	154	10	4	443	258	71612.27	57.48
27	2	154	10	4	445	134	66731.29	53.63
27	2	154	10	4	452	35	57282.49	45.74
27	2	154	10	4	453	87	55281.39	42.91
27	2	154	10	4	458	122	47249.03	36.36
27	2	154	10	4	463	98	43814.67	33.97
27	2	154	10	4	464	34	46956.15	36.3
27	2	154	10	4	465	33	50194.37	39.65
27	2	154	10	4	467	65	48952.12	40.87
27	2	154	10	4	470	111	57001.13	44.47
27	2	154	10	4	476	66	43196.43	35.17
27	2	154	10	4	477	67	48968.45	41.17
27	2	154	10	4	479	112	59840.81	47.3
27	2	154	10	4	480	160	59717.28	47.6
27	2	154	10	4	484	146	65332.05	52.33
27	2	154	10	4	485	145	66887.31	53.93
27	2	154	10	4	486	206	68293.28	56.21
27	2	154	10	4	492	59	62693.56	50.75
27	2	154	10	4	494	56	61075.35	48.92
27	2	154	10	4	497	123	53350.54	42.07
27	2	154	10	4	500	264	70213.06	56.6
27	2	154	10	4	501	166	73440.1	63.07
27	2	154	10	4	506	317	79668.2	69.7
27	2	154	10	5	520	1	47045.04	40.69
27	2	154	10	5	538	16	54315.57	50.58
27	2	154	10	5	567	66	39028.66	38.04
27	2	154	10	5	570	52	57275.0	48.63
27	2	154	10	5	573	20	49752.3	42.58
27	2	154	10	5	576	42	39307.9	38.71
27	2	154	10	5	581	25	40512.71	39.54
27	2	154	10	5	586	2	32823.13	31.43
27	2	154	10	5	587	41	35158.33	33.65
27	2	154	10	5	589	17	54154.56	47.36
27	2	154	10	5	590	58	41524.21	40.16
27	2	154	10	5	592	39	53585.37	46.72
27	2	154	10	5	601	4	25488.09	24.35
27	2	154	10	5	602	59	39488.98	37.98
27	2	154	10	6	615	1	35770.61	31.79
27	2	154	10	6	621	32	25692.11	25.52
27	2	154	10	6	631	28	43369.35	40.56
27	2	154	10	6	640	142	20244.03	18.5
27	2	154	10	6	642	44	21932.74	19.99
27	2	154	10	6	645	7	25631.72	22.45
27	2	154	10	6	654	24	32562.11	27.45
27	2	154	10	6	656	23	46407.2	39.5
27	2	154	10	6	663	16	22187.68	18.51
27	2	154	10	7	670	1	201817.62	149.85
27	2	154	10	7	678	9	205086.01	149.97
27	2	154	10	8	687	1	26191.21	23.84
27	2	154	10	8	702	98	72021.16	45.02
27	2	154	10	8	719	107	7323.65	7.57
27	2	154	10	8	721	108	12762.15	9.93
27	2	154	10	8	722	109	21044.61	14.96
27	2	154	10	8	724	84	9994.75	9.22
27	2	154	10	8	727	110	16786.19	14.27
27	2	154	10	8	729	111	11728.96	10.72
27	2	154	10	8	731	91	23872.32	17.91
27	2	154	10	8	738	18	22743.72	19.86
27	2	154	10	8	741	58	26952.15	23.46
27	2	154	10	8	747	47	23894.27	20.84
27	2	154	10	8	768	16	43378.8	37.12
27	2	154	10	9	783	1	99734.47	85.95
27	2	155	24	1	15	74	285677.78	219.07
27	2	155	24	1	6	1	252194.77	191.21
27	2	155	24	10	811	1	62687.46	58.11
27	2	155	24	10	822	23	64943.2	58.37
27	2	155	24	10	823	3	61208.33	53.97
27	2	155	24	10	825	36	65552.77	57.2
27	2	155	24	10	829	19	59729.92	51.7
27	2	155	24	10	834	5	49768.77	43.4
27	2	155	24	10	838	25	60118.96	55.0
27	2	155	24	10	840	21	65210.42	59.03
27	2	155	24	10	842	43	59713.37	52.37
27	2	155	24	11	847	1	189976.22	161.21
27	2	155	24	12	881	1	115649.46	92.3
27	2	155	24	12	895	91	126326.38	102.15
27	2	155	24	12	902	39	124214.33	99.96
27	2	155	24	12	913	18	119456.62	96.63
27	2	155	24	12	931	11	124982.33	102.77
27	2	155	24	12	933	16	113447.39	89.7
27	2	155	24	13	1134	25	69903.48	55.83
27	2	155	24	13	1136	88	71161.4	57.53
27	2	155	24	13	957	1	73164.97	63.99
27	2	155	24	13	964	63	69060.09	62.96
27	2	155	24	13	967	18	69491.96	63.39
27	2	155	24	13	971	13	72665.57	62.25
27	2	155	24	13	972	28	81015.19	67.92
27	2	155	24	13	980	24	71113.04	59.48
27	2	155	24	13	982	17	75018.31	61.49
27	2	155	24	13	984	27	70410.62	56.78
27	2	155	24	13	985	16	64812.81	51.47
27	2	155	24	13	986	80	63075.55	50.94
27	2	155	24	13	987	62	64493.36	51.28
27	2	155	24	14	1002	1	70866.52	59.79
27	2	155	24	14	1018	6	76267.03	65.31
27	2	155	24	14	1020	5	74165.74	62.82
27	2	155	24	14	1021	20	69741.09	57.75
27	2	155	24	14	1022	27	68021.13	56.25
27	2	155	24	14	1023	21	69382.05	57.44
27	2	155	24	14	1025	24	64618.48	53.83
27	2	155	24	14	1027	19	63416.35	53.53
27	2	155	24	14	1029	14	63122.25	52.95
27	2	155	24	15	1039	1	117778.94	105.06
27	2	155	24	15	1053	60	138326.47	119.78
27	2	155	24	16	1074	1	119637.95	100.84
27	2	155	24	16	1082	17	104921.37	97.19
27	2	155	24	17	1092	1	274817.09	211.57
27	2	155	24	2	100	13	41376.71	35.24
27	2	155	24	2	110	34	25838.49	22.27
27	2	155	24	2	114	29	60900.19	42.21
27	2	155	24	2	118	3	31223.4	27.05
27	2	155	24	2	120	30	18123.97	15.86
27	2	155	24	2	128	61	34264.43	30.34
27	2	155	24	2	130	123	16349.65	14.65
27	2	155	24	2	132	25	10897.08	9.88
27	2	155	24	2	134	4	17655.92	15.78
27	2	155	24	2	142	117	19310.32	18.07
27	2	155	24	2	144	96	6210.22	6.32
27	2	155	24	2	148	90	10014.16	9.31
27	2	155	24	2	149	82	23875.66	20.78
27	2	155	24	2	152	51	19216.7	17.29
27	2	155	24	2	154	10	7245.12	7.33
27	2	155	24	2	157	73	8584.74	9.68
27	2	155	24	2	163	87	12914.63	10.37
27	2	155	24	2	74	1	16648.38	16.42
27	2	155	24	2	93	22	81333.35	60.26
27	2	155	24	3	173	1	144625.42	120.54
27	2	155	24	3	196	4	118946.5	94.52
27	2	155	24	3	208	15	99084.94	87.0
27	2	155	24	3	210	61	106630.67	97.42
27	2	155	24	3	213	35	119999.99	97.91
27	2	155	24	3	223	56	111086.7	90.95
27	2	155	24	4	1148	19	71876.25	57.99
27	2	155	24	4	321	1	65521.77	52.84
27	2	155	24	4	422	183	98382.17	80.32
27	2	155	24	4	423	170	91472.02	79.07
27	2	155	24	4	425	62	95719.86	84.9
27	2	155	24	4	426	61	94533.63	85.23
27	2	155	24	4	428	176	83895.51	69.1
27	2	155	24	4	433	214	82743.45	66.8
27	2	155	24	4	440	251	81771.98	65.8
27	2	155	24	4	443	258	78347.41	63.28
27	2	155	24	4	445	134	73466.44	59.44
27	2	155	24	4	452	35	64017.64	51.54
27	2	155	24	4	453	87	62016.54	48.72
27	2	155	24	4	458	122	53984.18	42.17
27	2	155	24	4	463	98	50549.82	39.77
27	2	155	24	4	464	34	53691.3	42.11
27	2	155	24	4	465	33	56929.52	45.46
27	2	155	24	4	467	65	55687.26	46.68
27	2	155	24	4	470	111	63736.28	50.27
27	2	155	24	4	476	66	49931.58	40.97
27	2	155	24	4	477	67	55703.6	46.98
27	2	155	24	4	479	112	66575.96	53.11
27	2	155	24	4	480	160	66452.43	53.41
27	2	155	24	4	484	146	72067.2	58.13
27	2	155	24	4	485	145	73622.45	59.73
27	2	155	24	4	486	206	75028.43	62.01
27	2	155	24	4	492	59	69428.71	56.55
27	2	155	24	4	494	56	67810.5	54.72
27	2	155	24	4	497	123	60085.69	47.87
27	2	155	24	4	500	264	76948.2	62.4
27	2	155	24	4	501	166	80175.25	68.87
27	2	155	24	4	506	317	86403.35	75.5
27	2	155	24	5	520	1	52831.41	45.43
27	2	155	24	5	538	16	55937.66	49.66
27	2	155	24	5	567	66	45020.65	41.45
27	2	155	24	5	570	52	63061.37	53.38
27	2	155	24	5	573	20	55538.67	47.33
27	2	155	24	5	576	42	45093.63	43.14
27	2	155	24	5	581	25	46298.44	43.97
27	2	155	24	5	586	2	38608.87	35.85
27	2	155	24	5	587	41	40944.06	38.08
27	2	155	24	5	589	17	59940.93	52.1
27	2	155	24	5	590	58	47309.95	44.58
27	2	155	24	5	592	39	59371.74	51.46
27	2	155	24	5	601	4	31273.82	28.78
27	2	155	24	5	602	59	45274.72	42.4
27	2	155	24	6	615	1	42505.76	37.6
27	2	155	24	6	621	32	31477.85	29.95
27	2	155	24	6	631	28	49369.46	45.4
27	2	155	24	6	640	142	26030.4	23.24
27	2	155	24	6	642	44	27719.11	24.74
27	2	155	24	6	645	7	31418.09	27.19
27	2	155	24	6	654	24	39297.25	33.25
27	2	155	24	6	656	23	53142.35	45.3
27	2	155	24	6	663	16	28922.83	24.31
27	2	155	24	7	670	1	208552.76	155.65
27	2	155	24	7	678	9	211821.16	155.77
27	2	155	24	8	687	1	30879.96	28.02
27	2	155	24	8	702	98	66723.69	42.24
27	2	155	24	8	719	107	12012.4	11.75
27	2	155	24	8	721	108	7464.68	7.15
27	2	155	24	8	722	109	15747.14	12.18
27	2	155	24	8	724	84	16729.9	15.03
27	2	155	24	8	727	110	11488.72	11.49
27	2	155	24	8	729	111	16417.71	14.9
27	2	155	24	8	731	91	18574.85	15.13
27	2	155	24	8	738	18	27432.47	24.04
27	2	155	24	8	741	58	24983.56	23.22
27	2	155	24	8	747	47	28583.02	25.02
27	2	155	24	8	768	16	48067.54	41.3
27	2	155	24	9	783	1	106469.62	91.75
27	2	157	73	1	15	74	292648.23	223.43
27	2	157	73	1	6	1	259165.23	195.58
27	2	157	73	10	811	1	70426.16	63.35
27	2	157	73	10	822	23	73610.97	64.37
27	2	157	73	10	823	3	69876.09	59.97
27	2	157	73	10	825	36	74220.54	63.2
27	2	157	73	10	829	19	68397.69	57.7
27	2	157	73	10	834	5	57474.26	48.73
27	2	157	73	10	838	25	67089.41	59.37
27	2	157	73	10	840	21	72180.87	63.4
27	2	157	73	10	842	43	66683.82	56.74
27	2	157	73	11	847	1	196946.67	165.57
27	2	157	73	12	881	1	122619.91	96.67
27	2	157	73	12	895	91	133296.83	106.51
27	2	157	73	12	902	39	131184.78	104.33
27	2	157	73	12	913	18	126427.07	101.0
27	2	157	73	12	931	11	131952.78	107.14
27	2	157	73	12	933	16	120417.84	94.06
27	2	157	73	13	1134	25	76873.93	60.19
27	2	157	73	13	1136	88	78131.85	61.9
27	2	157	73	13	957	1	80135.43	68.35
27	2	157	73	13	964	63	76765.58	68.29
27	2	157	73	13	967	18	77197.44	68.72
27	2	157	73	13	971	13	79636.02	66.61
27	2	157	73	13	972	28	87985.64	72.29
27	2	157	73	13	980	24	78083.5	63.85
27	2	157	73	13	982	17	81988.76	65.86
27	2	157	73	13	984	27	77381.07	61.15
27	2	157	73	13	985	16	71783.26	55.83
27	2	157	73	13	986	80	70046.01	55.31
27	2	157	73	13	987	62	71463.81	55.65
27	2	157	73	14	1002	1	79534.29	65.79
27	2	157	73	14	1018	6	84934.8	71.3
27	2	157	73	14	1020	5	82833.51	68.81
27	2	157	73	14	1021	20	78408.85	63.74
27	2	157	73	14	1022	27	76688.89	62.25
27	2	157	73	14	1023	21	78049.82	63.43
27	2	157	73	14	1025	24	73286.24	59.83
27	2	157	73	14	1027	19	72084.12	59.53
27	2	157	73	14	1029	14	71790.02	58.94
27	2	157	73	15	1039	1	124749.39	109.42
27	2	157	73	15	1053	60	145296.92	124.14
27	2	157	73	16	1074	1	126608.41	105.21
27	2	157	73	16	1082	17	111891.82	101.55
27	2	157	73	17	1092	1	281787.55	215.93
27	2	157	73	2	100	13	36344.5	33.19
27	2	157	73	2	110	34	20806.28	20.22
27	2	157	73	2	114	29	59898.36	42.82
27	2	157	73	2	118	3	25179.98	22.5
27	2	157	73	2	120	30	24715.83	22.87
27	2	157	73	2	128	61	28221.02	25.79
27	2	157	73	2	130	123	22941.52	21.66
27	2	157	73	2	132	25	17488.94	16.9
27	2	157	73	2	134	4	11228.17	11.64
27	2	157	73	2	142	117	12863.7	12.5
27	2	157	73	2	144	96	12801.45	13.7
27	2	157	73	2	148	90	17598.25	16.97
27	2	157	73	2	149	82	30467.52	27.8
27	2	157	73	2	152	51	26187.15	21.66
27	2	157	73	2	154	10	14217.43	14.47
27	2	157	73	2	155	24	8807.77	9.7
27	2	157	73	2	163	87	11250.66	10.16
27	2	157	73	2	74	1	23618.83	20.79
27	2	157	73	2	93	22	80331.52	60.88
27	2	157	73	3	173	1	151595.87	124.91
27	2	157	73	3	196	4	125916.96	98.88
27	2	157	73	3	208	15	107752.71	93.0
27	2	157	73	3	210	61	115298.44	103.41
27	2	157	73	3	213	35	126970.45	102.27
27	2	157	73	3	223	56	118057.16	95.32
27	2	157	73	4	1148	19	78846.7	62.36
27	2	157	73	4	321	1	72492.23	57.21
27	2	157	73	4	422	183	105352.62	84.69
27	2	157	73	4	423	170	98442.47	83.43
27	2	157	73	4	425	62	102690.31	89.27
27	2	157	73	4	426	61	101504.08	89.6
27	2	157	73	4	428	176	90865.96	73.47
27	2	157	73	4	433	214	89713.9	71.17
27	2	157	73	4	440	251	88742.43	70.17
27	2	157	73	4	443	258	85317.87	67.65
27	2	157	73	4	445	134	80436.89	63.8
27	2	157	73	4	452	35	70988.09	55.91
27	2	157	73	4	453	87	68986.99	53.09
27	2	157	73	4	458	122	60954.63	46.53
27	2	157	73	4	463	98	57520.27	44.14
27	2	157	73	4	464	34	60661.75	46.48
27	2	157	73	4	465	33	63899.97	49.83
27	2	157	73	4	467	65	62657.72	51.04
27	2	157	73	4	470	111	70706.73	54.64
27	2	157	73	4	476	66	56902.03	45.34
27	2	157	73	4	477	67	62674.05	51.35
27	2	157	73	4	479	112	73546.41	57.47
27	2	157	73	4	480	160	73422.88	57.78
27	2	157	73	4	484	146	79037.65	62.5
27	2	157	73	4	485	145	80592.91	64.1
27	2	157	73	4	486	206	81998.88	66.38
27	2	157	73	4	492	59	76399.16	60.92
27	2	157	73	4	494	56	74780.95	59.09
27	2	157	73	4	497	123	67056.14	52.24
27	2	157	73	4	500	264	83918.66	66.77
27	2	157	73	4	501	166	87145.7	73.24
27	2	157	73	4	506	317	93373.8	79.87
27	2	157	73	5	520	1	61499.18	51.43
27	2	157	73	5	538	16	62529.52	56.67
27	2	157	73	5	567	66	51612.52	48.47
27	2	157	73	5	570	52	71729.13	59.38
27	2	157	73	5	573	20	64206.44	53.32
27	2	157	73	5	576	42	51685.5	50.15
27	2	157	73	5	581	25	52890.31	50.98
27	2	157	73	5	586	2	45200.73	42.87
27	2	157	73	5	587	41	47535.93	45.09
27	2	157	73	5	589	17	68608.7	58.1
27	2	157	73	5	590	58	61051.64	50.93
27	2	157	73	5	592	39	68039.51	57.46
27	2	157	73	5	601	4	37865.69	35.79
27	2	157	73	5	602	59	51866.58	49.42
27	2	157	73	6	615	1	49476.21	41.96
27	2	157	73	6	621	32	38069.72	36.96
27	2	157	73	6	631	28	57074.95	50.73
27	2	157	73	6	640	142	35652.72	29.77
27	2	157	73	6	642	44	36769.56	30.72
27	2	157	73	6	645	7	40085.85	33.19
27	2	157	73	6	654	24	46267.71	37.62
27	2	157	73	6	656	23	60112.8	49.67
27	2	157	73	6	663	16	35893.28	28.68
27	2	157	73	7	670	1	215523.22	160.02
27	2	157	73	7	678	9	218791.61	160.14
27	2	157	73	8	687	1	37849.12	32.34
27	2	157	73	8	702	98	65721.85	42.85
27	2	157	73	8	719	107	18981.57	16.07
27	2	157	73	8	721	108	12418.03	11.15
27	2	157	73	8	722	109	9891.17	9.51
27	2	157	73	8	724	84	23700.35	19.39
27	2	157	73	8	727	110	16442.06	15.5
27	2	157	73	8	729	111	23386.88	19.23
27	2	157	73	8	731	91	16910.88	14.92
27	2	157	73	8	738	18	34401.63	28.36
27	2	157	73	8	741	58	29675.2	25.7
27	2	157	73	8	747	47	35552.18	29.35
27	2	157	73	8	768	16	55036.71	45.62
27	2	157	73	9	783	1	113440.07	96.12
27	2	163	87	1	15	74	292810.56	222.23
27	2	163	87	1	6	1	259327.56	194.37
27	2	163	87	10	811	1	70588.5	62.15
27	2	163	87	10	822	23	73773.3	63.16
27	2	163	87	10	823	3	70038.43	58.76
27	2	163	87	10	825	36	74382.87	61.99
27	2	163	87	10	829	19	68560.03	56.49
27	2	163	87	10	834	5	57636.59	47.52
27	2	163	87	10	838	25	67251.74	58.16
27	2	163	87	10	840	21	72343.21	62.19
27	2	163	87	10	842	43	66846.15	55.53
27	2	163	87	11	847	1	197109.0	164.37
27	2	163	87	12	881	1	122782.25	95.46
27	2	163	87	12	895	91	133459.16	105.31
27	2	163	87	12	902	39	131347.11	103.13
27	2	163	87	12	913	18	126589.4	99.79
27	2	163	87	12	931	11	132115.11	105.93
27	2	163	87	12	933	16	120580.17	92.86
27	2	163	87	13	1134	25	77036.26	58.99
27	2	163	87	13	1136	88	78294.19	60.69
27	2	163	87	13	957	1	80297.76	67.15
27	2	163	87	13	964	63	76927.91	67.08
27	2	163	87	13	967	18	77359.78	67.52
27	2	163	87	13	971	13	79798.35	65.41
27	2	163	87	13	972	28	88147.97	71.08
27	2	163	87	13	980	24	78245.83	62.64
27	2	163	87	13	982	17	82151.09	64.65
27	2	163	87	13	984	27	77543.41	59.95
27	2	163	87	13	985	16	71945.59	54.63
27	2	163	87	13	986	80	70208.34	54.1
27	2	163	87	13	987	62	71626.14	54.44
27	2	163	87	14	1002	1	79696.62	64.58
27	2	163	87	14	1018	6	85097.13	70.1
27	2	163	87	14	1020	5	82995.84	67.61
27	2	163	87	14	1021	20	78571.19	62.54
27	2	163	87	14	1022	27	76851.23	61.04
27	2	163	87	14	1023	21	78212.15	62.23
27	2	163	87	14	1025	24	73448.58	58.62
27	2	163	87	14	1027	19	72246.45	58.33
27	2	163	87	14	1029	14	71952.35	57.74
27	2	163	87	15	1039	1	124911.72	108.22
27	2	163	87	15	1053	60	145459.26	122.94
27	2	163	87	16	1074	1	126770.74	104.01
27	2	163	87	16	1082	17	112054.15	100.35
27	2	163	87	17	1092	1	281949.88	214.73
27	2	163	87	2	100	13	42687.12	36.72
27	2	163	87	2	110	34	27148.9	23.75
27	2	163	87	2	114	29	60125.25	41.81
27	2	163	87	2	118	3	30928.28	25.87
27	2	163	87	2	120	30	29991.74	25.54
27	2	163	87	2	128	61	31825.21	27.17
27	2	163	87	2	130	123	28244.0	22.54
27	2	163	87	2	132	25	22764.85	19.57
27	2	163	87	2	134	4	21944.6	18.49
27	2	163	87	2	142	117	18612.0	15.86
27	2	163	87	2	144	96	18078.0	16.01
27	2	163	87	2	148	90	21886.83	16.62
27	2	163	87	2	149	82	35129.7	27.31
27	2	163	87	2	152	51	26349.49	20.46
27	2	163	87	2	154	10	18162.28	13.86
27	2	163	87	2	155	24	13088.81	11.72
27	2	163	87	2	157	73	11250.66	10.16
27	2	163	87	2	74	1	23781.16	19.58
27	2	163	87	2	93	22	80558.41	59.86
27	2	163	87	3	173	1	151758.21	123.7
27	2	163	87	3	196	4	126079.29	97.68
27	2	163	87	3	208	15	107915.05	91.79
27	2	163	87	3	210	61	115460.77	102.21
27	2	163	87	3	213	35	127132.78	101.07
27	2	163	87	3	223	56	118219.49	94.11
27	2	163	87	4	1148	19	79009.03	61.15
27	2	163	87	4	321	1	72654.56	56.0
27	2	163	87	4	422	183	105514.95	83.48
27	2	163	87	4	423	170	98604.81	82.23
27	2	163	87	4	425	62	102852.65	88.06
27	2	163	87	4	426	61	101666.41	88.4
27	2	163	87	4	428	176	91028.3	72.26
27	2	163	87	4	433	214	89876.24	69.96
27	2	163	87	4	440	251	88904.76	68.96
27	2	163	87	4	443	258	85480.2	66.44
27	2	163	87	4	445	134	80599.22	62.6
27	2	163	87	4	452	35	71150.42	54.7
27	2	163	87	4	453	87	69149.32	51.88
27	2	163	87	4	458	122	61116.96	45.33
27	2	163	87	4	463	98	57682.61	42.93
27	2	163	87	4	464	34	60824.08	45.27
27	2	163	87	4	465	33	64062.3	48.62
27	2	163	87	4	467	65	62820.05	49.84
27	2	163	87	4	470	111	70869.06	53.43
27	2	163	87	4	476	66	57064.36	44.13
27	2	163	87	4	477	67	62836.38	50.14
27	2	163	87	4	479	112	73708.75	56.27
27	2	163	87	4	480	160	73585.21	56.57
27	2	163	87	4	484	146	79199.98	61.29
27	2	163	87	4	485	145	80755.24	62.89
27	2	163	87	4	486	206	82161.21	65.18
27	2	163	87	4	492	59	76561.49	59.71
27	2	163	87	4	494	56	74943.29	57.88
27	2	163	87	4	497	123	67218.47	51.03
27	2	163	87	4	500	264	84080.99	65.57
27	2	163	87	4	501	166	87308.04	72.03
27	2	163	87	4	506	317	93536.13	78.66
27	2	163	87	5	520	1	61661.51	50.23
27	2	163	87	5	538	16	67805.43	59.34
27	2	163	87	5	567	66	56690.94	50.35
27	2	163	87	5	570	52	71891.47	58.17
27	2	163	87	5	573	20	64368.77	52.12
27	2	163	87	5	576	42	56970.17	51.02
27	2	163	87	5	581	25	58174.99	51.85
27	2	163	87	5	586	2	50485.41	43.74
27	2	163	87	5	587	41	52820.61	45.96
27	2	163	87	5	589	17	68771.03	56.89
27	2	163	87	5	590	58	61213.97	49.73
27	2	163	87	5	592	39	68201.84	56.25
27	2	163	87	5	601	4	43150.37	36.66
27	2	163	87	5	602	59	60103.02	48.27
27	2	163	87	6	615	1	49638.55	40.76
27	2	163	87	6	621	32	43354.39	37.83
27	2	163	87	6	631	28	57237.28	49.52
27	2	163	87	6	640	142	35815.06	28.56
27	2	163	87	6	642	44	36931.89	29.51
27	2	163	87	6	645	7	40248.19	31.98
27	2	163	87	6	654	24	46430.04	36.41
27	2	163	87	6	656	23	60275.13	48.46
27	2	163	87	6	663	16	36055.61	27.48
27	2	163	87	7	670	1	215685.55	158.81
27	2	163	87	7	678	9	218953.94	158.93
27	2	163	87	8	687	1	31565.08	28.29
27	2	163	87	8	702	98	65948.75	41.84
27	2	163	87	8	719	107	14769.52	13.93
27	2	163	87	8	721	108	8274.45	7.81
27	2	163	87	8	722	109	5752.37	6.19
27	2	163	87	8	724	84	23862.68	18.19
27	2	163	87	8	727	110	12298.49	12.15
27	2	163	87	8	729	111	19174.83	17.09
27	2	163	87	8	731	91	5839.33	5.51
27	2	163	87	8	738	18	30189.58	26.22
27	2	163	87	8	741	58	18603.65	16.3
27	2	163	87	8	747	47	27742.58	24.13
27	2	163	87	8	768	16	45414.59	37.94
27	2	163	87	9	783	1	113602.4	94.91
27	2	74	1	1	15	74	274317.03	211.05
27	2	74	1	1	6	1	240834.03	183.19
27	2	74	1	10	811	1	50093.42	49.19
27	2	74	1	10	822	23	53311.44	50.12
27	2	74	1	10	823	3	49576.56	45.72
27	2	74	1	10	825	36	53921.01	48.95
27	2	74	1	10	829	19	48098.16	43.45
27	2	74	1	10	834	5	37174.73	34.48
27	2	74	1	10	838	25	49293.33	46.88
27	2	74	1	10	840	21	53849.68	51.01
27	2	74	1	10	842	43	48352.62	44.35
27	2	74	1	11	847	1	178615.47	153.19
27	2	74	1	12	881	1	104288.71	84.29
27	2	74	1	12	895	91	114965.63	94.13
27	2	74	1	12	902	39	112853.58	91.95
27	2	74	1	12	913	18	108095.87	88.61
27	2	74	1	12	931	11	113621.58	94.75
27	2	74	1	12	933	16	102086.64	81.68
27	2	74	1	13	1134	25	58542.73	47.81
27	2	74	1	13	1136	88	59800.65	49.52
27	2	74	1	13	957	1	56288.81	55.88
27	2	74	1	13	964	63	56466.05	54.04
27	2	74	1	13	967	18	56897.91	54.47
27	2	74	1	13	971	13	61304.82	54.23
27	2	74	1	13	972	28	69654.44	59.91
27	2	74	1	13	980	24	59752.3	51.46
27	2	74	1	13	982	17	63657.56	53.48
27	2	74	1	13	984	27	59049.88	48.77
27	2	74	1	13	985	16	53452.06	43.45
27	2	74	1	13	986	80	51714.81	42.92
27	2	74	1	13	987	62	53132.61	43.26
27	2	74	1	14	1002	1	59234.76	51.54
27	2	74	1	14	1018	6	64635.27	57.06
27	2	74	1	14	1020	5	62533.98	54.56
27	2	74	1	14	1021	20	58109.32	49.49
27	2	74	1	14	1022	27	56389.36	48.0
27	2	74	1	14	1023	21	57750.29	49.19
27	2	74	1	14	1025	24	52986.71	45.58
27	2	74	1	14	1027	19	51784.59	45.28
27	2	74	1	14	1029	14	51490.49	44.7
27	2	74	1	15	1039	1	106418.19	97.04
27	2	74	1	15	1053	60	126965.73	111.76
27	2	74	1	16	1074	1	108277.21	92.83
27	2	74	1	16	1082	17	93560.62	89.17
27	2	74	1	17	1092	1	263456.35	203.55
27	2	74	1	2	100	13	58171.66	49.55
27	2	74	1	2	110	34	42633.44	36.57
27	2	74	1	2	114	29	73017.66	52.5
27	2	74	1	2	118	3	48415.07	41.02
27	2	74	1	2	120	30	34918.92	30.16
27	2	74	1	2	128	61	51343.39	42.65
27	2	74	1	2	130	123	23670.54	23.12
27	2	74	1	2	132	25	27692.03	24.19
27	2	74	1	2	134	4	34435.91	29.75
27	2	74	1	2	142	117	36098.79	31.02
27	2	74	1	2	144	96	23005.18	20.62
27	2	74	1	2	148	90	14770.9	15.02
27	2	74	1	2	149	82	14667.83	14.27
27	2	74	1	2	152	51	5887.62	7.41
27	2	74	1	2	154	10	11056.31	12.24
27	2	74	1	2	155	24	18015.99	16.34
27	2	74	1	2	157	73	24759.2	21.57
27	2	74	1	2	163	87	25032.09	20.67
27	2	74	1	2	93	22	93450.82	70.56
27	2	74	1	3	173	1	133264.68	112.53
27	2	74	1	3	196	4	107585.76	86.5
27	2	74	1	3	208	15	87453.18	78.75
27	2	74	1	3	210	61	94998.91	89.17
27	2	74	1	3	213	35	108639.25	89.89
27	2	74	1	3	223	56	99725.96	82.93
27	2	74	1	4	1148	19	60515.5	49.97
27	2	74	1	4	321	1	54161.03	44.82
27	2	74	1	4	422	183	87021.42	72.31
27	2	74	1	4	423	170	80111.28	71.05
27	2	74	1	4	425	62	84359.12	76.88
27	2	74	1	4	426	61	83172.88	77.22
27	2	74	1	4	428	176	72534.76	61.09
27	2	74	1	4	433	214	71382.7	58.78
27	2	74	1	4	440	251	70411.23	57.79
27	2	74	1	4	443	258	66986.67	55.27
27	2	74	1	4	445	134	62105.69	51.42
27	2	74	1	4	452	35	52656.89	43.52
27	2	74	1	4	453	87	50655.79	40.7
27	2	74	1	4	458	122	42623.43	34.15
27	2	74	1	4	463	98	39189.08	31.75
27	2	74	1	4	464	34	42330.55	34.09
27	2	74	1	4	465	33	45568.77	37.44
27	2	74	1	4	467	65	44326.52	38.66
27	2	74	1	4	470	111	52375.53	42.25
27	2	74	1	4	476	66	38570.83	32.96
27	2	74	1	4	477	67	44342.85	38.96
27	2	74	1	4	479	112	55215.22	45.09
27	2	74	1	4	480	160	55091.68	45.39
27	2	74	1	4	484	146	60706.45	50.11
27	2	74	1	4	485	145	62261.71	51.71
27	2	74	1	4	486	206	63667.68	54.0
27	2	74	1	4	492	59	58067.96	48.53
27	2	74	1	4	494	56	56449.76	46.71
27	2	74	1	4	497	123	48724.94	39.86
27	2	74	1	4	500	264	65587.46	54.39
27	2	74	1	4	501	166	68814.5	60.86
27	2	74	1	4	506	317	75042.6	67.49
27	2	74	1	5	520	1	41199.65	37.18
27	2	74	1	5	538	16	57014.2	54.09
27	2	74	1	5	567	66	41727.29	41.55
27	2	74	1	5	570	52	51429.6	45.13
27	2	74	1	5	573	20	43906.91	39.08
27	2	74	1	5	576	42	46693.09	42.15
27	2	74	1	5	581	25	44484.24	39.07
27	2	74	1	5	586	2	35521.77	34.94
27	2	74	1	5	587	41	37856.96	37.16
27	2	74	1	5	589	17	48309.17	43.85
27	2	74	1	5	590	58	40752.11	36.69
27	2	74	1	5	592	39	47739.98	43.21
27	2	74	1	5	601	4	29501.52	30.49
27	2	74	1	5	602	59	39641.16	35.22
27	2	74	1	6	615	1	31145.02	29.58
27	2	74	1	6	621	32	28136.98	28.32
27	2	74	1	6	631	28	36775.42	36.48
27	2	74	1	6	640	142	15353.19	15.52
27	2	74	1	6	642	44	16470.03	16.47
27	2	74	1	6	645	7	19786.32	18.94
27	2	74	1	6	654	24	27936.51	25.23
27	2	74	1	6	656	23	41781.6	37.28
27	2	74	1	6	663	16	17562.08	16.3
27	2	74	1	7	670	1	197192.02	147.64
27	2	74	1	7	678	9	200460.41	147.75
27	2	74	1	8	687	1	20035.64	18.41
27	2	74	1	8	702	98	78841.15	52.54
27	2	74	1	8	719	107	9715.37	10.86
27	2	74	1	8	721	108	15261.34	15.05
27	2	74	1	8	722	109	27864.61	22.47
27	2	74	1	8	724	84	2236.54	3.83
27	2	74	1	8	727	110	19285.37	19.39
27	2	74	1	8	729	111	14120.68	14.01
27	2	74	1	8	731	91	26820.51	24.74
27	2	74	1	8	738	18	15143.05	13.47
27	2	74	1	8	741	58	28743.17	24.91
27	2	74	1	8	747	47	21862.0	19.26
27	2	74	1	8	768	16	41487.9	34.62
27	2	74	1	9	783	1	95108.87	83.73
27	2	93	22	1	15	74	361237.41	272.62
27	2	93	22	1	6	1	327754.41	244.76
27	2	93	22	10	811	1	107423.04	106.69
27	2	93	22	10	822	23	102080.62	100.84
27	2	93	22	10	823	3	98923.36	97.62
27	2	93	22	10	825	36	105362.94	103.48
27	2	93	22	10	829	19	101593.91	100.58
27	2	93	22	10	834	5	100022.94	97.2
27	2	93	22	10	838	25	107757.55	105.75
27	2	93	22	10	840	21	140770.06	112.59
27	2	93	22	10	842	43	135273.0	105.93
27	2	93	22	11	847	1	265535.85	214.76
27	2	93	22	12	881	1	191209.1	145.86
27	2	93	22	12	895	91	201886.01	155.7
27	2	93	22	12	902	39	199773.97	153.52
27	2	93	22	12	913	18	195016.25	150.19
27	2	93	22	12	931	11	200541.96	156.33
27	2	93	22	12	933	16	189007.02	143.25
27	2	93	22	13	1134	25	145463.11	109.38
27	2	93	22	13	1136	88	146721.04	111.09
27	2	93	22	13	957	1	113618.43	113.38
27	2	93	22	13	964	63	112764.04	110.79
27	2	93	22	13	967	18	113195.9	111.22
27	2	93	22	13	971	13	148225.2	115.8
27	2	93	22	13	972	28	156574.82	121.48
27	2	93	22	13	980	24	146672.68	113.03
27	2	93	22	13	982	17	150577.94	115.05
27	2	93	22	13	984	27	145970.26	110.34
27	2	93	22	13	985	16	140372.44	105.02
27	2	93	22	13	986	80	138635.19	104.5
27	2	93	22	13	987	62	140052.99	104.84
27	2	93	22	14	1002	1	77210.04	76.62
27	2	93	22	14	1018	6	81999.78	81.21
27	2	93	22	14	1020	5	79898.49	78.71
27	2	93	22	14	1021	20	79288.75	77.42
27	2	93	22	14	1022	27	81902.97	79.6
27	2	93	22	14	1023	21	80414.29	78.38
27	2	93	22	14	1025	24	89541.56	85.55
27	2	93	22	14	1027	19	85565.72	82.83
27	2	93	22	14	1029	14	90321.16	86.36
27	2	93	22	15	1039	1	193338.57	158.61
27	2	93	22	15	1053	60	213886.11	173.33
27	2	93	22	16	1074	1	195197.59	154.4
27	2	93	22	16	1082	17	180481.0	150.74
27	2	93	22	17	1092	1	350376.73	265.12
27	2	93	22	2	100	13	94454.69	79.65
27	2	93	22	2	110	34	87088.67	74.16
27	2	93	22	2	114	29	21055.52	19.01
27	2	93	22	2	118	3	81945.92	68.64
27	2	93	22	2	120	30	98418.59	75.94
27	2	93	22	2	128	61	55538.34	56.68
27	2	93	22	2	130	123	96670.85	72.94
27	2	93	22	2	132	25	91191.7	69.97
27	2	93	22	2	134	4	81884.38	68.9
27	2	93	22	2	142	117	69629.64	58.64
27	2	93	22	2	144	96	86504.85	66.4
27	2	93	22	2	148	90	90313.69	67.02
27	2	93	22	2	149	82	103556.55	77.7
27	2	93	22	2	152	51	94776.34	70.85
27	2	93	22	2	154	10	86589.14	64.25
27	2	93	22	2	155	24	81515.66	62.12
27	2	93	22	2	157	73	80293.64	61.27
27	2	93	22	2	163	87	80566.53	60.37
27	2	93	22	2	74	1	92208.01	69.98
27	2	93	22	3	173	1	150522.1	155.11
27	2	93	22	3	196	4	126342.32	129.45
27	2	93	22	3	208	15	107741.66	105.41
27	2	93	22	3	210	61	115287.39	115.83
27	2	93	22	3	213	35	119960.56	121.59
27	2	93	22	3	223	56	132463.66	136.8
27	2	93	22	4	1148	19	147435.88	111.55
27	2	93	22	4	321	1	141081.41	106.4
27	2	93	22	4	422	183	173941.8	133.88
27	2	93	22	4	423	170	167031.66	132.62
27	2	93	22	4	425	62	171279.5	138.45
27	2	93	22	4	426	61	170093.26	138.79
27	2	93	22	4	428	176	159455.15	122.66
27	2	93	22	4	433	214	158303.09	120.36
27	2	93	22	4	440	251	157331.61	119.36
27	2	93	22	4	443	258	153907.05	116.84
27	2	93	22	4	445	134	149026.07	112.99
27	2	93	22	4	452	35	139577.27	105.1
27	2	93	22	4	453	87	137576.17	102.28
27	2	93	22	4	458	122	129543.82	95.72
27	2	93	22	4	463	98	126109.46	93.33
27	2	93	22	4	464	34	129250.93	95.66
27	2	93	22	4	465	33	132489.15	99.02
27	2	93	22	4	467	65	131246.9	100.23
27	2	93	22	4	470	111	139295.91	103.83
27	2	93	22	4	476	66	125491.21	94.53
27	2	93	22	4	477	67	131263.24	100.54
27	2	93	22	4	479	112	142135.6	106.66
27	2	93	22	4	480	160	142012.06	106.96
27	2	93	22	4	484	146	147626.83	111.69
27	2	93	22	4	485	145	149182.09	113.29
27	2	93	22	4	486	206	150588.07	115.57
27	2	93	22	4	492	59	144988.34	110.11
27	2	93	22	4	494	56	143370.14	108.28
27	2	93	22	4	497	123	135645.33	101.43
27	2	93	22	4	500	264	152507.84	115.96
27	2	93	22	4	501	166	155734.89	122.43
27	2	93	22	4	506	317	161962.98	129.06
27	2	93	22	5	520	1	85213.36	86.48
27	2	93	22	5	538	16	70668.32	71.29
27	2	93	22	5	567	66	70872.29	71.94
27	2	93	22	5	570	52	96867.67	95.39
27	2	93	22	5	573	20	89344.97	89.34
27	2	93	22	5	576	42	76208.54	75.8
27	2	93	22	5	581	25	82303.93	81.02
27	2	93	22	5	586	2	72570.18	75.67
27	2	93	22	5	587	41	77031.39	80.19
27	2	93	22	5	589	17	96677.44	95.15
27	2	93	22	5	590	58	82630.93	81.87
27	2	93	22	5	592	39	97110.53	95.86
27	2	93	22	5	601	4	77842.24	79.01
27	2	93	22	5	602	59	83260.47	82.73
27	2	93	22	6	615	1	118065.4	91.15
27	2	93	22	6	621	32	79934.39	82.86
27	2	93	22	6	631	28	125664.13	99.92
27	2	93	22	6	640	142	104241.91	78.96
27	2	93	22	6	642	44	105358.74	79.91
27	2	93	22	6	645	7	108675.04	82.38
27	2	93	22	6	654	24	114856.89	86.81
27	2	93	22	6	656	23	128701.98	98.86
27	2	93	22	6	663	16	104482.46	77.87
27	2	93	22	7	670	1	284112.4	209.21
27	2	93	22	7	678	9	287380.79	209.33
27	2	93	22	8	687	1	106438.31	81.53
27	2	93	22	8	702	98	34024.12	31.99
27	2	93	22	8	719	107	87570.75	65.26
27	2	93	22	8	721	108	81007.21	60.34
27	2	93	22	8	722	109	69574.12	57.72
27	2	93	22	8	724	84	92289.53	68.58
27	2	93	22	8	727	110	85031.25	64.69
27	2	93	22	8	729	111	91976.06	68.42
27	2	93	22	8	731	91	86226.76	65.13
27	2	93	22	8	738	18	102990.81	77.55
27	2	93	22	8	741	58	98991.08	75.92
27	2	93	22	8	747	47	104141.37	78.53
27	2	93	22	8	768	16	123625.89	94.81
27	2	93	22	9	783	1	182029.25	145.31
27	3	173	1	1	15	74	294540.26	230.81
27	3	173	1	1	6	1	261057.26	202.95
27	3	173	1	10	811	1	95967.91	85.29
27	3	173	1	10	822	23	81713.82	84.45
27	3	173	1	10	823	3	85483.25	88.55
27	3	173	1	10	825	36	85500.39	87.43
27	3	173	1	10	829	19	89528.28	92.22
27	3	173	1	10	834	5	97693.34	98.88
27	3	173	1	10	838	25	99195.4	89.03
27	3	173	1	10	840	21	91113.34	80.45
27	3	173	1	10	842	43	97609.45	88.23
27	3	173	1	11	847	1	111161.25	136.02
27	3	173	1	12	881	1	124511.94	104.04
27	3	173	1	12	895	91	135188.86	113.89
27	3	173	1	12	902	39	133076.81	111.7
27	3	173	1	12	913	18	128319.1	108.37
27	3	173	1	12	931	11	133844.81	114.51
27	3	173	1	12	933	16	122309.87	101.44
27	3	173	1	13	1134	25	82962.46	70.97
27	3	173	1	13	1136	88	81231.34	70.16
27	3	173	1	13	957	1	88840.27	78.73
27	3	173	1	13	964	63	93379.72	81.62
27	3	173	1	13	967	18	92947.85	81.19
27	3	173	1	13	971	13	83031.34	74.83
27	3	173	1	13	972	28	65796.94	59.52
27	3	173	1	13	980	24	76596.72	66.93
27	3	173	1	13	982	17	81128.5	71.77
27	3	173	1	13	984	27	75811.98	64.71
27	3	173	1	13	985	16	83292.29	71.9
27	3	173	1	13	986	80	86242.89	76.18
27	3	173	1	13	987	62	82587.32	71.89
27	3	173	1	14	1002	1	74934.98	80.47
27	3	173	1	14	1018	6	69034.55	73.96
27	3	173	1	14	1020	5	71993.78	77.41
27	3	173	1	14	1021	20	77926.05	83.42
27	3	173	1	14	1022	27	77891.14	83.15
27	3	173	1	14	1023	21	77567.01	83.11
27	3	173	1	14	1025	24	85529.73	89.09
27	3	173	1	14	1027	19	82173.71	86.56
27	3	173	1	14	1029	14	85187.11	87.93
27	3	173	1	15	1039	1	143085.61	118.71
27	3	173	1	15	1053	60	163633.14	133.43
27	3	173	1	16	1074	1	140149.66	123.87
27	3	173	1	16	1082	17	142031.36	125.04
27	3	173	1	17	1092	1	283679.58	223.31
27	3	173	1	2	100	13	138476.13	143.18
27	3	173	1	2	110	34	170080.48	137.53
27	3	173	1	2	114	29	200464.69	153.46
27	3	173	1	2	118	3	175862.11	141.98
27	3	173	1	2	120	30	162365.96	131.12
27	3	173	1	2	128	61	178790.42	143.61
27	3	173	1	2	130	123	151117.57	124.08
27	3	173	1	2	132	25	155139.07	125.15
27	3	173	1	2	134	4	161882.95	130.71
27	3	173	1	2	142	117	163545.83	131.98
27	3	173	1	2	144	96	150452.22	121.58
27	3	173	1	2	148	90	142217.93	115.98
27	3	173	1	2	149	82	114949.66	114.38
27	3	173	1	2	152	51	132432.75	108.15
27	3	173	1	2	154	10	138503.35	113.19
27	3	173	1	2	155	24	145463.03	117.3
27	3	173	1	2	157	73	152206.24	122.52
27	3	173	1	2	163	87	152479.12	121.63
27	3	173	1	2	74	1	133206.05	111.79
27	3	173	1	2	93	22	151438.35	155.88
27	3	173	1	3	196	4	26684.92	26.67
27	3	173	1	3	208	15	42583.99	50.58
27	3	173	1	3	210	61	37789.11	43.59
27	3	173	1	3	213	35	35376.98	35.84
27	3	173	1	3	223	56	37544.15	37.63
27	3	173	1	4	1148	19	83241.18	71.87
27	3	173	1	4	321	1	84492.92	74.31
27	3	173	1	4	422	183	60496.36	53.35
27	3	173	1	4	423	170	60840.93	53.97
27	3	173	1	4	425	62	64460.3	58.23
27	3	173	1	4	426	61	65113.99	59.54
27	3	173	1	4	428	176	62598.85	55.58
27	3	173	1	4	433	214	62701.94	54.55
27	3	173	1	4	440	251	65771.0	57.15
27	3	173	1	4	443	258	70481.95	60.73
27	3	173	1	4	445	134	73480.43	63.88
27	3	173	1	4	452	35	88227.45	78.2
27	3	173	1	4	453	87	85558.41	74.35
27	3	173	1	4	458	122	94550.04	83.41
27	3	173	1	4	463	98	103685.52	86.75
27	3	173	1	4	464	34	93409.18	82.01
27	3	173	1	4	465	33	90170.96	78.65
27	3	173	1	4	467	65	96319.5	84.76
27	3	173	1	4	470	111	87245.43	77.34
27	3	173	1	4	476	66	100772.07	89.23
27	3	173	1	4	477	67	96245.39	84.99
27	3	173	1	4	479	112	90085.11	80.18
27	3	173	1	4	480	160	91822.04	80.48
27	3	173	1	4	484	146	92578.9	81.15
27	3	173	1	4	485	145	94134.16	82.76
27	3	173	1	4	486	206	95540.13	85.04
27	3	173	1	4	492	59	95416.84	83.96
27	3	173	1	4	494	56	95650.32	84.56
27	3	173	1	4	497	123	107645.89	93.93
27	3	173	1	4	500	264	97459.91	85.43
27	3	173	1	4	501	166	100686.96	91.9
27	3	173	1	4	506	317	106915.05	98.53
27	3	173	1	5	520	1	92949.41	95.97
27	3	173	1	5	538	16	104025.31	107.91
27	3	173	1	5	567	66	98570.45	104.46
27	3	173	1	5	570	52	80727.39	83.34
27	3	173	1	5	573	20	87306.73	88.96
27	3	173	1	5	576	42	99842.51	105.04
27	3	173	1	5	581	25	97895.78	101.34
27	3	173	1	5	586	2	105805.99	113.0
27	3	173	1	5	587	41	102427.19	106.37
27	3	173	1	5	589	17	83743.09	86.09
27	3	173	1	5	590	58	97539.6	101.64
27	3	173	1	5	592	39	84816.91	87.1
27	3	173	1	5	601	4	112097.44	115.67
27	3	173	1	5	602	59	101377.85	105.73
27	3	173	1	6	615	1	110233.57	96.89
27	3	173	1	6	621	32	113987.36	118.41
27	3	173	1	6	631	28	108935.63	99.59
27	3	173	1	6	640	142	113513.8	113.55
27	3	173	1	6	642	44	112064.52	111.94
27	3	173	1	6	645	7	109015.8	109.25
27	3	173	1	6	654	24	118874.6	100.01
27	3	173	1	6	656	23	99351.88	85.97
27	3	173	1	6	663	16	119712.04	99.85
27	3	173	1	7	670	1	217415.25	167.39
27	3	173	1	7	678	9	220683.64	167.51
27	3	173	1	8	687	1	147540.81	121.27
27	3	173	1	8	702	98	206288.19	153.5
27	3	173	1	8	719	107	141590.68	116.04
27	3	173	1	8	721	108	147029.18	118.41
27	3	173	1	8	722	109	155311.64	123.43
27	3	173	1	8	724	84	133287.57	110.4
27	3	173	1	8	727	110	151053.22	122.75
27	3	173	1	8	729	111	145995.99	119.2
27	3	173	1	8	731	91	158139.35	126.39
27	3	173	1	8	738	18	142648.21	116.33
27	3	173	1	8	741	58	156248.34	127.77
27	3	173	1	8	747	47	149367.16	122.12
27	3	173	1	8	768	16	168993.07	137.48
27	3	173	1	9	783	1	127321.17	105.71
27	3	196	4	1	15	74	268670.99	205.36
27	3	196	4	1	6	1	235187.98	177.5
27	3	196	4	10	811	1	70098.64	59.85
27	3	196	4	10	822	23	57343.68	59.38
27	3	196	4	10	823	3	61113.11	63.47
27	3	196	4	10	825	36	73939.08	62.35
27	3	196	4	10	829	19	65158.14	67.15
27	3	196	4	10	834	5	73323.21	73.8
27	3	196	4	10	838	25	73326.13	63.59
27	3	196	4	10	840	21	65244.07	55.0
27	3	196	4	10	842	43	71740.18	62.79
27	3	196	4	11	847	1	172969.43	147.5
27	3	196	4	12	881	1	98642.67	78.6
27	3	196	4	12	895	91	109319.59	88.44
27	3	196	4	12	902	39	107207.54	86.26
27	3	196	4	12	913	18	102449.83	82.93
27	3	196	4	12	931	11	107975.54	89.07
27	3	196	4	12	933	16	96440.6	75.99
27	3	196	4	13	1134	25	57093.19	45.53
27	3	196	4	13	1136	88	55362.07	44.72
27	3	196	4	13	957	1	62970.99	53.28
27	3	196	4	13	964	63	67510.44	56.18
27	3	196	4	13	967	18	67078.58	55.75
27	3	196	4	13	971	13	57162.06	49.39
27	3	196	4	13	972	28	39927.67	34.08
27	3	196	4	13	980	24	50727.45	41.49
27	3	196	4	13	982	17	55259.23	46.33
27	3	196	4	13	984	27	49942.71	39.27
27	3	196	4	13	985	16	57423.02	46.46
27	3	196	4	13	986	80	60373.62	50.74
27	3	196	4	13	987	62	56718.05	46.44
27	3	196	4	14	1002	1	50564.85	55.4
27	3	196	4	14	1018	6	44664.41	48.89
27	3	196	4	14	1020	5	47623.64	52.34
27	3	196	4	14	1021	20	53555.91	58.34
27	3	196	4	14	1022	27	53521.0	58.08
27	3	196	4	14	1023	21	53196.87	58.04
27	3	196	4	14	1025	24	61159.6	64.02
27	3	196	4	14	1027	19	57803.57	61.49
27	3	196	4	14	1029	14	60816.98	62.85
27	3	196	4	15	1039	1	117216.33	93.26
27	3	196	4	15	1053	60	137763.87	107.98
27	3	196	4	16	1074	1	114280.39	98.42
27	3	196	4	16	1082	17	116162.09	99.6
27	3	196	4	17	1092	1	257810.3	197.86
27	3	196	4	2	100	13	114105.99	118.11
27	3	196	4	2	110	34	144211.2	112.09
27	3	196	4	2	114	29	174595.42	128.02
27	3	196	4	2	118	3	149992.84	116.54
27	3	196	4	2	120	30	136496.68	105.67
27	3	196	4	2	128	61	152921.15	118.16
27	3	196	4	2	130	123	125248.3	98.64
27	3	196	4	2	132	25	129269.8	99.7
27	3	196	4	2	134	4	136013.67	105.27
27	3	196	4	2	142	117	137676.56	106.53
27	3	196	4	2	144	96	124582.94	96.14
27	3	196	4	2	148	90	116348.66	90.54
27	3	196	4	2	149	82	90579.52	89.31
27	3	196	4	2	152	51	106563.47	82.71
27	3	196	4	2	154	10	112634.08	87.75
27	3	196	4	2	155	24	119593.76	91.85
27	3	196	4	2	157	73	126336.97	97.08
27	3	196	4	2	163	87	126609.85	96.18
27	3	196	4	2	74	1	107336.77	86.35
27	3	196	4	2	93	22	127068.21	130.8
27	3	196	4	3	173	1	26494.56	27.25
27	3	196	4	3	208	15	18237.95	25.38
27	3	196	4	3	210	61	11914.77	17.83
27	3	196	4	3	213	35	6480.31	9.75
27	3	196	4	3	223	56	11674.88	12.19
27	3	196	4	4	1148	19	57371.91	46.43
27	3	196	4	4	321	1	58623.65	48.86
27	3	196	4	4	422	183	34627.09	27.9
27	3	196	4	4	423	170	34971.65	28.53
27	3	196	4	4	425	62	38591.03	32.79
27	3	196	4	4	426	61	39244.72	34.09
27	3	196	4	4	428	176	36729.57	30.14
27	3	196	4	4	433	214	36832.67	29.11
27	3	196	4	4	440	251	39901.73	31.7
27	3	196	4	4	443	258	44612.68	35.29
27	3	196	4	4	445	134	47611.16	38.44
27	3	196	4	4	452	35	62358.18	52.75
27	3	196	4	4	453	87	59689.14	48.9
27	3	196	4	4	458	122	68680.77	57.96
27	3	196	4	4	463	98	77816.25	61.31
27	3	196	4	4	464	34	67539.9	56.56
27	3	196	4	4	465	33	64301.69	53.21
27	3	196	4	4	467	65	70450.22	59.31
27	3	196	4	4	470	111	61376.15	51.89
27	3	196	4	4	476	66	74902.8	63.78
27	3	196	4	4	477	67	70376.12	59.54
27	3	196	4	4	479	112	64215.84	54.73
27	3	196	4	4	480	160	65952.77	55.04
27	3	196	4	4	484	146	66709.63	55.71
27	3	196	4	4	485	145	68264.89	57.31
27	3	196	4	4	486	206	69670.86	59.59
27	3	196	4	4	492	59	69547.57	58.51
27	3	196	4	4	494	56	69781.05	59.12
27	3	196	4	4	497	123	81776.62	68.48
27	3	196	4	4	500	264	71590.64	59.98
27	3	196	4	4	501	166	74817.68	66.45
27	3	196	4	4	506	317	81045.78	73.08
27	3	196	4	5	520	1	68579.28	70.9
27	3	196	4	5	538	16	79655.18	82.83
27	3	196	4	5	567	66	74200.32	79.39
27	3	196	4	5	570	52	56357.25	58.27
27	3	196	4	5	573	20	62936.59	63.89
27	3	196	4	5	576	42	75472.37	79.97
27	3	196	4	5	581	25	73525.64	76.27
27	3	196	4	5	586	2	81435.86	87.93
27	3	196	4	5	587	41	78057.06	81.3
27	3	196	4	5	589	17	59372.95	61.02
27	3	196	4	5	590	58	73169.47	76.56
27	3	196	4	5	592	39	60446.77	62.03
27	3	196	4	5	601	4	87727.3	90.6
27	3	196	4	5	602	59	77007.71	80.66
27	3	196	4	6	615	1	84364.3	71.44
27	3	196	4	6	621	32	89617.23	93.33
27	3	196	4	6	631	28	83066.36	74.14
27	3	196	4	6	640	142	89143.67	88.48
27	3	196	4	6	642	44	87694.38	86.87
27	3	196	4	6	645	7	84645.66	84.18
27	3	196	4	6	654	24	93005.32	74.56
27	3	196	4	6	656	23	73482.61	60.52
27	3	196	4	6	663	16	93842.77	74.41
27	3	196	4	7	670	1	191545.97	141.95
27	3	196	4	7	678	9	194814.37	142.07
27	3	196	4	8	687	1	121671.54	95.83
27	3	196	4	8	702	98	180418.92	128.05
27	3	196	4	8	719	107	115721.41	90.6
27	3	196	4	8	721	108	121159.91	92.96
27	3	196	4	8	722	109	129442.37	97.99
27	3	196	4	8	724	84	107418.29	84.95
27	3	196	4	8	727	110	125183.95	97.3
27	3	196	4	8	729	111	120126.72	93.76
27	3	196	4	8	731	91	132270.08	100.94
27	3	196	4	8	738	18	116778.94	90.89
27	3	196	4	8	741	58	130379.07	102.33
27	3	196	4	8	747	47	123497.89	96.68
27	3	196	4	8	768	16	143123.8	112.04
27	3	196	4	9	783	1	101451.9	80.26
27	3	208	15	1	15	74	281355.4	225.89
27	3	208	15	1	6	1	247872.4	198.03
27	3	208	15	10	811	1	46290.06	42.74
27	3	208	15	10	822	23	38858.98	35.57
27	3	208	15	10	823	3	42628.41	39.67
27	3	208	15	10	825	36	42645.54	38.55
27	3	208	15	10	829	19	46673.44	43.34
27	3	208	15	10	834	5	54838.5	49.99
27	3	208	15	10	838	25	49136.91	45.06
27	3	208	15	10	840	21	52378.61	52.11
27	3	208	15	10	842	43	54758.58	50.51
27	3	208	15	11	847	1	185653.84	168.03
27	3	208	15	12	881	1	111327.08	99.13
27	3	208	15	12	895	91	122004.0	108.97
27	3	208	15	12	902	39	119891.95	106.79
27	3	208	15	12	913	18	115134.24	103.46
27	3	208	15	12	931	11	120659.95	109.6
27	3	208	15	12	933	16	109125.01	96.52
27	3	208	15	13	1134	25	71127.12	63.71
27	3	208	15	13	1136	88	68046.48	65.25
27	3	208	15	13	957	1	51454.97	48.22
27	3	208	15	13	964	63	49542.39	45.52
27	3	208	15	13	967	18	49974.26	45.95
27	3	208	15	13	971	13	56780.21	52.89
27	3	208	15	13	972	28	52612.08	54.61
27	3	208	15	13	980	24	65968.61	59.62
27	3	208	15	13	982	17	69615.35	63.7
27	3	208	15	13	984	27	62627.12	59.8
27	3	208	15	13	985	16	70107.43	66.98
27	3	208	15	13	986	80	73058.03	71.27
27	3	208	15	13	987	62	69402.46	66.97
27	3	208	15	14	1002	1	32080.14	31.59
27	3	208	15	14	1018	6	26179.7	25.08
27	3	208	15	14	1020	5	29138.93	28.53
27	3	208	15	14	1021	20	35071.2	34.54
27	3	208	15	14	1022	27	35036.3	34.27
27	3	208	15	14	1023	21	34712.16	34.23
27	3	208	15	14	1025	24	42674.89	40.21
27	3	208	15	14	1027	19	39318.86	37.68
27	3	208	15	14	1029	14	42332.27	39.05
27	3	208	15	15	1039	1	129900.75	113.79
27	3	208	15	15	1053	60	150448.28	128.51
27	3	208	15	16	1074	1	126964.8	118.95
27	3	208	15	16	1082	17	128846.5	120.12
27	3	208	15	17	1092	1	270494.72	218.39
27	3	208	15	2	100	13	95621.29	94.3
27	3	208	15	2	110	34	105417.84	93.84
27	3	208	15	2	114	29	153810.74	123.07
27	3	208	15	2	118	3	110802.75	98.62
27	3	208	15	2	120	30	84824.18	83.58
27	3	208	15	2	128	61	113843.79	101.9
27	3	208	15	2	130	123	86460.09	78.43
27	3	208	15	2	132	25	90476.43	81.45
27	3	208	15	2	134	4	97235.27	87.35
27	3	208	15	2	142	117	104582.89	93.48
27	3	208	15	2	144	96	90496.86	81.43
27	3	208	15	2	148	90	86227.79	77.75
27	3	208	15	2	149	82	72094.81	65.5
27	3	208	15	2	152	51	79427.66	71.38
27	3	208	15	2	154	10	90184.1	81.53
27	3	208	15	2	155	24	95467.2	85.68
27	3	208	15	2	157	73	105552.28	92.13
27	3	208	15	2	163	87	105825.17	91.24
27	3	208	15	2	74	1	86552.51	80.19
27	3	208	15	2	93	22	108583.5	106.99
27	3	208	15	3	173	1	42393.63	51.16
27	3	208	15	3	196	4	18237.95	25.38
27	3	208	15	3	210	61	7183.02	11.75
27	3	208	15	3	213	35	11856.19	17.51
27	3	208	15	3	223	56	24359.29	32.72
27	3	208	15	4	1148	19	70056.32	66.96
27	3	208	15	4	321	1	71308.06	69.39
27	3	208	15	4	422	183	47311.5	48.43
27	3	208	15	4	423	170	47656.07	49.06
27	3	208	15	4	425	62	51275.44	53.32
27	3	208	15	4	426	61	51929.13	54.62
27	3	208	15	4	428	176	49413.99	50.67
27	3	208	15	4	433	214	49517.08	49.63
27	3	208	15	4	440	251	52586.14	52.23
27	3	208	15	4	443	258	57297.09	55.82
27	3	208	15	4	445	134	60295.57	58.96
27	3	208	15	4	452	35	75042.59	73.28
27	3	208	15	4	453	87	72373.55	69.43
27	3	208	15	4	458	122	88742.13	77.61
27	3	208	15	4	463	98	85307.78	75.21
27	3	208	15	4	464	34	80224.32	77.09
27	3	208	15	4	465	33	76986.1	73.74
27	3	208	15	4	467	65	83134.64	79.84
27	3	208	15	4	470	111	74060.57	72.42
27	3	208	15	4	476	66	90552.96	80.47
27	3	208	15	4	477	67	83060.53	80.07
27	3	208	15	4	479	112	76900.25	75.26
27	3	208	15	4	480	160	78637.18	75.57
27	3	208	15	4	484	146	79394.04	76.24
27	3	208	15	4	485	145	80949.3	77.84
27	3	208	15	4	486	206	82355.27	80.12
27	3	208	15	4	492	59	82231.99	79.04
27	3	208	15	4	494	56	82465.46	79.65
27	3	208	15	4	497	123	100707.07	87.36
27	3	208	15	4	500	264	84275.05	80.51
27	3	208	15	4	501	166	87502.1	86.98
27	3	208	15	4	506	317	93730.19	93.61
27	3	208	15	5	520	1	50094.57	47.09
27	3	208	15	5	538	16	61170.47	59.03
27	3	208	15	5	567	66	55715.61	55.58
27	3	208	15	5	570	52	37872.54	34.46
27	3	208	15	5	573	20	44451.89	40.08
27	3	208	15	5	576	42	56987.66	56.16
27	3	208	15	5	581	25	55040.93	52.46
27	3	208	15	5	586	2	62951.15	64.12
27	3	208	15	5	587	41	59572.35	57.49
27	3	208	15	5	589	17	40888.24	37.21
27	3	208	15	5	590	58	54684.76	52.76
27	3	208	15	5	592	39	41962.06	38.22
27	3	208	15	5	601	4	69242.59	66.79
27	3	208	15	5	602	59	58523.01	56.85
27	3	208	15	6	615	1	66270.01	61.72
27	3	208	15	6	621	32	71132.52	69.53
27	3	208	15	6	631	28	56122.5	53.13
27	3	208	15	6	640	142	70658.96	64.67
27	3	208	15	6	642	44	69209.67	63.06
27	3	208	15	6	645	7	66160.95	60.37
27	3	208	15	6	654	24	69528.61	64.99
27	3	208	15	6	656	23	66007.32	61.34
27	3	208	15	6	663	16	85833.25	78.75
27	3	208	15	7	670	1	204230.39	162.48
27	3	208	15	7	678	9	207498.78	162.6
27	3	208	15	8	687	1	104316.77	95.14
27	3	208	15	8	702	98	159634.24	123.1
27	3	208	15	8	719	107	94936.73	85.65
27	3	208	15	8	721	108	100375.23	88.02
27	3	208	15	8	722	109	108657.69	93.04
27	3	208	15	8	724	84	86634.03	78.8
27	3	208	15	8	727	110	104399.26	92.36
27	3	208	15	8	729	111	99342.04	88.81
27	3	208	15	8	731	91	111485.39	96.0
27	3	208	15	8	738	18	99424.17	90.2
27	3	208	15	8	741	58	114565.23	101.55
27	3	208	15	8	747	47	106143.12	95.99
27	3	208	15	8	768	16	125769.02	111.35
27	3	208	15	9	783	1	114136.31	100.79
27	3	210	61	1	15	74	275140.97	216.79
27	3	210	61	1	6	1	241657.97	188.94
27	3	210	61	10	811	1	53719.84	52.93
27	3	210	61	10	822	23	46288.76	45.75
27	3	210	61	10	823	3	50058.19	49.85
27	3	210	61	10	825	36	50075.33	48.73
27	3	210	61	10	829	19	54103.22	53.53
27	3	210	61	10	834	5	62268.28	60.18
27	3	210	61	10	838	25	56566.69	55.25
27	3	210	61	10	840	21	59808.39	62.3
27	3	210	61	10	842	43	62188.36	60.7
27	3	210	61	11	847	1	179439.41	158.94
27	3	210	61	12	881	1	105112.65	90.03
27	3	210	61	12	895	91	115789.57	99.87
27	3	210	61	12	902	39	113677.52	97.69
27	3	210	61	12	913	18	108919.81	94.36
27	3	210	61	12	931	11	114445.52	100.5
27	3	210	61	12	933	16	102910.58	87.42
27	3	210	61	13	1134	25	63563.17	56.96
27	3	210	61	13	1136	88	61832.05	56.15
27	3	210	61	13	957	1	58884.76	58.4
27	3	210	61	13	964	63	56972.17	55.7
27	3	210	61	13	967	18	57404.04	56.13
27	3	210	61	13	971	13	63632.05	60.82
27	3	210	61	13	972	28	46397.65	45.51
27	3	210	61	13	980	24	57197.43	52.92
27	3	210	61	13	982	17	61729.21	57.76
27	3	210	61	13	984	27	56412.69	50.7
27	3	210	61	13	985	16	63893.0	57.89
27	3	210	61	13	986	80	66843.6	62.17
27	3	210	61	13	987	62	63188.04	57.87
27	3	210	61	14	1002	1	39509.92	41.78
27	3	210	61	14	1018	6	33609.49	35.27
27	3	210	61	14	1020	5	36568.72	38.71
27	3	210	61	14	1021	20	42500.98	44.72
27	3	210	61	14	1022	27	42466.08	44.46
27	3	210	61	14	1023	21	42141.95	44.41
27	3	210	61	14	1025	24	50104.67	50.4
27	3	210	61	14	1027	19	46748.65	47.87
27	3	210	61	14	1029	14	49762.05	49.23
27	3	210	61	15	1039	1	123686.32	104.7
27	3	210	61	15	1053	60	144233.85	119.42
27	3	210	61	16	1074	1	120750.37	109.86
27	3	210	61	16	1082	17	122632.07	111.03
27	3	210	61	17	1092	1	264280.29	209.29
27	3	210	61	2	100	13	103051.07	104.49
27	3	210	61	2	110	34	112847.62	104.03
27	3	210	61	2	114	29	161240.52	133.26
27	3	210	61	2	118	3	118232.53	108.81
27	3	210	61	2	120	30	92253.97	93.76
27	3	210	61	2	128	61	121273.57	112.09
27	3	210	61	2	130	123	93889.87	88.62
27	3	210	61	2	132	25	97906.22	91.64
27	3	210	61	2	134	4	104665.05	97.53
27	3	210	61	2	142	117	112012.68	103.67
27	3	210	61	2	144	96	97926.65	91.62
27	3	210	61	2	148	90	93657.57	87.94
27	3	210	61	2	149	82	79524.59	75.68
27	3	210	61	2	152	51	86857.44	81.57
27	3	210	61	2	154	10	97613.88	91.72
27	3	210	61	2	155	24	102896.99	95.86
27	3	210	61	2	157	73	112982.06	102.32
27	3	210	61	2	163	87	113254.95	101.42
27	3	210	61	2	74	1	93982.29	90.38
27	3	210	61	2	93	22	116013.28	117.18
27	3	210	61	3	173	1	37598.75	44.17
27	3	210	61	3	196	4	11962.44	17.93
27	3	210	61	3	208	15	7183.02	11.75
27	3	210	61	3	213	35	5641.76	8.41
27	3	210	61	3	223	56	18144.86	23.62
27	3	210	61	4	1148	19	63841.89	57.86
27	3	210	61	4	321	1	65093.63	60.29
27	3	210	61	4	422	183	41097.08	39.34
27	3	210	61	4	423	170	41441.64	39.96
27	3	210	61	4	425	62	45061.01	44.22
27	3	210	61	4	426	61	45714.7	45.52
27	3	210	61	4	428	176	43199.56	41.57
27	3	210	61	4	433	214	43302.65	40.54
27	3	210	61	4	440	251	46371.71	43.14
27	3	210	61	4	443	258	51082.66	46.72
27	3	210	61	4	445	134	54081.14	49.87
27	3	210	61	4	452	35	68828.16	64.19
27	3	210	61	4	453	87	66159.12	60.33
27	3	210	61	4	458	122	75150.75	69.4
27	3	210	61	4	463	98	84286.23	72.74
27	3	210	61	4	464	34	74009.89	67.99
27	3	210	61	4	465	33	70771.67	64.64
27	3	210	61	4	467	65	76920.21	70.74
27	3	210	61	4	470	111	67846.14	63.33
27	3	210	61	4	476	66	81372.78	75.21
27	3	210	61	4	477	67	76846.1	70.98
27	3	210	61	4	479	112	70685.82	66.16
27	3	210	61	4	480	160	72422.75	66.47
27	3	210	61	4	484	146	73179.61	67.14
27	3	210	61	4	485	145	74734.87	68.74
27	3	210	61	4	486	206	76140.85	71.03
27	3	210	61	4	492	59	76017.56	69.94
27	3	210	61	4	494	56	76251.03	70.55
27	3	210	61	4	497	123	88246.6	79.91
27	3	210	61	4	500	264	78060.62	71.42
27	3	210	61	4	501	166	81287.67	77.88
27	3	210	61	4	506	317	87515.76	84.51
27	3	210	61	5	520	1	57524.35	57.28
27	3	210	61	5	538	16	68600.25	69.21
27	3	210	61	5	567	66	63145.39	65.77
27	3	210	61	5	570	52	45302.32	44.65
27	3	210	61	5	573	20	51881.67	50.27
27	3	210	61	5	576	42	64417.44	66.35
27	3	210	61	5	581	25	62470.71	62.65
27	3	210	61	5	586	2	70380.93	74.31
27	3	210	61	5	587	41	67002.13	67.68
27	3	210	61	5	589	17	48318.02	47.4
27	3	210	61	5	590	58	62114.54	62.94
27	3	210	61	5	592	39	49391.84	48.41
27	3	210	61	5	601	4	76672.37	76.98
27	3	210	61	5	602	59	65952.79	67.04
27	3	210	61	6	615	1	73699.79	71.91
27	3	210	61	6	621	32	78562.3	79.71
27	3	210	61	6	631	28	63552.28	63.32
27	3	210	61	6	640	142	78088.74	74.86
27	3	210	61	6	642	44	76639.45	73.24
27	3	210	61	6	645	7	73590.73	70.55
27	3	210	61	6	654	24	76958.4	75.18
27	3	210	61	6	656	23	73437.1	71.52
27	3	210	61	6	663	16	100312.75	85.84
27	3	210	61	7	670	1	198015.96	153.38
27	3	210	61	7	678	9	201284.35	153.5
27	3	210	61	8	687	1	111746.55	105.33
27	3	210	61	8	702	98	167064.02	133.29
27	3	210	61	8	719	107	102366.51	95.84
27	3	210	61	8	721	108	107805.01	98.2
27	3	210	61	8	722	109	116087.47	103.23
27	3	210	61	8	724	84	94063.81	88.99
27	3	210	61	8	727	110	111829.04	102.54
27	3	210	61	8	729	111	106771.82	99.0
27	3	210	61	8	731	91	118915.18	106.18
27	3	210	61	8	738	18	106853.95	100.39
27	3	210	61	8	741	58	121995.01	111.73
27	3	210	61	8	747	47	113572.9	106.18
27	3	210	61	8	768	16	133198.81	121.54
27	3	210	61	9	783	1	107921.88	91.7
27	3	213	35	1	15	74	269830.52	208.9
27	3	213	35	1	6	1	236347.52	181.04
27	3	213	35	10	811	1	58185.71	58.35
27	3	213	35	10	822	23	50754.63	51.18
27	3	213	35	10	823	3	54524.06	55.28
27	3	213	35	10	825	36	54541.2	54.16
27	3	213	35	10	829	19	58569.09	58.95
27	3	213	35	10	834	5	66734.15	65.61
27	3	213	35	10	838	25	61032.56	60.67
27	3	213	35	10	840	21	66403.6	58.54
27	3	213	35	10	842	43	66654.23	66.12
27	3	213	35	11	847	1	174128.96	151.04
27	3	213	35	12	881	1	99802.2	82.14
27	3	213	35	12	895	91	110479.12	91.98
27	3	213	35	12	902	39	108367.07	89.8
27	3	213	35	12	913	18	103609.36	86.46
27	3	213	35	12	931	11	109135.07	92.6
27	3	213	35	12	933	16	97600.13	79.53
27	3	213	35	13	1134	25	58252.72	49.06
27	3	213	35	13	1136	88	56521.6	48.26
27	3	213	35	13	957	1	64130.53	56.82
27	3	213	35	13	964	63	68669.97	59.72
27	3	213	35	13	967	18	68238.11	59.29
27	3	213	35	13	971	13	58321.6	52.93
27	3	213	35	13	972	28	41087.2	37.62
27	3	213	35	13	980	24	51886.98	45.03
27	3	213	35	13	982	17	56418.76	49.86
27	3	213	35	13	984	27	51102.24	42.8
27	3	213	35	13	985	16	58582.55	49.99
27	3	213	35	13	986	80	61533.15	54.28
27	3	213	35	13	987	62	57877.58	49.98
27	3	213	35	14	1002	1	43975.79	47.2
27	3	213	35	14	1018	6	38075.36	40.69
27	3	213	35	14	1020	5	41034.59	44.14
27	3	213	35	14	1021	20	46966.86	50.15
27	3	213	35	14	1022	27	46931.95	49.88
27	3	213	35	14	1023	21	46607.82	49.84
27	3	213	35	14	1025	24	54570.54	55.82
27	3	213	35	14	1027	19	51214.52	53.29
27	3	213	35	14	1029	14	54227.92	54.66
27	3	213	35	15	1039	1	118375.87	96.8
27	3	213	35	15	1053	60	138923.4	111.52
27	3	213	35	16	1074	1	115439.92	101.96
27	3	213	35	16	1082	17	117321.62	103.13
27	3	213	35	17	1092	1	258969.83	201.4
27	3	213	35	2	100	13	107516.94	109.91
27	3	213	35	2	110	34	117313.5	109.45
27	3	213	35	2	114	29	175754.95	131.56
27	3	213	35	2	118	3	122698.41	114.23
27	3	213	35	2	120	30	96719.84	99.19
27	3	213	35	2	128	61	125739.44	117.51
27	3	213	35	2	130	123	98355.74	94.04
27	3	213	35	2	132	25	102372.09	97.06
27	3	213	35	2	134	4	109130.93	102.96
27	3	213	35	2	142	117	116478.55	109.09
27	3	213	35	2	144	96	102392.52	97.04
27	3	213	35	2	148	90	98123.45	93.36
27	3	213	35	2	149	82	83990.47	81.11
27	3	213	35	2	152	51	107723.01	86.24
27	3	213	35	2	154	10	113793.61	91.29
27	3	213	35	2	155	24	120753.29	95.39
27	3	213	35	2	157	73	127496.5	100.62
27	3	213	35	2	163	87	127769.38	99.72
27	3	213	35	2	74	1	108496.3	89.88
27	3	213	35	2	93	22	120479.16	122.6
27	3	213	35	3	173	1	35292.67	36.57
27	3	213	35	3	196	4	6651.99	10.03
27	3	213	35	3	208	15	11648.89	17.18
27	3	213	35	3	210	61	5434.46	8.08
27	3	213	35	3	223	56	12834.41	15.73
27	3	213	35	4	1148	19	58531.44	49.97
27	3	213	35	4	321	1	59783.18	52.4
27	3	213	35	4	422	183	35786.62	31.44
27	3	213	35	4	423	170	36131.19	32.07
27	3	213	35	4	425	62	39750.56	36.32
27	3	213	35	4	426	61	40404.25	37.63
27	3	213	35	4	428	176	37889.11	33.67
27	3	213	35	4	433	214	37992.2	32.64
27	3	213	35	4	440	251	41061.26	35.24
27	3	213	35	4	443	258	45772.21	38.83
27	3	213	35	4	445	134	48770.69	41.97
27	3	213	35	4	452	35	63517.71	56.29
27	3	213	35	4	453	87	60848.67	52.44
27	3	213	35	4	458	122	69840.3	61.5
27	3	213	35	4	463	98	78975.78	64.85
27	3	213	35	4	464	34	68699.43	60.1
27	3	213	35	4	465	33	65461.22	56.75
27	3	213	35	4	467	65	71609.75	62.85
27	3	213	35	4	470	111	62535.69	55.43
27	3	213	35	4	476	66	76062.33	67.32
27	3	213	35	4	477	67	71535.65	63.08
27	3	213	35	4	479	112	65375.37	58.27
27	3	213	35	4	480	160	67112.3	58.58
27	3	213	35	4	484	146	67869.16	59.25
27	3	213	35	4	485	145	69424.42	60.85
27	3	213	35	4	486	206	70830.39	63.13
27	3	213	35	4	492	59	70707.1	62.05
27	3	213	35	4	494	56	70940.58	62.66
27	3	213	35	4	497	123	82936.15	72.02
27	3	213	35	4	500	264	72750.17	63.52
27	3	213	35	4	501	166	75977.21	69.99
27	3	213	35	4	506	317	82205.31	76.62
27	3	213	35	5	520	1	61990.22	62.7
27	3	213	35	5	538	16	73066.12	74.64
27	3	213	35	5	567	66	67611.26	71.19
27	3	213	35	5	570	52	49768.2	50.07
27	3	213	35	5	573	20	56347.54	55.69
27	3	213	35	5	576	42	68883.31	71.77
27	3	213	35	5	581	25	66936.59	68.07
27	3	213	35	5	586	2	74846.8	79.73
27	3	213	35	5	587	41	71468.0	73.1
27	3	213	35	5	589	17	52783.89	52.82
27	3	213	35	5	590	58	66580.41	68.37
27	3	213	35	5	592	39	53857.72	53.83
27	3	213	35	5	601	4	81138.24	82.4
27	3	213	35	5	602	59	70418.66	72.46
27	3	213	35	6	615	1	85523.83	74.98
27	3	213	35	6	621	32	83028.17	85.14
27	3	213	35	6	631	28	68018.16	68.75
27	3	213	35	6	640	142	82554.61	80.28
27	3	213	35	6	642	44	81105.33	78.67
27	3	213	35	6	645	7	78056.61	75.98
27	3	213	35	6	654	24	94164.85	78.1
27	3	213	35	6	656	23	74642.14	64.06
27	3	213	35	6	663	16	95002.3	77.94
27	3	213	35	7	670	1	192705.51	145.49
27	3	213	35	7	678	9	195973.9	145.6
27	3	213	35	8	687	1	122831.07	99.37
27	3	213	35	8	702	98	181578.45	131.59
27	3	213	35	8	719	107	116880.94	94.14
27	3	213	35	8	721	108	122319.44	96.5
27	3	213	35	8	722	109	130601.9	101.52
27	3	213	35	8	724	84	108577.83	88.49
27	3	213	35	8	727	110	126343.48	100.84
27	3	213	35	8	729	111	121286.25	97.29
27	3	213	35	8	731	91	133429.61	104.48
27	3	213	35	8	738	18	117938.47	94.43
27	3	213	35	8	741	58	131538.6	105.86
27	3	213	35	8	747	47	124657.42	100.22
27	3	213	35	8	768	16	144283.33	115.58
27	3	213	35	9	783	1	102611.43	83.8
27	3	223	56	1	15	74	260811.19	201.79
27	3	223	56	1	6	1	227328.18	173.94
27	3	223	56	10	811	1	62238.84	56.28
27	3	223	56	10	822	23	69626.91	61.95
27	3	223	56	10	823	3	71552.4	64.71
27	3	223	56	10	825	36	66079.28	58.78
27	3	223	56	10	829	19	70466.89	63.7
27	3	223	56	10	834	5	80428.94	73.01
27	3	223	56	10	838	25	65466.33	60.02
27	3	223	56	10	840	21	57384.27	51.44
27	3	223	56	10	842	43	63880.38	59.22
27	3	223	56	11	847	1	165109.63	143.94
27	3	223	56	12	881	1	90782.87	75.03
27	3	223	56	12	895	91	101459.79	84.87
27	3	223	56	12	902	39	99347.74	82.69
27	3	223	56	12	913	18	94590.03	79.36
27	3	223	56	12	931	11	100115.74	85.5
27	3	223	56	12	933	16	88580.8	72.42
27	3	223	56	13	1134	25	49233.39	41.96
27	3	223	56	13	1136	88	47502.27	41.15
27	3	223	56	13	957	1	55111.19	49.71
27	3	223	56	13	964	63	59650.64	52.61
27	3	223	56	13	967	18	59218.78	52.18
27	3	223	56	13	971	13	49302.26	45.82
27	3	223	56	13	972	28	32067.87	30.51
27	3	223	56	13	980	24	42867.65	37.92
27	3	223	56	13	982	17	47399.43	42.76
27	3	223	56	13	984	27	42082.9	35.7
27	3	223	56	13	985	16	49563.22	42.89
27	3	223	56	13	986	80	52513.82	47.17
27	3	223	56	13	987	62	48858.25	42.87
27	3	223	56	14	1002	1	56704.16	62.78
27	3	223	56	14	1018	6	50803.72	56.27
27	3	223	56	14	1020	5	53762.96	59.72
27	3	223	56	14	1021	20	59695.22	65.73
27	3	223	56	14	1022	27	59660.32	65.46
27	3	223	56	14	1023	21	59336.18	65.42
27	3	223	56	14	1025	24	67298.91	71.4
27	3	223	56	14	1027	19	63942.88	68.87
27	3	223	56	14	1029	14	66956.29	70.24
27	3	223	56	15	1039	1	109356.53	89.7
27	3	223	56	15	1053	60	129904.07	104.42
27	3	223	56	16	1074	1	106420.59	94.86
27	3	223	56	16	1082	17	108302.29	96.03
27	3	223	56	17	1092	1	249950.5	194.29
27	3	223	56	2	100	13	151889.63	121.49
27	3	223	56	2	110	34	136351.4	108.52
27	3	223	56	2	114	29	166735.62	124.45
27	3	223	56	2	118	3	142133.04	112.97
27	3	223	56	2	120	30	128636.88	102.1
27	3	223	56	2	128	61	145061.35	114.6
27	3	223	56	2	130	123	117388.5	95.07
27	3	223	56	2	132	25	121410.0	96.13
27	3	223	56	2	134	4	128153.87	101.7
27	3	223	56	2	142	117	129816.76	102.97
27	3	223	56	2	144	96	116723.14	92.57
27	3	223	56	2	148	90	108488.86	86.97
27	3	223	56	2	149	82	107483.88	85.99
27	3	223	56	2	152	51	98703.67	79.14
27	3	223	56	2	154	10	104774.28	84.18
27	3	223	56	2	155	24	111733.95	88.29
27	3	223	56	2	157	73	118477.16	93.51
27	3	223	56	2	163	87	118750.05	92.62
27	3	223	56	2	74	1	99476.97	82.78
27	3	223	56	2	93	22	133207.52	138.18
27	3	223	56	3	173	1	37353.79	38.22
27	3	223	56	3	196	4	11674.88	12.19
27	3	223	56	3	208	15	24377.26	32.76
27	3	223	56	3	210	61	18162.83	23.66
27	3	223	56	3	213	35	12728.36	15.58
27	3	223	56	4	1148	19	49512.11	42.86
27	3	223	56	4	321	1	50763.85	45.29
27	3	223	56	4	422	183	26767.29	24.34
27	3	223	56	4	423	170	27111.85	24.96
27	3	223	56	4	425	62	30731.23	29.22
27	3	223	56	4	426	61	31384.92	30.52
27	3	223	56	4	428	176	28869.77	26.57
27	3	223	56	4	433	214	28972.87	25.54
27	3	223	56	4	440	251	32041.93	28.14
27	3	223	56	4	443	258	36752.88	31.72
27	3	223	56	4	445	134	39751.35	34.87
27	3	223	56	4	452	35	54498.38	49.19
27	3	223	56	4	453	87	51829.34	45.33
27	3	223	56	4	458	122	60820.97	54.4
27	3	223	56	4	463	98	69956.45	57.74
27	3	223	56	4	464	34	59680.1	52.99
27	3	223	56	4	465	33	56441.89	49.64
27	3	223	56	4	467	65	62590.42	55.74
27	3	223	56	4	470	111	53516.35	48.33
27	3	223	56	4	476	66	67043.0	60.21
27	3	223	56	4	477	67	62516.32	55.98
27	3	223	56	4	479	112	56356.04	51.16
27	3	223	56	4	480	160	58092.97	51.47
27	3	223	56	4	484	146	58849.83	52.14
27	3	223	56	4	485	145	60405.09	53.74
27	3	223	56	4	486	206	61811.06	56.03
27	3	223	56	4	492	59	61687.77	54.94
27	3	223	56	4	494	56	61921.25	55.55
27	3	223	56	4	497	123	73916.82	64.91
27	3	223	56	4	500	264	63730.84	56.42
27	3	223	56	4	501	166	66957.88	62.88
27	3	223	56	4	506	317	73185.98	69.51
27	3	223	56	5	520	1	74718.59	78.28
27	3	223	56	5	538	16	85794.49	90.22
27	3	223	56	5	567	66	80339.63	86.77
27	3	223	56	5	570	52	62496.56	65.65
27	3	223	56	5	573	20	69075.91	71.27
27	3	223	56	5	576	42	81611.68	87.35
27	3	223	56	5	581	25	79664.95	83.65
27	3	223	56	5	586	2	87575.17	95.31
27	3	223	56	5	587	41	95391.32	88.59
27	3	223	56	5	589	17	73793.4	67.17
27	3	223	56	5	590	58	90503.73	83.86
27	3	223	56	5	592	39	75185.47	68.63
27	3	223	56	5	601	4	105614.68	96.45
27	3	223	56	5	602	59	91370.14	84.89
27	3	223	56	6	615	1	76504.5	67.87
27	3	223	56	6	621	32	101218.1	92.9
27	3	223	56	6	631	28	75206.56	70.58
27	3	223	56	6	640	142	102663.94	85.29
27	3	223	56	6	642	44	101214.66	83.67
27	3	223	56	6	645	7	90907.41	83.22
27	3	223	56	6	654	24	85145.52	71.0
27	3	223	56	6	656	23	65622.81	56.95
27	3	223	56	6	663	16	85982.97	70.84
27	3	223	56	7	670	1	183686.17	138.38
27	3	223	56	7	678	9	186954.57	138.5
27	3	223	56	8	687	1	113811.74	92.26
27	3	223	56	8	702	98	172559.12	124.48
27	3	223	56	8	719	107	107861.61	87.03
27	3	223	56	8	721	108	113300.11	89.39
27	3	223	56	8	722	109	121582.57	94.42
27	3	223	56	8	724	84	99558.49	81.38
27	3	223	56	8	727	110	117324.15	93.74
27	3	223	56	8	729	111	112266.92	90.19
27	3	223	56	8	731	91	124410.28	97.38
27	3	223	56	8	738	18	108919.14	87.32
27	3	223	56	8	741	58	122519.27	98.76
27	3	223	56	8	747	47	115638.09	93.11
27	3	223	56	8	768	16	135264.0	108.47
27	3	223	56	9	783	1	93592.1	76.69
27	4	1148	19	1	15	74	226738.64	175.42
27	4	1148	19	1	6	1	193255.64	147.57
27	4	1148	19	10	811	1	36887.16	34.32
27	4	1148	19	10	822	23	44275.24	39.99
27	4	1148	19	10	823	3	46200.72	42.75
27	4	1148	19	10	825	36	40727.61	36.83
27	4	1148	19	10	829	19	45115.22	41.75
27	4	1148	19	10	834	5	54933.88	45.06
27	4	1148	19	10	838	25	40114.65	38.06
27	4	1148	19	10	840	21	32032.59	29.48
27	4	1148	19	10	842	43	38528.7	37.27
27	4	1148	19	11	847	1	131037.08	117.56
27	4	1148	19	12	881	1	56710.32	48.66
27	4	1148	19	12	895	91	67387.24	58.5
27	4	1148	19	12	902	39	65275.19	56.32
27	4	1148	19	12	913	18	60517.48	52.99
27	4	1148	19	12	931	11	66043.19	59.13
27	4	1148	19	12	933	16	54508.25	46.05
27	4	1148	19	13	1134	25	13405.98	12.93
27	4	1148	19	13	1136	88	11674.85	12.12
27	4	1148	19	13	957	1	29759.52	27.76
27	4	1148	19	13	964	63	34298.97	30.66
27	4	1148	19	13	967	18	33867.1	30.22
27	4	1148	19	13	971	13	29260.11	26.02
27	4	1148	19	13	972	28	25241.32	22.28
27	4	1148	19	13	980	24	16910.53	15.51
27	4	1148	19	13	982	17	17009.76	17.21
27	4	1148	19	13	984	27	8730.11	9.14
27	4	1148	19	13	985	16	13735.81	13.86
27	4	1148	19	13	986	80	15199.34	16.92
27	4	1148	19	13	987	62	13030.84	13.84
27	4	1148	19	14	1002	1	71407.97	66.18
27	4	1148	19	14	1018	6	80361.42	71.48
27	4	1148	19	14	1020	5	74707.19	69.2
27	4	1148	19	14	1021	20	70282.54	64.13
27	4	1148	19	14	1022	27	68562.58	62.64
27	4	1148	19	14	1023	21	69923.5	63.83
27	4	1148	19	14	1025	24	65159.93	60.22
27	4	1148	19	14	1027	19	66313.03	61.4
27	4	1148	19	14	1029	14	60964.12	56.83
27	4	1148	19	15	1039	1	75283.99	63.32
27	4	1148	19	15	1053	60	95831.52	78.05
27	4	1148	19	16	1074	1	68676.15	63.46
27	4	1148	19	16	1082	17	70557.85	64.64
27	4	1148	19	17	1092	1	215877.96	167.92
27	4	1148	19	2	100	13	113349.94	91.1
27	4	1148	19	2	110	34	97811.71	78.13
27	4	1148	19	2	114	29	128195.93	94.06
27	4	1148	19	2	118	3	103593.35	82.58
27	4	1148	19	2	120	30	90097.19	71.71
27	4	1148	19	2	128	61	106521.66	84.2
27	4	1148	19	2	130	123	78848.81	64.68
27	4	1148	19	2	132	25	82870.31	65.74
27	4	1148	19	2	134	4	89614.18	71.3
27	4	1148	19	2	142	117	91277.07	72.57
27	4	1148	19	2	144	96	78183.45	62.18
27	4	1148	19	2	148	90	69949.17	56.58
27	4	1148	19	2	149	82	68944.2	55.6
27	4	1148	19	2	152	51	60163.98	48.74
27	4	1148	19	2	154	10	66234.59	53.79
27	4	1148	19	2	155	24	73194.27	57.89
27	4	1148	19	2	157	73	79937.48	63.12
27	4	1148	19	2	163	87	80210.36	62.22
27	4	1148	19	2	74	1	60937.28	52.39
27	4	1148	19	2	93	22	148629.09	112.11
27	4	1148	19	3	173	1	80617.89	69.89
27	4	1148	19	3	196	4	54938.98	43.87
27	4	1148	19	3	208	15	67641.36	64.44
27	4	1148	19	3	210	61	61426.93	55.34
27	4	1148	19	3	213	35	55992.46	47.26
27	4	1148	19	3	223	56	47079.18	40.3
27	4	1148	19	4	321	1	13019.41	13.9
27	4	1148	19	4	422	183	34374.64	29.68
27	4	1148	19	4	423	170	27464.49	28.42
27	4	1148	19	4	425	62	31712.33	34.25
27	4	1148	19	4	426	61	30526.1	34.59
27	4	1148	19	4	428	176	19887.98	18.46
27	4	1148	19	4	433	214	18735.92	16.15
27	4	1148	19	4	440	251	17764.45	15.16
27	4	1148	19	4	443	258	14339.89	12.63
27	4	1148	19	4	445	134	9458.91	8.79
27	4	1148	19	4	452	35	17183.9	18.93
27	4	1148	19	4	453	87	14514.86	15.08
27	4	1148	19	4	458	122	23076.53	23.0
27	4	1148	19	4	463	98	31416.76	27.35
27	4	1148	19	4	464	34	21935.66	21.6
27	4	1148	19	4	465	33	18697.45	18.25
27	4	1148	19	4	467	65	24845.98	24.35
27	4	1148	19	4	470	111	15771.91	16.94
27	4	1148	19	4	476	66	29298.56	28.82
27	4	1148	19	4	477	67	24771.88	24.59
27	4	1148	19	4	479	112	18611.6	19.77
27	4	1148	19	4	480	160	20348.53	20.08
27	4	1148	19	4	484	146	21105.39	20.75
27	4	1148	19	4	485	145	22660.65	22.35
27	4	1148	19	4	486	206	24066.62	24.64
27	4	1148	19	4	492	59	23943.33	23.55
27	4	1148	19	4	494	56	24176.81	24.16
27	4	1148	19	4	497	123	36172.38	33.52
27	4	1148	19	4	500	264	25986.4	25.02
27	4	1148	19	4	501	166	29213.44	31.49
27	4	1148	19	4	506	317	35441.54	38.12
27	4	1148	19	5	520	1	67740.39	57.24
27	4	1148	19	5	538	16	91990.73	76.62
27	4	1148	19	5	567	66	79200.26	67.4
27	4	1148	19	5	570	52	52943.16	47.29
27	4	1148	19	5	573	20	55595.63	50.67
27	4	1148	19	5	576	42	74422.4	62.53
27	4	1148	19	5	581	25	71024.98	59.13
27	4	1148	19	5	586	2	80627.27	69.65
27	4	1148	19	5	587	41	74365.9	62.97
27	4	1148	19	5	589	17	48441.73	45.21
27	4	1148	19	5	590	58	69478.31	58.23
27	4	1148	19	5	592	39	49833.8	46.67
27	4	1148	19	5	601	4	77639.06	66.58
27	4	1148	19	5	602	59	70344.71	59.26
27	4	1148	19	6	615	1	43885.41	38.02
27	4	1148	19	6	621	32	73242.49	63.03
27	4	1148	19	6	631	28	53067.97	46.38
27	4	1148	19	6	640	142	64124.25	54.89
27	4	1148	19	6	642	44	62674.97	53.28
27	4	1148	19	6	645	7	62931.8	53.35
27	4	1148	19	6	654	24	46605.83	40.6
27	4	1148	19	6	656	23	40271.13	35.0
27	4	1148	19	6	663	16	47443.28	40.44
27	4	1148	19	7	670	1	149613.63	112.01
27	4	1148	19	7	678	9	152882.02	112.13
27	4	1148	19	8	687	1	75272.05	61.87
27	4	1148	19	8	702	98	134019.43	94.09
27	4	1148	19	8	719	107	69321.92	56.64
27	4	1148	19	8	721	108	74760.42	59.0
27	4	1148	19	8	722	109	83042.88	64.03
27	4	1148	19	8	724	84	61018.8	50.99
27	4	1148	19	8	727	110	78784.46	63.34
27	4	1148	19	8	729	111	73727.23	59.79
27	4	1148	19	8	731	91	85870.59	66.98
27	4	1148	19	8	738	18	70379.45	56.93
27	4	1148	19	8	741	58	83979.58	68.37
27	4	1148	19	8	747	47	77098.4	62.72
27	4	1148	19	8	768	16	96724.31	78.08
27	4	1148	19	9	783	1	59519.55	50.32
27	4	321	1	1	15	74	222693.79	171.4
27	4	321	1	1	6	1	189210.79	143.55
27	4	321	1	10	811	1	34792.11	34.34
27	4	321	1	10	822	23	42180.18	40.0
27	4	321	1	10	823	3	44105.66	42.76
27	4	321	1	10	825	36	38632.55	36.84
27	4	321	1	10	829	19	43020.16	41.76
27	4	321	1	10	834	5	47905.48	39.46
27	4	321	1	10	838	25	38019.59	38.08
27	4	321	1	10	840	21	29937.54	29.49
27	4	321	1	10	842	43	36433.64	37.28
27	4	321	1	11	847	1	126992.23	113.54
27	4	321	1	12	881	1	52665.47	44.64
27	4	321	1	12	895	91	63342.39	54.48
27	4	321	1	12	902	39	61230.34	52.3
27	4	321	1	12	913	18	56472.63	48.97
27	4	321	1	12	931	11	61998.34	55.11
27	4	321	1	12	933	16	50463.4	42.03
27	4	321	1	13	1134	25	11310.92	12.94
27	4	321	1	13	1136	88	9579.8	12.13
27	4	321	1	13	957	1	27664.46	27.77
27	4	321	1	13	964	63	32203.91	30.67
27	4	321	1	13	967	18	31772.04	30.24
27	4	321	1	13	971	13	27165.05	26.03
27	4	321	1	13	972	28	24717.61	23.97
27	4	321	1	13	980	24	14815.47	15.52
27	4	321	1	13	982	17	14914.7	17.23
27	4	321	1	13	984	27	8172.88	9.73
27	4	321	1	13	985	16	7564.84	9.64
27	4	321	1	13	986	80	8149.48	10.99
27	4	321	1	13	987	62	7245.39	9.45
27	4	321	1	14	1002	1	77058.97	63.0
27	4	321	1	14	1018	6	82459.48	68.51
27	4	321	1	14	1020	5	80358.19	66.02
27	4	321	1	14	1021	20	75933.53	60.95
27	4	321	1	14	1022	27	74213.57	59.45
27	4	321	1	14	1023	21	74073.77	60.6
27	4	321	1	14	1025	24	70810.92	57.03
27	4	321	1	14	1027	19	69414.84	56.65
27	4	321	1	14	1029	14	69314.7	56.15
27	4	321	1	15	1039	1	57672.25	55.38
27	4	321	1	15	1053	60	78219.78	70.1
27	4	321	1	16	1074	1	56852.81	52.13
27	4	321	1	16	1082	17	58734.51	53.3
27	4	321	1	17	1092	1	211833.11	163.9
27	4	321	1	2	100	13	106321.54	85.5
27	4	321	1	2	110	34	90783.31	72.53
27	4	321	1	2	114	29	121167.53	88.46
27	4	321	1	2	118	3	96564.95	76.97
27	4	321	1	2	120	30	83068.79	66.11
27	4	321	1	2	128	61	99493.26	78.6
27	4	321	1	2	130	123	71820.41	59.08
27	4	321	1	2	132	25	75841.91	60.14
27	4	321	1	2	134	4	82585.78	65.7
27	4	321	1	2	142	117	84248.67	66.97
27	4	321	1	2	144	96	71155.05	56.58
27	4	321	1	2	148	90	62920.77	50.98
27	4	321	1	2	149	82	61915.79	49.99
27	4	321	1	2	152	51	53135.58	43.14
27	4	321	1	2	154	10	59206.18	48.19
27	4	321	1	2	155	24	66165.86	52.29
27	4	321	1	2	157	73	72909.07	57.52
27	4	321	1	2	163	87	73181.96	56.62
27	4	321	1	2	74	1	53908.88	46.78
27	4	321	1	2	93	22	141600.69	106.51
27	4	321	1	3	173	1	82387.68	73.49
27	4	321	1	3	196	4	56708.77	47.46
27	4	321	1	3	208	15	69411.15	68.03
27	4	321	1	3	210	61	63196.72	58.93
27	4	321	1	3	213	35	57762.26	50.85
27	4	321	1	3	223	56	48848.97	43.89
27	4	321	1	4	1148	19	9638.51	10.93
27	4	321	1	4	422	183	36144.43	33.27
27	4	321	1	4	423	170	29234.29	32.01
27	4	321	1	4	425	62	33482.13	37.84
27	4	321	1	4	426	61	32295.89	38.18
27	4	321	1	4	428	176	21657.77	22.05
27	4	321	1	4	433	214	20505.71	19.75
27	4	321	1	4	440	251	19534.24	18.75
27	4	321	1	4	443	258	16109.68	16.23
27	4	321	1	4	445	134	11228.7	12.38
27	4	321	1	4	452	35	10134.04	13.0
27	4	321	1	4	453	87	7465.0	9.15
27	4	321	1	4	458	122	16048.12	17.4
27	4	321	1	4	463	98	24388.36	21.75
27	4	321	1	4	464	34	14907.26	16.0
27	4	321	1	4	465	33	11669.04	12.65
27	4	321	1	4	467	65	17817.58	18.75
27	4	321	1	4	470	111	7586.91	7.93
27	4	321	1	4	476	66	23607.76	22.75
27	4	321	1	4	477	67	18065.95	17.53
27	4	321	1	4	479	112	10426.59	10.77
27	4	321	1	4	480	160	11157.32	11.57
27	4	321	1	4	484	146	9282.05	9.41
27	4	321	1	4	485	145	10837.31	11.01
27	4	321	1	4	486	206	12243.28	13.3
27	4	321	1	4	492	59	14480.64	14.63
27	4	321	1	4	494	56	14714.12	15.24
27	4	321	1	4	497	123	26981.17	25.01
27	4	321	1	4	500	264	14163.06	13.69
27	4	321	1	4	501	166	17390.1	20.16
27	4	321	1	4	506	317	23618.2	26.79
27	4	321	1	5	520	1	60711.98	51.64
27	4	321	1	5	538	16	84962.33	71.01
27	4	321	1	5	567	66	72171.85	61.79
27	4	321	1	5	570	52	50848.1	47.3
27	4	321	1	5	573	20	59073.93	49.33
27	4	321	1	5	576	42	67394.0	56.93
27	4	321	1	5	581	25	63996.57	53.52
27	4	321	1	5	586	2	73598.87	64.05
27	4	321	1	5	587	41	67337.49	57.37
27	4	321	1	5	589	17	46346.67	45.22
27	4	321	1	5	590	58	62449.9	52.63
27	4	321	1	5	592	39	47738.74	46.68
27	4	321	1	5	601	4	70610.66	60.98
27	4	321	1	5	602	59	63316.31	53.66
27	4	321	1	6	615	1	36857.01	32.42
27	4	321	1	6	621	32	66214.09	57.43
27	4	321	1	6	631	28	46039.56	40.78
27	4	321	1	6	640	142	57095.85	49.29
27	4	321	1	6	642	44	55646.57	47.68
27	4	321	1	6	645	7	55903.4	47.74
27	4	321	1	6	654	24	39577.43	35.0
27	4	321	1	6	656	23	39523.23	33.76
27	4	321	1	6	663	16	40414.87	34.84
27	4	321	1	7	670	1	145568.78	107.99
27	4	321	1	7	678	9	148837.17	108.11
27	4	321	1	8	687	1	68243.65	56.27
27	4	321	1	8	702	98	126991.03	88.49
27	4	321	1	8	719	107	62293.52	51.04
27	4	321	1	8	721	108	67732.02	53.4
27	4	321	1	8	722	109	76014.48	58.42
27	4	321	1	8	724	84	53990.4	45.39
27	4	321	1	8	727	110	71756.05	57.74
27	4	321	1	8	729	111	66698.83	54.19
27	4	321	1	8	731	91	78842.18	61.38
27	4	321	1	8	738	18	63351.05	51.33
27	4	321	1	8	741	58	76951.18	62.76
27	4	321	1	8	747	47	70070.0	57.12
27	4	321	1	8	768	16	89695.9	72.48
27	4	321	1	9	783	1	41264.7	41.8
27	4	422	183	1	15	74	248106.65	191.17
27	4	422	183	1	6	1	214623.65	163.31
27	4	422	183	10	811	1	49534.3	45.66
27	4	422	183	10	822	23	56922.38	51.32
27	4	422	183	10	823	3	58847.86	54.08
27	4	422	183	10	825	36	53374.75	48.16
27	4	422	183	10	829	19	57762.36	53.08
27	4	422	183	10	834	5	67724.4	62.38
27	4	422	183	10	838	25	52761.79	49.39
27	4	422	183	10	840	21	44679.73	40.81
27	4	422	183	10	842	43	51175.84	48.6
27	4	422	183	11	847	1	152405.09	133.31
27	4	422	183	12	881	1	78078.33	64.41
27	4	422	183	12	895	91	88755.25	74.25
27	4	422	183	12	902	39	86643.2	72.07
27	4	422	183	12	913	18	81885.49	68.73
27	4	422	183	12	931	11	87411.2	74.87
27	4	422	183	12	933	16	75876.26	61.8
27	4	422	183	13	1134	25	36528.85	31.33
27	4	422	183	13	1136	88	34797.73	30.53
27	4	422	183	13	957	1	42406.66	39.09
27	4	422	183	13	964	63	46946.11	41.99
27	4	422	183	13	967	18	46514.24	41.56
27	4	422	183	13	971	13	36597.73	35.2
27	4	422	183	13	972	28	19363.33	19.89
27	4	422	183	13	980	24	30163.12	27.29
27	4	422	183	13	982	17	34694.89	32.13
27	4	422	183	13	984	27	29378.37	25.07
27	4	422	183	13	985	16	36858.69	32.26
27	4	422	183	13	986	80	39809.29	36.55
27	4	422	183	13	987	62	36153.72	32.25
27	4	422	183	14	1002	1	84055.11	77.51
27	4	422	183	14	1018	6	73755.94	71.99
27	4	422	183	14	1020	5	76715.17	75.43
27	4	422	183	14	1021	20	82929.68	75.46
27	4	422	183	14	1022	27	81209.72	73.97
27	4	422	183	14	1023	21	82570.65	75.16
27	4	422	183	14	1025	24	77807.07	71.55
27	4	422	183	14	1027	19	78960.17	72.73
27	4	422	183	14	1029	14	73611.27	68.16
27	4	422	183	15	1039	1	96652.0	79.07
27	4	422	183	15	1053	60	117199.53	93.79
27	4	422	183	16	1074	1	93716.05	84.23
27	4	422	183	16	1082	17	95597.75	85.4
27	4	422	183	17	1092	1	237245.97	183.67
27	4	422	183	2	100	13	139185.09	110.87
27	4	422	183	2	110	34	123646.87	97.9
27	4	422	183	2	114	29	154031.08	113.83
27	4	422	183	2	118	3	129428.5	102.34
27	4	422	183	2	120	30	115932.35	91.48
27	4	422	183	2	128	61	132356.82	103.97
27	4	422	183	2	130	123	104683.97	84.45
27	4	422	183	2	132	25	108705.46	85.51
27	4	422	183	2	134	4	115449.34	91.07
27	4	422	183	2	142	117	117112.22	92.34
27	4	422	183	2	144	96	104018.61	81.94
27	4	422	183	2	148	90	95784.33	76.35
27	4	422	183	2	149	82	94779.35	75.36
27	4	422	183	2	152	51	85999.14	68.51
27	4	422	183	2	154	10	92069.74	73.56
27	4	422	183	2	155	24	99029.42	77.66
27	4	422	183	2	157	73	105772.63	82.89
27	4	422	183	2	163	87	106045.52	81.99
27	4	422	183	2	74	1	86772.44	72.15
27	4	422	183	2	93	22	174464.24	131.88
27	4	422	183	3	173	1	60306.01	53.93
27	4	422	183	3	196	4	34627.09	27.9
27	4	422	183	3	208	15	47329.47	48.47
27	4	422	183	3	210	61	41115.04	39.37
27	4	422	183	3	213	35	35680.58	31.29
27	4	422	183	3	223	56	26767.29	24.34
27	4	422	183	4	1148	19	36807.57	32.24
27	4	422	183	4	321	1	38059.31	34.67
27	4	422	183	4	423	170	1149.75	2.23
27	4	422	183	4	425	62	3963.94	4.88
27	4	422	183	4	426	61	4617.62	6.19
27	4	422	183	4	428	176	16165.24	15.94
27	4	422	183	4	433	214	16268.34	14.91
27	4	422	183	4	440	251	19337.39	17.51
27	4	422	183	4	443	258	24048.34	21.1
27	4	422	183	4	445	134	27046.82	24.24
27	4	422	183	4	452	35	41793.84	38.56
27	4	422	183	4	453	87	39124.8	34.71
27	4	422	183	4	458	122	48116.43	43.77
27	4	422	183	4	463	98	57251.92	47.12
27	4	422	183	4	464	34	46975.57	42.37
27	4	422	183	4	465	33	43737.35	39.02
27	4	422	183	4	467	65	49885.89	45.12
27	4	422	183	4	470	111	40811.82	37.7
27	4	422	183	4	476	66	54338.46	49.59
27	4	422	183	4	477	67	49811.79	45.35
27	4	422	183	4	479	112	43651.5	40.54
27	4	422	183	4	480	160	45388.43	40.85
27	4	422	183	4	484	146	46145.29	41.52
27	4	422	183	4	485	145	47700.55	43.12
27	4	422	183	4	486	206	49106.53	45.4
27	4	422	183	4	492	59	48983.24	44.32
27	4	422	183	4	494	56	49216.72	44.93
27	4	422	183	4	497	123	61212.28	54.29
27	4	422	183	4	500	264	51026.3	45.79
27	4	422	183	4	501	166	54253.35	52.26
27	4	422	183	4	506	317	60481.44	58.89
27	4	422	183	5	520	1	74039.57	70.29
27	4	422	183	5	538	16	97669.23	89.43
27	4	422	183	5	567	66	87521.14	82.39
27	4	422	183	5	570	52	65590.3	58.62
27	4	422	183	5	573	20	68242.77	62.0
27	4	422	183	5	576	42	82743.29	77.53
27	4	422	183	5	581	25	79345.87	74.12
27	4	422	183	5	586	2	89197.19	84.79
27	4	422	183	5	587	41	82686.78	77.96
27	4	422	183	5	589	17	61088.87	56.54
27	4	422	183	5	590	58	77799.2	73.23
27	4	422	183	5	592	39	62480.94	58.0
27	4	422	183	5	601	4	92910.14	85.82
27	4	422	183	5	602	59	78665.6	74.26
27	4	422	183	6	615	1	63799.96	57.25
27	4	422	183	6	621	32	88513.57	82.28
27	4	422	183	6	631	28	62502.03	59.95
27	4	422	183	6	640	142	89959.41	74.66
27	4	422	183	6	642	44	88510.12	73.05
27	4	422	183	6	645	7	78202.88	72.59
27	4	422	183	6	654	24	72440.99	60.37
27	4	422	183	6	656	23	52918.28	46.33
27	4	422	183	6	663	16	73278.43	60.21
27	4	422	183	7	670	1	170981.64	127.76
27	4	422	183	7	678	9	174250.03	127.87
27	4	422	183	8	687	1	101107.2	81.64
27	4	422	183	8	702	98	159854.58	113.86
27	4	422	183	8	719	107	95157.08	76.41
27	4	422	183	8	721	108	100595.57	78.77
27	4	422	183	8	722	109	108878.03	83.79
27	4	422	183	8	724	84	86853.96	70.76
27	4	422	183	8	727	110	104619.61	83.11
27	4	422	183	8	729	111	99562.39	79.56
27	4	422	183	8	731	91	111705.74	86.75
27	4	422	183	8	738	18	96214.61	76.7
27	4	422	183	8	741	58	109814.73	88.13
27	4	422	183	8	747	47	102933.56	82.49
27	4	422	183	8	768	16	122559.46	97.85
27	4	422	183	9	783	1	80887.56	66.07
27	4	423	170	1	15	74	241890.26	190.64
27	4	423	170	1	6	1	208407.26	162.78
27	4	423	170	10	811	1	49878.86	46.28
27	4	423	170	10	822	23	57266.94	51.95
27	4	423	170	10	823	3	59192.42	54.71
27	4	423	170	10	825	36	53719.31	48.78
27	4	423	170	10	829	19	58106.92	53.7
27	4	423	170	10	834	5	68068.96	63.01
27	4	423	170	10	838	25	53106.35	50.02
27	4	423	170	10	840	21	45024.3	41.43
27	4	423	170	10	842	43	51520.4	49.22
27	4	423	170	11	847	1	146188.7	132.78
27	4	423	170	12	881	1	71861.94	63.88
27	4	423	170	12	895	91	82538.86	73.72
27	4	423	170	12	902	39	80426.81	71.54
27	4	423	170	12	913	18	75669.1	68.2
27	4	423	170	12	931	11	81194.81	74.34
27	4	423	170	12	933	16	69659.87	61.27
27	4	423	170	13	1134	25	30312.46	30.8
27	4	423	170	13	1136	88	28581.34	29.99
27	4	423	170	13	957	1	42751.22	39.71
27	4	423	170	13	964	63	47290.67	42.61
27	4	423	170	13	967	18	46858.8	42.18
27	4	423	170	13	971	13	36942.29	35.82
27	4	423	170	13	972	28	19707.89	20.51
27	4	423	170	13	980	24	30507.68	27.92
27	4	423	170	13	982	17	35039.45	32.76
27	4	423	170	13	984	27	23161.98	24.54
27	4	423	170	13	985	16	30642.29	31.73
27	4	423	170	13	986	80	33592.89	36.01
27	4	423	170	13	987	62	29937.32	31.72
27	4	423	170	14	1002	1	84399.68	78.14
27	4	423	170	14	1018	6	74100.5	72.61
27	4	423	170	14	1020	5	77059.73	76.05
27	4	423	170	14	1021	20	83274.24	76.09
27	4	423	170	14	1022	27	81554.28	74.59
27	4	423	170	14	1023	21	82915.21	75.78
27	4	423	170	14	1025	24	78151.63	72.17
27	4	423	170	14	1027	19	79304.73	73.35
27	4	423	170	14	1029	14	73955.83	68.78
27	4	423	170	15	1039	1	90435.61	78.54
27	4	423	170	15	1053	60	110983.14	93.26
27	4	423	170	16	1074	1	87499.66	83.7
27	4	423	170	16	1082	17	89381.36	84.87
27	4	423	170	17	1092	1	231029.57	183.14
27	4	423	170	2	100	13	132968.7	110.34
27	4	423	170	2	110	34	117430.48	97.36
27	4	423	170	2	114	29	147814.69	113.29
27	4	423	170	2	118	3	123212.11	101.81
27	4	423	170	2	120	30	109715.95	90.95
27	4	423	170	2	128	61	126140.42	103.44
27	4	423	170	2	130	123	98467.57	83.91
27	4	423	170	2	132	25	102489.07	84.98
27	4	423	170	2	134	4	109232.94	90.54
27	4	423	170	2	142	117	110895.83	91.81
27	4	423	170	2	144	96	97802.21	81.41
27	4	423	170	2	148	90	89567.93	75.81
27	4	423	170	2	149	82	88562.96	74.83
27	4	423	170	2	152	51	79782.75	67.98
27	4	423	170	2	154	10	85853.35	73.03
27	4	423	170	2	155	24	92813.03	77.13
27	4	423	170	2	157	73	99556.24	82.36
27	4	423	170	2	163	87	99829.12	81.46
27	4	423	170	2	74	1	80556.04	71.62
27	4	423	170	2	93	22	168247.85	131.35
27	4	423	170	3	173	1	60650.57	54.55
27	4	423	170	3	196	4	34971.65	28.53
27	4	423	170	3	208	15	47674.04	49.1
27	4	423	170	3	210	61	41459.61	40.0
27	4	423	170	3	213	35	36025.14	31.92
27	4	423	170	3	223	56	27111.85	24.96
27	4	423	170	4	1148	19	30591.18	31.7
27	4	423	170	4	321	1	31842.92	34.14
27	4	423	170	4	422	183	1149.75	2.23
27	4	423	170	4	425	62	4665.97	6.22
27	4	423	170	4	426	61	5319.66	7.53
27	4	423	170	4	428	176	16509.8	16.57
27	4	423	170	4	433	214	16612.9	15.54
27	4	423	170	4	440	251	15291.2	17.07
27	4	423	170	4	443	258	17831.95	20.57
27	4	423	170	4	445	134	20830.43	23.71
27	4	423	170	4	452	35	35577.45	38.03
27	4	423	170	4	453	87	32908.41	34.18
27	4	423	170	4	458	122	41900.04	43.24
27	4	423	170	4	463	98	51035.52	46.59
27	4	423	170	4	464	34	40759.17	41.84
27	4	423	170	4	465	33	37520.96	38.49
27	4	423	170	4	467	65	43669.49	44.59
27	4	423	170	4	470	111	34595.43	37.17
27	4	423	170	4	476	66	48122.07	49.06
27	4	423	170	4	477	67	43595.39	44.82
27	4	423	170	4	479	112	37435.11	40.01
27	4	423	170	4	480	160	39172.04	40.32
27	4	423	170	4	484	146	39928.9	40.98
27	4	423	170	4	485	145	41484.16	42.59
27	4	423	170	4	486	206	42890.13	44.87
27	4	423	170	4	492	59	42766.84	43.79
27	4	423	170	4	494	56	43000.32	44.39
27	4	423	170	4	497	123	54995.89	53.76
27	4	423	170	4	500	264	44809.91	45.26
27	4	423	170	4	501	166	48036.95	51.73
27	4	423	170	4	506	317	54265.05	58.36
27	4	423	170	5	520	1	74384.13	70.92
27	4	423	170	5	538	16	98013.79	90.06
27	4	423	170	5	567	66	87865.71	83.02
27	4	423	170	5	570	52	65934.86	59.24
27	4	423	170	5	573	20	68587.33	62.63
27	4	423	170	5	576	42	83087.85	78.15
27	4	423	170	5	581	25	79690.43	74.75
27	4	423	170	5	586	2	89541.75	85.42
27	4	423	170	5	587	41	83031.35	78.59
27	4	423	170	5	589	17	61433.43	57.17
27	4	423	170	5	590	58	78143.76	73.85
27	4	423	170	5	592	39	62825.5	58.63
27	4	423	170	5	601	4	97257.82	85.81
27	4	423	170	5	602	59	79010.16	74.88
27	4	423	170	6	615	1	63504.17	57.26
27	4	423	170	6	621	32	92861.25	82.27
27	4	423	170	6	631	28	62846.59	60.57
27	4	423	170	6	640	142	83743.01	74.13
27	4	423	170	6	642	44	82293.73	72.52
27	4	423	170	6	645	7	82550.56	72.58
27	4	423	170	6	654	24	66224.59	59.84
27	4	423	170	6	656	23	53262.84	46.95
27	4	423	170	6	663	16	67062.04	59.68
27	4	423	170	7	670	1	164765.24	127.22
27	4	423	170	7	678	9	168033.64	127.34
27	4	423	170	8	687	1	94890.81	81.11
27	4	423	170	8	702	98	153638.19	113.33
27	4	423	170	8	719	107	88940.68	75.87
27	4	423	170	8	721	108	94379.18	78.24
27	4	423	170	8	722	109	102661.64	83.26
27	4	423	170	8	724	84	80637.56	70.23
27	4	423	170	8	727	110	98403.22	82.58
27	4	423	170	8	729	111	93345.99	79.03
27	4	423	170	8	731	91	105489.35	86.22
27	4	423	170	8	738	18	89998.21	76.16
27	4	423	170	8	741	58	103598.34	87.6
27	4	423	170	8	747	47	96717.16	81.96
27	4	423	170	8	768	16	116343.07	97.31
27	4	423	170	9	783	1	74671.17	65.54
27	4	425	62	1	15	74	252070.59	196.05
27	4	425	62	1	6	1	218587.58	168.19
27	4	425	62	10	811	1	53498.24	50.54
27	4	425	62	10	822	23	60886.31	56.2
27	4	425	62	10	823	3	62811.8	58.97
27	4	425	62	10	825	36	57338.68	53.04
27	4	425	62	10	829	19	61726.29	57.96
27	4	425	62	10	834	5	71688.34	67.27
27	4	425	62	10	838	25	56725.73	54.28
27	4	425	62	10	840	21	48643.67	45.69
27	4	425	62	10	842	43	55139.78	53.48
27	4	425	62	11	847	1	156369.03	138.19
27	4	425	62	12	881	1	82042.27	69.29
27	4	425	62	12	895	91	92719.19	79.13
27	4	425	62	12	902	39	90607.14	76.95
27	4	425	62	12	913	18	85849.43	73.62
27	4	425	62	12	931	11	91375.13	79.76
27	4	425	62	12	933	16	79840.2	66.68
27	4	425	62	13	1134	25	40492.79	36.21
27	4	425	62	13	1136	88	38761.67	35.41
27	4	425	62	13	957	1	46370.59	43.97
27	4	425	62	13	964	63	50910.04	46.87
27	4	425	62	13	967	18	50478.18	46.44
27	4	425	62	13	971	13	40561.66	40.08
27	4	425	62	13	972	28	23327.27	24.77
27	4	425	62	13	980	24	34127.05	32.18
27	4	425	62	13	982	17	38658.83	37.02
27	4	425	62	13	984	27	33342.3	29.96
27	4	425	62	13	985	16	40822.62	37.15
27	4	425	62	13	986	80	43773.22	41.43
27	4	425	62	13	987	62	40117.65	37.13
27	4	425	62	14	1002	1	88019.05	82.4
27	4	425	62	14	1018	6	77719.88	76.87
27	4	425	62	14	1020	5	80679.11	80.31
27	4	425	62	14	1021	20	86893.62	80.35
27	4	425	62	14	1022	27	85173.66	78.85
27	4	425	62	14	1023	21	86534.58	80.04
27	4	425	62	14	1025	24	81771.01	76.43
27	4	425	62	14	1027	19	82924.1	77.61
27	4	425	62	14	1029	14	77575.2	73.04
27	4	425	62	15	1039	1	100615.93	83.95
27	4	425	62	15	1053	60	121163.47	98.67
27	4	425	62	16	1074	1	97679.99	89.11
27	4	425	62	16	1082	17	99561.69	90.28
27	4	425	62	17	1092	1	241209.9	188.55
27	4	425	62	2	100	13	143149.03	115.75
27	4	425	62	2	110	34	127610.8	102.78
27	4	425	62	2	114	29	157995.02	118.71
27	4	425	62	2	118	3	133392.44	107.23
27	4	425	62	2	120	30	119896.28	96.36
27	4	425	62	2	128	61	136320.75	108.85
27	4	425	62	2	130	123	108647.9	89.33
27	4	425	62	2	132	25	112669.4	90.39
27	4	425	62	2	134	4	119413.27	95.95
27	4	425	62	2	142	117	121076.16	97.22
27	4	425	62	2	144	96	107982.54	86.83
27	4	425	62	2	148	90	99748.26	81.23
27	4	425	62	2	149	82	98743.28	80.25
27	4	425	62	2	152	51	89963.07	73.4
27	4	425	62	2	154	10	96033.68	78.44
27	4	425	62	2	155	24	102993.35	82.54
27	4	425	62	2	157	73	109736.56	87.77
27	4	425	62	2	163	87	110009.45	86.87
27	4	425	62	2	74	1	90736.37	77.04
27	4	425	62	2	93	22	178428.18	136.76
27	4	425	62	3	173	1	64269.94	58.81
27	4	425	62	3	196	4	38591.03	32.79
27	4	425	62	3	208	15	51293.41	53.35
27	4	425	62	3	210	61	45078.98	44.26
27	4	425	62	3	213	35	39644.52	36.18
27	4	425	62	3	223	56	30731.23	29.22
27	4	425	62	4	1148	19	40771.51	37.12
27	4	425	62	4	321	1	42023.25	39.55
27	4	425	62	4	422	183	3963.94	4.88
27	4	425	62	4	423	170	4665.97	6.22
27	4	425	62	4	426	61	653.69	1.31
27	4	425	62	4	428	176	20129.17	20.83
27	4	425	62	4	433	214	20232.27	19.79
27	4	425	62	4	440	251	23301.33	22.39
27	4	425	62	4	443	258	28012.28	25.98
27	4	425	62	4	445	134	31010.75	29.12
27	4	425	62	4	452	35	45757.78	43.44
27	4	425	62	4	453	87	43088.74	39.59
27	4	425	62	4	458	122	52080.37	48.65
27	4	425	62	4	463	98	61215.85	52.0
27	4	425	62	4	464	34	50939.5	47.25
27	4	425	62	4	465	33	47701.29	43.9
27	4	425	62	4	467	65	53849.82	50.0
27	4	425	62	4	470	111	44775.75	42.58
27	4	425	62	4	476	66	58302.4	54.47
27	4	425	62	4	477	67	53775.72	50.23
27	4	425	62	4	479	112	47615.44	45.42
27	4	425	62	4	480	160	49352.37	45.73
27	4	425	62	4	484	146	50109.23	46.4
27	4	425	62	4	485	145	51664.49	48.0
27	4	425	62	4	486	206	53070.46	50.28
27	4	425	62	4	492	59	52947.17	49.2
27	4	425	62	4	494	56	53180.65	49.81
27	4	425	62	4	497	123	65176.22	59.17
27	4	425	62	4	500	264	54990.24	50.67
27	4	425	62	4	501	166	58217.28	57.14
27	4	425	62	4	506	317	64445.38	63.77
27	4	425	62	5	520	1	78003.5	75.17
27	4	425	62	5	538	16	101633.17	94.31
27	4	425	62	5	567	66	91485.08	87.28
27	4	425	62	5	570	52	69554.23	63.5
27	4	425	62	5	573	20	72206.7	66.88
27	4	425	62	5	576	42	86707.23	82.41
27	4	425	62	5	581	25	83309.8	79.01
27	4	425	62	5	586	2	93161.12	89.68
27	4	425	62	5	587	41	86650.72	82.85
27	4	425	62	5	589	17	65052.8	61.42
27	4	425	62	5	590	58	81763.13	78.11
27	4	425	62	5	592	39	66444.87	62.89
27	4	425	62	5	601	4	96874.08	90.7
27	4	425	62	5	602	59	82629.54	79.14
27	4	425	62	6	615	1	67763.9	62.13
27	4	425	62	6	621	32	92477.5	87.16
27	4	425	62	6	631	28	66465.96	64.83
27	4	425	62	6	640	142	93923.34	79.55
27	4	425	62	6	642	44	92474.06	77.93
27	4	425	62	6	645	7	82166.81	77.47
27	4	425	62	6	654	24	76404.92	65.25
27	4	425	62	6	656	23	56882.21	51.21
27	4	425	62	6	663	16	77242.37	65.1
27	4	425	62	7	670	1	174945.57	132.64
27	4	425	62	7	678	9	178213.97	132.76
27	4	425	62	8	687	1	105071.14	86.52
27	4	425	62	8	702	98	163818.52	118.74
27	4	425	62	8	719	107	99121.01	81.29
27	4	425	62	8	721	108	104559.51	83.65
27	4	425	62	8	722	109	112841.97	88.68
27	4	425	62	8	724	84	90817.89	75.64
27	4	425	62	8	727	110	108583.55	87.99
27	4	425	62	8	729	111	103526.32	84.44
27	4	425	62	8	731	91	115669.68	91.63
27	4	425	62	8	738	18	100178.54	81.58
27	4	425	62	8	741	58	113778.67	93.02
27	4	425	62	8	747	47	106897.49	87.37
27	4	425	62	8	768	16	126523.4	102.73
27	4	425	62	9	783	1	84851.5	70.95
27	4	426	61	1	15	74	244951.86	196.81
27	4	426	61	1	6	1	211468.86	168.95
27	4	426	61	10	811	1	54151.93	51.84
27	4	426	61	10	822	23	61540.0	57.51
27	4	426	61	10	823	3	63465.49	60.27
27	4	426	61	10	825	36	57992.37	54.35
27	4	426	61	10	829	19	62379.98	59.27
27	4	426	61	10	834	5	72342.02	68.57
27	4	426	61	10	838	25	57379.41	55.58
27	4	426	61	10	840	21	49297.36	47.0
27	4	426	61	10	842	43	55793.47	54.79
27	4	426	61	11	847	1	149250.3	138.95
27	4	426	61	12	881	1	74923.54	70.04
27	4	426	61	12	895	91	85600.46	79.89
27	4	426	61	12	902	39	83488.41	77.7
27	4	426	61	12	913	18	78730.7	74.37
27	4	426	61	12	931	11	84256.41	80.51
27	4	426	61	12	933	16	72721.47	67.44
27	4	426	61	13	1134	25	33374.06	36.97
27	4	426	61	13	1136	88	31642.94	36.16
27	4	426	61	13	957	1	47024.28	45.28
27	4	426	61	13	964	63	51563.73	48.18
27	4	426	61	13	967	18	51131.87	47.74
27	4	426	61	13	971	13	41215.35	41.38
27	4	426	61	13	972	28	23980.96	26.07
27	4	426	61	13	980	24	34780.74	33.48
27	4	426	61	13	982	17	39312.52	38.32
27	4	426	61	13	984	27	26223.58	30.71
27	4	426	61	13	985	16	33703.9	37.9
27	4	426	61	13	986	80	36654.5	42.18
27	4	426	61	13	987	62	32998.93	37.89
27	4	426	61	14	1002	1	88672.74	83.7
27	4	426	61	14	1018	6	78373.57	78.18
27	4	426	61	14	1020	5	81332.8	81.62
27	4	426	61	14	1021	20	87547.31	81.65
27	4	426	61	14	1022	27	85827.35	80.16
27	4	426	61	14	1023	21	87188.27	81.34
27	4	426	61	14	1025	24	82424.7	77.74
27	4	426	61	14	1027	19	83577.79	78.92
27	4	426	61	14	1029	14	78228.89	74.35
27	4	426	61	15	1039	1	93497.21	84.71
27	4	426	61	15	1053	60	114044.74	99.43
27	4	426	61	16	1074	1	90561.26	89.87
27	4	426	61	16	1082	17	92442.96	91.04
27	4	426	61	17	1092	1	234091.18	189.31
27	4	426	61	2	100	13	136030.3	116.5
27	4	426	61	2	110	34	120492.08	103.53
27	4	426	61	2	114	29	150876.29	119.46
27	4	426	61	2	118	3	126273.71	107.98
27	4	426	61	2	120	30	112777.56	97.12
27	4	426	61	2	128	61	129202.03	109.61
27	4	426	61	2	130	123	101529.18	90.08
27	4	426	61	2	132	25	105550.67	91.15
27	4	426	61	2	134	4	112294.55	96.71
27	4	426	61	2	142	117	113957.43	97.98
27	4	426	61	2	144	96	100863.82	87.58
27	4	426	61	2	148	90	92629.54	81.98
27	4	426	61	2	149	82	91624.56	81.0
27	4	426	61	2	152	51	82844.35	74.15
27	4	426	61	2	154	10	88914.95	79.19
27	4	426	61	2	155	24	95874.63	83.3
27	4	426	61	2	157	73	102617.84	88.52
27	4	426	61	2	163	87	102890.73	87.63
27	4	426	61	2	74	1	83617.65	77.79
27	4	426	61	2	93	22	171309.45	137.52
27	4	426	61	3	173	1	64923.63	60.12
27	4	426	61	3	196	4	39244.72	34.09
27	4	426	61	3	208	15	51947.1	54.66
27	4	426	61	3	210	61	45732.67	45.56
27	4	426	61	3	213	35	40298.21	37.48
27	4	426	61	3	223	56	31384.92	30.52
27	4	426	61	4	1148	19	33652.78	37.87
27	4	426	61	4	321	1	34904.52	40.31
27	4	426	61	4	422	183	4617.62	6.19
27	4	426	61	4	423	170	5319.66	7.53
27	4	426	61	4	425	62	653.69	1.31
27	4	426	61	4	428	176	20782.86	22.13
27	4	426	61	4	433	214	20885.96	21.1
27	4	426	61	4	440	251	18352.81	23.24
27	4	426	61	4	443	258	20893.55	26.73
27	4	426	61	4	445	134	23892.03	29.88
27	4	426	61	4	452	35	38639.05	44.2
27	4	426	61	4	453	87	35970.01	40.34
27	4	426	61	4	458	122	44961.64	49.41
27	4	426	61	4	463	98	54097.13	52.75
27	4	426	61	4	464	34	43820.78	48.0
27	4	426	61	4	465	33	40582.56	44.65
27	4	426	61	4	467	65	46731.1	50.76
27	4	426	61	4	470	111	37657.03	43.34
27	4	426	61	4	476	66	51183.67	55.23
27	4	426	61	4	477	67	46657.0	50.99
27	4	426	61	4	479	112	40496.71	46.18
27	4	426	61	4	480	160	42233.64	46.48
27	4	426	61	4	484	146	42990.5	47.15
27	4	426	61	4	485	145	44545.76	48.75
27	4	426	61	4	486	206	45951.74	51.04
27	4	426	61	4	492	59	45828.45	49.95
27	4	426	61	4	494	56	46061.92	50.56
27	4	426	61	4	497	123	58057.49	59.93
27	4	426	61	4	500	264	47871.51	51.43
27	4	426	61	4	501	166	51098.56	57.9
27	4	426	61	4	506	317	57326.65	64.53
27	4	426	61	5	520	1	78657.19	76.48
27	4	426	61	5	538	16	102286.86	95.62
27	4	426	61	5	567	66	92138.77	88.58
27	4	426	61	5	570	52	70207.92	64.8
27	4	426	61	5	573	20	72860.39	68.19
27	4	426	61	5	576	42	87360.91	83.72
27	4	426	61	5	581	25	83963.49	80.31
27	4	426	61	5	586	2	93814.81	90.98
27	4	426	61	5	587	41	87304.41	84.15
27	4	426	61	5	589	17	65706.49	62.73
27	4	426	61	5	590	58	82416.82	79.42
27	4	426	61	5	592	39	67098.56	64.19
27	4	426	61	5	601	4	100319.43	91.98
27	4	426	61	5	602	59	83283.23	80.45
27	4	426	61	6	615	1	66565.78	63.42
27	4	426	61	6	621	32	95922.85	88.44
27	4	426	61	6	631	28	67119.65	66.14
27	4	426	61	6	640	142	86804.62	80.3
27	4	426	61	6	642	44	85355.33	78.69
27	4	426	61	6	645	7	85612.17	78.75
27	4	426	61	6	654	24	69286.2	66.01
27	4	426	61	6	656	23	57535.9	52.52
27	4	426	61	6	663	16	70123.64	65.85
27	4	426	61	7	670	1	167826.85	133.39
27	4	426	61	7	678	9	171095.24	133.51
27	4	426	61	8	687	1	97952.41	87.27
27	4	426	61	8	702	98	156699.79	119.49
27	4	426	61	8	719	107	92002.29	82.04
27	4	426	61	8	721	108	97440.78	84.41
27	4	426	61	8	722	109	105723.24	89.43
27	4	426	61	8	724	84	83699.17	76.4
27	4	426	61	8	727	110	101464.82	88.75
27	4	426	61	8	729	111	96407.6	85.2
27	4	426	61	8	731	91	108550.95	92.39
27	4	426	61	8	738	18	93059.82	82.33
27	4	426	61	8	741	58	106659.94	93.77
27	4	426	61	8	747	47	99778.77	88.12
27	4	426	61	8	768	16	119404.67	103.48
27	4	426	61	9	783	1	77732.77	71.71
27	4	428	176	1	15	74	233704.95	180.12
27	4	428	176	1	6	1	200221.94	152.27
27	4	428	176	10	811	1	35130.65	34.47
27	4	428	176	10	822	23	42518.73	40.13
27	4	428	176	10	823	3	44444.21	42.9
27	4	428	176	10	825	36	38971.09	36.97
27	4	428	176	10	829	19	43358.71	41.89
27	4	428	176	10	834	5	53320.75	51.2
27	4	428	176	10	838	25	38358.14	38.21
27	4	428	176	10	840	21	30276.08	29.62
27	4	428	176	10	842	43	36772.19	37.41
27	4	428	176	11	847	1	138003.39	122.26
27	4	428	176	12	881	1	63676.63	53.36
27	4	428	176	12	895	91	74353.55	63.2
27	4	428	176	12	902	39	72241.5	61.02
27	4	428	176	12	913	18	67483.79	57.69
27	4	428	176	12	931	11	73009.5	63.83
27	4	428	176	12	933	16	61474.56	50.75
27	4	428	176	13	1134	25	20917.98	20.19
27	4	428	176	13	1136	88	20396.03	19.48
27	4	428	176	13	957	1	28003.01	27.9
27	4	428	176	13	964	63	32542.46	30.8
27	4	428	176	13	967	18	32110.59	30.37
27	4	428	176	13	971	13	22194.08	24.01
27	4	428	176	13	972	28	8332.64	9.78
27	4	428	176	13	980	24	15759.46	16.11
27	4	428	176	13	982	17	20291.24	20.95
27	4	428	176	13	984	27	14976.66	14.03
27	4	428	176	13	985	16	22456.98	21.22
27	4	428	176	13	986	80	25407.58	25.5
27	4	428	176	13	987	62	21752.01	21.2
27	4	428	176	14	1002	1	69651.46	66.33
27	4	428	176	14	1018	6	78604.91	71.63
27	4	428	176	14	1020	5	72950.68	69.35
27	4	428	176	14	1021	20	68526.03	64.28
27	4	428	176	14	1022	27	66806.07	62.78
27	4	428	176	14	1023	21	68166.99	63.97
27	4	428	176	14	1025	24	63403.42	60.36
27	4	428	176	14	1027	19	64556.52	61.54
27	4	428	176	14	1029	14	59207.61	56.97
27	4	428	176	15	1039	1	82250.29	68.02
27	4	428	176	15	1053	60	102797.83	82.75
27	4	428	176	16	1074	1	79314.35	73.19
27	4	428	176	16	1082	17	81196.05	74.36
27	4	428	176	17	1092	1	222844.26	172.62
27	4	428	176	2	100	13	124783.39	99.82
27	4	428	176	2	110	34	109245.16	86.85
27	4	428	176	2	114	29	139629.38	102.78
27	4	428	176	2	118	3	115026.8	91.3
27	4	428	176	2	120	30	101530.64	80.43
27	4	428	176	2	128	61	117955.11	92.93
27	4	428	176	2	130	123	90282.26	73.4
27	4	428	176	2	132	25	94303.76	74.46
27	4	428	176	2	134	4	101047.63	80.03
27	4	428	176	2	142	117	102710.52	81.3
27	4	428	176	2	144	96	89616.9	70.9
27	4	428	176	2	148	90	81382.62	65.3
27	4	428	176	2	149	82	80377.64	64.32
27	4	428	176	2	152	51	71597.43	57.47
27	4	428	176	2	154	10	77668.04	62.51
27	4	428	176	2	155	24	84627.71	66.62
27	4	428	176	2	157	73	91370.92	71.84
27	4	428	176	2	163	87	91643.81	70.94
27	4	428	176	2	74	1	72370.73	61.11
27	4	428	176	2	93	22	160062.54	120.83
27	4	428	176	3	173	1	61302.72	55.04
27	4	428	176	3	196	4	35623.8	29.02
27	4	428	176	3	208	15	48326.18	49.58
27	4	428	176	3	210	61	42111.76	40.49
27	4	428	176	3	213	35	36677.29	32.41
27	4	428	176	3	223	56	27764.0	25.45
27	4	428	176	4	1148	19	22405.87	21.19
27	4	428	176	4	321	1	23657.61	23.62
27	4	428	176	4	422	183	15059.47	14.82
27	4	428	176	4	423	170	15404.03	15.45
27	4	428	176	4	425	62	19023.4	19.71
27	4	428	176	4	426	61	19677.09	21.01
27	4	428	176	4	433	214	1152.06	2.3
27	4	428	176	4	440	251	4935.69	6.47
27	4	428	176	4	443	258	9646.64	10.05
27	4	428	176	4	445	134	12645.11	13.2
27	4	428	176	4	452	35	27392.14	27.52
27	4	428	176	4	453	87	24723.1	23.66
27	4	428	176	4	458	122	33714.73	32.73
27	4	428	176	4	463	98	42850.21	36.07
27	4	428	176	4	464	34	32573.86	31.32
27	4	428	176	4	465	33	29335.65	27.97
27	4	428	176	4	467	65	35484.18	34.07
27	4	428	176	4	470	111	26410.11	26.66
27	4	428	176	4	476	66	39936.76	38.54
27	4	428	176	4	477	67	35410.08	34.31
27	4	428	176	4	479	112	29249.8	29.49
27	4	428	176	4	480	160	30986.73	29.8
27	4	428	176	4	484	146	31743.59	30.47
27	4	428	176	4	485	145	33298.85	32.07
27	4	428	176	4	486	206	34704.82	34.36
27	4	428	176	4	492	59	34581.53	33.27
27	4	428	176	4	494	56	34815.01	33.88
27	4	428	176	4	497	123	46810.58	43.24
27	4	428	176	4	500	264	36624.6	34.75
27	4	428	176	4	501	166	39851.64	41.21
27	4	428	176	4	506	317	46079.74	47.84
27	4	428	176	5	520	1	59635.92	59.11
27	4	428	176	5	538	16	83265.58	78.25
27	4	428	176	5	567	66	73117.49	71.21
27	4	428	176	5	570	52	51186.65	47.43
27	4	428	176	5	573	20	53839.12	50.81
27	4	428	176	5	576	42	68339.64	66.34
27	4	428	176	5	581	25	64942.21	62.94
27	4	428	176	5	586	2	74793.54	73.61
27	4	428	176	5	587	41	68283.13	66.78
27	4	428	176	5	589	17	46685.22	45.35
27	4	428	176	5	590	58	63395.54	62.04
27	4	428	176	5	592	39	48077.29	46.82
27	4	428	176	5	601	4	78506.49	74.64
27	4	428	176	5	602	59	64261.95	63.07
27	4	428	176	6	615	1	49396.31	46.06
27	4	428	176	6	621	32	74109.91	71.09
27	4	428	176	6	631	28	48098.37	48.76
27	4	428	176	6	640	142	70797.84	63.49
27	4	428	176	6	642	44	69348.56	61.88
27	4	428	176	6	645	7	63799.23	61.4
27	4	428	176	6	654	24	53279.42	49.2
27	4	428	176	6	656	23	38514.62	35.14
27	4	428	176	6	663	16	58876.73	49.17
27	4	428	176	7	670	1	156579.93	116.71
27	4	428	176	7	678	9	159848.33	116.83
27	4	428	176	8	687	1	86705.5	70.59
27	4	428	176	8	702	98	145452.88	102.81
27	4	428	176	8	719	107	80755.37	65.36
27	4	428	176	8	721	108	86193.87	67.72
27	4	428	176	8	722	109	94476.33	72.75
27	4	428	176	8	724	84	72452.25	59.71
27	4	428	176	8	727	110	90217.91	72.07
27	4	428	176	8	729	111	85160.68	68.52
27	4	428	176	8	731	91	97304.04	75.71
27	4	428	176	8	738	18	81812.9	65.65
27	4	428	176	8	741	58	95413.03	77.09
27	4	428	176	8	747	47	88531.85	71.44
27	4	428	176	8	768	16	108157.76	86.8
27	4	428	176	9	783	1	66485.86	55.02
27	4	433	214	1	15	74	232552.89	177.82
27	4	433	214	1	6	1	199069.88	149.96
27	4	433	214	10	811	1	33978.59	32.17
27	4	433	214	10	822	23	41366.67	37.83
27	4	433	214	10	823	3	43292.15	40.59
27	4	433	214	10	825	36	37819.04	34.67
27	4	433	214	10	829	19	42206.65	39.59
27	4	433	214	10	834	5	52168.69	48.9
27	4	433	214	10	838	25	37206.08	35.91
27	4	433	214	10	840	21	29124.02	27.32
27	4	433	214	10	842	43	35620.13	35.11
27	4	433	214	11	847	1	136851.33	119.96
27	4	433	214	12	881	1	62524.57	51.06
27	4	433	214	12	895	91	73201.49	60.9
27	4	433	214	12	902	39	71089.44	58.72
27	4	433	214	12	913	18	66331.73	55.39
27	4	433	214	12	931	11	71857.44	61.53
27	4	433	214	12	933	16	60322.5	48.45
27	4	433	214	13	1134	25	19765.92	17.89
27	4	433	214	13	1136	88	19243.97	17.18
27	4	433	214	13	957	1	26850.95	25.6
27	4	433	214	13	964	63	31390.4	28.5
27	4	433	214	13	967	18	30958.53	28.07
27	4	433	214	13	971	13	21042.02	21.71
27	4	433	214	13	972	28	7180.58	7.48
27	4	433	214	13	980	24	14607.4	13.81
27	4	433	214	13	982	17	19139.18	18.64
27	4	433	214	13	984	27	13824.61	11.73
27	4	433	214	13	985	16	21304.92	18.92
27	4	433	214	13	986	80	24255.52	23.2
27	4	433	214	13	987	62	20599.95	18.9
27	4	433	214	14	1002	1	68499.4	64.02
27	4	433	214	14	1018	6	77452.85	69.33
27	4	433	214	14	1020	5	71798.62	67.05
27	4	433	214	14	1021	20	67373.97	61.98
27	4	433	214	14	1022	27	65654.01	60.48
27	4	433	214	14	1023	21	67014.93	61.67
27	4	433	214	14	1025	24	62251.36	58.06
27	4	433	214	14	1027	19	63404.46	59.24
27	4	433	214	14	1029	14	58055.55	54.67
27	4	433	214	15	1039	1	81098.23	65.72
27	4	433	214	15	1053	60	101645.77	80.44
27	4	433	214	16	1074	1	78162.29	70.88
27	4	433	214	16	1082	17	80043.99	72.06
27	4	433	214	17	1092	1	221692.2	170.32
27	4	433	214	2	100	13	123631.33	97.52
27	4	433	214	2	110	34	108093.1	84.55
27	4	433	214	2	114	29	138477.32	100.48
27	4	433	214	2	118	3	113874.74	89.0
27	4	433	214	2	120	30	100378.58	78.13
27	4	433	214	2	128	61	116803.05	90.62
27	4	433	214	2	130	123	89130.2	71.1
27	4	433	214	2	132	25	93151.7	72.16
27	4	433	214	2	134	4	99895.57	77.73
27	4	433	214	2	142	117	101558.46	78.99
27	4	433	214	2	144	96	88464.84	68.6
27	4	433	214	2	148	90	80230.56	63.0
27	4	433	214	2	149	82	79225.58	62.02
27	4	433	214	2	152	51	70445.37	55.17
27	4	433	214	2	154	10	76515.98	60.21
27	4	433	214	2	155	24	83475.65	64.31
27	4	433	214	2	157	73	90218.86	69.54
27	4	433	214	2	163	87	90491.75	68.64
27	4	433	214	2	74	1	71218.67	58.81
27	4	433	214	2	93	22	158910.48	118.53
27	4	433	214	3	173	1	62557.11	55.23
27	4	433	214	3	196	4	36878.2	29.2
27	4	433	214	3	208	15	49580.58	49.77
27	4	433	214	3	210	61	43366.15	40.67
27	4	433	214	3	213	35	37931.69	32.59
27	4	433	214	3	223	56	29018.4	25.64
27	4	433	214	4	1148	19	21253.81	18.89
27	4	433	214	4	321	1	22505.55	21.32
27	4	433	214	4	422	183	16313.86	15.01
27	4	433	214	4	423	170	16658.42	15.63
27	4	433	214	4	425	62	20277.8	19.89
27	4	433	214	4	426	61	20931.49	21.2
27	4	433	214	4	428	176	1152.06	2.3
27	4	433	214	4	440	251	3783.63	4.16
27	4	433	214	4	443	258	8494.58	7.75
27	4	433	214	4	445	134	11493.06	10.9
27	4	433	214	4	452	35	26240.08	25.21
27	4	433	214	4	453	87	23571.04	21.36
27	4	433	214	4	458	122	32562.67	30.42
27	4	433	214	4	463	98	41698.15	33.77
27	4	433	214	4	464	34	31421.8	29.02
27	4	433	214	4	465	33	28183.59	25.67
27	4	433	214	4	467	65	34332.12	31.77
27	4	433	214	4	470	111	25258.05	24.36
27	4	433	214	4	476	66	38784.7	36.24
27	4	433	214	4	477	67	34258.02	32.0
27	4	433	214	4	479	112	28097.74	27.19
27	4	433	214	4	480	160	29834.67	27.5
27	4	433	214	4	484	146	30591.53	28.17
27	4	433	214	4	485	145	32146.79	29.77
27	4	433	214	4	486	206	33552.76	32.05
27	4	433	214	4	492	59	33429.47	30.97
27	4	433	214	4	494	56	33662.95	31.58
27	4	433	214	4	497	123	45658.52	40.94
27	4	433	214	4	500	264	35472.54	32.44
27	4	433	214	4	501	166	38699.58	38.91
27	4	433	214	4	506	317	44927.68	45.54
27	4	433	214	5	520	1	58483.86	56.8
27	4	433	214	5	538	16	82113.52	75.94
27	4	433	214	5	567	66	71965.43	68.9
27	4	433	214	5	570	52	50034.59	45.13
27	4	433	214	5	573	20	52687.06	48.51
27	4	433	214	5	576	42	67187.58	64.04
27	4	433	214	5	581	25	63790.15	60.63
27	4	433	214	5	586	2	73641.48	71.31
27	4	433	214	5	587	41	67131.07	64.48
27	4	433	214	5	589	17	45533.16	43.05
27	4	433	214	5	590	58	62243.48	59.74
27	4	433	214	5	592	39	46925.23	44.51
27	4	433	214	5	601	4	77354.43	72.33
27	4	433	214	5	602	59	63109.89	60.77
27	4	433	214	6	615	1	48244.25	43.76
27	4	433	214	6	621	32	72957.85	68.79
27	4	433	214	6	631	28	46946.31	46.46
27	4	433	214	6	640	142	69645.78	61.19
27	4	433	214	6	642	44	68196.5	59.58
27	4	433	214	6	645	7	62647.17	59.1
27	4	433	214	6	654	24	52127.36	46.9
27	4	433	214	6	656	23	37362.56	32.84
27	4	433	214	6	663	16	57724.67	46.87
27	4	433	214	7	670	1	155427.87	114.41
27	4	433	214	7	678	9	158696.27	114.53
27	4	433	214	8	687	1	85553.44	68.29
27	4	433	214	8	702	98	144300.82	100.51
27	4	433	214	8	719	107	79603.31	63.06
27	4	433	214	8	721	108	85041.81	65.42
27	4	433	214	8	722	109	93324.27	70.45
27	4	433	214	8	724	84	71300.19	57.41
27	4	433	214	8	727	110	89065.85	69.76
27	4	433	214	8	729	111	84008.62	66.22
27	4	433	214	8	731	91	96151.98	73.4
27	4	433	214	8	738	18	80660.84	63.35
27	4	433	214	8	741	58	94260.97	74.79
27	4	433	214	8	747	47	87379.79	69.14
27	4	433	214	8	768	16	107005.7	84.5
27	4	433	214	9	783	1	65333.8	52.72
27	4	440	251	1	15	74	229745.51	175.15
27	4	440	251	1	6	1	196262.51	147.29
27	4	440	251	10	811	1	35792.42	34.11
27	4	440	251	10	822	23	43180.5	39.77
27	4	440	251	10	823	3	45105.98	42.53
27	4	440	251	10	825	36	39632.87	36.61
27	4	440	251	10	829	19	44020.48	41.53
27	4	440	251	10	834	5	62407.9	48.8
27	4	440	251	10	838	25	39019.91	37.85
27	4	440	251	10	840	21	30937.85	29.26
27	4	440	251	10	842	43	37433.96	37.05
27	4	440	251	11	847	1	134043.95	117.29
27	4	440	251	12	881	1	59717.19	48.38
27	4	440	251	12	895	91	70394.11	58.23
27	4	440	251	12	902	39	68282.06	56.04
27	4	440	251	12	913	18	63524.35	52.71
27	4	440	251	12	931	11	69050.06	58.85
27	4	440	251	12	933	16	57515.12	45.78
27	4	440	251	13	1134	25	18167.71	15.31
27	4	440	251	13	1136	88	16436.59	14.5
27	4	440	251	13	957	1	28664.78	27.54
27	4	440	251	13	964	63	33204.23	30.44
27	4	440	251	13	967	18	32772.36	30.01
27	4	440	251	13	971	13	24467.94	24.61
27	4	440	251	13	972	28	10606.5	10.38
27	4	440	251	13	980	24	15815.79	15.29
27	4	440	251	13	982	17	18203.44	18.75
27	4	440	251	13	984	27	11017.23	9.05
27	4	440	251	13	985	16	18497.55	16.24
27	4	440	251	13	986	80	21448.15	20.52
27	4	440	251	13	987	62	17792.58	16.23
27	4	440	251	14	1002	1	70313.23	65.96
27	4	440	251	14	1018	6	79266.68	71.27
27	4	440	251	14	1020	5	73612.45	68.98
27	4	440	251	14	1021	20	69187.8	63.91
27	4	440	251	14	1022	27	67467.84	62.42
27	4	440	251	14	1023	21	68828.77	63.61
27	4	440	251	14	1025	24	64065.19	60.0
27	4	440	251	14	1027	19	65218.29	61.18
27	4	440	251	14	1029	14	59869.39	56.61
27	4	440	251	15	1039	1	78290.86	63.05
27	4	440	251	15	1053	60	98838.4	77.77
27	4	440	251	16	1074	1	75354.91	68.21
27	4	440	251	16	1082	17	77236.61	69.38
27	4	440	251	17	1092	1	218884.83	167.65
27	4	440	251	2	100	13	120823.95	94.84
27	4	440	251	2	110	34	105285.73	81.87
27	4	440	251	2	114	29	135669.94	97.8
27	4	440	251	2	118	3	111067.36	86.32
27	4	440	251	2	120	30	97571.21	75.46
27	4	440	251	2	128	61	113995.68	87.95
27	4	440	251	2	130	123	86322.83	68.42
27	4	440	251	2	132	25	90344.32	69.49
27	4	440	251	2	134	4	97088.2	75.05
27	4	440	251	2	142	117	98751.08	76.32
27	4	440	251	2	144	96	85657.47	65.92
27	4	440	251	2	148	90	77423.19	60.32
27	4	440	251	2	149	82	76418.21	59.34
27	4	440	251	2	152	51	67638.0	52.49
27	4	440	251	2	154	10	73708.6	57.53
27	4	440	251	2	155	24	80668.28	61.64
27	4	440	251	2	157	73	87411.49	66.86
27	4	440	251	2	163	87	87684.38	65.97
27	4	440	251	2	74	1	68411.3	56.13
27	4	440	251	2	93	22	156103.11	115.86
27	4	440	251	3	173	1	65983.07	57.99
27	4	440	251	3	196	4	40304.16	31.97
27	4	440	251	3	208	15	53006.54	52.54
27	4	440	251	3	210	61	46792.11	43.44
27	4	440	251	3	213	35	41357.65	35.36
27	4	440	251	3	223	56	32444.36	28.4
27	4	440	251	4	1148	19	18446.43	16.21
27	4	440	251	4	321	1	19698.17	18.65
27	4	440	251	4	422	183	19739.82	17.78
27	4	440	251	4	423	170	15173.6	16.88
27	4	440	251	4	425	62	23703.76	22.66
27	4	440	251	4	426	61	18235.2	23.05
27	4	440	251	4	428	176	5253.16	6.56
27	4	440	251	4	433	214	4101.1	4.25
27	4	440	251	4	440	251	3034.5	2.84
27	4	440	251	4	443	258	5687.2	5.07
27	4	440	251	4	445	134	8685.68	8.22
27	4	440	251	4	452	35	23432.7	22.54
27	4	440	251	4	453	87	20763.66	18.68
27	4	440	251	4	458	122	29755.29	27.75
27	4	440	251	4	463	98	38890.78	31.09
27	4	440	251	4	464	34	28614.43	26.34
27	4	440	251	4	465	33	25376.21	22.99
27	4	440	251	4	467	65	31524.75	29.1
27	4	440	251	4	470	111	22450.68	21.68
27	4	440	251	4	476	66	35977.32	33.57
27	4	440	251	4	477	67	31450.65	29.33
27	4	440	251	4	479	112	25290.37	24.52
27	4	440	251	4	480	160	27027.29	24.82
27	4	440	251	4	484	146	27784.16	25.49
27	4	440	251	4	485	145	29339.41	27.09
27	4	440	251	4	486	206	30745.39	29.38
27	4	440	251	4	492	59	30622.1	28.29
27	4	440	251	4	494	56	30855.58	28.9
27	4	440	251	4	497	123	42851.14	38.27
27	4	440	251	4	500	264	32665.16	29.77
27	4	440	251	4	501	166	35892.21	36.24
27	4	440	251	4	506	317	42120.3	42.87
27	4	440	251	5	520	1	60297.69	58.74
27	4	440	251	5	538	16	83927.35	77.88
27	4	440	251	5	567	66	73779.26	70.84
27	4	440	251	5	570	52	51848.42	47.07
27	4	440	251	5	573	20	54500.89	50.45
27	4	440	251	5	576	42	69001.41	65.98
27	4	440	251	5	581	25	65603.99	62.57
27	4	440	251	5	586	2	75455.31	73.24
27	4	440	251	5	587	41	68944.9	66.42
27	4	440	251	5	589	17	47346.99	44.99
27	4	440	251	5	590	58	64057.32	61.68
27	4	440	251	5	592	39	48739.06	46.45
27	4	440	251	5	601	4	85113.08	70.32
27	4	440	251	5	602	59	64923.72	62.71
27	4	440	251	6	615	1	51359.43	41.76
27	4	440	251	6	621	32	80716.5	66.78
27	4	440	251	6	631	28	48760.15	48.4
27	4	440	251	6	640	142	71598.27	58.64
27	4	440	251	6	642	44	70148.98	57.03
27	4	440	251	6	645	7	70405.82	57.09
27	4	440	251	6	654	24	54079.85	44.35
27	4	440	251	6	656	23	39176.4	34.78
27	4	440	251	6	663	16	54917.29	44.19
27	4	440	251	7	670	1	152620.5	111.73
27	4	440	251	7	678	9	155888.89	111.85
27	4	440	251	8	687	1	82746.06	65.61
27	4	440	251	8	702	98	141493.44	97.83
27	4	440	251	8	719	107	76795.94	60.38
27	4	440	251	8	721	108	82234.43	62.75
27	4	440	251	8	722	109	90516.9	67.77
27	4	440	251	8	724	84	68492.82	54.74
27	4	440	251	8	727	110	86258.47	67.09
27	4	440	251	8	729	111	81201.25	63.54
27	4	440	251	8	731	91	93344.6	70.73
27	4	440	251	8	738	18	77853.47	60.67
27	4	440	251	8	741	58	91453.59	72.11
27	4	440	251	8	747	47	84572.42	66.46
27	4	440	251	8	768	16	104198.32	81.82
27	4	440	251	9	783	1	62526.42	50.05
27	4	443	258	1	15	74	224851.98	171.66
27	4	443	258	1	6	1	191368.97	143.8
27	4	443	258	10	811	1	30898.89	30.62
27	4	443	258	10	822	23	38286.96	36.28
27	4	443	258	10	823	3	40212.45	39.05
27	4	443	258	10	825	36	34739.33	33.12
27	4	443	258	10	829	19	39126.94	38.04
27	4	443	258	10	834	5	57514.36	45.32
27	4	443	258	10	838	25	34126.38	34.36
27	4	443	258	10	840	21	26044.32	25.77
27	4	443	258	10	842	43	32540.43	33.56
27	4	443	258	11	847	1	129150.42	113.8
27	4	443	258	12	881	1	54823.66	44.9
27	4	443	258	12	895	91	65500.58	54.74
27	4	443	258	12	902	39	63388.53	52.56
27	4	443	258	12	913	18	58630.82	49.22
27	4	443	258	12	931	11	64156.53	55.36
27	4	443	258	12	933	16	52621.59	42.29
27	4	443	258	13	1134	25	13274.18	11.82
27	4	443	258	13	1136	88	11543.06	11.02
27	4	443	258	13	957	1	23771.24	24.05
27	4	443	258	13	964	63	28310.69	26.95
27	4	443	258	13	967	18	27878.83	26.52
27	4	443	258	13	971	13	23271.84	22.31
27	4	443	258	13	972	28	15521.13	14.23
27	4	443	258	13	980	24	10922.25	11.8
27	4	443	258	13	982	17	13309.9	15.26
27	4	443	258	13	984	27	6123.7	5.56
27	4	443	258	13	985	16	13604.01	12.75
27	4	443	258	13	986	80	16554.61	17.04
27	4	443	258	13	987	62	12899.04	12.74
27	4	443	258	14	1002	1	65419.7	62.48
27	4	443	258	14	1018	6	74373.15	67.78
27	4	443	258	14	1020	5	68718.92	65.5
27	4	443	258	14	1021	20	64294.27	60.43
27	4	443	258	14	1022	27	62574.31	58.93
27	4	443	258	14	1023	21	63935.23	60.12
27	4	443	258	14	1025	24	59171.66	56.51
27	4	443	258	14	1027	19	60324.75	57.69
27	4	443	258	14	1029	14	54975.85	53.12
27	4	443	258	15	1039	1	73397.32	59.56
27	4	443	258	15	1053	60	93944.86	74.28
27	4	443	258	16	1074	1	70461.38	64.72
27	4	443	258	16	1082	17	72343.08	65.89
27	4	443	258	17	1092	1	213991.29	164.16
27	4	443	258	2	100	13	115930.42	91.36
27	4	443	258	2	110	34	100392.19	78.38
27	4	443	258	2	114	29	130776.41	94.31
27	4	443	258	2	118	3	106173.83	82.83
27	4	443	258	2	120	30	92677.67	71.97
27	4	443	258	2	128	61	109102.14	84.46
27	4	443	258	2	130	123	81429.29	64.93
27	4	443	258	2	132	25	85450.79	66.0
27	4	443	258	2	134	4	92194.66	71.56
27	4	443	258	2	142	117	93857.55	72.83
27	4	443	258	2	144	96	80763.93	62.43
27	4	443	258	2	148	90	72529.65	56.83
27	4	443	258	2	149	82	71524.67	55.85
27	4	443	258	2	152	51	62744.46	49.0
27	4	443	258	2	154	10	68815.07	54.05
27	4	443	258	2	155	24	75774.75	58.15
27	4	443	258	2	157	73	82517.96	63.38
27	4	443	258	2	163	87	82790.84	62.48
27	4	443	258	2	74	1	63517.76	52.64
27	4	443	258	2	93	22	151209.57	112.37
27	4	443	258	3	173	1	70897.7	61.84
27	4	443	258	3	196	4	45218.78	35.81
27	4	443	258	3	208	15	57921.17	56.38
27	4	443	258	3	210	61	51706.74	47.28
27	4	443	258	3	213	35	46272.27	39.2
27	4	443	258	3	223	56	37358.98	32.24
27	4	443	258	4	1148	19	13552.9	12.73
27	4	443	258	4	321	1	14804.64	15.16
27	4	443	258	4	422	183	24654.45	21.62
27	4	443	258	4	423	170	17744.3	20.36
27	4	443	258	4	425	62	21992.14	26.19
27	4	443	258	4	426	61	20805.91	26.53
27	4	443	258	4	428	176	10167.79	10.4
27	4	443	258	4	433	214	9015.73	8.1
27	4	443	258	4	440	251	8044.26	7.1
27	4	443	258	4	445	134	3792.15	4.73
27	4	443	258	4	452	35	18539.17	19.05
27	4	443	258	4	453	87	15870.13	15.2
27	4	443	258	4	458	122	24861.76	24.26
27	4	443	258	4	463	98	33997.24	27.61
27	4	443	258	4	464	34	23720.89	22.86
27	4	443	258	4	465	33	20482.68	19.51
27	4	443	258	4	467	65	26631.21	25.61
27	4	443	258	4	470	111	17557.14	18.19
27	4	443	258	4	476	66	31083.79	30.08
27	4	443	258	4	477	67	26557.11	25.84
27	4	443	258	4	479	112	20396.83	21.03
27	4	443	258	4	480	160	22133.76	21.34
27	4	443	258	4	484	146	22890.62	22.01
27	4	443	258	4	485	145	24445.88	23.61
27	4	443	258	4	486	206	25851.85	25.89
27	4	443	258	4	492	59	25728.56	24.81
27	4	443	258	4	494	56	25962.04	25.41
27	4	443	258	4	497	123	37957.61	34.78
27	4	443	258	4	500	264	27771.63	26.28
27	4	443	258	4	501	166	30998.67	32.75
27	4	443	258	4	506	317	37226.77	39.38
27	4	443	258	5	520	1	55404.15	55.26
27	4	443	258	5	538	16	79033.82	74.4
27	4	443	258	5	567	66	68885.73	67.36
27	4	443	258	5	570	52	46954.88	43.58
27	4	443	258	5	573	20	49607.35	46.96
27	4	443	258	5	576	42	64107.88	62.49
27	4	443	258	5	581	25	60710.45	59.09
27	4	443	258	5	586	2	70561.77	69.76
27	4	443	258	5	587	41	64051.37	62.93
27	4	443	258	5	589	17	42453.45	41.5
27	4	443	258	5	590	58	59163.78	58.19
27	4	443	258	5	592	39	43845.52	42.97
27	4	443	258	5	601	4	80219.54	66.83
27	4	443	258	5	602	59	60030.19	59.22
27	4	443	258	6	615	1	46465.89	38.28
27	4	443	258	6	621	32	75822.97	63.29
27	4	443	258	6	631	28	43866.61	44.91
27	4	443	258	6	640	142	66704.73	55.15
27	4	443	258	6	642	44	65255.45	53.54
27	4	443	258	6	645	7	65512.28	53.6
27	4	443	258	6	654	24	49186.31	40.86
27	4	443	258	6	656	23	34282.86	31.29
27	4	443	258	6	663	16	50023.76	40.7
27	4	443	258	7	670	1	147726.96	108.24
27	4	443	258	7	678	9	150995.36	108.36
27	4	443	258	8	687	1	77852.53	62.13
27	4	443	258	8	702	98	136599.91	94.35
27	4	443	258	8	719	107	71902.4	56.89
27	4	443	258	8	721	108	77340.9	59.26
27	4	443	258	8	722	109	85623.36	64.28
27	4	443	258	8	724	84	63599.28	51.25
27	4	443	258	8	727	110	81364.94	63.6
27	4	443	258	8	729	111	76307.71	60.05
27	4	443	258	8	731	91	88451.07	67.24
27	4	443	258	8	738	18	72959.93	57.18
27	4	443	258	8	741	58	86560.06	68.62
27	4	443	258	8	747	47	79678.88	62.98
27	4	443	258	8	768	16	99304.79	78.34
27	4	443	258	9	783	1	57632.89	46.56
27	4	445	134	1	15	74	225765.0	172.28
27	4	445	134	1	6	1	192282.0	144.42
27	4	445	134	10	811	1	31811.92	31.24
27	4	445	134	10	822	23	39199.99	36.91
27	4	445	134	10	823	3	41125.47	39.67
27	4	445	134	10	825	36	35652.36	33.74
27	4	445	134	10	829	19	40039.97	38.66
27	4	445	134	10	834	5	58427.39	45.94
27	4	445	134	10	838	25	35039.4	34.98
27	4	445	134	10	840	21	26957.35	26.4
27	4	445	134	10	842	43	33453.45	34.18
27	4	445	134	11	847	1	130063.44	114.42
27	4	445	134	12	881	1	55736.69	45.52
27	4	445	134	12	895	91	66413.6	55.36
27	4	445	134	12	902	39	64301.56	53.18
27	4	445	134	12	913	18	59543.84	49.85
27	4	445	134	12	931	11	65069.55	55.98
27	4	445	134	12	933	16	53534.61	42.91
27	4	445	134	13	1134	25	14187.21	12.44
27	4	445	134	13	1136	88	12456.08	11.64
27	4	445	134	13	957	1	24684.27	24.67
27	4	445	134	13	964	63	29223.72	27.57
27	4	445	134	13	967	18	28791.85	27.14
27	4	445	134	13	971	13	24184.86	22.93
27	4	445	134	13	972	28	16380.94	14.69
27	4	445	134	13	980	24	11835.28	12.43
27	4	445	134	13	982	17	14222.93	15.89
27	4	445	134	13	984	27	7036.72	6.18
27	4	445	134	13	985	16	14517.04	13.37
27	4	445	134	13	986	80	17467.64	17.66
27	4	445	134	13	987	62	13812.07	13.36
27	4	445	134	14	1002	1	66332.73	63.1
27	4	445	134	14	1018	6	75286.17	68.4
27	4	445	134	14	1020	5	69631.95	66.12
27	4	445	134	14	1021	20	65207.29	61.05
27	4	445	134	14	1022	27	63487.33	59.55
27	4	445	134	14	1023	21	64848.26	60.74
27	4	445	134	14	1025	24	60084.68	57.13
27	4	445	134	14	1027	19	61237.78	58.31
27	4	445	134	14	1029	14	55888.88	53.74
27	4	445	134	15	1039	1	74310.35	60.18
27	4	445	134	15	1053	60	94857.89	74.9
27	4	445	134	16	1074	1	71374.4	65.34
27	4	445	134	16	1082	17	73256.11	66.51
27	4	445	134	17	1092	1	214904.32	164.78
27	4	445	134	2	100	13	116843.44	91.98
27	4	445	134	2	110	34	101305.22	79.01
27	4	445	134	2	114	29	131689.44	94.94
27	4	445	134	2	118	3	107086.85	83.46
27	4	445	134	2	120	30	93590.7	72.59
27	4	445	134	2	128	61	110015.17	85.08
27	4	445	134	2	130	123	82342.32	65.56
27	4	445	134	2	132	25	86363.81	66.62
27	4	445	134	2	134	4	93107.69	72.18
27	4	445	134	2	142	117	94770.57	73.45
27	4	445	134	2	144	96	81676.96	63.06
27	4	445	134	2	148	90	73442.68	57.46
27	4	445	134	2	149	82	72437.7	56.47
27	4	445	134	2	152	51	63657.49	49.62
27	4	445	134	2	154	10	69728.09	54.67
27	4	445	134	2	155	24	76687.77	58.77
27	4	445	134	2	157	73	83430.98	64.0
27	4	445	134	2	163	87	83703.87	63.1
27	4	445	134	2	74	1	64430.79	53.26
27	4	445	134	2	93	22	152122.6	112.99
27	4	445	134	3	173	1	71757.51	62.3
27	4	445	134	3	196	4	46078.59	36.28
27	4	445	134	3	208	15	58780.98	56.84
27	4	445	134	3	210	61	52566.55	47.75
27	4	445	134	3	213	35	47132.08	39.66
27	4	445	134	3	223	56	38218.79	32.71
27	4	445	134	4	1148	19	14465.93	13.35
27	4	445	134	4	321	1	15717.67	15.78
27	4	445	134	4	422	183	25514.26	22.08
27	4	445	134	4	423	170	18604.11	20.83
27	4	445	134	4	425	62	22851.95	26.66
27	4	445	134	4	426	61	21665.72	26.99
27	4	445	134	4	428	176	11027.6	10.86
27	4	445	134	4	433	214	9875.54	8.56
27	4	445	134	4	440	251	8904.07	7.56
27	4	445	134	4	443	258	5479.5	5.04
27	4	445	134	4	445	134	3041.3	2.74
27	4	445	134	4	452	35	19452.19	19.67
27	4	445	134	4	453	87	16783.16	15.82
27	4	445	134	4	458	122	25774.78	24.88
27	4	445	134	4	463	98	34910.27	28.23
27	4	445	134	4	464	34	24633.92	23.48
27	4	445	134	4	465	33	21395.7	20.13
27	4	445	134	4	467	65	27544.24	26.23
27	4	445	134	4	470	111	18470.17	18.81
27	4	445	134	4	476	66	31996.82	30.7
27	4	445	134	4	477	67	27470.14	26.46
27	4	445	134	4	479	112	21309.86	21.65
27	4	445	134	4	480	160	23046.78	21.96
27	4	445	134	4	484	146	23803.65	22.63
27	4	445	134	4	485	145	25358.9	24.23
27	4	445	134	4	486	206	26764.88	26.51
27	4	445	134	4	492	59	26641.59	25.43
27	4	445	134	4	494	56	26875.07	26.04
27	4	445	134	4	497	123	38870.63	35.4
27	4	445	134	4	500	264	28684.65	26.9
27	4	445	134	4	501	166	31911.7	33.37
27	4	445	134	4	506	317	38139.8	40.0
27	4	445	134	5	520	1	56317.18	55.88
27	4	445	134	5	538	16	79946.84	75.02
27	4	445	134	5	567	66	69798.76	67.98
27	4	445	134	5	570	52	47867.91	44.2
27	4	445	134	5	573	20	50520.38	47.59
27	4	445	134	5	576	42	65020.9	63.11
27	4	445	134	5	581	25	61623.48	59.71
27	4	445	134	5	586	2	71474.8	70.38
27	4	445	134	5	587	41	64964.4	63.55
27	4	445	134	5	589	17	43366.48	42.13
27	4	445	134	5	590	58	60076.81	58.82
27	4	445	134	5	592	39	44758.55	43.59
27	4	445	134	5	601	4	81132.57	67.46
27	4	445	134	5	602	59	60943.21	59.85
27	4	445	134	6	615	1	47378.92	38.9
27	4	445	134	6	621	32	76735.99	63.91
27	4	445	134	6	631	28	44779.64	45.54
27	4	445	134	6	640	142	67617.76	55.77
27	4	445	134	6	642	44	66168.47	54.16
27	4	445	134	6	645	7	66425.31	54.22
27	4	445	134	6	654	24	50099.34	41.48
27	4	445	134	6	656	23	35195.89	31.91
27	4	445	134	6	663	16	50936.78	41.32
27	4	445	134	7	670	1	148639.99	108.87
27	4	445	134	7	678	9	151908.38	108.98
27	4	445	134	8	687	1	78765.55	62.75
27	4	445	134	8	702	98	137512.94	94.97
27	4	445	134	8	719	107	72815.43	57.52
27	4	445	134	8	721	108	78253.93	59.88
27	4	445	134	8	722	109	86536.39	64.91
27	4	445	134	8	724	84	64512.31	51.87
27	4	445	134	8	727	110	82277.96	64.22
27	4	445	134	8	729	111	77220.74	60.67
27	4	445	134	8	731	91	89364.09	67.86
27	4	445	134	8	738	18	73872.96	57.81
27	4	445	134	8	741	58	87473.09	69.25
27	4	445	134	8	747	47	80591.91	63.6
27	4	445	134	8	768	16	100217.81	78.96
27	4	445	134	9	783	1	58545.91	47.18
27	4	452	35	1	15	74	229756.64	178.59
27	4	452	35	1	6	1	196273.63	150.73
27	4	452	35	10	811	1	36890.05	34.52
27	4	452	35	10	822	23	44278.12	40.19
27	4	452	35	10	823	3	46203.6	42.95
27	4	452	35	10	825	36	40730.49	37.03
27	4	452	35	10	829	19	43602.58	39.8
27	4	452	35	10	834	5	37837.65	32.35
27	4	452	35	10	838	25	40117.53	38.26
27	4	452	35	10	840	21	32035.48	29.68
27	4	452	35	10	842	43	36026.41	33.73
27	4	452	35	11	847	1	134055.08	120.73
27	4	452	35	12	881	1	59728.32	51.82
27	4	452	35	12	895	91	70405.24	61.66
27	4	452	35	12	902	39	68293.19	59.48
27	4	452	35	12	913	18	63535.48	56.15
27	4	452	35	12	931	11	69061.19	62.29
27	4	452	35	12	933	16	57526.25	49.21
27	4	452	35	13	1134	25	11754.9	11.62
27	4	452	35	13	1136	88	13012.82	13.33
27	4	452	35	13	957	1	29762.4	27.96
27	4	452	35	13	964	63	34301.85	30.85
27	4	452	35	13	967	18	33869.98	30.42
27	4	452	35	13	971	13	29262.99	26.22
27	4	452	35	13	972	28	26815.55	24.15
27	4	452	35	13	980	24	16913.41	15.71
27	4	452	35	13	982	17	16869.73	17.29
27	4	452	35	13	984	27	12773.34	13.62
27	4	452	35	13	985	16	6664.23	7.26
27	4	452	35	13	986	80	4278.68	4.91
27	4	452	35	13	987	62	6344.78	7.08
27	4	452	35	14	1002	1	66991.14	55.89
27	4	452	35	14	1018	6	72391.65	61.4
27	4	452	35	14	1020	5	70290.35	58.91
27	4	452	35	14	1021	20	65865.7	53.84
27	4	452	35	14	1022	27	64145.74	52.34
27	4	452	35	14	1023	21	64005.94	53.49
27	4	452	35	14	1025	24	60743.09	49.92
27	4	452	35	14	1027	19	59347.01	49.54
27	4	452	35	14	1029	14	59246.87	49.04
27	4	452	35	15	1039	1	62071.99	64.78
27	4	452	35	15	1053	60	82619.53	79.5
27	4	452	35	16	1074	1	63931.01	60.57
27	4	452	35	16	1082	17	65812.71	61.74
27	4	452	35	17	1092	1	218895.95	171.09
27	4	452	35	2	100	13	100384.6	79.78
27	4	452	35	2	110	34	84846.38	66.81
27	4	452	35	2	114	29	115230.59	82.74
27	4	452	35	2	118	3	90628.01	71.26
27	4	452	35	2	120	30	77131.86	60.39
27	4	452	35	2	128	61	93556.32	72.88
27	4	452	35	2	130	123	65883.48	53.36
27	4	452	35	2	132	25	69904.97	54.42
27	4	452	35	2	134	4	76648.85	59.98
27	4	452	35	2	142	117	78311.73	61.25
27	4	452	35	2	144	96	65218.12	50.86
27	4	452	35	2	148	90	56983.83	45.26
27	4	452	35	2	149	82	48731.13	44.12
27	4	452	35	2	152	51	47198.65	37.42
27	4	452	35	2	154	10	53269.25	42.47
27	4	452	35	2	155	24	60228.93	46.57
27	4	452	35	2	157	73	66972.14	51.8
27	4	452	35	2	163	87	67245.02	50.9
27	4	452	35	2	74	1	47971.95	41.07
27	4	452	35	2	93	22	135663.75	100.79
27	4	452	35	3	173	1	88688.45	79.96
27	4	452	35	3	196	4	63009.54	53.93
27	4	452	35	3	208	15	75711.92	74.5
27	4	452	35	3	210	61	69497.49	65.4
27	4	452	35	3	213	35	64063.03	57.32
27	4	452	35	3	223	56	55149.74	50.36
27	4	452	35	4	1148	19	15939.28	17.4
27	4	452	35	4	321	1	9598.38	12.05
27	4	452	35	4	422	183	42445.2	39.74
27	4	452	35	4	423	170	35535.06	38.48
27	4	452	35	4	425	62	39782.9	44.31
27	4	452	35	4	426	61	38596.66	44.65
27	4	452	35	4	428	176	27958.54	28.52
27	4	452	35	4	433	214	26806.48	26.22
27	4	452	35	4	440	251	25835.01	25.22
27	4	452	35	4	443	258	22410.45	22.7
27	4	452	35	4	445	134	17529.47	18.85
27	4	452	35	4	453	87	5483.8	5.81
27	4	452	35	4	458	122	13914.34	14.52
27	4	452	35	4	463	98	18451.42	16.03
27	4	452	35	4	464	34	12773.48	13.11
27	4	452	35	4	465	33	9535.26	9.76
27	4	452	35	4	467	65	18338.62	19.25
27	4	452	35	4	470	111	11125.02	11.84
27	4	452	35	4	476	66	22791.2	23.72
27	4	452	35	4	477	67	18264.52	19.48
27	4	452	35	4	479	112	13964.7	14.68
27	4	452	35	4	480	160	13841.17	14.98
27	4	452	35	4	484	146	16360.25	17.85
27	4	452	35	4	485	145	17915.51	19.45
27	4	452	35	4	486	206	19321.48	21.74
27	4	452	35	4	492	59	17435.97	18.45
27	4	452	35	4	494	56	17669.45	19.06
27	4	452	35	4	497	123	29665.02	28.42
27	4	452	35	4	500	264	21241.26	22.13
27	4	452	35	4	501	166	24468.3	28.6
27	4	452	35	4	506	317	30696.4	35.23
27	4	452	35	5	520	1	50644.15	44.53
27	4	452	35	5	538	16	74894.5	63.91
27	4	452	35	5	567	66	62104.02	54.69
27	4	452	35	5	570	52	52946.04	47.48
27	4	452	35	5	573	20	49006.1	42.22
27	4	452	35	5	576	42	57326.17	49.82
27	4	452	35	5	581	25	53928.74	46.42
27	4	452	35	5	586	2	63531.04	56.94
27	4	452	35	5	587	41	57269.66	50.26
27	4	452	35	5	589	17	51776.26	45.12
27	4	452	35	5	590	58	52382.07	45.52
27	4	452	35	5	592	39	51207.07	44.48
27	4	452	35	5	601	4	60542.83	53.87
27	4	452	35	5	602	59	53248.48	46.55
27	4	452	35	6	615	1	26789.18	25.31
27	4	452	35	6	621	32	56146.26	50.32
27	4	452	35	6	631	28	35971.73	33.67
27	4	452	35	6	640	142	47028.02	42.18
27	4	452	35	6	642	44	45578.73	40.57
27	4	452	35	6	645	7	45835.57	40.64
27	4	452	35	6	654	24	29509.6	27.89
27	4	452	35	6	656	23	29455.4	26.65
27	4	452	35	6	663	16	34477.94	29.13
27	4	452	35	7	670	1	152631.62	115.17
27	4	452	35	7	678	9	155900.02	115.29
27	4	452	35	8	687	1	62306.71	50.55
27	4	452	35	8	702	98	121054.09	82.77
27	4	452	35	8	719	107	56356.58	45.32
27	4	452	35	8	721	108	61795.08	47.68
27	4	452	35	8	722	109	70077.54	52.71
27	4	452	35	8	724	84	48053.47	39.67
27	4	452	35	8	727	110	65819.12	52.02
27	4	452	35	8	729	111	60761.89	48.47
27	4	452	35	8	731	91	72905.25	55.66
27	4	452	35	8	738	18	57414.11	45.61
27	4	452	35	8	741	58	71014.24	57.05
27	4	452	35	8	747	47	64133.06	51.4
27	4	452	35	8	768	16	83758.97	66.76
27	4	452	35	9	783	1	50762.67	51.47
27	4	453	87	1	15	74	226919.13	174.6
27	4	453	87	1	6	1	193436.13	146.74
27	4	453	87	10	811	1	34052.54	30.54
27	4	453	87	10	822	23	41440.61	36.2
27	4	453	87	10	823	3	43366.1	38.96
27	4	453	87	10	825	36	37892.98	33.04
27	4	453	87	10	829	19	42280.59	37.96
27	4	453	87	10	834	5	42326.95	32.76
27	4	453	87	10	838	25	37280.03	34.28
27	4	453	87	10	840	21	29197.97	25.69
27	4	453	87	10	842	43	35694.08	33.48
27	4	453	87	11	847	1	131217.57	116.74
27	4	453	87	12	881	1	56890.81	47.84
27	4	453	87	12	895	91	67567.73	57.68
27	4	453	87	12	902	39	65455.68	55.5
27	4	453	87	12	913	18	60697.97	52.17
27	4	453	87	12	931	11	66223.68	58.3
27	4	453	87	12	933	16	54688.74	45.23
27	4	453	87	13	1134	25	8917.39	7.64
27	4	453	87	13	1136	88	10175.31	9.34
27	4	453	87	13	957	1	26924.89	23.97
27	4	453	87	13	964	63	31464.34	26.87
27	4	453	87	13	967	18	31032.48	26.44
27	4	453	87	13	971	13	26425.48	22.23
27	4	453	87	13	972	28	23978.05	20.17
27	4	453	87	13	980	24	14075.9	11.72
27	4	453	87	13	982	17	14032.22	13.3
27	4	453	87	13	984	27	9935.83	9.64
27	4	453	87	13	985	16	3826.72	3.28
27	4	453	87	13	986	80	3715.92	4.43
27	4	453	87	13	987	62	3507.27	3.09
27	4	453	87	14	1002	1	71480.43	56.3
27	4	453	87	14	1018	6	76880.95	61.81
27	4	453	87	14	1020	5	74779.65	59.32
27	4	453	87	14	1021	20	70355.0	54.25
27	4	453	87	14	1022	27	68635.04	52.76
27	4	453	87	14	1023	21	68495.24	53.91
27	4	453	87	14	1025	24	65232.39	50.34
27	4	453	87	14	1027	19	63836.3	49.95
27	4	453	87	14	1029	14	63736.17	49.45
27	4	453	87	15	1039	1	59234.48	60.79
27	4	453	87	15	1053	60	79782.02	75.51
27	4	453	87	16	1074	1	61093.5	56.58
27	4	453	87	16	1082	17	62975.2	57.75
27	4	453	87	17	1092	1	216058.44	167.1
27	4	453	87	2	100	13	100743.0	78.8
27	4	453	87	2	110	34	85204.78	65.83
27	4	453	87	2	114	29	115589.0	81.76
27	4	453	87	2	118	3	90986.41	70.28
27	4	453	87	2	120	30	77490.26	59.42
27	4	453	87	2	128	61	93914.73	71.91
27	4	453	87	2	130	123	66241.88	52.38
27	4	453	87	2	132	25	70263.37	53.45
27	4	453	87	2	134	4	77007.25	59.01
27	4	453	87	2	142	117	78670.13	60.28
27	4	453	87	2	144	96	65576.52	49.88
27	4	453	87	2	148	90	57342.24	44.28
27	4	453	87	2	149	82	56337.26	43.3
27	4	453	87	2	152	51	47557.05	36.45
27	4	453	87	2	154	10	53627.65	41.49
27	4	453	87	2	155	24	60587.33	45.6
27	4	453	87	2	157	73	67330.54	50.82
27	4	453	87	2	163	87	67603.43	49.93
27	4	453	87	2	74	1	48330.35	40.09
27	4	453	87	2	93	22	136022.16	99.81
27	4	453	87	3	173	1	85850.94	75.97
27	4	453	87	3	196	4	60172.03	49.95
27	4	453	87	3	208	15	72874.41	70.51
27	4	453	87	3	210	61	66659.98	61.42
27	4	453	87	3	213	35	61225.52	53.34
27	4	453	87	3	223	56	52312.23	46.38
27	4	453	87	4	1148	19	13101.77	13.42
27	4	453	87	4	321	1	6760.88	8.06
27	4	453	87	4	422	183	39607.69	35.75
27	4	453	87	4	423	170	32697.55	34.5
27	4	453	87	4	425	62	36945.39	40.33
27	4	453	87	4	426	61	35759.15	40.66
27	4	453	87	4	428	176	25121.03	24.53
27	4	453	87	4	433	214	23968.97	22.23
27	4	453	87	4	440	251	22997.5	21.23
27	4	453	87	4	443	258	19572.94	18.71
27	4	453	87	4	445	134	14691.96	14.87
27	4	453	87	4	452	35	5700.47	6.45
27	4	453	87	4	458	122	10469.59	10.71
27	4	453	87	4	463	98	18809.83	15.05
27	4	453	87	4	464	34	9328.73	9.31
27	4	453	87	4	465	33	6090.51	5.96
27	4	453	87	4	467	65	15501.12	15.26
27	4	453	87	4	470	111	8287.51	7.85
27	4	453	87	4	476	66	19953.69	19.73
27	4	453	87	4	477	67	15427.01	15.5
27	4	453	87	4	479	112	11127.2	10.69
27	4	453	87	4	480	160	11003.66	10.99
27	4	453	87	4	484	146	13522.74	13.87
27	4	453	87	4	485	145	15078.0	15.47
27	4	453	87	4	486	206	16483.98	17.75
27	4	453	87	4	492	59	14598.46	14.46
27	4	453	87	4	494	56	14831.94	15.07
27	4	453	87	4	497	123	26827.51	24.43
27	4	453	87	4	500	264	18403.75	18.14
27	4	453	87	4	501	166	21630.8	24.61
27	4	453	87	4	506	317	27858.89	31.24
27	4	453	87	5	520	1	55133.45	44.94
27	4	453	87	5	538	16	79383.8	64.32
27	4	453	87	5	567	66	66593.32	55.1
27	4	453	87	5	570	52	50108.53	43.5
27	4	453	87	5	573	20	53495.4	42.64
27	4	453	87	5	576	42	61815.47	50.24
27	4	453	87	5	581	25	58418.04	46.83
27	4	453	87	5	586	2	68020.34	57.35
27	4	453	87	5	587	41	61758.96	50.67
27	4	453	87	5	589	17	45607.1	41.42
27	4	453	87	5	590	58	56871.37	45.94
27	4	453	87	5	592	39	46999.17	42.88
27	4	453	87	5	601	4	65032.13	54.28
27	4	453	87	5	602	59	57737.78	46.97
27	4	453	87	6	615	1	31278.48	25.72
27	4	453	87	6	621	32	60635.55	50.74
27	4	453	87	6	631	28	40461.03	34.08
27	4	453	87	6	640	142	51517.32	42.6
27	4	453	87	6	642	44	50068.03	40.99
27	4	453	87	6	645	7	50324.87	41.05
27	4	453	87	6	654	24	33998.9	28.31
27	4	453	87	6	656	23	33944.69	27.07
27	4	453	87	6	663	16	34836.34	28.15
27	4	453	87	7	670	1	149794.12	111.19
27	4	453	87	7	678	9	153062.51	111.3
27	4	453	87	8	687	1	62665.11	49.57
27	4	453	87	8	702	98	121412.49	81.79
27	4	453	87	8	719	107	56714.99	44.34
27	4	453	87	8	721	108	62153.48	46.71
27	4	453	87	8	722	109	70435.95	51.73
27	4	453	87	8	724	84	48411.87	38.7
27	4	453	87	8	727	110	66177.52	51.05
27	4	453	87	8	729	111	61120.3	47.5
27	4	453	87	8	731	91	73263.65	54.69
27	4	453	87	8	738	18	57772.52	44.63
27	4	453	87	8	741	58	71372.64	56.07
27	4	453	87	8	747	47	64491.47	50.42
27	4	453	87	8	768	16	84117.37	65.78
27	4	453	87	9	783	1	47925.16	47.49
27	4	458	122	1	15	74	231744.42	177.09
27	4	458	122	1	6	1	198261.42	149.23
27	4	458	122	10	811	1	41103.72	36.67
27	4	458	122	10	822	23	48491.79	42.33
27	4	458	122	10	823	3	49544.65	42.42
27	4	458	122	10	825	36	44944.16	39.17
27	4	458	122	10	829	19	45821.89	38.39
27	4	458	122	10	834	5	40056.96	30.94
27	4	458	122	10	838	25	43771.44	37.16
27	4	458	122	10	840	21	36249.15	31.82
27	4	458	122	10	842	43	38245.73	32.31
27	4	458	122	11	847	1	136042.86	119.23
27	4	458	122	12	881	1	61716.1	50.33
27	4	458	122	12	895	91	72393.02	60.17
27	4	458	122	12	902	39	70280.97	57.99
27	4	458	122	12	913	18	65523.26	54.66
27	4	458	122	12	931	11	71048.97	60.8
27	4	458	122	12	933	16	59514.03	47.72
27	4	458	122	13	1134	25	15968.57	13.77
27	4	458	122	13	1136	88	17226.49	15.47
27	4	458	122	13	957	1	33976.07	30.1
27	4	458	122	13	964	63	38515.52	33.0
27	4	458	122	13	967	18	38083.65	32.57
27	4	458	122	13	971	13	33476.66	28.36
27	4	458	122	13	972	28	31029.22	26.3
27	4	458	122	13	980	24	21127.08	17.85
27	4	458	122	13	982	17	21083.4	19.43
27	4	458	122	13	984	27	16477.26	14.81
27	4	458	122	13	985	16	10877.9	9.41
27	4	458	122	13	986	80	9144.2	8.88
27	4	458	122	13	987	62	10558.45	9.22
27	4	458	122	14	1002	1	69210.45	54.47
27	4	458	122	14	1018	6	74610.96	59.99
27	4	458	122	14	1020	5	72509.67	57.49
27	4	458	122	14	1021	20	68085.02	52.42
27	4	458	122	14	1022	27	66365.06	50.93
27	4	458	122	14	1023	21	66225.26	52.08
27	4	458	122	14	1025	24	62962.41	48.51
27	4	458	122	14	1027	19	61566.32	48.13
27	4	458	122	14	1029	14	61466.19	47.62
27	4	458	122	15	1039	1	63845.58	63.08
27	4	458	122	15	1053	60	84393.11	77.8
27	4	458	122	16	1074	1	65704.59	58.87
27	4	458	122	16	1082	17	67586.3	60.04
27	4	458	122	17	1092	1	220883.73	169.59
27	4	458	122	2	100	13	98473.02	76.97
27	4	458	122	2	110	34	82934.8	64.0
27	4	458	122	2	114	29	113319.01	79.93
27	4	458	122	2	118	3	88716.43	68.45
27	4	458	122	2	120	30	75220.28	57.59
27	4	458	122	2	128	61	91644.75	70.08
27	4	458	122	2	130	123	63971.9	50.55
27	4	458	122	2	132	25	67993.39	51.62
27	4	458	122	2	134	4	74737.27	57.18
27	4	458	122	2	142	117	76400.15	58.45
27	4	458	122	2	144	96	63306.54	48.05
27	4	458	122	2	148	90	55072.26	42.45
27	4	458	122	2	149	82	54067.28	41.47
27	4	458	122	2	152	51	45287.07	34.62
27	4	458	122	2	154	10	51357.67	39.66
27	4	458	122	2	155	24	58317.35	43.77
27	4	458	122	2	157	73	65060.56	48.99
27	4	458	122	2	163	87	65333.45	48.1
27	4	458	122	2	74	1	46060.37	38.26
27	4	458	122	2	93	22	133752.17	97.99
27	4	458	122	3	173	1	90692.06	78.57
27	4	458	122	3	196	4	65013.15	52.54
27	4	458	122	3	208	15	77715.53	73.11
27	4	458	122	3	210	61	71501.1	64.01
27	4	458	122	3	213	35	66066.63	55.93
27	4	458	122	3	223	56	57153.34	48.97
27	4	458	122	4	1148	19	17942.89	16.01
27	4	458	122	4	321	1	11588.42	10.87
27	4	458	122	4	422	183	44448.81	38.35
27	4	458	122	4	423	170	37538.66	37.09
27	4	458	122	4	425	62	41786.5	42.92
27	4	458	122	4	426	61	40600.27	43.26
27	4	458	122	4	428	176	29962.15	27.13
27	4	458	122	4	433	214	28810.09	24.83
27	4	458	122	4	440	251	27838.62	23.83
27	4	458	122	4	443	258	24414.06	21.31
27	4	458	122	4	445	134	19533.08	17.46
27	4	458	122	4	452	35	10086.28	9.48
27	4	458	122	4	453	87	8081.63	6.66
27	4	458	122	4	463	98	16539.84	13.22
27	4	458	122	4	464	34	2548.36	3.24
27	4	458	122	4	465	33	4378.12	4.21
27	4	458	122	4	467	65	17014.97	15.62
27	4	458	122	4	470	111	9801.37	8.21
27	4	458	122	4	476	66	21467.55	20.09
27	4	458	122	4	477	67	16940.87	15.85
27	4	458	122	4	479	112	12641.05	11.05
27	4	458	122	4	480	160	12517.52	11.35
27	4	458	122	4	484	146	18133.84	16.16
27	4	458	122	4	485	145	19689.1	17.76
27	4	458	122	4	486	206	21095.07	20.04
27	4	458	122	4	492	59	16112.32	14.82
27	4	458	122	4	494	56	16345.8	15.43
27	4	458	122	4	497	123	28341.36	24.79
27	4	458	122	4	500	264	23014.84	20.43
27	4	458	122	4	501	166	26241.89	26.9
27	4	458	122	4	506	317	32469.99	33.53
27	4	458	122	5	520	1	52863.47	43.11
27	4	458	122	5	538	16	77113.82	62.49
27	4	458	122	5	567	66	64323.34	53.27
27	4	458	122	5	570	52	57652.0	46.76
27	4	458	122	5	573	20	51225.41	40.81
27	4	458	122	5	576	42	59545.48	48.41
27	4	458	122	5	581	25	56148.06	45.0
27	4	458	122	5	586	2	65750.36	55.52
27	4	458	122	5	587	41	59488.98	48.84
27	4	458	122	5	589	17	53995.57	43.71
27	4	458	122	5	590	58	54601.39	44.11
27	4	458	122	5	592	39	53426.39	43.07
27	4	458	122	5	601	4	62762.15	52.45
27	4	458	122	5	602	59	55467.8	45.14
27	4	458	122	6	615	1	29008.49	23.89
27	4	458	122	6	621	32	58365.57	48.91
27	4	458	122	6	631	28	38191.05	32.26
27	4	458	122	6	640	142	49247.33	40.77
27	4	458	122	6	642	44	47798.05	39.16
27	4	458	122	6	645	7	48054.88	39.22
27	4	458	122	6	654	24	31728.92	26.48
27	4	458	122	6	656	23	31674.71	25.24
27	4	458	122	6	663	16	32566.36	26.32
27	4	458	122	7	670	1	154619.41	113.68
27	4	458	122	7	678	9	157887.8	113.8
27	4	458	122	8	687	1	60395.13	47.74
27	4	458	122	8	702	98	119142.51	79.97
27	4	458	122	8	719	107	54445.01	42.51
27	4	458	122	8	721	108	59883.5	44.88
27	4	458	122	8	722	109	68165.96	49.9
27	4	458	122	8	724	84	46141.89	36.87
27	4	458	122	8	727	110	63907.54	49.22
27	4	458	122	8	729	111	58850.31	45.67
27	4	458	122	8	731	91	70993.67	52.86
27	4	458	122	8	738	18	55502.53	42.8
27	4	458	122	8	741	58	69102.66	54.24
27	4	458	122	8	747	47	62221.48	48.59
27	4	458	122	8	768	16	81847.39	63.95
27	4	458	122	9	783	1	52536.26	49.78
27	4	463	98	1	15	74	236845.85	181.31
27	4	463	98	1	6	1	203362.84	153.45
27	4	463	98	10	811	1	41944.28	39.66
27	4	463	98	10	822	23	48115.62	45.33
27	4	463	98	10	823	3	44380.75	40.93
27	4	463	98	10	825	36	46087.69	42.01
27	4	463	98	10	829	19	40657.99	36.9
27	4	463	98	10	834	5	34893.06	29.44
27	4	463	98	10	838	25	38607.53	35.67
27	4	463	98	10	840	21	37403.18	35.69
27	4	463	98	10	842	43	33081.82	30.82
27	4	463	98	11	847	1	141144.29	123.45
27	4	463	98	12	881	1	66817.53	54.55
27	4	463	98	12	895	91	77494.45	64.39
27	4	463	98	12	902	39	75382.4	62.21
27	4	463	98	12	913	18	70624.69	58.88
27	4	463	98	12	931	11	76150.4	65.01
27	4	463	98	12	933	16	64615.46	51.94
27	4	463	98	13	1134	25	21071.55	18.07
27	4	463	98	13	1136	88	22329.47	19.78
27	4	463	98	13	957	1	35130.11	33.97
27	4	463	98	13	964	63	39669.55	36.87
27	4	463	98	13	967	18	39237.69	36.44
27	4	463	98	13	971	13	34630.7	32.23
27	4	463	98	13	972	28	32183.26	30.17
27	4	463	98	13	980	24	22281.11	21.72
27	4	463	98	13	982	17	26186.38	23.74
27	4	463	98	13	984	27	21578.69	19.03
27	4	463	98	13	985	16	15980.88	13.71
27	4	463	98	13	986	80	14243.62	13.18
27	4	463	98	13	987	62	15661.43	13.52
27	4	463	98	14	1002	1	64046.54	52.98
27	4	463	98	14	1018	6	69447.06	58.49
27	4	463	98	14	1020	5	67345.76	56.0
27	4	463	98	14	1021	20	62921.11	50.93
27	4	463	98	14	1022	27	61201.15	49.44
27	4	463	98	14	1023	21	61061.35	50.59
27	4	463	98	14	1025	24	57798.5	47.02
27	4	463	98	14	1027	19	56402.41	46.63
27	4	463	98	14	1029	14	56302.28	46.13
27	4	463	98	15	1039	1	68947.01	67.3
27	4	463	98	15	1053	60	89494.54	82.02
27	4	463	98	16	1074	1	70806.02	63.09
27	4	463	98	16	1082	17	72687.73	64.26
27	4	463	98	17	1092	1	225985.16	173.81
27	4	463	98	2	100	13	93308.99	75.57
27	4	463	98	2	110	34	77770.77	62.59
27	4	463	98	2	114	29	108154.98	78.52
27	4	463	98	2	118	3	83552.4	67.04
27	4	463	98	2	120	30	70056.24	56.18
27	4	463	98	2	128	61	86480.71	68.67
27	4	463	98	2	130	123	58807.86	49.14
27	4	463	98	2	132	25	62829.36	50.21
27	4	463	98	2	134	4	69573.23	55.77
27	4	463	98	2	142	117	71236.12	57.04
27	4	463	98	2	144	96	58142.5	46.64
27	4	463	98	2	148	90	49908.22	41.04
27	4	463	98	2	149	82	48903.25	40.06
27	4	463	98	2	152	51	40123.04	33.21
27	4	463	98	2	154	10	46193.64	38.26
27	4	463	98	2	155	24	53153.32	42.36
27	4	463	98	2	157	73	59896.53	47.59
27	4	463	98	2	163	87	60169.41	46.69
27	4	463	98	2	74	1	40896.33	36.85
27	4	463	98	2	93	22	128588.14	96.58
27	4	463	98	3	173	1	95793.49	82.79
27	4	463	98	3	196	4	70114.57	56.76
27	4	463	98	3	208	15	82816.96	77.33
27	4	463	98	3	210	61	76602.53	68.23
27	4	463	98	3	213	35	71168.06	60.15
27	4	463	98	3	223	56	62254.77	53.19
27	4	463	98	4	1148	19	23044.32	20.23
27	4	463	98	4	321	1	16689.84	15.09
27	4	463	98	4	422	183	49550.24	42.57
27	4	463	98	4	423	170	42640.09	41.31
27	4	463	98	4	425	62	46887.93	47.14
27	4	463	98	4	426	61	45701.7	47.48
27	4	463	98	4	428	176	35063.58	31.35
27	4	463	98	4	433	214	33911.52	29.05
27	4	463	98	4	440	251	32940.05	28.05
27	4	463	98	4	443	258	29515.48	25.53
27	4	463	98	4	445	134	24634.51	21.68
27	4	463	98	4	452	35	15185.71	13.78
27	4	463	98	4	453	87	13184.61	10.96
27	4	463	98	4	458	122	5152.25	4.41
27	4	463	98	4	464	34	4859.37	4.35
27	4	463	98	4	465	33	8097.59	7.7
27	4	463	98	4	467	65	22117.95	19.92
27	4	463	98	4	470	111	14904.35	12.51
27	4	463	98	4	476	66	17702.23	17.65
27	4	463	98	4	477	67	22043.85	20.16
27	4	463	98	4	479	112	17744.03	15.35
27	4	463	98	4	480	160	17620.5	15.65
27	4	463	98	4	484	146	23235.27	20.37
27	4	463	98	4	485	145	24790.52	21.98
27	4	463	98	4	486	206	26196.5	24.26
27	4	463	98	4	492	59	21215.3	19.12
27	4	463	98	4	494	56	21448.78	19.73
27	4	463	98	4	497	123	27856.35	24.55
27	4	463	98	4	500	264	28116.27	24.65
27	4	463	98	4	501	166	31343.32	31.12
27	4	463	98	4	506	317	37571.42	37.75
27	4	463	98	5	520	1	47699.56	41.62
27	4	463	98	5	538	16	71949.91	61.0
27	4	463	98	5	567	66	59159.43	51.78
27	4	463	98	5	570	52	52488.1	45.27
27	4	463	98	5	573	20	46061.51	39.32
27	4	463	98	5	576	42	54381.58	46.92
27	4	463	98	5	581	25	50984.15	43.51
27	4	463	98	5	586	2	60586.45	54.03
27	4	463	98	5	587	41	54325.07	47.35
27	4	463	98	5	589	17	48831.67	42.22
27	4	463	98	5	590	58	49437.48	42.62
27	4	463	98	5	592	39	48262.48	41.58
27	4	463	98	5	601	4	57598.24	50.96
27	4	463	98	5	602	59	50303.89	43.65
27	4	463	98	6	615	1	23844.59	22.4
27	4	463	98	6	621	32	53201.66	47.42
27	4	463	98	6	631	28	33027.14	30.76
27	4	463	98	6	640	142	44083.43	39.28
27	4	463	98	6	642	44	42634.14	37.67
27	4	463	98	6	645	7	42890.98	37.73
27	4	463	98	6	654	24	26565.01	24.99
27	4	463	98	6	656	23	26510.81	23.75
27	4	463	98	6	663	16	27402.33	24.91
27	4	463	98	7	670	1	159720.83	117.9
27	4	463	98	7	678	9	162989.23	118.02
27	4	463	98	8	687	1	55231.1	46.34
27	4	463	98	8	702	98	113978.48	78.56
27	4	463	98	8	719	107	49280.97	41.1
27	4	463	98	8	721	108	54719.47	43.47
27	4	463	98	8	722	109	63001.93	48.49
27	4	463	98	8	724	84	40977.86	35.46
27	4	463	98	8	727	110	58743.51	47.81
27	4	463	98	8	729	111	53686.28	44.26
27	4	463	98	8	731	91	65829.64	51.45
27	4	463	98	8	738	18	50338.5	41.39
27	4	463	98	8	741	58	63938.63	52.83
27	4	463	98	8	747	47	57057.45	47.19
27	4	463	98	8	768	16	76683.36	62.54
27	4	463	98	9	783	1	57637.69	54.0
27	4	464	34	1	15	74	233196.75	178.66
27	4	464	34	1	6	1	199713.74	150.81
27	4	464	34	10	811	1	42557.6	38.32
27	4	464	34	10	822	23	49945.67	43.99
27	4	464	34	10	823	3	50994.98	44.08
27	4	464	34	10	825	36	46398.04	40.83
27	4	464	34	10	829	19	47272.22	40.05
27	4	464	34	10	834	5	41507.29	32.59
27	4	464	34	10	838	25	45221.76	38.82
27	4	464	34	10	840	21	37703.03	33.48
27	4	464	34	10	842	43	39696.05	33.97
27	4	464	34	11	847	1	137495.19	120.8
27	4	464	34	12	881	1	63168.43	51.9
27	4	464	34	12	895	91	73845.35	61.74
27	4	464	34	12	902	39	71733.3	59.56
27	4	464	34	12	913	18	66975.59	56.23
27	4	464	34	12	931	11	72501.3	62.37
27	4	464	34	12	933	16	60966.36	49.29
27	4	464	34	13	1134	25	17422.45	15.42
27	4	464	34	13	1136	88	18680.37	17.13
27	4	464	34	13	957	1	35429.95	31.76
27	4	464	34	13	964	63	39969.4	34.66
27	4	464	34	13	967	18	39537.53	34.22
27	4	464	34	13	971	13	34930.54	30.02
27	4	464	34	13	972	28	32483.1	27.96
27	4	464	34	13	980	24	22580.96	19.51
27	4	464	34	13	982	17	22537.28	21.09
27	4	464	34	13	984	27	17929.59	16.38
27	4	464	34	13	985	16	12331.78	11.06
27	4	464	34	13	986	80	10594.52	10.54
27	4	464	34	13	987	62	12012.33	10.88
27	4	464	34	14	1002	1	70660.77	56.13
27	4	464	34	14	1018	6	76061.29	61.64
27	4	464	34	14	1020	5	73959.99	59.15
27	4	464	34	14	1021	20	69535.34	54.08
27	4	464	34	14	1022	27	67815.38	52.59
27	4	464	34	14	1023	21	67675.58	53.74
27	4	464	34	14	1025	24	64412.73	50.17
27	4	464	34	14	1027	19	63016.64	49.78
27	4	464	34	14	1029	14	62916.51	49.28
27	4	464	34	15	1039	1	65297.91	64.65
27	4	464	34	15	1053	60	85845.44	79.37
27	4	464	34	16	1074	1	67156.92	60.44
27	4	464	34	16	1082	17	69038.62	61.61
27	4	464	34	17	1092	1	222336.06	171.16
27	4	464	34	2	100	13	99923.34	78.63
27	4	464	34	2	110	34	84385.12	65.66
27	4	464	34	2	114	29	114769.34	81.59
27	4	464	34	2	118	3	90166.75	70.11
27	4	464	34	2	120	30	76670.6	59.25
27	4	464	34	2	128	61	93095.07	71.74
27	4	464	34	2	130	123	65422.22	52.21
27	4	464	34	2	132	25	69443.71	53.28
27	4	464	34	2	134	4	76187.59	58.84
27	4	464	34	2	142	117	77850.47	60.11
27	4	464	34	2	144	96	64756.86	49.71
27	4	464	34	2	148	90	56522.58	44.11
27	4	464	34	2	149	82	55517.6	43.13
27	4	464	34	2	152	51	46737.39	36.28
27	4	464	34	2	154	10	52807.99	41.32
27	4	464	34	2	155	24	59767.67	45.43
27	4	464	34	2	157	73	66510.88	50.65
27	4	464	34	2	163	87	66783.77	49.76
27	4	464	34	2	74	1	47510.69	39.92
27	4	464	34	2	93	22	135202.5	99.65
27	4	464	34	3	173	1	92144.39	80.14
27	4	464	34	3	196	4	66465.47	54.11
27	4	464	34	3	208	15	79167.86	74.68
27	4	464	34	3	210	61	72953.43	65.58
27	4	464	34	3	213	35	67518.96	57.5
27	4	464	34	3	223	56	58605.67	50.55
27	4	464	34	4	1148	19	19395.22	17.59
27	4	464	34	4	321	1	13040.74	12.44
27	4	464	34	4	422	183	45901.14	39.92
27	4	464	34	4	423	170	38990.99	38.66
27	4	464	34	4	425	62	43238.83	44.5
27	4	464	34	4	426	61	42052.6	44.83
27	4	464	34	4	428	176	31414.48	28.7
27	4	464	34	4	433	214	30262.42	26.4
27	4	464	34	4	440	251	29290.95	25.4
27	4	464	34	4	443	258	25866.38	22.88
27	4	464	34	4	445	134	20985.41	19.03
27	4	464	34	4	452	35	11536.61	11.14
27	4	464	34	4	453	87	9535.51	8.32
27	4	464	34	4	458	122	1503.15	1.77
27	4	464	34	4	463	98	17990.17	14.88
27	4	464	34	4	465	33	3238.22	3.35
27	4	464	34	4	467	65	18468.85	17.28
27	4	464	34	4	470	111	11255.25	9.87
27	4	464	34	4	476	66	22921.43	21.75
27	4	464	34	4	477	67	18394.75	17.51
27	4	464	34	4	479	112	14094.93	12.7
27	4	464	34	4	480	160	13971.4	13.01
27	4	464	34	4	484	146	19586.17	17.73
27	4	464	34	4	485	145	21141.42	19.33
27	4	464	34	4	486	206	22547.4	21.61
27	4	464	34	4	492	59	17566.2	16.48
27	4	464	34	4	494	56	17799.68	17.08
27	4	464	34	4	497	123	29795.24	26.45
27	4	464	34	4	500	264	24467.17	22.0
27	4	464	34	4	501	166	27694.22	28.47
27	4	464	34	4	506	317	33922.32	35.1
27	4	464	34	5	520	1	54313.79	44.77
27	4	464	34	5	538	16	78564.14	64.15
27	4	464	34	5	567	66	65773.66	54.93
27	4	464	34	5	570	52	59102.33	48.42
27	4	464	34	5	573	20	52675.74	42.47
27	4	464	34	5	576	42	60995.81	50.07
27	4	464	34	5	581	25	57598.38	46.66
27	4	464	34	5	586	2	67200.68	57.18
27	4	464	34	5	587	41	60939.3	50.5
27	4	464	34	5	589	17	55445.9	45.37
27	4	464	34	5	590	58	56051.71	45.77
27	4	464	34	5	592	39	54876.71	44.73
27	4	464	34	5	601	4	64212.47	54.11
27	4	464	34	5	602	59	56918.12	46.8
27	4	464	34	6	615	1	30458.82	25.55
27	4	464	34	6	621	32	59815.89	50.57
27	4	464	34	6	631	28	39641.37	33.91
27	4	464	34	6	640	142	50697.66	42.43
27	4	464	34	6	642	44	49248.37	40.82
27	4	464	34	6	645	7	49505.21	40.88
27	4	464	34	6	654	24	33179.24	28.14
27	4	464	34	6	656	23	33125.03	26.9
27	4	464	34	6	663	16	34016.68	27.98
27	4	464	34	7	670	1	156071.73	115.25
27	4	464	34	7	678	9	159340.13	115.37
27	4	464	34	8	687	1	61845.45	49.4
27	4	464	34	8	702	98	120592.83	81.62
27	4	464	34	8	719	107	55895.33	44.17
27	4	464	34	8	721	108	61333.83	46.54
27	4	464	34	8	722	109	69616.29	51.56
27	4	464	34	8	724	84	47592.21	38.53
27	4	464	34	8	727	110	65357.86	50.88
27	4	464	34	8	729	111	60300.64	47.33
27	4	464	34	8	731	91	72443.99	54.52
27	4	464	34	8	738	18	56952.86	44.46
27	4	464	34	8	741	58	70552.99	55.9
27	4	464	34	8	747	47	63671.81	50.25
27	4	464	34	8	768	16	83297.71	65.61
27	4	464	34	9	783	1	53988.59	51.35
27	4	465	33	1	15	74	230297.84	176.9
27	4	465	33	1	6	1	196814.84	149.04
27	4	465	33	10	811	1	39657.14	36.48
27	4	465	33	10	822	23	47045.22	42.14
27	4	465	33	10	823	3	51182.71	44.51
27	4	465	33	10	825	36	43497.59	38.98
27	4	465	33	10	829	19	47459.94	40.49
27	4	465	33	10	834	5	41695.02	33.03
27	4	465	33	10	838	25	45409.49	39.26
27	4	465	33	10	840	21	34802.57	31.63
27	4	465	33	10	842	43	39883.78	34.41
27	4	465	33	11	847	1	134596.28	119.04
27	4	465	33	12	881	1	60269.53	50.14
27	4	465	33	12	895	91	70946.44	59.98
27	4	465	33	12	902	39	68834.4	57.8
27	4	465	33	12	913	18	64076.68	54.47
27	4	465	33	12	931	11	69602.39	60.61
27	4	465	33	12	933	16	58067.45	47.53
27	4	465	33	13	1134	25	14521.99	13.57
27	4	465	33	13	1136	88	15779.92	15.28
27	4	465	33	13	957	1	32529.5	29.91
27	4	465	33	13	964	63	37068.95	32.81
27	4	465	33	13	967	18	36637.08	32.38
27	4	465	33	13	971	13	32030.09	28.17
27	4	465	33	13	972	28	29582.65	26.11
27	4	465	33	13	980	24	19680.51	17.66
27	4	465	33	13	982	17	19636.82	19.24
27	4	465	33	13	984	27	15030.69	14.62
27	4	465	33	13	985	16	9431.32	9.22
27	4	465	33	13	986	80	9641.31	10.09
27	4	465	33	13	987	62	9111.87	9.03
27	4	465	33	14	1002	1	70848.5	56.57
27	4	465	33	14	1018	6	76249.02	62.08
27	4	465	33	14	1020	5	74147.72	59.59
27	4	465	33	14	1021	20	69723.07	54.52
27	4	465	33	14	1022	27	68003.11	53.02
27	4	465	33	14	1023	21	67863.31	54.17
27	4	465	33	14	1025	24	64600.46	50.6
27	4	465	33	14	1027	19	63204.37	50.22
27	4	465	33	14	1029	14	63104.24	49.72
27	4	465	33	15	1039	1	62399.0	62.89
27	4	465	33	15	1053	60	82946.54	77.61
27	4	465	33	16	1074	1	64258.02	58.68
27	4	465	33	16	1082	17	66139.72	59.85
27	4	465	33	17	1092	1	219437.16	169.4
27	4	465	33	2	100	13	100111.07	79.07
27	4	465	33	2	110	34	84572.85	66.1
27	4	465	33	2	114	29	114957.07	82.03
27	4	465	33	2	118	3	90354.48	70.55
27	4	465	33	2	120	30	76858.33	59.68
27	4	465	33	2	128	61	93282.8	72.17
27	4	465	33	2	130	123	65609.95	52.65
27	4	465	33	2	132	25	69631.44	53.71
27	4	465	33	2	134	4	76375.32	59.27
27	4	465	33	2	142	117	78038.2	60.54
27	4	465	33	2	144	96	64944.59	50.15
27	4	465	33	2	148	90	56710.31	44.55
27	4	465	33	2	149	82	55705.33	43.57
27	4	465	33	2	152	51	46925.12	36.72
27	4	465	33	2	154	10	52995.72	41.76
27	4	465	33	2	155	24	59955.4	45.86
27	4	465	33	2	157	73	66698.61	51.09
27	4	465	33	2	163	87	66971.5	50.19
27	4	465	33	2	74	1	47698.42	40.36
27	4	465	33	2	93	22	135390.23	100.08
27	4	465	33	3	173	1	89245.49	78.38
27	4	465	33	3	196	4	63566.57	52.35
27	4	465	33	3	208	15	76268.95	72.92
27	4	465	33	3	210	61	70054.52	63.82
27	4	465	33	3	213	35	64620.06	55.74
27	4	465	33	3	223	56	55706.77	48.78
27	4	465	33	4	1148	19	16496.31	15.82
27	4	465	33	4	321	1	10141.84	10.68
27	4	465	33	4	422	183	43002.24	38.16
27	4	465	33	4	423	170	36092.09	36.9
27	4	465	33	4	425	62	40339.93	42.73
27	4	465	33	4	426	61	39153.69	43.07
27	4	465	33	4	428	176	28515.58	26.94
27	4	465	33	4	433	214	27363.52	24.64
27	4	465	33	4	440	251	26392.04	23.64
27	4	465	33	4	443	258	22967.48	21.12
27	4	465	33	4	445	134	18086.5	17.27
27	4	465	33	4	452	35	11724.33	11.57
27	4	465	33	4	453	87	6635.05	6.47
27	4	465	33	4	458	122	4379.08	4.75
27	4	465	33	4	463	98	18177.9	15.32
27	4	465	33	4	464	34	3238.22	3.35
27	4	465	33	4	467	65	15568.4	15.43
27	4	465	33	4	470	111	8354.79	8.02
27	4	465	33	4	476	66	20020.97	19.9
27	4	465	33	4	477	67	15494.3	15.66
27	4	465	33	4	479	112	11194.48	10.86
27	4	465	33	4	480	160	11070.94	11.16
27	4	465	33	4	484	146	16687.26	15.96
27	4	465	33	4	485	145	18242.52	17.57
27	4	465	33	4	486	206	19648.5	19.85
27	4	465	33	4	492	59	14665.75	14.63
27	4	465	33	4	494	56	14899.23	15.24
27	4	465	33	4	497	123	26894.79	24.6
27	4	465	33	4	500	264	21568.27	20.24
27	4	465	33	4	501	166	24795.32	26.71
27	4	465	33	4	506	317	31023.41	33.34
27	4	465	33	5	520	1	54501.52	45.21
27	4	465	33	5	538	16	78751.87	64.59
27	4	465	33	5	567	66	65961.39	55.37
27	4	465	33	5	570	52	59290.05	48.86
27	4	465	33	5	573	20	52863.46	42.9
27	4	465	33	5	576	42	61183.54	50.5
27	4	465	33	5	581	25	57786.11	47.1
27	4	465	33	5	586	2	67388.41	57.62
27	4	465	33	5	587	41	61127.03	50.94
27	4	465	33	5	589	17	55633.63	45.8
27	4	465	33	5	590	58	56239.44	46.2
27	4	465	33	5	592	39	55064.44	45.16
27	4	465	33	5	601	4	64400.2	54.55
27	4	465	33	5	602	59	57105.85	47.23
27	4	465	33	6	615	1	30646.55	25.99
27	4	465	33	6	621	32	60003.62	51.0
27	4	465	33	6	631	28	39829.1	34.35
27	4	465	33	6	640	142	50885.39	42.87
27	4	465	33	6	642	44	49436.1	41.25
27	4	465	33	6	645	7	49692.94	41.32
27	4	465	33	6	654	24	33366.97	28.57
27	4	465	33	6	656	23	33312.76	27.34
27	4	465	33	6	663	16	34204.41	28.42
27	4	465	33	7	670	1	153172.83	113.49
27	4	465	33	7	678	9	156441.22	113.61
27	4	465	33	8	687	1	62033.18	49.84
27	4	465	33	8	702	98	120780.56	82.06
27	4	465	33	8	719	107	56083.06	44.61
27	4	465	33	8	721	108	61521.55	46.97
27	4	465	33	8	722	109	69804.02	52.0
27	4	465	33	8	724	84	47779.94	38.96
27	4	465	33	8	727	110	65545.59	51.31
27	4	465	33	8	729	111	60488.37	47.76
27	4	465	33	8	731	91	72631.72	54.95
27	4	465	33	8	738	18	57140.59	44.9
27	4	465	33	8	741	58	70740.71	56.34
27	4	465	33	8	747	47	63859.54	50.69
27	4	465	33	8	768	16	83485.44	66.05
27	4	465	33	9	783	1	51089.68	49.59
27	4	467	65	1	15	74	237261.68	183.85
27	4	467	65	1	6	1	203778.68	155.99
27	4	467	65	10	811	1	44822.69	42.46
27	4	467	65	10	822	23	50994.03	48.13
27	4	467	65	10	823	3	47259.16	43.73
27	4	467	65	10	825	36	48966.1	44.81
27	4	467	65	10	829	19	43536.4	39.7
27	4	467	65	10	834	5	37771.47	32.25
27	4	467	65	10	838	25	41485.94	38.48
27	4	467	65	10	840	21	41766.41	38.58
27	4	467	65	10	842	43	35960.23	33.62
27	4	467	65	11	847	1	141560.12	125.99
27	4	467	65	12	881	1	67233.37	57.08
27	4	467	65	12	895	91	77910.28	66.93
27	4	467	65	12	902	39	75798.23	64.74
27	4	467	65	12	913	18	71040.52	61.41
27	4	467	65	12	931	11	76566.23	67.55
27	4	467	65	12	933	16	65031.29	54.48
27	4	467	65	13	1134	25	21485.83	20.52
27	4	467	65	13	1136	88	22743.75	22.23
27	4	467	65	13	957	1	39493.34	36.86
27	4	467	65	13	964	63	44032.78	39.75
27	4	467	65	13	967	18	43600.92	39.32
27	4	467	65	13	971	13	38993.93	35.11
27	4	467	65	13	972	28	36546.49	33.05
27	4	467	65	13	980	24	26644.34	24.61
27	4	467	65	13	982	17	26600.66	26.19
27	4	467	65	13	984	27	21994.53	21.56
27	4	467	65	13	985	16	16395.16	16.16
27	4	467	65	13	986	80	16605.15	17.03
27	4	467	65	13	987	62	16075.71	15.97
27	4	467	65	14	1002	1	66924.95	55.78
27	4	467	65	14	1018	6	72325.47	61.3
27	4	467	65	14	1020	5	70224.17	58.81
27	4	467	65	14	1021	20	65799.52	53.74
27	4	467	65	14	1022	27	64079.56	52.24
27	4	467	65	14	1023	21	63939.76	53.39
27	4	467	65	14	1025	24	60676.91	49.82
27	4	467	65	14	1027	19	59280.82	49.44
27	4	467	65	14	1029	14	59180.69	48.94
27	4	467	65	15	1039	1	68736.19	68.46
27	4	467	65	15	1053	60	89283.73	83.18
27	4	467	65	16	1074	1	70595.21	64.25
27	4	467	65	16	1082	17	72476.91	65.42
27	4	467	65	17	1092	1	226401.0	176.35
27	4	467	65	2	100	13	96187.4	78.37
27	4	467	65	2	110	34	80649.17	65.4
27	4	467	65	2	114	29	111033.39	81.33
27	4	467	65	2	118	3	86430.81	69.84
27	4	467	65	2	120	30	72934.65	58.98
27	4	467	65	2	128	61	89359.12	71.47
27	4	467	65	2	130	123	61686.27	51.95
27	4	467	65	2	132	25	65707.77	53.01
27	4	467	65	2	134	4	72451.64	58.57
27	4	467	65	2	142	117	74114.53	59.84
27	4	467	65	2	144	96	61020.91	49.45
27	4	467	65	2	148	90	52786.63	43.85
27	4	467	65	2	149	82	51781.65	42.86
27	4	467	65	2	152	51	43001.44	36.01
27	4	467	65	2	154	10	49072.05	41.06
27	4	467	65	2	155	24	56031.73	45.16
27	4	467	65	2	157	73	62774.94	50.39
27	4	467	65	2	163	87	63047.82	49.49
27	4	467	65	2	74	1	43774.74	39.65
27	4	467	65	2	93	22	131466.55	99.38
27	4	467	65	3	173	1	96209.33	85.32
27	4	467	65	3	196	4	70530.41	59.3
27	4	467	65	3	208	15	83232.79	79.86
27	4	467	65	3	210	61	77018.36	70.77
27	4	467	65	3	213	35	71583.9	62.69
27	4	467	65	3	223	56	62670.61	55.73
27	4	467	65	4	1148	19	23460.15	22.77
27	4	467	65	4	321	1	17105.68	17.62
27	4	467	65	4	422	183	49966.07	45.1
27	4	467	65	4	423	170	43055.93	43.85
27	4	467	65	4	425	62	47303.77	49.68
27	4	467	65	4	426	61	46117.53	50.02
27	4	467	65	4	428	176	35479.42	33.88
27	4	467	65	4	433	214	34327.36	31.58
27	4	467	65	4	440	251	33355.88	30.58
27	4	467	65	4	443	258	29931.32	28.06
27	4	467	65	4	445	134	25050.34	24.22
27	4	467	65	4	452	35	18589.7	19.05
27	4	467	65	4	453	87	13598.89	13.41
27	4	467	65	4	458	122	20892.1	21.24
27	4	467	65	4	463	98	21934.84	20.1
27	4	467	65	4	464	34	19751.23	19.84
27	4	467	65	4	465	33	16513.02	16.49
27	4	467	65	4	470	111	12650.96	12.58
27	4	467	65	4	476	66	5785.95	5.78
27	4	467	65	4	477	67	8320.4	8.6
27	4	467	65	4	479	112	13288.43	13.7
27	4	467	65	4	480	160	12911.49	13.25
27	4	467	65	4	484	146	23024.45	21.53
27	4	467	65	4	485	145	24579.71	23.14
27	4	467	65	4	486	206	25985.69	25.42
27	4	467	65	4	492	59	16506.3	16.72
27	4	467	65	4	494	56	16739.77	17.33
27	4	467	65	4	497	123	16569.18	17.07
27	4	467	65	4	500	264	27905.46	25.81
27	4	467	65	4	501	166	31132.51	32.28
27	4	467	65	4	506	317	37360.6	38.91
27	4	467	65	5	520	1	50577.97	44.43
27	4	467	65	5	538	16	74828.32	63.8
27	4	467	65	5	567	66	62037.84	54.58
27	4	467	65	5	570	52	55366.51	48.07
27	4	467	65	5	573	20	48939.92	42.12
27	4	467	65	5	576	42	57259.99	49.72
27	4	467	65	5	581	25	53862.56	46.31
27	4	467	65	5	586	2	63464.86	56.84
27	4	467	65	5	587	41	57203.48	50.16
27	4	467	65	5	589	17	51710.08	45.02
27	4	467	65	5	590	58	52315.89	45.42
27	4	467	65	5	592	39	51140.89	44.38
27	4	467	65	5	601	4	60476.65	53.76
27	4	467	65	5	602	59	53182.3	46.45
27	4	467	65	6	615	1	26723.0	25.21
27	4	467	65	6	621	32	56080.07	50.22
27	4	467	65	6	631	28	35905.55	33.57
27	4	467	65	6	640	142	46961.84	42.08
27	4	467	65	6	642	44	45512.55	40.47
27	4	467	65	6	645	7	45769.39	40.53
27	4	467	65	6	654	24	29443.42	27.79
27	4	467	65	6	656	23	29389.21	26.55
27	4	467	65	6	663	16	30280.74	27.71
27	4	467	65	7	670	1	160136.67	120.43
27	4	467	65	7	678	9	163405.06	120.55
27	4	467	65	8	687	1	58109.51	49.14
27	4	467	65	8	702	98	116856.89	81.36
27	4	467	65	8	719	107	52159.38	43.91
27	4	467	65	8	721	108	57597.88	46.27
27	4	467	65	8	722	109	65880.34	51.29
27	4	467	65	8	724	84	43856.26	38.26
27	4	467	65	8	727	110	61621.92	50.61
27	4	467	65	8	729	111	56564.69	47.06
27	4	467	65	8	731	91	68708.05	54.25
27	4	467	65	8	738	18	53216.91	44.2
27	4	467	65	8	741	58	66817.04	55.64
27	4	467	65	8	747	47	59935.86	49.99
27	4	467	65	8	768	16	79561.77	65.35
27	4	467	65	9	783	1	57426.87	55.16
27	4	470	111	1	15	74	230279.04	176.71
27	4	470	111	1	6	1	196796.04	148.85
27	4	470	111	10	811	1	39638.34	36.29
27	4	470	111	10	822	23	47026.41	41.95
27	4	470	111	10	823	3	48951.89	44.71
27	4	470	111	10	825	36	43478.78	38.79
27	4	470	111	10	829	19	51531.74	43.61
27	4	470	111	10	834	5	45766.81	36.16
27	4	470	111	10	838	25	42865.82	40.03
27	4	470	111	10	840	21	34783.77	31.44
27	4	470	111	10	842	43	43955.57	37.53
27	4	470	111	11	847	1	134577.48	118.85
27	4	470	111	12	881	1	60250.72	49.95
27	4	470	111	12	895	91	70927.64	59.79
27	4	470	111	12	902	39	68815.59	57.61
27	4	470	111	12	913	18	64057.88	54.28
27	4	470	111	12	931	11	69583.59	60.42
27	4	470	111	12	933	16	58048.65	47.34
27	4	470	111	13	1134	25	14503.19	13.39
27	4	470	111	13	1136	88	15761.11	15.09
27	4	470	111	13	957	1	32510.69	29.72
27	4	470	111	13	964	63	37050.14	32.62
27	4	470	111	13	967	18	36618.27	32.19
27	4	470	111	13	971	13	32011.28	27.98
27	4	470	111	13	972	28	29563.84	25.92
27	4	470	111	13	980	24	19661.7	17.47
27	4	470	111	13	982	17	19618.02	19.05
27	4	470	111	13	984	27	15011.88	14.43
27	4	470	111	13	985	16	9412.52	9.03
27	4	470	111	13	986	80	9622.51	9.9
27	4	470	111	13	987	62	9093.07	8.84
27	4	470	111	14	1002	1	74920.29	59.7
27	4	470	111	14	1018	6	80320.81	65.21
27	4	470	111	14	1020	5	78219.51	62.72
27	4	470	111	14	1021	20	73794.86	57.65
27	4	470	111	14	1022	27	72074.9	56.15
27	4	470	111	14	1023	21	71935.1	57.3
27	4	470	111	14	1025	24	68672.25	53.73
27	4	470	111	14	1027	19	67276.16	53.35
27	4	470	111	14	1029	14	67176.03	52.85
27	4	470	111	15	1039	1	57755.16	57.74
27	4	470	111	15	1053	60	78302.7	72.46
27	4	470	111	16	1074	1	59614.18	53.52
27	4	470	111	16	1082	17	61495.88	54.7
27	4	470	111	17	1092	1	219418.36	169.21
27	4	470	111	2	100	13	104182.86	82.2
27	4	470	111	2	110	34	88644.64	69.23
27	4	470	111	2	114	29	119028.86	85.16
27	4	470	111	2	118	3	94426.27	73.68
27	4	470	111	2	120	30	80930.12	62.81
27	4	470	111	2	128	61	97354.59	75.3
27	4	470	111	2	130	123	69681.74	55.78
27	4	470	111	2	132	25	73703.23	56.84
27	4	470	111	2	134	4	80447.11	62.4
27	4	470	111	2	142	117	82109.99	63.67
27	4	470	111	2	144	96	69016.38	53.28
27	4	470	111	2	148	90	60782.1	47.68
27	4	470	111	2	149	82	59777.12	46.7
27	4	470	111	2	152	51	50996.91	39.84
27	4	470	111	2	154	10	57067.51	44.89
27	4	470	111	2	155	24	64027.19	48.99
27	4	470	111	2	157	73	70770.4	54.22
27	4	470	111	2	163	87	71043.29	53.32
27	4	470	111	2	74	1	51770.21	43.49
27	4	470	111	2	93	22	139462.02	103.21
27	4	470	111	3	173	1	89226.68	78.19
27	4	470	111	3	196	4	63547.77	52.16
27	4	470	111	3	208	15	76250.15	72.73
27	4	470	111	3	210	61	70035.72	63.63
27	4	470	111	3	213	35	64601.26	55.55
27	4	470	111	3	223	56	55687.97	48.59
27	4	470	111	4	1148	19	16477.51	15.63
27	4	470	111	4	321	1	7254.94	9.09
27	4	470	111	4	422	183	42983.43	37.97
27	4	470	111	4	423	170	36073.28	36.71
27	4	470	111	4	425	62	40321.12	42.54
27	4	470	111	4	426	61	39134.89	42.88
27	4	470	111	4	428	176	28496.77	26.75
27	4	470	111	4	433	214	27344.71	24.45
27	4	470	111	4	440	251	26373.24	23.45
27	4	470	111	4	443	258	22948.68	20.93
27	4	470	111	4	445	134	18067.7	17.08
27	4	470	111	4	452	35	11607.06	11.91
27	4	470	111	4	453	87	6616.25	6.28
27	4	470	111	4	458	122	13909.45	14.11
27	4	470	111	4	463	98	22249.69	18.45
27	4	470	111	4	464	34	12768.59	12.7
27	4	470	111	4	465	33	9530.37	9.35
27	4	470	111	4	467	65	12965.94	12.97
27	4	470	111	4	476	66	17712.13	16.81
27	4	470	111	4	477	67	12170.31	11.59
27	4	470	111	4	479	112	2839.69	2.84
27	4	470	111	4	480	160	3570.42	3.64
27	4	470	111	4	484	146	12043.42	10.81
27	4	470	111	4	485	145	13598.68	12.41
27	4	470	111	4	486	206	15004.65	14.7
27	4	470	111	4	492	59	6893.73	6.7
27	4	470	111	4	494	56	7127.21	7.31
27	4	470	111	4	497	123	19394.27	17.08
27	4	470	111	4	500	264	16924.43	15.08
27	4	470	111	4	501	166	20151.47	21.55
27	4	470	111	4	506	317	26379.57	28.18
27	4	470	111	5	520	1	58573.31	48.34
27	4	470	111	5	538	16	82823.66	67.72
27	4	470	111	5	567	66	70033.18	58.5
27	4	470	111	5	570	52	55694.33	49.25
27	4	470	111	5	573	20	56935.26	46.03
27	4	470	111	5	576	42	65255.33	53.63
27	4	470	111	5	581	25	61857.9	50.23
27	4	470	111	5	586	2	71460.2	60.75
27	4	470	111	5	587	41	65198.82	54.07
27	4	470	111	5	589	17	51192.9	47.17
27	4	470	111	5	590	58	60311.23	49.33
27	4	470	111	5	592	39	59136.23	48.29
27	4	470	111	5	601	4	68471.99	57.68
27	4	470	111	5	602	59	61177.64	50.36
27	4	470	111	6	615	1	34718.34	29.12
27	4	470	111	6	621	32	64075.42	54.13
27	4	470	111	6	631	28	43900.89	37.48
27	4	470	111	6	640	142	54957.18	45.99
27	4	470	111	6	642	44	53507.89	44.38
27	4	470	111	6	645	7	53764.73	44.45
27	4	470	111	6	654	24	37438.76	31.7
27	4	470	111	6	656	23	37384.56	30.46
27	4	470	111	6	663	16	38276.2	31.55
27	4	470	111	7	670	1	153154.03	113.3
27	4	470	111	7	678	9	156422.42	113.42
27	4	470	111	8	687	1	66104.97	52.97
27	4	470	111	8	702	98	124852.36	85.19
27	4	470	111	8	719	107	60154.85	47.74
27	4	470	111	8	721	108	65593.35	50.1
27	4	470	111	8	722	109	73875.81	55.13
27	4	470	111	8	724	84	51851.73	42.09
27	4	470	111	8	727	110	69617.38	54.44
27	4	470	111	8	729	111	64560.16	50.89
27	4	470	111	8	731	91	76703.51	58.08
27	4	470	111	8	738	18	61212.38	48.03
27	4	470	111	8	741	58	74812.51	59.47
27	4	470	111	8	747	47	67931.33	53.82
27	4	470	111	8	768	16	87557.23	69.18
27	4	470	111	9	783	1	46445.84	44.43
27	4	476	66	1	15	74	241707.4	188.29
27	4	476	66	1	6	1	208224.4	160.43
27	4	476	66	10	811	1	39067.0	36.76
27	4	476	66	10	822	23	45238.34	42.43
27	4	476	66	10	823	3	41503.47	38.03
27	4	476	66	10	825	36	43210.41	39.11
27	4	476	66	10	829	19	37780.71	34.0
27	4	476	66	10	834	5	32015.78	26.54
27	4	476	66	10	838	25	35730.25	32.77
27	4	476	66	10	840	21	35701.6	34.58
27	4	476	66	10	842	43	30204.54	27.92
27	4	476	66	11	847	1	146005.84	130.43
27	4	476	66	12	881	1	71679.09	61.53
27	4	476	66	12	895	91	82356.0	71.37
27	4	476	66	12	902	39	80243.96	69.19
27	4	476	66	12	913	18	75486.24	65.85
27	4	476	66	12	931	11	81011.95	71.99
27	4	476	66	12	933	16	69477.01	58.92
27	4	476	66	13	1134	25	25931.55	24.96
27	4	476	66	13	1136	88	27189.48	26.67
27	4	476	66	13	957	1	43656.15	39.54
27	4	476	66	13	964	63	48195.6	42.43
27	4	476	66	13	967	18	47763.73	42.0
27	4	476	66	13	971	13	43156.74	37.79
27	4	476	66	13	972	28	40992.21	37.5
27	4	476	66	13	980	24	31090.06	29.05
27	4	476	66	13	982	17	31046.38	30.63
27	4	476	66	13	984	27	26440.25	26.01
27	4	476	66	13	985	16	20840.88	20.6
27	4	476	66	13	986	80	21050.87	21.47
27	4	476	66	13	987	62	20521.43	20.42
27	4	476	66	14	1002	1	61169.26	50.08
27	4	476	66	14	1018	6	66569.78	55.59
27	4	476	66	14	1020	5	64468.48	53.1
27	4	476	66	14	1021	20	60043.83	48.03
27	4	476	66	14	1022	27	58323.87	46.54
27	4	476	66	14	1023	21	58184.07	47.69
27	4	476	66	14	1025	24	54921.22	44.12
27	4	476	66	14	1027	19	53525.13	43.73
27	4	476	66	14	1029	14	53425.0	43.23
27	4	476	66	15	1039	1	73487.1	72.13
27	4	476	66	15	1053	60	94034.64	86.85
27	4	476	66	16	1074	1	75346.12	67.92
27	4	476	66	16	1082	17	77227.82	69.09
27	4	476	66	17	1092	1	230846.72	180.79
27	4	476	66	2	100	13	90431.71	72.66
27	4	476	66	2	110	34	74893.49	59.69
27	4	476	66	2	114	29	105277.7	75.62
27	4	476	66	2	118	3	80675.12	64.14
27	4	476	66	2	120	30	67178.97	53.28
27	4	476	66	2	128	61	83603.43	65.77
27	4	476	66	2	130	123	55930.58	46.24
27	4	476	66	2	132	25	59952.08	47.31
27	4	476	66	2	134	4	66695.95	52.87
27	4	476	66	2	142	117	68358.84	54.14
27	4	476	66	2	144	96	55265.22	43.74
27	4	476	66	2	148	90	47030.94	38.14
27	4	476	66	2	149	82	46025.97	37.16
27	4	476	66	2	152	51	37245.76	30.31
27	4	476	66	2	154	10	43316.36	35.36
27	4	476	66	2	155	24	50276.04	39.46
27	4	476	66	2	157	73	57019.25	44.69
27	4	476	66	2	163	87	57292.13	43.79
27	4	476	66	2	74	1	38019.06	33.95
27	4	476	66	2	93	22	125710.86	93.68
27	4	476	66	3	173	1	100655.05	89.77
27	4	476	66	3	196	4	74976.13	63.74
27	4	476	66	3	208	15	84803.92	76.16
27	4	476	66	3	210	61	81464.08	75.21
27	4	476	66	3	213	35	76029.62	67.13
27	4	476	66	3	223	56	67116.33	60.17
27	4	476	66	4	1148	19	27905.87	27.21
27	4	476	66	4	321	1	21551.4	22.06
27	4	476	66	4	422	183	54411.79	49.55
27	4	476	66	4	423	170	47501.65	48.29
27	4	476	66	4	425	62	51749.49	54.12
27	4	476	66	4	426	61	50563.25	54.46
27	4	476	66	4	428	176	39925.14	38.33
27	4	476	66	4	433	214	38773.08	36.02
27	4	476	66	4	440	251	37801.6	35.03
27	4	476	66	4	443	258	34377.04	32.51
27	4	476	66	4	445	134	29496.06	28.66
27	4	476	66	4	452	35	23035.43	23.49
27	4	476	66	4	453	87	18044.61	17.86
27	4	476	66	4	458	122	19613.51	16.79
27	4	476	66	4	463	98	16179.16	14.39
27	4	476	66	4	464	34	19320.63	16.73
27	4	476	66	4	465	33	22558.85	20.08
27	4	476	66	4	467	65	5785.95	5.78
27	4	476	66	4	470	111	17401.87	16.25
27	4	476	66	4	477	67	5802.28	6.08
27	4	476	66	4	479	112	15411.34	14.4
27	4	476	66	4	480	160	15034.4	13.95
27	4	476	66	4	484	146	27775.36	25.21
27	4	476	66	4	485	145	29330.62	26.81
27	4	476	66	4	486	206	30736.6	29.09
27	4	476	66	4	492	59	18629.21	17.43
27	4	476	66	4	494	56	18862.68	18.03
27	4	476	66	4	497	123	12765.31	12.98
27	4	476	66	4	500	264	32656.37	29.48
27	4	476	66	4	501	166	35883.42	35.95
27	4	476	66	4	506	317	42111.51	42.58
27	4	476	66	5	520	1	44822.28	38.72
27	4	476	66	5	538	16	69072.63	58.1
27	4	476	66	5	567	66	56282.15	48.88
27	4	476	66	5	570	52	49610.82	42.37
27	4	476	66	5	573	20	43184.23	36.42
27	4	476	66	5	576	42	51504.3	44.02
27	4	476	66	5	581	25	48106.87	40.61
27	4	476	66	5	586	2	57709.17	51.13
27	4	476	66	5	587	41	51447.79	44.45
27	4	476	66	5	589	17	45954.39	39.32
27	4	476	66	5	590	58	46560.2	39.72
27	4	476	66	5	592	39	45385.2	38.68
27	4	476	66	5	601	4	54720.96	48.06
27	4	476	66	5	602	59	47426.61	40.75
27	4	476	66	6	615	1	20967.31	19.5
27	4	476	66	6	621	32	50324.39	44.52
27	4	476	66	6	631	28	30149.86	27.86
27	4	476	66	6	640	142	41206.15	36.38
27	4	476	66	6	642	44	39756.86	34.77
27	4	476	66	6	645	7	40013.7	34.83
27	4	476	66	6	654	24	23687.73	22.09
27	4	476	66	6	656	23	23633.53	20.85
27	4	476	66	6	663	16	24525.05	22.01
27	4	476	66	7	670	1	164582.39	124.88
27	4	476	66	7	678	9	167850.78	124.99
27	4	476	66	8	687	1	52353.82	43.44
27	4	476	66	8	702	98	111101.2	75.66
27	4	476	66	8	719	107	46403.69	38.2
27	4	476	66	8	721	108	51842.19	40.57
27	4	476	66	8	722	109	60124.65	45.59
27	4	476	66	8	724	84	38100.58	32.56
27	4	476	66	8	727	110	55866.23	44.91
27	4	476	66	8	729	111	50809.0	41.36
27	4	476	66	8	731	91	62952.36	48.55
27	4	476	66	8	738	18	47461.22	38.49
27	4	476	66	8	741	58	61061.35	49.93
27	4	476	66	8	747	47	54180.17	44.29
27	4	476	66	8	768	16	73806.08	59.64
27	4	476	66	9	783	1	62177.78	58.83
27	4	477	67	1	15	74	238237.23	183.92
27	4	477	67	1	6	1	204754.23	156.06
27	4	477	67	10	811	1	44839.03	42.76
27	4	477	67	10	822	23	51010.37	48.44
27	4	477	67	10	823	3	47275.49	44.03
27	4	477	67	10	825	36	48982.43	45.11
27	4	477	67	10	829	19	43552.73	40.0
27	4	477	67	10	834	5	37787.8	32.55
27	4	477	67	10	838	25	41502.27	38.78
27	4	477	67	10	840	21	42741.96	38.65
27	4	477	67	10	842	43	35976.57	33.92
27	4	477	67	11	847	1	142535.67	126.06
27	4	477	67	12	881	1	68208.92	57.16
27	4	477	67	12	895	91	78885.83	67.0
27	4	477	67	12	902	39	76773.79	64.82
27	4	477	67	12	913	18	72016.07	61.49
27	4	477	67	12	931	11	77541.78	67.62
27	4	477	67	12	933	16	66006.84	54.55
27	4	477	67	13	1134	25	22461.38	20.59
27	4	477	67	13	1136	88	23719.3	22.3
27	4	477	67	13	957	1	40468.89	36.93
27	4	477	67	13	964	63	45008.34	39.83
27	4	477	67	13	967	18	44576.47	39.4
27	4	477	67	13	971	13	39969.48	35.19
27	4	477	67	13	972	28	37522.04	33.13
27	4	477	67	13	980	24	27619.89	24.68
27	4	477	67	13	982	17	27576.21	26.26
27	4	477	67	13	984	27	22970.08	21.64
27	4	477	67	13	985	16	17370.71	16.24
27	4	477	67	13	986	80	17580.7	17.11
27	4	477	67	13	987	62	17051.26	16.05
27	4	477	67	14	1002	1	66941.29	56.09
27	4	477	67	14	1018	6	72341.8	61.6
27	4	477	67	14	1020	5	70240.51	59.11
27	4	477	67	14	1021	20	65815.86	54.04
27	4	477	67	14	1022	27	64095.9	52.54
27	4	477	67	14	1023	21	63956.1	53.69
27	4	477	67	14	1025	24	60693.25	50.12
27	4	477	67	14	1027	19	59297.16	49.74
27	4	477	67	14	1029	14	59197.02	49.24
27	4	477	67	15	1039	1	67945.29	66.92
27	4	477	67	15	1053	60	88492.82	81.64
27	4	477	67	16	1074	1	69804.3	62.71
27	4	477	67	16	1082	17	71686.01	63.88
27	4	477	67	17	1092	1	227376.55	176.42
27	4	477	67	2	100	13	96203.73	78.67
27	4	477	67	2	110	34	80665.51	65.7
27	4	477	67	2	114	29	111049.73	81.63
27	4	477	67	2	118	3	86447.14	70.15
27	4	477	67	2	120	30	72950.99	59.28
27	4	477	67	2	128	61	89375.46	71.77
27	4	477	67	2	130	123	61702.61	52.25
27	4	477	67	2	132	25	65724.1	53.31
27	4	477	67	2	134	4	72467.98	58.87
27	4	477	67	2	142	117	74130.86	60.14
27	4	477	67	2	144	96	61037.25	49.75
27	4	477	67	2	148	90	52802.97	44.15
27	4	477	67	2	149	82	51797.99	43.17
27	4	477	67	2	152	51	43017.78	36.32
27	4	477	67	2	154	10	49088.38	41.36
27	4	477	67	2	155	24	56048.06	45.46
27	4	477	67	2	157	73	62791.27	50.69
27	4	477	67	2	163	87	63064.16	49.79
27	4	477	67	2	74	1	43791.08	39.96
27	4	477	67	2	93	22	131482.89	99.68
27	4	477	67	3	173	1	97184.88	85.4
27	4	477	67	3	196	4	71505.96	59.37
27	4	477	67	3	208	15	84208.34	79.94
27	4	477	67	3	210	61	77993.91	70.84
27	4	477	67	3	213	35	72559.45	62.76
27	4	477	67	3	223	56	63646.16	55.8
27	4	477	67	4	1148	19	24435.7	22.84
27	4	477	67	4	321	1	18081.23	17.7
27	4	477	67	4	422	183	50941.62	45.18
27	4	477	67	4	423	170	44031.48	43.92
27	4	477	67	4	425	62	48279.32	49.75
27	4	477	67	4	426	61	47093.08	50.09
27	4	477	67	4	428	176	36454.97	33.96
27	4	477	67	4	433	214	35302.91	31.66
27	4	477	67	4	440	251	34331.43	30.66
27	4	477	67	4	443	258	30906.87	28.14
27	4	477	67	4	445	134	26025.89	24.29
27	4	477	67	4	452	35	19565.25	19.12
27	4	477	67	4	453	87	14574.44	13.49
27	4	477	67	4	458	122	21867.65	21.31
27	4	477	67	4	463	98	21951.18	20.4
27	4	477	67	4	464	34	20726.78	19.91
27	4	477	67	4	465	33	17488.57	16.56
27	4	477	67	4	467	65	8322.26	8.62
27	4	477	67	4	470	111	11860.05	11.04
27	4	477	67	4	476	66	5802.28	6.08
27	4	477	67	4	479	112	9869.52	9.18
27	4	477	67	4	480	160	9492.59	8.74
27	4	477	67	4	484	146	22233.55	19.99
27	4	477	67	4	485	145	23788.81	21.59
27	4	477	67	4	486	206	25194.78	23.88
27	4	477	67	4	492	59	13087.39	12.21
27	4	477	67	4	494	56	13320.87	12.82
27	4	477	67	4	497	123	10755.58	11.25
27	4	477	67	4	500	264	27114.55	24.27
27	4	477	67	4	501	166	30341.6	30.73
27	4	477	67	4	506	317	36569.7	37.36
27	4	477	67	5	520	1	50594.31	44.73
27	4	477	67	5	538	16	74844.65	64.11
27	4	477	67	5	567	66	62054.18	54.89
27	4	477	67	5	570	52	55382.84	48.38
27	4	477	67	5	573	20	48956.25	42.42
27	4	477	67	5	576	42	57276.32	50.02
27	4	477	67	5	581	25	53878.9	46.62
27	4	477	67	5	586	2	63481.19	57.14
27	4	477	67	5	587	41	57219.82	50.46
27	4	477	67	5	589	17	51726.41	45.32
27	4	477	67	5	590	58	52332.23	45.72
27	4	477	67	5	592	39	51157.23	44.68
27	4	477	67	5	601	4	60492.98	54.07
27	4	477	67	5	602	59	53198.63	46.75
27	4	477	67	6	615	1	26739.33	25.51
27	4	477	67	6	621	32	56096.41	50.52
27	4	477	67	6	631	28	35921.89	33.87
27	4	477	67	6	640	142	46978.17	42.38
27	4	477	67	6	642	44	45528.89	40.77
27	4	477	67	6	645	7	45785.72	40.83
27	4	477	67	6	654	24	29459.75	28.09
27	4	477	67	6	656	23	29405.55	26.85
27	4	477	67	6	663	16	30297.07	28.02
27	4	477	67	7	670	1	161112.22	120.51
27	4	477	67	7	678	9	164380.61	120.63
27	4	477	67	8	687	1	58125.84	49.44
27	4	477	67	8	702	98	116873.22	81.66
27	4	477	67	8	719	107	52175.72	44.21
27	4	477	67	8	721	108	57614.21	46.57
27	4	477	67	8	722	109	65896.68	51.6
27	4	477	67	8	724	84	43872.6	38.56
27	4	477	67	8	727	110	61638.25	50.91
27	4	477	67	8	729	111	56581.03	47.37
27	4	477	67	8	731	91	68724.38	54.55
27	4	477	67	8	738	18	53233.25	44.5
27	4	477	67	8	741	58	66833.37	55.94
27	4	477	67	8	747	47	59952.2	50.29
27	4	477	67	8	768	16	79578.1	65.65
27	4	477	67	9	783	1	56635.97	53.61
27	4	479	112	1	15	74	232800.21	179.21
27	4	479	112	1	6	1	199317.21	151.35
27	4	479	112	10	811	1	42159.51	38.78
27	4	479	112	10	822	23	49547.58	44.45
27	4	479	112	10	823	3	51473.06	47.21
27	4	479	112	10	825	36	45999.95	41.28
27	4	479	112	10	829	19	54052.91	46.11
27	4	479	112	10	834	5	48287.98	38.65
27	4	479	112	10	838	25	45386.99	42.52
27	4	479	112	10	840	21	37304.94	33.93
27	4	479	112	10	842	43	46476.74	40.03
27	4	479	112	11	847	1	137098.65	121.35
27	4	479	112	12	881	1	62771.89	52.44
27	4	479	112	12	895	91	73448.81	62.28
27	4	479	112	12	902	39	71336.76	60.1
27	4	479	112	12	913	18	66579.05	56.77
27	4	479	112	12	931	11	72104.76	62.91
27	4	479	112	12	933	16	60569.82	49.83
27	4	479	112	13	1134	25	17024.36	15.88
27	4	479	112	13	1136	88	18282.28	17.59
27	4	479	112	13	957	1	35031.86	32.21
27	4	479	112	13	964	63	39571.31	35.11
27	4	479	112	13	967	18	39139.44	34.68
27	4	479	112	13	971	13	34532.45	30.47
27	4	479	112	13	972	28	32085.01	28.41
27	4	479	112	13	980	24	22182.87	19.97
27	4	479	112	13	982	17	22139.18	21.55
27	4	479	112	13	984	27	17533.05	16.92
27	4	479	112	13	985	16	11933.69	11.52
27	4	479	112	13	986	80	12143.67	12.39
27	4	479	112	13	987	62	11614.24	11.33
27	4	479	112	14	1002	1	77441.46	62.19
27	4	479	112	14	1018	6	82841.98	67.7
27	4	479	112	14	1020	5	80740.68	65.21
27	4	479	112	14	1021	20	76316.03	60.14
27	4	479	112	14	1022	27	74596.07	58.65
27	4	479	112	14	1023	21	74456.27	59.8
27	4	479	112	14	1025	24	71193.42	56.23
27	4	479	112	14	1027	19	69797.33	55.84
27	4	479	112	14	1029	14	69697.2	55.34
27	4	479	112	15	1039	1	60276.33	60.23
27	4	479	112	15	1053	60	80823.86	74.95
27	4	479	112	16	1074	1	62135.35	56.02
27	4	479	112	16	1082	17	64017.05	57.19
27	4	479	112	17	1092	1	221939.52	171.7
27	4	479	112	2	100	13	106704.03	84.69
27	4	479	112	2	110	34	91165.81	71.72
27	4	479	112	2	114	29	121550.03	87.65
27	4	479	112	2	118	3	96947.44	76.17
27	4	479	112	2	120	30	83451.29	65.3
27	4	479	112	2	128	61	99875.76	77.8
27	4	479	112	2	130	123	72202.91	58.27
27	4	479	112	2	132	25	76224.4	59.33
27	4	479	112	2	134	4	82968.28	64.9
27	4	479	112	2	142	117	84631.16	66.17
27	4	479	112	2	144	96	71537.55	55.77
27	4	479	112	2	148	90	63303.27	50.17
27	4	479	112	2	149	82	62298.29	49.19
27	4	479	112	2	152	51	53518.08	42.34
27	4	479	112	2	154	10	59588.68	47.38
27	4	479	112	2	155	24	66548.36	51.49
27	4	479	112	2	157	73	73291.57	56.71
27	4	479	112	2	163	87	73564.46	55.81
27	4	479	112	2	74	1	54291.38	45.98
27	4	479	112	2	93	22	141983.19	105.7
27	4	479	112	3	173	1	91747.85	80.68
27	4	479	112	3	196	4	66068.94	54.66
27	4	479	112	3	208	15	78771.32	75.22
27	4	479	112	3	210	61	72556.89	66.13
27	4	479	112	3	213	35	67122.42	58.04
27	4	479	112	3	223	56	58209.13	51.09
27	4	479	112	4	1148	19	18998.68	18.13
27	4	479	112	4	321	1	9776.11	11.58
27	4	479	112	4	422	183	45504.6	40.46
27	4	479	112	4	423	170	38594.45	39.21
27	4	479	112	4	425	62	42842.29	45.04
27	4	479	112	4	426	61	41656.06	45.37
27	4	479	112	4	428	176	31017.94	29.24
27	4	479	112	4	433	214	29865.88	26.94
27	4	479	112	4	440	251	28894.41	25.94
27	4	479	112	4	443	258	25469.84	23.42
27	4	479	112	4	445	134	20588.87	19.58
27	4	479	112	4	452	35	14128.23	14.4
27	4	479	112	4	453	87	9137.42	8.77
27	4	479	112	4	458	122	16430.62	16.6
27	4	479	112	4	463	98	24770.86	20.94
27	4	479	112	4	464	34	15289.76	15.2
27	4	479	112	4	465	33	12051.54	11.84
27	4	479	112	4	467	65	13290.29	13.72
27	4	479	112	4	470	111	3484.95	3.55
27	4	479	112	4	476	66	15411.34	14.4
27	4	479	112	4	477	67	9869.52	9.18
27	4	479	112	4	480	160	730.73	0.8
27	4	479	112	4	484	146	14564.59	13.3
27	4	479	112	4	485	145	16119.85	14.9
27	4	479	112	4	486	206	17525.82	17.19
27	4	479	112	4	492	59	4054.05	3.86
27	4	479	112	4	494	56	4287.53	4.47
27	4	479	112	4	497	123	16554.58	14.24
27	4	479	112	4	500	264	19445.6	17.58
27	4	479	112	4	501	166	22672.64	24.05
27	4	479	112	4	506	317	28900.74	30.68
27	4	479	112	5	520	1	61094.48	50.83
27	4	479	112	5	538	16	85344.83	70.21
27	4	479	112	5	567	66	72554.35	60.99
27	4	479	112	5	570	52	58215.5	51.74
27	4	479	112	5	573	20	59456.43	48.53
27	4	479	112	5	576	42	67776.5	56.13
27	4	479	112	5	581	25	64379.07	52.72
27	4	479	112	5	586	2	73981.37	63.24
27	4	479	112	5	587	41	67719.99	56.56
27	4	479	112	5	589	17	53714.07	49.67
27	4	479	112	5	590	58	62832.4	51.83
27	4	479	112	5	592	39	61657.4	50.78
27	4	479	112	5	601	4	70993.16	60.17
27	4	479	112	5	602	59	63698.81	52.86
27	4	479	112	6	615	1	37239.51	31.61
27	4	479	112	6	621	32	66596.58	56.62
27	4	479	112	6	631	28	46422.06	39.97
27	4	479	112	6	640	142	57478.35	48.49
27	4	479	112	6	642	44	56029.06	46.87
27	4	479	112	6	645	7	56285.9	46.94
27	4	479	112	6	654	24	39959.93	34.2
27	4	479	112	6	656	23	39905.72	32.96
27	4	479	112	6	663	16	40797.37	34.04
27	4	479	112	7	670	1	155675.2	115.79
27	4	479	112	7	678	9	158943.59	115.91
27	4	479	112	8	687	1	68626.14	55.46
27	4	479	112	8	702	98	127373.52	87.68
27	4	479	112	8	719	107	62676.02	50.23
27	4	479	112	8	721	108	68114.51	52.59
27	4	479	112	8	722	109	76396.98	57.62
27	4	479	112	8	724	84	54372.9	44.58
27	4	479	112	8	727	110	72138.55	56.94
27	4	479	112	8	729	111	67081.33	53.39
27	4	479	112	8	731	91	79224.68	60.58
27	4	479	112	8	738	18	63733.55	50.52
27	4	479	112	8	741	58	77333.67	61.96
27	4	479	112	8	747	47	70452.5	56.31
27	4	479	112	8	768	16	84757.06	71.0
27	4	479	112	9	783	1	48967.01	46.93
27	4	480	160	1	15	74	232759.82	179.19
27	4	480	160	1	6	1	199276.82	151.34
27	4	480	160	10	811	1	42119.12	38.77
27	4	480	160	10	822	23	49507.19	44.43
27	4	480	160	10	823	3	51432.67	47.2
27	4	480	160	10	825	36	45959.56	41.27
27	4	480	160	10	829	19	54012.52	46.1
27	4	480	160	10	834	5	48247.59	38.64
27	4	480	160	10	838	25	45346.6	42.51
27	4	480	160	10	840	21	37264.55	33.92
27	4	480	160	10	842	43	46436.35	40.02
27	4	480	160	11	847	1	137058.26	121.33
27	4	480	160	12	881	1	62731.5	52.43
27	4	480	160	12	895	91	73408.42	62.27
27	4	480	160	12	902	39	71296.37	60.09
27	4	480	160	12	913	18	66538.66	56.76
27	4	480	160	12	931	11	72064.37	62.9
27	4	480	160	12	933	16	60529.43	49.82
27	4	480	160	13	1134	25	16983.97	15.87
27	4	480	160	13	1136	88	18241.89	17.57
27	4	480	160	13	957	1	34991.47	32.2
27	4	480	160	13	964	63	39530.92	35.1
27	4	480	160	13	967	18	39099.05	34.67
27	4	480	160	13	971	13	34492.06	30.46
27	4	480	160	13	972	28	32044.62	28.4
27	4	480	160	13	980	24	22142.48	19.95
27	4	480	160	13	982	17	22098.79	21.53
27	4	480	160	13	984	27	17492.66	16.91
27	4	480	160	13	985	16	11893.3	11.51
27	4	480	160	13	986	80	12103.28	12.38
27	4	480	160	13	987	62	11573.85	11.32
27	4	480	160	14	1002	1	77401.07	62.18
27	4	480	160	14	1018	6	82801.59	67.69
27	4	480	160	14	1020	5	80700.29	65.2
27	4	480	160	14	1021	20	76275.64	60.13
27	4	480	160	14	1022	27	74555.68	58.63
27	4	480	160	14	1023	21	74415.88	59.78
27	4	480	160	14	1025	24	71153.03	56.21
27	4	480	160	14	1027	19	69756.94	55.83
27	4	480	160	14	1029	14	69656.81	55.33
27	4	480	160	15	1039	1	61007.06	61.03
27	4	480	160	15	1053	60	81554.6	75.75
27	4	480	160	16	1074	1	62866.08	56.82
27	4	480	160	16	1082	17	64747.78	57.99
27	4	480	160	17	1092	1	221899.13	171.69
27	4	480	160	2	100	13	106663.64	84.68
27	4	480	160	2	110	34	91125.42	71.71
27	4	480	160	2	114	29	121509.64	87.64
27	4	480	160	2	118	3	96907.05	76.16
27	4	480	160	2	120	30	83410.9	65.29
27	4	480	160	2	128	61	99835.37	77.78
27	4	480	160	2	130	123	72162.52	58.26
27	4	480	160	2	132	25	76184.01	59.32
27	4	480	160	2	134	4	82927.89	64.89
27	4	480	160	2	142	117	84590.77	66.15
27	4	480	160	2	144	96	71497.16	55.76
27	4	480	160	2	148	90	63262.88	50.16
27	4	480	160	2	149	82	62257.9	49.18
27	4	480	160	2	152	51	53477.69	42.33
27	4	480	160	2	154	10	59548.29	47.37
27	4	480	160	2	155	24	66507.97	51.47
27	4	480	160	2	157	73	73251.18	56.7
27	4	480	160	2	163	87	73524.07	55.8
27	4	480	160	2	74	1	54250.99	45.97
27	4	480	160	2	93	22	141942.8	105.69
27	4	480	160	3	173	1	91707.46	80.67
27	4	480	160	3	196	4	66028.55	54.64
27	4	480	160	3	208	15	78730.93	75.21
27	4	480	160	3	210	61	72516.5	66.11
27	4	480	160	3	213	35	67082.03	58.03
27	4	480	160	3	223	56	58168.74	51.08
27	4	480	160	4	1148	19	18958.29	18.12
27	4	480	160	4	321	1	10506.84	12.38
27	4	480	160	4	422	183	45464.21	40.45
27	4	480	160	4	423	170	38554.06	39.19
27	4	480	160	4	425	62	42801.9	45.03
27	4	480	160	4	426	61	41615.67	45.36
27	4	480	160	4	428	176	30977.55	29.23
27	4	480	160	4	433	214	29825.49	26.93
27	4	480	160	4	440	251	28854.02	25.93
27	4	480	160	4	443	258	25429.46	23.41
27	4	480	160	4	445	134	20548.48	19.56
27	4	480	160	4	452	35	14087.84	14.39
27	4	480	160	4	453	87	9097.03	8.76
27	4	480	160	4	458	122	16390.23	16.59
27	4	480	160	4	463	98	24730.47	20.93
27	4	480	160	4	464	34	15249.37	15.18
27	4	480	160	4	465	33	12011.15	11.83
27	4	480	160	4	467	65	12913.35	13.28
27	4	480	160	4	470	111	4215.68	4.35
27	4	480	160	4	476	66	15034.4	13.95
27	4	480	160	4	477	67	9492.59	8.74
27	4	480	160	4	479	112	730.73	0.8
27	4	480	160	4	484	146	15295.32	14.1
27	4	480	160	4	485	145	16850.58	15.7
27	4	480	160	4	486	206	18256.55	17.99
27	4	480	160	4	492	59	3948.6	3.82
27	4	480	160	4	494	56	4182.08	4.43
27	4	480	160	4	497	123	15823.85	13.44
27	4	480	160	4	500	264	20176.33	18.38
27	4	480	160	4	501	166	23403.37	24.84
27	4	480	160	4	506	317	29631.47	31.47
27	4	480	160	5	520	1	61054.09	50.82
27	4	480	160	5	538	16	85304.44	70.2
27	4	480	160	5	567	66	72513.96	60.98
27	4	480	160	5	570	52	58175.11	51.73
27	4	480	160	5	573	20	59416.04	48.52
27	4	480	160	5	576	42	67736.11	56.11
27	4	480	160	5	581	25	64338.68	52.71
27	4	480	160	5	586	2	73940.98	63.23
27	4	480	160	5	587	41	67679.6	56.55
27	4	480	160	5	589	17	53673.68	49.65
27	4	480	160	5	590	58	62792.01	51.82
27	4	480	160	5	592	39	61617.01	50.77
27	4	480	160	5	601	4	70952.77	60.16
27	4	480	160	5	602	59	63658.42	52.85
27	4	480	160	6	615	1	37199.12	31.6
27	4	480	160	6	621	32	66556.19	56.61
27	4	480	160	6	631	28	46381.67	39.96
27	4	480	160	6	640	142	57437.96	48.48
27	4	480	160	6	642	44	55988.67	46.86
27	4	480	160	6	645	7	56245.51	46.93
27	4	480	160	6	654	24	39919.54	34.18
27	4	480	160	6	656	23	39865.33	32.95
27	4	480	160	6	663	16	40756.98	34.03
27	4	480	160	7	670	1	155634.81	115.78
27	4	480	160	7	678	9	158903.2	115.9
27	4	480	160	8	687	1	68585.75	55.45
27	4	480	160	8	702	98	127333.13	87.67
27	4	480	160	8	719	107	62635.63	50.22
27	4	480	160	8	721	108	68074.12	52.58
27	4	480	160	8	722	109	76356.59	57.61
27	4	480	160	8	724	84	54332.51	44.57
27	4	480	160	8	727	110	72098.16	56.92
27	4	480	160	8	729	111	67040.94	53.38
27	4	480	160	8	731	91	79184.29	60.56
27	4	480	160	8	738	18	63693.16	50.51
27	4	480	160	8	741	58	77293.28	61.95
27	4	480	160	8	747	47	70412.11	56.3
27	4	480	160	8	768	16	84026.33	70.2
27	4	480	160	9	783	1	49697.74	47.72
27	4	484	146	1	15	74	228134.86	176.24
27	4	484	146	1	6	1	194651.86	148.38
27	4	484	146	10	811	1	43142.55	42.2
27	4	484	146	10	822	23	50530.63	47.87
27	4	484	146	10	823	3	52456.11	50.63
27	4	484	146	10	825	36	46983.0	44.71
27	4	484	146	10	829	19	51370.61	49.63
27	4	484	146	10	834	5	53788.72	44.2
27	4	484	146	10	838	25	46370.04	45.94
27	4	484	146	10	840	21	38287.99	37.36
27	4	484	146	10	842	43	44784.09	45.15
27	4	484	146	11	847	1	132433.3	118.38
27	4	484	146	12	881	1	58106.54	49.48
27	4	484	146	12	895	91	68783.46	59.32
27	4	484	146	12	902	39	66671.41	57.14
27	4	484	146	12	913	18	61913.7	53.81
27	4	484	146	12	931	11	67439.41	59.95
27	4	484	146	12	933	16	55904.47	46.87
27	4	484	146	13	1134	25	19381.08	19.4
27	4	484	146	13	1136	88	17930.25	20.0
27	4	484	146	13	957	1	36014.91	35.64
27	4	484	146	13	964	63	40554.36	38.54
27	4	484	146	13	967	18	40122.49	38.1
27	4	484	146	13	971	13	35515.5	33.9
27	4	484	146	13	972	28	33068.06	31.84
27	4	484	146	13	980	24	23165.92	23.39
27	4	484	146	13	982	17	24495.91	25.06
27	4	484	146	13	984	27	16523.33	17.6
27	4	484	146	13	985	16	14290.41	15.04
27	4	484	146	13	986	80	14179.61	16.19
27	4	484	146	13	987	62	13970.96	14.85
27	4	484	146	14	1002	1	82942.21	67.73
27	4	484	146	14	1018	6	88342.72	73.25
27	4	484	146	14	1020	5	86241.43	70.76
27	4	484	146	14	1021	20	81816.78	65.69
27	4	484	146	14	1022	27	80096.81	64.19
27	4	484	146	14	1023	21	79957.02	65.34
27	4	484	146	14	1025	24	76694.17	61.77
27	4	484	146	14	1027	19	75298.08	61.39
27	4	484	146	14	1029	14	75197.94	60.89
27	4	484	146	15	1039	1	46482.49	48.91
27	4	484	146	15	1053	60	67030.02	63.63
27	4	484	146	16	1074	1	48341.5	44.7
27	4	484	146	16	1082	17	50223.21	45.87
27	4	484	146	17	1092	1	217274.17	168.74
27	4	484	146	2	100	13	112204.78	90.24
27	4	484	146	2	110	34	96666.55	77.27
27	4	484	146	2	114	29	127050.77	93.19
27	4	484	146	2	118	3	102448.19	81.71
27	4	484	146	2	120	30	88952.03	70.85
27	4	484	146	2	128	61	105376.5	83.34
27	4	484	146	2	130	123	77703.65	63.81
27	4	484	146	2	132	25	81725.15	64.88
27	4	484	146	2	134	4	88469.02	70.44
27	4	484	146	2	142	117	90131.91	71.71
27	4	484	146	2	144	96	77038.29	61.31
27	4	484	146	2	148	90	68804.01	55.71
27	4	484	146	2	149	82	67799.03	54.73
27	4	484	146	2	152	51	59018.82	47.88
27	4	484	146	2	154	10	65089.43	52.93
27	4	484	146	2	155	24	72049.1	57.03
27	4	484	146	2	157	73	78792.31	62.26
27	4	484	146	2	163	87	79065.2	61.36
27	4	484	146	2	74	1	59792.12	51.52
27	4	484	146	2	93	22	147483.93	111.25
27	4	484	146	3	173	1	90738.13	81.35
27	4	484	146	3	196	4	65059.21	55.33
27	4	484	146	3	208	15	77761.6	75.9
27	4	484	146	3	210	61	71547.17	66.8
27	4	484	146	3	213	35	66112.7	58.72
27	4	484	146	3	223	56	57199.41	51.76
27	4	484	146	4	1148	19	17988.96	18.8
27	4	484	146	4	321	1	10130.35	10.63
27	4	484	146	4	422	183	44494.88	41.13
27	4	484	146	4	423	170	37584.73	39.88
27	4	484	146	4	425	62	41832.57	45.71
27	4	484	146	4	426	61	40646.34	46.05
27	4	484	146	4	428	176	30008.22	29.92
27	4	484	146	4	433	214	28856.16	27.61
27	4	484	146	4	440	251	27884.69	26.62
27	4	484	146	4	443	258	24460.12	24.09
27	4	484	146	4	445	134	19579.15	20.25
27	4	484	146	4	452	35	16164.17	18.21
27	4	484	146	4	453	87	14638.16	14.32
27	4	484	146	4	458	122	21931.37	22.14
27	4	484	146	4	463	98	30271.6	26.49
27	4	484	146	4	464	34	20790.5	20.74
27	4	484	146	4	465	33	17552.28	17.39
27	4	484	146	4	467	65	23100.05	22.24
27	4	484	146	4	470	111	11825.38	11.26
27	4	484	146	4	476	66	27846.24	26.08
27	4	484	146	4	477	67	22304.42	20.86
27	4	484	146	4	479	112	14665.07	14.1
27	4	484	146	4	480	160	15395.8	14.9
27	4	484	146	4	485	145	1555.26	1.6
27	4	484	146	4	486	206	3731.95	5.35
27	4	484	146	4	492	59	18719.12	17.96
27	4	484	146	4	494	56	18952.6	18.57
27	4	484	146	4	497	123	31219.65	28.34
27	4	484	146	4	500	264	5651.75	6.26
27	4	484	146	4	501	166	8878.8	12.73
27	4	484	146	4	506	317	15106.9	19.35
27	4	484	146	5	520	1	66595.22	56.38
27	4	484	146	5	538	16	90845.57	75.75
27	4	484	146	5	567	66	78055.09	66.53
27	4	484	146	5	570	52	59198.55	55.16
27	4	484	146	5	573	20	64957.17	54.07
27	4	484	146	5	576	42	73277.24	61.67
27	4	484	146	5	581	25	69879.82	58.26
27	4	484	146	5	586	2	79482.11	68.79
27	4	484	146	5	587	41	73220.73	62.11
27	4	484	146	5	589	17	54697.12	53.09
27	4	484	146	5	590	58	68333.15	57.37
27	4	484	146	5	592	39	56089.19	54.55
27	4	484	146	5	601	4	76493.9	65.72
27	4	484	146	5	602	59	69199.55	58.4
27	4	484	146	6	615	1	42740.25	37.16
27	4	484	146	6	621	32	72097.33	62.17
27	4	484	146	6	631	28	51922.8	45.52
27	4	484	146	6	640	142	62979.09	54.03
27	4	484	146	6	642	44	61529.81	52.42
27	4	484	146	6	645	7	61786.64	52.48
27	4	484	146	6	654	24	45460.67	39.74
27	4	484	146	6	656	23	45406.47	38.5
27	4	484	146	6	663	16	46298.12	39.58
27	4	484	146	7	670	1	151009.84	112.83
27	4	484	146	7	678	9	154278.24	112.95
27	4	484	146	8	687	1	74126.89	61.01
27	4	484	146	8	702	98	132874.27	93.23
27	4	484	146	8	719	107	68176.76	55.77
27	4	484	146	8	721	108	73615.26	58.14
27	4	484	146	8	722	109	81897.72	63.16
27	4	484	146	8	724	84	59873.64	50.13
27	4	484	146	8	727	110	77639.3	62.48
27	4	484	146	8	729	111	72582.07	58.93
27	4	484	146	8	731	91	84725.43	66.12
27	4	484	146	8	738	18	69234.29	56.06
27	4	484	146	8	741	58	82834.42	67.5
27	4	484	146	8	747	47	75953.24	61.86
27	4	484	146	8	768	16	95579.15	77.22
27	4	484	146	9	783	1	33949.1	35.7
27	4	485	145	1	15	74	220196.88	177.28
27	4	485	145	1	6	1	186713.88	149.42
27	4	485	145	10	811	1	44697.81	43.81
27	4	485	145	10	822	23	52085.89	49.47
27	4	485	145	10	823	3	54011.37	52.23
27	4	485	145	10	825	36	48538.25	46.31
27	4	485	145	10	829	19	52925.87	51.23
27	4	485	145	10	834	5	55343.98	45.8
27	4	485	145	10	838	25	47925.3	47.54
27	4	485	145	10	840	21	39843.24	38.96
27	4	485	145	10	842	43	46339.35	46.75
27	4	485	145	11	847	1	124495.32	119.42
27	4	485	145	12	881	1	50168.56	50.51
27	4	485	145	12	895	91	60845.48	60.36
27	4	485	145	12	902	39	58733.43	58.18
27	4	485	145	12	913	18	53975.72	54.84
27	4	485	145	12	931	11	59501.43	60.98
27	4	485	145	12	933	16	47966.49	47.91
27	4	485	145	13	1134	25	20936.34	21.0
27	4	485	145	13	1136	88	19485.5	21.6
27	4	485	145	13	957	1	37570.17	37.24
27	4	485	145	13	964	63	42109.62	40.14
27	4	485	145	13	967	18	41677.75	39.71
27	4	485	145	13	971	13	37070.76	35.5
27	4	485	145	13	972	28	34623.32	33.44
27	4	485	145	13	980	24	24721.18	24.99
27	4	485	145	13	982	17	26051.17	26.66
27	4	485	145	13	984	27	18078.59	19.2
27	4	485	145	13	985	16	15845.67	16.64
27	4	485	145	13	986	80	15734.87	17.79
27	4	485	145	13	987	62	15526.22	16.45
27	4	485	145	14	1002	1	84497.47	69.34
27	4	485	145	14	1018	6	89897.98	74.85
27	4	485	145	14	1020	5	87796.68	72.36
27	4	485	145	14	1021	20	83372.03	67.29
27	4	485	145	14	1022	27	81652.07	65.79
27	4	485	145	14	1023	21	81512.27	66.94
27	4	485	145	14	1025	24	78249.42	63.37
27	4	485	145	14	1027	19	76853.33	62.99
27	4	485	145	14	1029	14	76753.2	62.49
27	4	485	145	15	1039	1	45021.45	47.5
27	4	485	145	15	1053	60	65568.99	62.22
27	4	485	145	16	1074	1	46880.47	43.28
27	4	485	145	16	1082	17	48762.17	44.45
27	4	485	145	17	1092	1	209336.2	169.78
27	4	485	145	2	100	13	113760.04	91.84
27	4	485	145	2	110	34	98221.81	78.87
27	4	485	145	2	114	29	128606.03	94.8
27	4	485	145	2	118	3	104003.44	83.31
27	4	485	145	2	120	30	90507.29	72.45
27	4	485	145	2	128	61	106931.76	84.94
27	4	485	145	2	130	123	79258.91	65.42
27	4	485	145	2	132	25	83280.4	66.48
27	4	485	145	2	134	4	90024.28	72.04
27	4	485	145	2	142	117	91687.16	73.31
27	4	485	145	2	144	96	78593.55	62.92
27	4	485	145	2	148	90	70359.27	57.32
27	4	485	145	2	149	82	69354.29	56.33
27	4	485	145	2	152	51	60574.08	49.48
27	4	485	145	2	154	10	66644.68	54.53
27	4	485	145	2	155	24	73604.36	58.63
27	4	485	145	2	157	73	80347.57	63.86
27	4	485	145	2	163	87	80620.46	62.96
27	4	485	145	2	74	1	61347.38	53.12
27	4	485	145	2	93	22	149039.19	112.85
27	4	485	145	3	173	1	92293.39	82.96
27	4	485	145	3	196	4	66614.47	56.93
27	4	485	145	3	208	15	79316.85	77.5
27	4	485	145	3	210	61	73102.42	68.4
27	4	485	145	3	213	35	67667.96	60.32
27	4	485	145	3	223	56	58754.67	53.36
27	4	485	145	4	1148	19	19544.21	20.4
27	4	485	145	4	321	1	11685.6	12.23
27	4	485	145	4	422	183	46050.14	42.74
27	4	485	145	4	423	170	39139.99	41.48
27	4	485	145	4	425	62	43387.83	47.31
27	4	485	145	4	426	61	42201.59	47.65
27	4	485	145	4	428	176	31563.48	31.52
27	4	485	145	4	433	214	30411.42	29.21
27	4	485	145	4	440	251	29439.94	28.22
27	4	485	145	4	443	258	26015.38	25.7
27	4	485	145	4	445	134	21134.4	21.85
27	4	485	145	4	452	35	17719.42	19.81
27	4	485	145	4	453	87	16193.42	15.92
27	4	485	145	4	458	122	23486.62	23.74
27	4	485	145	4	463	98	31826.86	28.09
27	4	485	145	4	464	34	22345.76	22.34
27	4	485	145	4	465	33	19107.54	18.99
27	4	485	145	4	467	65	24655.3	23.84
27	4	485	145	4	470	111	13380.64	12.86
27	4	485	145	4	476	66	29401.49	27.68
27	4	485	145	4	477	67	23859.68	22.47
27	4	485	145	4	479	112	16220.33	15.7
27	4	485	145	4	480	160	16951.06	16.5
27	4	485	145	4	484	146	1555.26	1.6
27	4	485	145	4	486	206	2270.91	3.94
27	4	485	145	4	492	59	20274.38	19.56
27	4	485	145	4	494	56	20507.85	20.17
27	4	485	145	4	497	123	32774.91	29.94
27	4	485	145	4	500	264	4190.72	4.84
27	4	485	145	4	501	166	7417.76	11.31
27	4	485	145	4	506	317	13645.86	17.94
27	4	485	145	5	520	1	68150.48	57.98
27	4	485	145	5	538	16	92400.83	77.35
27	4	485	145	5	567	66	79610.35	68.14
27	4	485	145	5	570	52	60753.81	56.77
27	4	485	145	5	573	20	66512.43	55.67
27	4	485	145	5	576	42	74832.5	63.27
27	4	485	145	5	581	25	71435.07	59.87
27	4	485	145	5	586	2	81037.37	70.39
27	4	485	145	5	587	41	74775.99	63.71
27	4	485	145	5	589	17	56252.38	54.69
27	4	485	145	5	590	58	69888.4	58.97
27	4	485	145	5	592	39	57644.45	56.15
27	4	485	145	5	601	4	78049.16	67.32
27	4	485	145	5	602	59	70754.81	60.0
27	4	485	145	6	615	1	44295.51	38.76
27	4	485	145	6	621	32	73652.59	63.77
27	4	485	145	6	631	28	53478.06	47.12
27	4	485	145	6	640	142	64534.35	55.63
27	4	485	145	6	642	44	63085.06	54.02
27	4	485	145	6	645	7	63341.9	54.08
27	4	485	145	6	654	24	47015.93	41.34
27	4	485	145	6	656	23	46961.73	40.1
27	4	485	145	6	663	16	47853.37	41.18
27	4	485	145	7	670	1	143071.87	113.86
27	4	485	145	7	678	9	146340.26	113.98
27	4	485	145	8	687	1	75682.15	62.61
27	4	485	145	8	702	98	134429.53	94.83
27	4	485	145	8	719	107	69732.02	57.38
27	4	485	145	8	721	108	75170.52	59.74
27	4	485	145	8	722	109	83452.98	64.76
27	4	485	145	8	724	84	61428.9	51.73
27	4	485	145	8	727	110	79194.55	64.08
27	4	485	145	8	729	111	74137.33	60.53
27	4	485	145	8	731	91	86280.68	67.72
27	4	485	145	8	738	18	70789.55	57.67
27	4	485	145	8	741	58	84389.68	69.1
27	4	485	145	8	747	47	77508.5	63.46
27	4	485	145	8	768	16	97134.4	78.82
27	4	485	145	9	783	1	32488.06	34.29
27	4	486	206	1	15	74	221008.05	179.5
27	4	486	206	1	6	1	187525.05	151.64
27	4	486	206	10	811	1	46191.26	46.29
27	4	486	206	10	822	23	53579.34	51.95
27	4	486	206	10	823	3	55504.82	54.71
27	4	486	206	10	825	36	50031.7	48.79
27	4	486	206	10	829	19	54419.32	53.71
27	4	486	206	10	834	5	56837.43	48.28
27	4	486	206	10	838	25	49418.75	50.02
27	4	486	206	10	840	21	41336.69	41.44
27	4	486	206	10	842	43	47832.8	49.23
27	4	486	206	11	847	1	125306.49	121.64
27	4	486	206	12	881	1	50979.73	52.74
27	4	486	206	12	895	91	61656.65	62.58
27	4	486	206	12	902	39	59544.6	60.4
27	4	486	206	12	913	18	54786.89	57.06
27	4	486	206	12	931	11	60312.6	63.2
27	4	486	206	12	933	16	48777.66	50.13
27	4	486	206	13	1134	25	22429.79	23.48
27	4	486	206	13	1136	88	20978.95	24.08
27	4	486	206	13	957	1	39063.62	39.72
27	4	486	206	13	964	63	43603.07	42.62
27	4	486	206	13	967	18	43171.2	42.19
27	4	486	206	13	971	13	38564.21	37.98
27	4	486	206	13	972	28	36116.77	35.92
27	4	486	206	13	980	24	26214.62	27.47
27	4	486	206	13	982	17	27544.62	29.14
27	4	486	206	13	984	27	19572.04	21.68
27	4	486	206	13	985	16	17339.12	19.12
27	4	486	206	13	986	80	17228.32	20.28
27	4	486	206	13	987	62	17019.67	18.93
27	4	486	206	14	1002	1	85990.91	71.82
27	4	486	206	14	1018	6	91391.43	77.33
27	4	486	206	14	1020	5	89290.13	74.84
27	4	486	206	14	1021	20	84865.48	69.77
27	4	486	206	14	1022	27	83145.52	68.27
27	4	486	206	14	1023	21	83005.72	69.42
27	4	486	206	14	1025	24	79742.87	65.85
27	4	486	206	14	1027	19	78346.78	65.47
27	4	486	206	14	1029	14	78246.65	64.97
27	4	486	206	15	1039	1	45832.62	49.72
27	4	486	206	15	1053	60	66380.15	64.44
27	4	486	206	16	1074	1	47691.63	45.5
27	4	486	206	16	1082	17	49573.34	46.68
27	4	486	206	17	1092	1	210147.37	172.0
27	4	486	206	2	100	13	115253.48	94.32
27	4	486	206	2	110	34	99715.26	81.35
27	4	486	206	2	114	29	130099.48	97.28
27	4	486	206	2	118	3	105496.89	85.79
27	4	486	206	2	120	30	92000.74	74.93
27	4	486	206	2	128	61	108425.21	87.42
27	4	486	206	2	130	123	80752.36	67.9
27	4	486	206	2	132	25	84773.85	68.96
27	4	486	206	2	134	4	91517.73	74.52
27	4	486	206	2	142	117	93180.61	75.79
27	4	486	206	2	144	96	80087.0	65.4
27	4	486	206	2	148	90	71852.72	59.8
27	4	486	206	2	149	82	70847.74	58.81
27	4	486	206	2	152	51	62067.53	51.96
27	4	486	206	2	154	10	68138.13	57.01
27	4	486	206	2	155	24	75097.81	61.11
27	4	486	206	2	157	73	81841.02	66.34
27	4	486	206	2	163	87	82113.91	65.44
27	4	486	206	2	74	1	62840.83	55.6
27	4	486	206	2	93	22	150532.64	115.33
27	4	486	206	3	173	1	93786.84	85.44
27	4	486	206	3	196	4	68107.92	59.41
27	4	486	206	3	208	15	80810.3	79.98
27	4	486	206	3	210	61	74595.87	70.88
27	4	486	206	3	213	35	69161.41	62.8
27	4	486	206	3	223	56	60248.12	55.84
27	4	486	206	4	1148	19	21037.66	22.88
27	4	486	206	4	321	1	13179.05	14.71
27	4	486	206	4	422	183	47543.59	45.22
27	4	486	206	4	423	170	40633.44	43.96
27	4	486	206	4	425	62	44881.28	49.79
27	4	486	206	4	426	61	43695.04	50.13
27	4	486	206	4	428	176	33056.93	34.0
27	4	486	206	4	433	214	31904.87	31.7
27	4	486	206	4	440	251	30933.39	30.7
27	4	486	206	4	443	258	27508.83	28.18
27	4	486	206	4	445	134	22627.85	24.33
27	4	486	206	4	452	35	19212.87	22.29
27	4	486	206	4	453	87	17686.87	18.4
27	4	486	206	4	458	122	24980.07	26.22
27	4	486	206	4	463	98	33320.31	30.57
27	4	486	206	4	464	34	23839.21	24.82
27	4	486	206	4	465	33	20600.99	21.47
27	4	486	206	4	467	65	26148.75	26.32
27	4	486	206	4	470	111	14874.09	15.34
27	4	486	206	4	476	66	30894.94	30.16
27	4	486	206	4	477	67	25353.13	24.95
27	4	486	206	4	479	112	17713.78	18.18
27	4	486	206	4	480	160	18444.51	18.98
27	4	486	206	4	484	146	3736.13	5.31
27	4	486	206	4	485	145	2275.09	3.89
27	4	486	206	4	492	59	21767.82	22.04
27	4	486	206	4	494	56	22001.3	22.65
27	4	486	206	4	497	123	34268.36	32.42
27	4	486	206	4	500	264	5001.88	7.07
27	4	486	206	4	501	166	8228.93	13.53
27	4	486	206	4	506	317	14457.03	20.16
27	4	486	206	5	520	1	69643.93	60.46
27	4	486	206	5	538	16	93894.28	79.84
27	4	486	206	5	567	66	81103.8	70.62
27	4	486	206	5	570	52	62247.26	59.25
27	4	486	206	5	573	20	68005.88	58.15
27	4	486	206	5	576	42	76325.95	65.75
27	4	486	206	5	581	25	72928.52	62.35
27	4	486	206	5	586	2	82530.82	72.87
27	4	486	206	5	587	41	76269.44	66.19
27	4	486	206	5	589	17	57745.83	57.17
27	4	486	206	5	590	58	71381.85	61.45
27	4	486	206	5	592	39	59137.9	58.63
27	4	486	206	5	601	4	79542.61	69.8
27	4	486	206	5	602	59	72248.26	62.48
27	4	486	206	6	615	1	45788.96	41.24
27	4	486	206	6	621	32	75146.03	66.25
27	4	486	206	6	631	28	54971.51	49.6
27	4	486	206	6	640	142	66027.8	58.11
27	4	486	206	6	642	44	64578.51	56.5
27	4	486	206	6	645	7	64835.35	56.56
27	4	486	206	6	654	24	48509.38	43.82
27	4	486	206	6	656	23	48455.17	42.58
27	4	486	206	6	663	16	49346.82	43.66
27	4	486	206	7	670	1	143883.04	116.09
27	4	486	206	7	678	9	147151.43	116.2
27	4	486	206	8	687	1	77175.59	65.09
27	4	486	206	8	702	98	135922.98	97.31
27	4	486	206	8	719	107	71225.47	59.86
27	4	486	206	8	721	108	76663.97	62.22
27	4	486	206	8	722	109	84946.43	67.24
27	4	486	206	8	724	84	62922.35	54.21
27	4	486	206	8	727	110	80688.0	66.56
27	4	486	206	8	729	111	75630.78	63.01
27	4	486	206	8	731	91	87774.13	70.2
27	4	486	206	8	738	18	72283.0	60.15
27	4	486	206	8	741	58	85883.13	71.59
27	4	486	206	8	747	47	79001.95	65.94
27	4	486	206	8	768	16	98627.85	81.3
27	4	486	206	9	783	1	33299.23	36.51
27	4	492	59	1	15	74	236354.62	182.66
27	4	492	59	1	6	1	202871.62	154.81
27	4	492	59	10	811	1	45713.92	42.24
27	4	492	59	10	822	23	53102.0	47.91
27	4	492	59	10	823	3	55027.48	50.67
27	4	492	59	10	825	36	49554.36	44.74
27	4	492	59	10	829	19	57607.32	49.57
27	4	492	59	10	834	5	51842.39	42.11
27	4	492	59	10	838	25	48941.41	45.98
27	4	492	59	10	840	21	40859.35	37.39
27	4	492	59	10	842	43	50031.16	43.49
27	4	492	59	11	847	1	140653.06	124.81
27	4	492	59	12	881	1	66326.31	55.9
27	4	492	59	12	895	91	77003.22	65.74
27	4	492	59	12	902	39	74891.18	63.56
27	4	492	59	12	913	18	70133.46	60.23
27	4	492	59	12	931	11	75659.17	66.37
27	4	492	59	12	933	16	64124.23	53.29
27	4	492	59	13	1134	25	20578.77	19.34
27	4	492	59	13	1136	88	21836.7	21.05
27	4	492	59	13	957	1	38586.28	35.67
27	4	492	59	13	964	63	43125.73	38.57
27	4	492	59	13	967	18	42693.86	38.14
27	4	492	59	13	971	13	38086.87	33.93
27	4	492	59	13	972	28	35639.43	31.87
27	4	492	59	13	980	24	25737.28	23.42
27	4	492	59	13	982	17	25693.6	25.0
27	4	492	59	13	984	27	21087.47	20.38
27	4	492	59	13	985	16	15488.1	14.98
27	4	492	59	13	986	80	15698.09	15.85
27	4	492	59	13	987	62	15168.65	14.79
27	4	492	59	14	1002	1	80995.88	65.65
27	4	492	59	14	1018	6	86396.39	71.16
27	4	492	59	14	1020	5	84295.1	68.67
27	4	492	59	14	1021	20	79870.45	63.6
27	4	492	59	14	1022	27	78150.49	62.11
27	4	492	59	14	1023	21	78010.69	63.25
27	4	492	59	14	1025	24	74747.84	59.69
27	4	492	59	14	1027	19	73351.75	59.3
27	4	492	59	14	1029	14	73251.61	58.8
27	4	492	59	15	1039	1	64330.38	64.09
27	4	492	59	15	1053	60	84877.91	78.81
27	4	492	59	16	1074	1	66189.4	59.88
27	4	492	59	16	1082	17	68071.1	61.05
27	4	492	59	17	1092	1	225493.94	175.16
27	4	492	59	2	100	13	110258.45	88.15
27	4	492	59	2	110	34	94720.23	75.18
27	4	492	59	2	114	29	125104.44	91.11
27	4	492	59	2	118	3	100501.86	79.63
27	4	492	59	2	120	30	87005.71	68.76
27	4	492	59	2	128	61	103430.17	81.26
27	4	492	59	2	130	123	75757.32	61.73
27	4	492	59	2	132	25	79778.82	62.79
27	4	492	59	2	134	4	86522.69	68.36
27	4	492	59	2	142	117	88185.58	69.63
27	4	492	59	2	144	96	75091.96	59.23
27	4	492	59	2	148	90	66857.68	53.63
27	4	492	59	2	149	82	65852.71	52.65
27	4	492	59	2	152	51	57072.5	45.8
27	4	492	59	2	154	10	63143.1	50.84
27	4	492	59	2	155	24	70102.78	54.95
27	4	492	59	2	157	73	76845.99	60.17
27	4	492	59	2	163	87	77118.87	59.27
27	4	492	59	2	74	1	57845.8	49.44
27	4	492	59	2	93	22	145537.6	109.16
27	4	492	59	3	173	1	95302.27	84.14
27	4	492	59	3	196	4	69623.35	58.11
27	4	492	59	3	208	15	82325.73	78.68
27	4	492	59	3	210	61	76111.3	69.58
27	4	492	59	3	213	35	70676.84	61.5
27	4	492	59	3	223	56	61763.55	54.55
27	4	492	59	4	1148	19	22553.09	21.59
27	4	492	59	4	321	1	13830.16	15.44
27	4	492	59	4	422	183	49059.01	43.92
27	4	492	59	4	423	170	42148.87	42.66
27	4	492	59	4	425	62	46396.71	48.5
27	4	492	59	4	426	61	45210.47	48.83
27	4	492	59	4	428	176	34572.36	32.7
27	4	492	59	4	433	214	33420.3	30.4
27	4	492	59	4	440	251	32448.82	29.4
27	4	492	59	4	443	258	29024.26	26.88
27	4	492	59	4	445	134	24143.28	23.04
27	4	492	59	4	452	35	17682.65	17.86
27	4	492	59	4	453	87	12691.83	12.23
27	4	492	59	4	458	122	19985.04	20.06
27	4	492	59	4	463	98	28325.27	24.4
27	4	492	59	4	464	34	18844.17	18.65
27	4	492	59	4	465	33	15605.96	15.3
27	4	492	59	4	467	65	16508.16	16.75
27	4	492	59	4	470	111	7539.0	7.41
27	4	492	59	4	476	66	18629.21	17.43
27	4	492	59	4	477	67	13087.39	12.21
27	4	492	59	4	479	112	4054.05	3.86
27	4	492	59	4	480	160	3948.6	3.82
27	4	492	59	4	484	146	18618.64	17.17
27	4	492	59	4	485	145	20173.9	18.77
27	4	492	59	4	486	206	21579.87	21.05
27	4	492	59	4	494	56	2880.65	2.88
27	4	492	59	4	497	123	13666.76	14.14
27	4	492	59	4	500	264	23499.65	21.44
27	4	492	59	4	501	166	26726.69	27.91
27	4	492	59	4	506	317	32954.79	34.54
27	4	492	59	5	520	1	64648.9	54.29
27	4	492	59	5	538	16	88899.24	73.67
27	4	492	59	5	567	66	76108.77	64.45
27	4	492	59	5	570	52	61769.92	55.2
27	4	492	59	5	573	20	63010.84	51.99
27	4	492	59	5	576	42	71330.91	59.58
27	4	492	59	5	581	25	67933.49	56.18
27	4	492	59	5	586	2	77535.79	66.7
27	4	492	59	5	587	41	71274.41	60.02
27	4	492	59	5	589	17	57268.49	53.12
27	4	492	59	5	590	58	66386.82	55.29
27	4	492	59	5	592	39	65211.82	54.24
27	4	492	59	5	601	4	74547.58	63.63
27	4	492	59	5	602	59	67253.22	56.32
27	4	492	59	6	615	1	40793.92	35.07
27	4	492	59	6	621	32	70151.0	60.08
27	4	492	59	6	631	28	49976.48	43.43
27	4	492	59	6	640	142	61032.76	51.95
27	4	492	59	6	642	44	59583.48	50.33
27	4	492	59	6	645	7	59840.31	50.4
27	4	492	59	6	654	24	43514.34	37.65
27	4	492	59	6	656	23	43460.14	36.42
27	4	492	59	6	663	16	44351.79	37.5
27	4	492	59	7	670	1	159229.61	119.25
27	4	492	59	7	678	9	162498.0	119.37
27	4	492	59	8	687	1	62480.82	56.78
27	4	492	59	8	702	98	130927.94	91.14
27	4	492	59	8	719	107	66230.43	53.69
27	4	492	59	8	721	108	71668.93	56.05
27	4	492	59	8	722	109	79951.39	61.08
27	4	492	59	8	724	84	57927.32	48.04
27	4	492	59	8	727	110	75692.97	60.4
27	4	492	59	8	729	111	70635.74	56.85
27	4	492	59	8	731	91	82779.1	64.04
27	4	492	59	8	738	18	67287.96	53.98
27	4	492	59	8	741	58	80888.09	65.42
27	4	492	59	8	747	47	64251.4	57.54
27	4	492	59	8	768	16	81869.25	70.9
27	4	492	59	9	783	1	53021.06	50.79
27	4	494	56	1	15	74	236625.93	183.26
27	4	494	56	1	6	1	203142.93	155.4
27	4	494	56	10	811	1	45985.23	42.84
27	4	494	56	10	822	23	53373.3	48.5
27	4	494	56	10	823	3	55298.79	51.26
27	4	494	56	10	825	36	49825.67	45.34
27	4	494	56	10	829	19	55613.0	47.65
27	4	494	56	10	834	5	49848.07	40.2
27	4	494	56	10	838	25	53562.55	46.43
27	4	494	56	10	840	21	41130.66	37.99
27	4	494	56	10	842	43	48036.84	41.57
27	4	494	56	11	847	1	140924.37	125.4
27	4	494	56	12	881	1	66597.61	56.5
27	4	494	56	12	895	91	77274.53	66.34
27	4	494	56	12	902	39	75162.48	64.16
27	4	494	56	12	913	18	70404.77	60.83
27	4	494	56	12	931	11	75930.48	66.97
27	4	494	56	12	933	16	64395.54	53.89
27	4	494	56	13	1134	25	20850.08	19.93
27	4	494	56	13	1136	88	22108.0	21.64
27	4	494	56	13	957	1	38857.58	36.27
27	4	494	56	13	964	63	43397.03	39.17
27	4	494	56	13	967	18	42965.16	38.74
27	4	494	56	13	971	13	38358.17	34.53
27	4	494	56	13	972	28	35910.73	32.47
27	4	494	56	13	980	24	26008.59	24.02
27	4	494	56	13	982	17	25964.91	25.6
27	4	494	56	13	984	27	21358.77	20.98
27	4	494	56	13	985	16	15759.41	15.58
27	4	494	56	13	986	80	15969.4	16.45
27	4	494	56	13	987	62	15439.96	15.39
27	4	494	56	14	1002	1	79001.56	63.73
27	4	494	56	14	1018	6	84402.08	69.25
27	4	494	56	14	1020	5	82300.78	66.76
27	4	494	56	14	1021	20	77876.13	61.69
27	4	494	56	14	1022	27	76156.17	60.19
27	4	494	56	14	1023	21	76016.37	61.34
27	4	494	56	14	1025	24	72753.52	57.77
27	4	494	56	14	1027	19	71357.43	57.39
27	4	494	56	14	1029	14	71257.3	56.89
27	4	494	56	15	1039	1	64601.68	64.69
27	4	494	56	15	1053	60	85149.22	79.41
27	4	494	56	16	1074	1	66460.7	60.48
27	4	494	56	16	1082	17	68342.4	61.65
27	4	494	56	17	1092	1	225765.25	175.76
27	4	494	56	2	100	13	108264.01	86.32
27	4	494	56	2	110	34	92725.78	73.35
27	4	494	56	2	114	29	123110.0	89.28
27	4	494	56	2	118	3	98507.42	77.8
27	4	494	56	2	120	30	85011.26	66.93
27	4	494	56	2	128	61	101435.73	79.42
27	4	494	56	2	130	123	73762.88	59.9
27	4	494	56	2	132	25	77784.38	60.96
27	4	494	56	2	134	4	84528.25	66.52
27	4	494	56	2	142	117	86191.14	67.79
27	4	494	56	2	144	96	73097.52	57.4
27	4	494	56	2	148	90	64863.24	51.8
27	4	494	56	2	149	82	63858.26	50.82
27	4	494	56	2	152	51	55078.05	43.96
27	4	494	56	2	154	10	61148.65	49.01
27	4	494	56	2	155	24	68108.33	53.11
27	4	494	56	2	157	73	74851.54	58.34
27	4	494	56	2	163	87	75124.43	57.44
27	4	494	56	2	74	1	55851.35	47.61
27	4	494	56	2	93	22	143543.16	107.33
27	4	494	56	3	173	1	95573.57	84.74
27	4	494	56	3	196	4	69894.66	58.71
27	4	494	56	3	208	15	82597.04	79.28
27	4	494	56	3	210	61	76382.61	70.18
27	4	494	56	3	213	35	70948.15	62.1
27	4	494	56	3	223	56	62034.86	55.14
27	4	494	56	4	1148	19	22824.4	22.18
27	4	494	56	4	321	1	14101.47	16.04
27	4	494	56	4	422	183	49330.32	44.52
27	4	494	56	4	423	170	42420.18	43.26
27	4	494	56	4	425	62	46668.02	49.09
27	4	494	56	4	426	61	45481.78	49.43
27	4	494	56	4	428	176	34843.66	33.3
27	4	494	56	4	433	214	33691.6	31.0
27	4	494	56	4	440	251	32720.13	30.0
27	4	494	56	4	443	258	29295.57	27.48
27	4	494	56	4	445	134	24414.59	23.63
27	4	494	56	4	452	35	17953.95	18.46
27	4	494	56	4	453	87	12963.14	12.83
27	4	494	56	4	458	122	20256.34	20.65
27	4	494	56	4	463	98	28596.58	25.0
27	4	494	56	4	464	34	19115.48	19.25
27	4	494	56	4	465	33	15877.26	15.9
27	4	494	56	4	467	65	16779.46	17.34
27	4	494	56	4	470	111	7810.3	8.01
27	4	494	56	4	476	66	18900.51	18.02
27	4	494	56	4	477	67	13358.7	12.81
27	4	494	56	4	479	112	4325.35	4.46
27	4	494	56	4	480	160	4219.9	4.42
27	4	494	56	4	484	146	18889.94	17.76
27	4	494	56	4	485	145	20445.2	19.36
27	4	494	56	4	486	206	21851.18	21.65
27	4	494	56	4	492	59	2918.48	2.86
27	4	494	56	4	497	123	12001.93	12.22
27	4	494	56	4	500	264	23770.95	22.04
27	4	494	56	4	501	166	26998.0	28.51
27	4	494	56	4	506	317	33226.09	35.14
27	4	494	56	5	520	1	62654.58	52.38
27	4	494	56	5	538	16	86904.93	71.75
27	4	494	56	5	567	66	74114.45	62.53
27	4	494	56	5	570	52	62041.22	55.8
27	4	494	56	5	573	20	61016.52	50.07
27	4	494	56	5	576	42	69336.59	57.67
27	4	494	56	5	581	25	65939.17	54.26
27	4	494	56	5	586	2	75541.47	64.79
27	4	494	56	5	587	41	69280.09	58.11
27	4	494	56	5	589	17	63786.69	52.97
27	4	494	56	5	590	58	64392.5	53.37
27	4	494	56	5	592	39	63217.5	52.33
27	4	494	56	5	601	4	72553.26	61.72
27	4	494	56	5	602	59	65258.91	54.4
27	4	494	56	6	615	1	38799.61	33.16
27	4	494	56	6	621	32	68156.68	58.17
27	4	494	56	6	631	28	47982.16	41.52
27	4	494	56	6	640	142	59038.45	50.03
27	4	494	56	6	642	44	57589.16	48.42
27	4	494	56	6	645	7	57846.0	48.48
27	4	494	56	6	654	24	41520.03	35.74
27	4	494	56	6	656	23	41465.82	34.5
27	4	494	56	6	663	16	42357.35	35.67
27	4	494	56	7	670	1	159500.92	119.85
27	4	494	56	7	678	9	162769.31	119.97
27	4	494	56	8	687	1	60815.98	54.86
27	4	494	56	8	702	98	128933.5	89.31
27	4	494	56	8	719	107	64235.99	51.86
27	4	494	56	8	721	108	69674.49	54.22
27	4	494	56	8	722	109	77956.95	59.25
27	4	494	56	8	724	84	55932.87	46.21
27	4	494	56	8	727	110	73698.52	58.56
27	4	494	56	8	729	111	68641.3	55.01
27	4	494	56	8	731	91	80784.66	62.2
27	4	494	56	8	738	18	65293.52	52.15
27	4	494	56	8	741	58	78893.65	63.59
27	4	494	56	8	747	47	62586.57	55.62
27	4	494	56	8	768	16	80204.41	68.97
27	4	494	56	9	783	1	53292.36	51.38
27	4	497	123	1	15	74	248583.67	192.64
27	4	497	123	1	6	1	215100.66	164.78
27	4	497	123	10	811	1	49221.12	43.66
27	4	497	123	10	822	23	55392.46	49.33
27	4	497	123	10	823	3	51657.58	44.93
27	4	497	123	10	825	36	53364.52	46.01
27	4	497	123	10	829	19	47934.82	40.9
27	4	497	123	10	834	5	42169.89	33.44
27	4	497	123	10	838	25	45884.36	39.67
27	4	497	123	10	840	21	45855.71	41.48
27	4	497	123	10	842	43	40358.66	34.82
27	4	497	123	11	847	1	152882.11	134.78
27	4	497	123	12	881	1	78555.35	65.87
27	4	497	123	12	895	91	89232.27	75.71
27	4	497	123	12	902	39	87120.22	73.53
27	4	497	123	12	913	18	82362.51	70.2
27	4	497	123	12	931	11	87888.22	76.34
27	4	497	123	12	933	16	76353.28	63.26
27	4	497	123	13	1134	25	32807.81	29.31
27	4	497	123	13	1136	88	34065.74	31.02
27	4	497	123	13	957	1	50815.32	45.64
27	4	497	123	13	964	63	55354.77	48.54
27	4	497	123	13	967	18	54922.9	48.11
27	4	497	123	13	971	13	50315.91	43.9
27	4	497	123	13	972	28	47868.47	41.84
27	4	497	123	13	980	24	37966.33	33.4
27	4	497	123	13	982	17	37922.64	34.98
27	4	497	123	13	984	27	33316.51	30.35
27	4	497	123	13	985	16	27717.15	24.95
27	4	497	123	13	986	80	27927.13	25.82
27	4	497	123	13	987	62	27397.69	24.76
27	4	497	123	14	1002	1	71323.38	56.98
27	4	497	123	14	1018	6	76723.89	62.49
27	4	497	123	14	1020	5	74622.6	60.0
27	4	497	123	14	1021	20	70197.95	54.93
27	4	497	123	14	1022	27	68477.99	53.44
27	4	497	123	14	1023	21	68338.19	54.59
27	4	497	123	14	1025	24	65075.34	51.02
27	4	497	123	14	1027	19	63679.25	50.63
27	4	497	123	14	1029	14	63579.11	50.13
27	4	497	123	15	1039	1	55427.89	62.69
27	4	497	123	15	1053	60	75975.43	77.41
27	4	497	123	16	1074	1	57286.91	58.48
27	4	497	123	16	1082	17	43130.86	59.13
27	4	497	123	17	1092	1	237722.98	185.14
27	4	497	123	2	100	13	100585.82	79.56
27	4	497	123	2	110	34	85047.6	66.59
27	4	497	123	2	114	29	115431.82	82.52
27	4	497	123	2	118	3	90829.23	71.04
27	4	497	123	2	120	30	77333.08	60.18
27	4	497	123	2	128	61	93757.55	72.67
27	4	497	123	2	130	123	66084.7	53.14
27	4	497	123	2	132	25	70106.19	54.21
27	4	497	123	2	134	4	76850.07	59.77
27	4	497	123	2	142	117	78512.95	61.04
27	4	497	123	2	144	96	65419.34	50.64
27	4	497	123	2	148	90	57185.06	45.04
27	4	497	123	2	149	82	56180.08	44.06
27	4	497	123	2	152	51	47399.87	37.21
27	4	497	123	2	154	10	53470.47	42.25
27	4	497	123	2	155	24	60430.15	46.36
27	4	497	123	2	157	73	67173.36	51.58
27	4	497	123	2	163	87	67446.25	50.69
27	4	497	123	2	74	1	48173.17	40.85
27	4	497	123	2	93	22	135864.98	100.58
27	4	497	123	3	173	1	107531.31	94.11
27	4	497	123	3	196	4	81852.39	68.09
27	4	497	123	3	208	15	94958.03	83.06
27	4	497	123	3	210	61	88340.35	79.56
27	4	497	123	3	213	35	82905.88	71.47
27	4	497	123	3	223	56	73992.59	64.52
27	4	497	123	4	1148	19	34782.14	31.56
27	4	497	123	4	321	1	26330.69	25.82
27	4	497	123	4	422	183	61288.06	53.89
27	4	497	123	4	423	170	54377.91	52.64
27	4	497	123	4	425	62	58625.75	58.47
27	4	497	123	4	426	61	57439.52	58.8
27	4	497	123	4	428	176	46801.4	42.67
27	4	497	123	4	433	214	45649.34	40.37
27	4	497	123	4	440	251	44677.87	39.37
27	4	497	123	4	443	258	41253.3	36.85
27	4	497	123	4	445	134	36372.32	33.01
27	4	497	123	4	452	35	29911.69	27.83
27	4	497	123	4	453	87	24920.87	22.2
27	4	497	123	4	458	122	29767.63	23.69
27	4	497	123	4	463	98	26333.27	21.29
27	4	497	123	4	464	34	29474.75	23.63
27	4	497	123	4	465	33	27835.0	25.27
27	4	497	123	4	467	65	16569.18	17.07
27	4	497	123	4	470	111	20039.53	17.79
27	4	497	123	4	476	66	12765.31	12.98
27	4	497	123	4	477	67	10755.58	11.25
27	4	497	123	4	479	112	16554.58	14.24
27	4	497	123	4	480	160	15823.85	13.44
27	4	497	123	4	484	146	31119.17	27.54
27	4	497	123	4	485	145	32674.43	29.14
27	4	497	123	4	486	206	34080.4	31.43
27	4	497	123	4	492	59	13666.76	14.14
27	4	497	123	4	494	56	12048.56	12.31
27	4	497	123	4	500	264	36000.18	31.82
27	4	497	123	4	501	166	39227.22	38.29
27	4	497	123	4	506	317	28654.86	36.58
27	4	497	123	5	520	1	54976.4	45.62
27	4	497	123	5	538	16	79226.74	65.0
27	4	497	123	5	567	66	66436.27	55.78
27	4	497	123	5	570	52	59764.93	49.27
27	4	497	123	5	573	20	53338.34	43.32
27	4	497	123	5	576	42	61658.41	50.92
27	4	497	123	5	581	25	58260.99	47.51
27	4	497	123	5	586	2	67863.29	58.03
27	4	497	123	5	587	41	61601.91	51.35
27	4	497	123	5	589	17	56108.5	46.22
27	4	497	123	5	590	58	56714.32	46.62
27	4	497	123	5	592	39	55539.32	45.58
27	4	497	123	5	601	4	64875.08	54.96
27	4	497	123	5	602	59	57580.72	47.65
27	4	497	123	6	615	1	31121.42	26.4
27	4	497	123	6	621	32	60478.5	51.42
27	4	497	123	6	631	28	40303.98	34.76
27	4	497	123	6	640	142	51360.26	43.28
27	4	497	123	6	642	44	49910.98	41.66
27	4	497	123	6	645	7	50167.81	41.73
27	4	497	123	6	654	24	33841.84	28.99
27	4	497	123	6	656	23	33787.64	27.75
27	4	497	123	6	663	16	34679.16	28.91
27	4	497	123	7	670	1	171458.65	129.22
27	4	497	123	7	678	9	174727.05	129.34
27	4	497	123	8	687	1	53137.8	48.1
27	4	497	123	8	702	98	121255.31	82.56
27	4	497	123	8	719	107	56557.81	45.1
27	4	497	123	8	721	108	61996.31	47.47
27	4	497	123	8	722	109	70278.77	52.49
27	4	497	123	8	724	84	48254.69	39.46
27	4	497	123	8	727	110	66020.34	51.81
27	4	497	123	8	729	111	60963.12	48.26
27	4	497	123	8	731	91	73106.47	55.45
27	4	497	123	8	738	18	57615.34	45.39
27	4	497	123	8	741	58	71215.47	56.83
27	4	497	123	8	747	47	54908.38	48.87
27	4	497	123	8	768	16	72526.23	62.22
27	4	497	123	9	783	1	50044.01	56.12
27	4	500	264	1	15	74	216349.5	173.12
27	4	500	264	1	6	1	182866.5	145.26
27	4	500	264	10	811	1	49025.24	48.45
27	4	500	264	10	822	23	56413.31	54.12
27	4	500	264	10	823	3	58338.8	56.88
27	4	500	264	10	825	36	52865.68	50.96
27	4	500	264	10	829	19	57253.29	55.87
27	4	500	264	10	834	5	59671.4	50.44
27	4	500	264	10	838	25	52252.72	52.19
27	4	500	264	10	840	21	44170.67	43.61
27	4	500	264	10	842	43	50666.78	51.39
27	4	500	264	11	847	1	120647.94	115.26
27	4	500	264	12	881	1	46321.19	46.36
27	4	500	264	12	895	91	56998.1	56.2
27	4	500	264	12	902	39	54886.06	54.02
27	4	500	264	12	913	18	50128.34	50.69
27	4	500	264	12	931	11	55654.05	56.82
27	4	500	264	12	933	16	44119.11	43.75
27	4	500	264	13	1134	25	25263.76	25.64
27	4	500	264	13	1136	88	23812.93	26.25
27	4	500	264	13	957	1	41897.59	41.89
27	4	500	264	13	964	63	46437.04	44.78
27	4	500	264	13	967	18	46005.17	44.35
27	4	500	264	13	971	13	41398.18	40.14
27	4	500	264	13	972	28	38950.74	38.08
27	4	500	264	13	980	24	29048.6	29.64
27	4	500	264	13	982	17	30378.59	31.31
27	4	500	264	13	984	27	22406.01	23.84
27	4	500	264	13	985	16	20173.1	21.28
27	4	500	264	13	986	80	20062.29	22.44
27	4	500	264	13	987	62	19853.65	21.1
27	4	500	264	14	1002	1	88824.89	73.98
27	4	500	264	14	1018	6	94225.4	79.49
27	4	500	264	14	1020	5	92124.11	77.0
27	4	500	264	14	1021	20	87699.46	71.93
27	4	500	264	14	1022	27	85979.5	70.44
27	4	500	264	14	1023	21	85839.7	71.59
27	4	500	264	14	1025	24	82576.85	68.02
27	4	500	264	14	1027	19	81180.76	67.63
27	4	500	264	14	1029	14	81080.62	67.13
27	4	500	264	15	1039	1	41174.07	43.34
27	4	500	264	15	1053	60	61721.61	58.06
27	4	500	264	16	1074	1	43033.09	39.13
27	4	500	264	16	1082	17	44914.79	40.3
27	4	500	264	17	1092	1	205488.82	165.62
27	4	500	264	2	100	13	118087.46	96.48
27	4	500	264	2	110	34	102549.24	83.51
27	4	500	264	2	114	29	132933.45	99.44
27	4	500	264	2	118	3	108330.87	87.96
27	4	500	264	2	120	30	94834.72	77.1
27	4	500	264	2	128	61	111259.18	89.59
27	4	500	264	2	130	123	83586.34	70.06
27	4	500	264	2	132	25	87607.83	71.13
27	4	500	264	2	134	4	94351.71	76.69
27	4	500	264	2	142	117	96014.59	77.96
27	4	500	264	2	144	96	82920.98	67.56
27	4	500	264	2	148	90	74686.69	61.96
27	4	500	264	2	149	82	73681.72	60.98
27	4	500	264	2	152	51	64901.51	54.13
27	4	500	264	2	154	10	70972.11	59.17
27	4	500	264	2	155	24	77931.79	63.28
27	4	500	264	2	157	73	84675.0	68.5
27	4	500	264	2	163	87	84947.88	67.61
27	4	500	264	2	74	1	65674.81	57.77
27	4	500	264	2	93	22	153366.61	117.5
27	4	500	264	3	173	1	96620.81	87.6
27	4	500	264	3	196	4	70941.9	61.58
27	4	500	264	3	208	15	83644.28	82.14
27	4	500	264	3	210	61	77429.85	73.05
27	4	500	264	3	213	35	71995.39	64.97
27	4	500	264	3	223	56	63082.1	58.01
27	4	500	264	4	1148	19	23871.64	25.05
27	4	500	264	4	321	1	16013.03	16.88
27	4	500	264	4	422	183	50377.56	47.38
27	4	500	264	4	423	170	43467.42	46.13
27	4	500	264	4	425	62	47715.26	51.96
27	4	500	264	4	426	61	46529.02	52.29
27	4	500	264	4	428	176	35890.9	36.16
27	4	500	264	4	433	214	34738.84	33.86
27	4	500	264	4	440	251	33767.37	32.86
27	4	500	264	4	443	258	30342.81	30.34
27	4	500	264	4	445	134	25461.83	26.5
27	4	500	264	4	452	35	22046.85	24.46
27	4	500	264	4	453	87	20520.84	20.56
27	4	500	264	4	458	122	27814.05	28.39
27	4	500	264	4	463	98	36154.28	32.73
27	4	500	264	4	464	34	26673.18	26.99
27	4	500	264	4	465	33	23434.97	23.64
27	4	500	264	4	467	65	28982.73	28.49
27	4	500	264	4	470	111	17708.07	17.51
27	4	500	264	4	476	66	33728.92	32.33
27	4	500	264	4	477	67	28187.1	27.11
27	4	500	264	4	479	112	20547.75	20.35
27	4	500	264	4	480	160	21278.48	21.15
27	4	500	264	4	484	146	6565.22	7.95
27	4	500	264	4	485	145	5104.18	6.54
27	4	500	264	4	486	206	6004.71	8.98
27	4	500	264	4	492	59	24601.8	24.21
27	4	500	264	4	494	56	24835.28	24.82
27	4	500	264	4	497	123	37102.33	34.59
27	4	500	264	4	500	264	4442.79	7.53
27	4	500	264	4	501	166	3570.39	7.16
27	4	500	264	4	506	317	9798.48	13.78
27	4	500	264	5	520	1	72477.91	62.62
27	4	500	264	5	538	16	96728.25	82.0
27	4	500	264	5	567	66	83937.78	72.78
27	4	500	264	5	570	52	65081.23	61.41
27	4	500	264	5	573	20	70839.85	60.32
27	4	500	264	5	576	42	79159.92	67.92
27	4	500	264	5	581	25	75762.5	64.51
27	4	500	264	5	586	2	85364.8	75.03
27	4	500	264	5	587	41	79103.42	68.35
27	4	500	264	5	589	17	60579.8	59.34
27	4	500	264	5	590	58	74215.83	63.62
27	4	500	264	5	592	39	61971.87	60.8
27	4	500	264	5	601	4	82376.59	71.96
27	4	500	264	5	602	59	75082.23	64.65
27	4	500	264	6	615	1	48622.93	43.4
27	4	500	264	6	621	32	77980.01	68.42
27	4	500	264	6	631	28	57805.49	51.76
27	4	500	264	6	640	142	68861.77	60.28
27	4	500	264	6	642	44	67412.49	58.67
27	4	500	264	6	645	7	67669.32	58.73
27	4	500	264	6	654	24	51343.36	45.99
27	4	500	264	6	656	23	51289.15	44.75
27	4	500	264	6	663	16	52180.8	45.83
27	4	500	264	7	670	1	139224.49	109.71
27	4	500	264	7	678	9	142492.88	109.82
27	4	500	264	8	687	1	80009.57	67.25
27	4	500	264	8	702	98	138756.95	99.47
27	4	500	264	8	719	107	74059.44	62.02
27	4	500	264	8	721	108	79497.94	64.39
27	4	500	264	8	722	109	87780.4	69.41
27	4	500	264	8	724	84	65756.33	56.38
27	4	500	264	8	727	110	83521.98	68.73
27	4	500	264	8	729	111	78464.75	65.18
27	4	500	264	8	731	91	90608.11	72.37
27	4	500	264	8	738	18	75116.97	62.31
27	4	500	264	8	741	58	88717.1	73.75
27	4	500	264	8	747	47	81835.92	68.1
27	4	500	264	8	768	16	101461.83	83.46
27	4	500	264	9	783	1	28640.69	30.13
27	4	501	166	1	15	74	213790.87	168.16
27	4	501	166	1	6	1	180307.87	140.3
27	4	501	166	10	811	1	52264.43	54.44
27	4	501	166	10	822	23	59652.5	60.1
27	4	501	166	10	823	3	61577.99	62.87
27	4	501	166	10	825	36	56104.87	56.94
27	4	501	166	10	829	19	60492.49	61.86
27	4	501	166	10	834	5	62910.6	56.43
27	4	501	166	10	838	25	55491.92	58.18
27	4	501	166	10	840	21	47409.86	49.59
27	4	501	166	10	842	43	53905.97	57.38
27	4	501	166	11	847	1	118089.31	110.3
27	4	501	166	12	881	1	43762.56	41.4
27	4	501	166	12	895	91	54439.47	51.24
27	4	501	166	12	902	39	52327.43	49.06
27	4	501	166	12	913	18	47569.71	45.72
27	4	501	166	12	931	11	53095.42	51.86
27	4	501	166	12	933	16	41560.48	38.79
27	4	501	166	13	1134	25	28502.96	31.63
27	4	501	166	13	1136	88	27052.12	32.24
27	4	501	166	13	957	1	45136.79	47.87
27	4	501	166	13	964	63	49676.23	50.77
27	4	501	166	13	967	18	49244.37	50.34
27	4	501	166	13	971	13	44637.38	46.13
27	4	501	166	13	972	28	42189.94	44.07
27	4	501	166	13	980	24	32287.79	35.62
27	4	501	166	13	982	17	33617.79	37.3
27	4	501	166	13	984	27	25645.21	29.83
27	4	501	166	13	985	16	23412.29	27.27
27	4	501	166	13	986	80	23301.49	28.43
27	4	501	166	13	987	62	23092.84	27.08
27	4	501	166	14	1002	1	92064.08	79.97
27	4	501	166	14	1018	6	97464.6	85.48
27	4	501	166	14	1020	5	95363.3	82.99
27	4	501	166	14	1021	20	90938.65	77.92
27	4	501	166	14	1022	27	89218.69	76.42
27	4	501	166	14	1023	21	89078.89	77.57
27	4	501	166	14	1025	24	85816.04	74.0
27	4	501	166	14	1027	19	84419.95	73.62
27	4	501	166	14	1029	14	84319.82	73.12
27	4	501	166	15	1039	1	38615.44	38.38
27	4	501	166	15	1053	60	59162.98	53.1
27	4	501	166	16	1074	1	40474.46	34.16
27	4	501	166	16	1082	17	42356.16	35.34
27	4	501	166	17	1092	1	202930.19	160.66
27	4	501	166	2	100	13	121326.65	102.47
27	4	501	166	2	110	34	105788.43	89.5
27	4	501	166	2	114	29	136172.65	105.43
27	4	501	166	2	118	3	111570.06	93.95
27	4	501	166	2	120	30	98073.91	83.08
27	4	501	166	2	128	61	114498.38	95.57
27	4	501	166	2	130	123	86825.53	76.05
27	4	501	166	2	132	25	90847.02	77.11
27	4	501	166	2	134	4	97590.9	82.68
27	4	501	166	2	142	117	99253.78	83.94
27	4	501	166	2	144	96	86160.17	73.55
27	4	501	166	2	148	90	77925.89	67.95
27	4	501	166	2	149	82	76920.91	66.97
27	4	501	166	2	152	51	68140.7	60.12
27	4	501	166	2	154	10	74211.3	65.16
27	4	501	166	2	155	24	81170.98	69.26
27	4	501	166	2	157	73	87914.19	74.49
27	4	501	166	2	163	87	88187.08	73.59
27	4	501	166	2	74	1	68914.0	63.76
27	4	501	166	2	93	22	156605.81	123.48
27	4	501	166	3	173	1	99860.01	93.59
27	4	501	166	3	196	4	74181.09	67.56
27	4	501	166	3	208	15	86883.47	88.13
27	4	501	166	3	210	61	80669.04	79.03
27	4	501	166	3	213	35	75234.58	70.95
27	4	501	166	3	223	56	66321.29	63.99
27	4	501	166	4	1148	19	27110.83	31.03
27	4	501	166	4	321	1	19252.22	22.87
27	4	501	166	4	422	183	53616.75	53.37
27	4	501	166	4	423	170	46706.61	52.11
27	4	501	166	4	425	62	50954.45	57.94
27	4	501	166	4	426	61	49768.21	58.28
27	4	501	166	4	428	176	39130.1	42.15
27	4	501	166	4	433	214	37978.04	39.85
27	4	501	166	4	440	251	37006.56	38.85
27	4	501	166	4	443	258	33582.0	36.33
27	4	501	166	4	445	134	28701.02	32.48
27	4	501	166	4	452	35	25286.04	30.44
27	4	501	166	4	453	87	23760.04	26.55
27	4	501	166	4	458	122	31053.24	34.38
27	4	501	166	4	463	98	39393.48	38.72
27	4	501	166	4	464	34	29912.38	32.97
27	4	501	166	4	465	33	26674.16	29.62
27	4	501	166	4	467	65	32221.92	34.47
27	4	501	166	4	470	111	20947.26	23.5
27	4	501	166	4	476	66	36968.11	38.31
27	4	501	166	4	477	67	31426.3	33.1
27	4	501	166	4	479	112	23786.95	26.33
27	4	501	166	4	480	160	24517.68	27.13
27	4	501	166	4	484	146	9804.41	13.94
27	4	501	166	4	485	145	8343.37	12.52
27	4	501	166	4	486	206	9243.91	14.96
27	4	501	166	4	492	59	27840.99	30.2
27	4	501	166	4	494	56	28074.47	30.8
27	4	501	166	4	497	123	32140.48	39.19
27	4	501	166	4	500	264	8842.49	13.67
27	4	501	166	4	506	317	7239.85	8.82
27	4	501	166	5	520	1	75717.1	68.61
27	4	501	166	5	538	16	99967.45	87.99
27	4	501	166	5	567	66	87176.97	78.77
27	4	501	166	5	570	52	68320.42	67.4
27	4	501	166	5	573	20	74079.05	66.31
27	4	501	166	5	576	42	82399.12	73.9
27	4	501	166	5	581	25	79001.69	70.5
27	4	501	166	5	586	2	88603.99	81.02
27	4	501	166	5	587	41	82342.61	74.34
27	4	501	166	5	589	17	63819.0	65.32
27	4	501	166	5	590	58	77455.02	69.61
27	4	501	166	5	592	39	65211.07	66.79
27	4	501	166	5	601	4	85615.78	77.95
27	4	501	166	5	602	59	78321.43	70.64
27	4	501	166	6	615	1	51862.13	49.39
27	4	501	166	6	621	32	81219.2	74.4
27	4	501	166	6	631	28	61044.68	57.75
27	4	501	166	6	640	142	72100.97	66.27
27	4	501	166	6	642	44	70651.68	64.65
27	4	501	166	6	645	7	70908.52	64.72
27	4	501	166	6	654	24	54582.55	51.97
27	4	501	166	6	656	23	54528.34	50.74
27	4	501	166	6	663	16	55419.99	51.82
27	4	501	166	7	670	1	136665.86	104.74
27	4	501	166	7	678	9	139934.25	104.86
27	4	501	166	8	687	1	83248.76	73.24
27	4	501	166	8	702	98	141996.14	105.46
27	4	501	166	8	719	107	77298.64	68.01
27	4	501	166	8	721	108	82737.13	70.37
27	4	501	166	8	722	109	91019.6	75.4
27	4	501	166	8	724	84	68995.52	62.36
27	4	501	166	8	727	110	86761.17	74.71
27	4	501	166	8	729	111	81703.95	71.17
27	4	501	166	8	731	91	93847.3	78.35
27	4	501	166	8	738	18	78356.17	68.3
27	4	501	166	8	741	58	91956.29	79.74
27	4	501	166	8	747	47	85075.12	74.09
27	4	501	166	8	768	16	104701.02	89.45
27	4	501	166	9	783	1	26082.06	25.17
27	4	506	317	1	15	74	216598.76	169.39
27	4	506	317	1	6	1	183115.76	141.53
27	4	506	317	10	811	1	56738.54	58.32
27	4	506	317	10	822	23	64126.61	63.99
27	4	506	317	10	823	3	66052.09	66.75
27	4	506	317	10	825	36	60578.98	60.82
27	4	506	317	10	829	19	64966.59	65.74
27	4	506	317	10	834	5	67384.7	60.31
27	4	506	317	10	838	25	59966.02	62.06
27	4	506	317	10	840	21	51883.97	53.48
27	4	506	317	10	842	43	58380.08	61.26
27	4	506	317	11	847	1	120897.2	111.53
27	4	506	317	12	881	1	46570.44	42.62
27	4	506	317	12	895	91	57247.36	52.47
27	4	506	317	12	902	39	55135.31	50.28
27	4	506	317	12	913	18	50377.6	46.95
27	4	506	317	12	931	11	55903.31	53.09
27	4	506	317	12	933	16	44368.37	40.02
27	4	506	317	13	1134	25	32977.06	35.51
27	4	506	317	13	1136	88	31526.23	36.12
27	4	506	317	13	957	1	49610.89	51.76
27	4	506	317	13	964	63	54150.34	54.65
27	4	506	317	13	967	18	53718.47	54.22
27	4	506	317	13	971	13	49111.48	50.01
27	4	506	317	13	972	28	46664.04	47.95
27	4	506	317	13	980	24	36761.9	39.51
27	4	506	317	13	982	17	38091.89	41.18
27	4	506	317	13	984	27	30119.31	33.71
27	4	506	317	13	985	16	27886.4	31.15
27	4	506	317	13	986	80	27775.59	32.31
27	4	506	317	13	987	62	27566.95	30.97
27	4	506	317	14	1002	1	96538.19	83.85
27	4	506	317	14	1018	6	101938.7	89.36
27	4	506	317	14	1020	5	99837.41	86.87
27	4	506	317	14	1021	20	95412.76	81.8
27	4	506	317	14	1022	27	93692.8	80.31
27	4	506	317	14	1023	21	93553.0	81.46
27	4	506	317	14	1025	24	90290.15	77.89
27	4	506	317	14	1027	19	88894.06	77.5
27	4	506	317	14	1029	14	88793.92	77.0
27	4	506	317	15	1039	1	34352.25	34.36
27	4	506	317	15	1053	60	54899.78	49.08
27	4	506	317	16	1074	1	36211.27	30.15
27	4	506	317	16	1082	17	38092.97	31.32
27	4	506	317	17	1092	1	205738.08	161.89
27	4	506	317	2	100	13	125800.76	106.35
27	4	506	317	2	110	34	110262.54	93.38
27	4	506	317	2	114	29	140646.75	109.31
27	4	506	317	2	118	3	116044.17	97.83
27	4	506	317	2	120	30	102548.02	86.97
27	4	506	317	2	128	61	118972.48	99.46
27	4	506	317	2	130	123	91299.64	79.93
27	4	506	317	2	132	25	95321.13	81.0
27	4	506	317	2	134	4	102065.01	86.56
27	4	506	317	2	142	117	103727.89	87.83
27	4	506	317	2	144	96	90634.28	77.43
27	4	506	317	2	148	90	82399.99	71.83
27	4	506	317	2	149	82	81395.02	70.85
27	4	506	317	2	152	51	72614.81	64.0
27	4	506	317	2	154	10	78685.41	69.04
27	4	506	317	2	155	24	85645.09	73.15
27	4	506	317	2	157	73	92388.3	78.37
27	4	506	317	2	163	87	92661.18	77.48
27	4	506	317	2	74	1	73388.11	67.64
27	4	506	317	2	93	22	161079.91	127.36
27	4	506	317	3	173	1	104334.11	97.47
27	4	506	317	3	196	4	78655.2	71.45
27	4	506	317	3	208	15	91357.58	92.01
27	4	506	317	3	210	61	85143.15	82.92
27	4	506	317	3	213	35	79708.69	74.83
27	4	506	317	3	223	56	70795.4	67.88
27	4	506	317	4	1148	19	31584.94	34.92
27	4	506	317	4	321	1	23726.33	26.75
27	4	506	317	4	422	183	58090.86	57.25
27	4	506	317	4	423	170	51180.72	56.0
27	4	506	317	4	425	62	55428.56	61.83
27	4	506	317	4	426	61	54242.32	62.16
27	4	506	317	4	428	176	43604.2	46.03
27	4	506	317	4	433	214	42452.14	43.73
27	4	506	317	4	440	251	41480.67	42.73
27	4	506	317	4	443	258	38056.11	40.21
27	4	506	317	4	445	134	33175.13	36.37
27	4	506	317	4	452	35	29760.15	34.32
27	4	506	317	4	453	87	28234.14	30.43
27	4	506	317	4	458	122	35527.35	38.26
27	4	506	317	4	463	98	43867.58	42.6
27	4	506	317	4	464	34	34386.48	36.86
27	4	506	317	4	465	33	31148.27	33.51
27	4	506	317	4	467	65	36696.03	38.36
27	4	506	317	4	470	111	25421.37	27.38
27	4	506	317	4	476	66	41442.22	42.2
27	4	506	317	4	477	67	35900.4	36.98
27	4	506	317	4	479	112	28261.05	30.22
27	4	506	317	4	480	160	28991.78	31.02
27	4	506	317	4	484	146	14278.52	17.82
27	4	506	317	4	485	145	12817.48	16.41
27	4	506	317	4	486	206	13718.01	18.85
27	4	506	317	4	492	59	32315.1	34.08
27	4	506	317	4	494	56	32548.58	34.69
27	4	506	317	4	497	123	27877.29	35.18
27	4	506	317	4	500	264	13316.6	17.55
27	4	506	317	4	501	166	8301.71	11.05
27	4	506	317	4	506	317	2973.71	3.63
27	4	506	317	5	520	1	80191.21	72.49
27	4	506	317	5	538	16	104441.55	91.87
27	4	506	317	5	567	66	91651.08	82.65
27	4	506	317	5	570	52	72794.53	71.28
27	4	506	317	5	573	20	78553.15	70.19
27	4	506	317	5	576	42	86873.22	77.79
27	4	506	317	5	581	25	83475.8	74.38
27	4	506	317	5	586	2	93078.1	84.9
27	4	506	317	5	587	41	86816.72	78.22
27	4	506	317	5	589	17	68293.1	69.21
27	4	506	317	5	590	58	81929.13	73.49
27	4	506	317	5	592	39	69685.17	70.67
27	4	506	317	5	601	4	90089.89	81.83
27	4	506	317	5	602	59	82795.53	74.52
27	4	506	317	6	615	1	56336.23	53.27
27	4	506	317	6	621	32	85693.31	78.29
27	4	506	317	6	631	28	65518.79	61.63
27	4	506	317	6	640	142	76575.07	70.15
27	4	506	317	6	642	44	75125.79	68.54
27	4	506	317	6	645	7	75382.62	68.6
27	4	506	317	6	654	24	59056.66	55.86
27	4	506	317	6	656	23	59002.45	54.62
27	4	506	317	6	663	16	59894.1	55.7
27	4	506	317	7	670	1	139473.75	105.97
27	4	506	317	7	678	9	142742.14	106.09
27	4	506	317	8	687	1	72603.06	72.05
27	4	506	317	8	702	98	146470.25	109.34
27	4	506	317	8	719	107	81772.74	71.89
27	4	506	317	8	721	108	87211.24	74.26
27	4	506	317	8	722	109	95493.7	79.28
27	4	506	317	8	724	84	73469.63	66.25
27	4	506	317	8	727	110	91235.28	78.6
27	4	506	317	8	729	111	86178.05	75.05
27	4	506	317	8	731	91	98321.41	82.24
27	4	506	317	8	738	18	82830.27	72.18
27	4	506	317	8	741	58	84539.01	81.52
27	4	506	317	8	747	47	74373.64	72.82
27	4	506	317	8	768	16	91991.49	86.17
27	4	506	317	9	783	1	28889.94	26.4
27	5	520	1	1	15	74	279977.78	215.71
27	5	520	1	1	6	1	246494.77	187.85
27	5	520	1	10	811	1	23444.5	24.94
27	5	520	1	10	822	23	18102.08	19.09
27	5	520	1	10	823	3	14944.82	15.87
27	5	520	1	10	825	36	21384.4	21.72
27	5	520	1	10	829	19	18733.33	18.67
27	5	520	1	10	834	5	17162.36	15.3
27	5	520	1	10	838	25	23779.01	23.99
27	5	520	1	10	840	21	31193.98	33.2
27	5	520	1	10	842	43	28710.73	28.44
27	5	520	1	11	847	1	184276.21	157.85
27	5	520	1	12	881	1	109949.46	88.95
27	5	520	1	12	895	91	120626.37	98.79
27	5	520	1	12	902	39	118514.33	96.61
27	5	520	1	12	913	18	113756.62	93.27
27	5	520	1	12	931	11	119282.32	99.41
27	5	520	1	12	933	16	107747.39	86.34
27	5	520	1	13	1134	25	49312.04	47.12
27	5	520	1	13	1136	88	52501.6	50.45
27	5	520	1	13	957	1	29639.89	31.63
27	5	520	1	13	964	63	28785.5	29.04
27	5	520	1	13	967	18	29217.36	29.47
27	5	520	1	13	971	13	34965.13	36.29
27	5	520	1	13	972	28	53450.22	51.02
27	5	520	1	13	980	24	44153.53	43.03
27	5	520	1	13	982	17	47800.27	47.11
27	5	520	1	13	984	27	54817.13	51.97
27	5	520	1	13	985	16	59112.81	48.11
27	5	520	1	13	986	80	57375.55	47.58
27	5	520	1	13	987	62	58793.36	47.92
27	5	520	1	14	1002	1	18899.71	16.96
27	5	520	1	14	1018	6	24300.23	22.48
27	5	520	1	14	1020	5	22198.93	19.99
27	5	520	1	14	1021	20	17774.28	14.92
27	5	520	1	14	1022	27	16054.32	13.42
27	5	520	1	14	1023	21	17415.24	14.61
27	5	520	1	14	1025	24	12651.67	11.0
27	5	520	1	14	1027	19	11449.55	10.7
27	5	520	1	14	1029	14	11155.45	10.12
27	5	520	1	15	1039	1	112078.93	101.7
27	5	520	1	15	1053	60	132626.47	116.42
27	5	520	1	16	1074	1	113937.95	97.49
27	5	520	1	16	1082	17	105084.79	97.88
27	5	520	1	17	1092	1	269117.09	208.21
27	5	520	1	2	100	13	54997.43	56.36
27	5	520	1	2	110	34	61333.98	51.42
27	5	520	1	2	114	29	109726.88	80.65
27	5	520	1	2	118	3	66718.89	56.2
27	5	520	1	2	120	30	39129.33	43.11
27	5	520	1	2	128	61	69759.93	59.48
27	5	520	1	2	130	123	42376.23	36.01
27	5	520	1	2	132	25	46392.57	39.03
27	5	520	1	2	134	4	53151.41	44.93
27	5	520	1	2	142	117	60499.03	51.06
27	5	520	1	2	144	96	46413.0	39.01
27	5	520	1	2	148	90	42143.93	35.33
27	5	520	1	2	149	82	28010.95	23.08
27	5	520	1	2	152	51	35343.8	28.96
27	5	520	1	2	154	10	46100.24	39.11
27	5	520	1	2	155	24	51383.35	43.26
27	5	520	1	2	157	73	61468.42	49.71
27	5	520	1	2	163	87	61741.31	48.82
27	5	520	1	2	74	1	42468.65	37.77
27	5	520	1	2	93	22	86723.05	87.11
27	5	520	1	3	173	1	89898.57	93.87
27	5	520	1	3	196	4	65718.79	68.21
27	5	520	1	3	208	15	47118.14	44.17
27	5	520	1	3	210	61	54663.86	54.59
27	5	520	1	3	213	35	59337.03	60.34
27	5	520	1	3	223	56	71840.13	75.55
27	5	520	1	4	1148	19	66176.25	54.63
27	5	520	1	4	321	1	59821.77	49.48
27	5	520	1	4	422	183	73924.55	72.03
27	5	520	1	4	423	170	74269.11	72.66
27	5	520	1	4	425	62	77888.48	76.92
27	5	520	1	4	426	61	78542.17	78.22
27	5	520	1	4	428	176	61748.51	62.97
27	5	520	1	4	433	214	63310.62	61.32
27	5	520	1	4	440	251	62339.15	60.32
27	5	520	1	4	443	258	58914.59	57.8
27	5	520	1	4	445	134	54033.61	53.96
27	5	520	1	4	452	35	58317.63	48.18
27	5	520	1	4	453	87	56316.53	45.36
27	5	520	1	4	458	122	48284.18	38.81
27	5	520	1	4	463	98	44849.82	36.41
27	5	520	1	4	464	34	47991.3	38.75
27	5	520	1	4	465	33	51229.51	42.1
27	5	520	1	4	467	65	55850.69	47.37
27	5	520	1	4	470	111	58036.28	46.91
27	5	520	1	4	476	66	50095.0	41.67
27	5	520	1	4	477	67	55867.02	47.67
27	5	520	1	4	479	112	60875.96	49.75
27	5	520	1	4	480	160	60752.42	50.05
27	5	520	1	4	484	146	66367.2	54.77
27	5	520	1	4	485	145	67922.45	56.37
27	5	520	1	4	486	206	69328.43	58.66
27	5	520	1	4	492	59	64347.23	53.52
27	5	520	1	4	494	56	64580.71	54.13
27	5	520	1	4	497	123	60249.11	48.57
27	5	520	1	4	500	264	71248.2	59.05
27	5	520	1	4	501	166	74475.25	65.52
27	5	520	1	4	506	317	80703.35	72.15
27	5	520	1	5	538	16	26800.31	25.23
27	5	520	1	5	567	66	16198.89	17.88
27	5	520	1	5	570	52	12889.13	13.63
27	5	520	1	5	573	20	5366.43	7.58
27	5	520	1	5	576	42	11421.04	13.01
27	5	520	1	5	581	25	6833.12	8.42
27	5	520	1	5	586	2	17874.94	20.28
27	5	520	1	5	587	41	11364.53	13.45
27	5	520	1	5	589	17	12698.9	13.4
27	5	520	1	5	590	58	6476.94	8.72
27	5	520	1	5	592	39	13131.99	14.1
27	5	520	1	5	601	4	21034.77	22.75
27	5	520	1	5	602	59	13253.24	13.35
27	5	520	1	6	615	1	25812.05	22.92
27	5	520	1	6	621	32	22924.7	25.48
27	5	520	1	6	631	28	20720.1	19.76
27	5	520	1	6	640	142	26575.1	22.25
27	5	520	1	6	642	44	25125.81	20.64
27	5	520	1	6	645	7	22077.09	17.95
27	5	520	1	6	654	24	29070.66	26.19
27	5	520	1	6	656	23	34525.46	29.14
27	5	520	1	6	663	16	43350.49	39.02
27	5	520	1	7	670	1	202852.76	152.3
27	5	520	1	7	678	9	206121.15	152.41
27	5	520	1	8	687	1	60232.91	52.72
27	5	520	1	8	702	98	115550.38	80.68
27	5	520	1	8	719	107	50852.87	43.23
27	5	520	1	8	721	108	56291.37	45.59
27	5	520	1	8	722	109	64573.83	50.62
27	5	520	1	8	724	84	42550.17	36.38
27	5	520	1	8	727	110	60315.4	49.94
27	5	520	1	8	729	111	55258.18	46.39
27	5	520	1	8	731	91	67401.53	53.58
27	5	520	1	8	738	18	55340.31	47.78
27	5	520	1	8	741	58	70481.37	59.13
27	5	520	1	8	747	47	62059.26	53.57
27	5	520	1	8	768	16	81685.17	68.93
27	5	520	1	9	783	1	100769.62	88.39
27	5	538	16	1	15	74	304325.3	236.01
27	5	538	16	1	6	1	270842.3	208.15
27	5	538	16	10	811	1	47500.3	44.81
27	5	538	16	10	822	23	42157.88	38.96
27	5	538	16	10	823	3	39000.62	35.74
27	5	538	16	10	825	36	45440.2	41.6
27	5	538	16	10	829	19	43080.86	38.97
27	5	538	16	10	834	5	41509.89	35.6
27	5	538	16	10	838	25	47834.81	43.87
27	5	538	16	10	840	21	55249.78	53.07
27	5	538	16	10	842	43	52766.52	48.32
27	5	538	16	11	847	1	208623.74	178.15
27	5	538	16	12	881	1	134296.99	109.25
27	5	538	16	12	895	91	144973.9	119.09
27	5	538	16	12	902	39	142861.86	116.91
27	5	538	16	12	913	18	138104.14	113.57
27	5	538	16	12	931	11	143629.85	119.71
27	5	538	16	12	933	16	132094.91	106.64
27	5	538	16	13	1134	25	73367.84	66.99
27	5	538	16	13	1136	88	76557.4	70.32
27	5	538	16	13	957	1	53695.69	51.5
27	5	538	16	13	964	63	52841.3	48.91
27	5	538	16	13	967	18	53273.16	49.34
27	5	538	16	13	971	13	59020.92	56.17
27	5	538	16	13	972	28	77506.02	70.9
27	5	538	16	13	980	24	68209.33	62.91
27	5	538	16	13	982	17	71856.07	66.98
27	5	538	16	13	984	27	78872.93	71.84
27	5	538	16	13	985	16	83460.33	68.41
27	5	538	16	13	986	80	81723.08	67.88
27	5	538	16	13	987	62	83140.88	68.22
27	5	538	16	14	1002	1	29917.81	29.06
27	5	538	16	14	1018	6	35318.32	34.57
27	5	538	16	14	1020	5	33217.03	32.08
27	5	538	16	14	1021	20	27240.0	25.47
27	5	538	16	14	1022	27	28713.49	26.68
27	5	538	16	14	1023	21	27224.81	25.45
27	5	538	16	14	1025	24	30814.05	28.15
27	5	538	16	14	1027	19	26710.47	24.84
27	5	538	16	14	1029	14	30995.13	28.77
27	5	538	16	15	1039	1	136426.46	122.0
27	5	538	16	15	1053	60	156974.0	136.72
27	5	538	16	16	1074	1	138285.48	117.79
27	5	538	16	16	1082	17	129432.32	118.18
27	5	538	16	17	1092	1	293464.62	228.51
27	5	538	16	2	100	13	50466.29	47.96
27	5	538	16	2	110	34	53384.94	48.22
27	5	538	16	2	114	29	115839.85	89.85
27	5	538	16	2	118	3	59363.08	54.04
27	5	538	16	2	120	30	39669.19	37.24
27	5	538	16	2	128	61	68455.16	61.4
27	5	538	16	2	130	123	45114.52	43.34
27	5	538	16	2	132	25	45599.43	41.36
27	5	538	16	2	134	4	52738.31	47.38
27	5	538	16	2	142	117	64550.09	56.86
27	5	538	16	2	144	96	50464.06	44.81
27	5	538	16	2	148	90	50888.0	47.8
27	5	538	16	2	149	82	42875.11	40.83
27	5	538	16	2	152	51	51655.32	47.68
27	5	538	16	2	154	10	54844.31	51.58
27	5	538	16	2	155	24	55434.4	49.05
27	5	538	16	2	157	73	62529.52	56.67
27	5	538	16	2	163	87	67854.28	58.01
27	5	538	16	2	74	1	58780.17	56.49
27	5	538	16	2	93	22	70668.32	71.29
27	5	538	16	3	173	1	103840.63	108.48
27	5	538	16	3	196	4	79660.85	82.82
27	5	538	16	3	208	15	61060.2	58.78
27	5	538	16	3	210	61	68605.93	69.2
27	5	538	16	3	213	35	73279.09	74.96
27	5	538	16	3	223	56	85782.19	90.17
27	5	538	16	4	1148	19	90523.77	74.93
27	5	538	16	4	321	1	84169.3	69.78
27	5	538	16	4	422	183	97980.35	91.91
27	5	538	16	4	423	170	98324.91	92.53
27	5	538	16	4	425	62	101944.28	96.79
27	5	538	16	4	426	61	102597.97	98.1
27	5	538	16	4	428	176	85804.3	82.85
27	5	538	16	4	433	214	87366.42	81.2
27	5	538	16	4	440	251	86394.95	80.2
27	5	538	16	4	443	258	82970.38	77.68
27	5	538	16	4	445	134	78089.41	73.83
27	5	538	16	4	452	35	82665.16	68.48
27	5	538	16	4	453	87	80664.06	65.66
27	5	538	16	4	458	122	72631.71	59.11
27	5	538	16	4	463	98	69197.35	56.71
27	5	538	16	4	464	34	72338.82	59.05
27	5	538	16	4	465	33	75577.04	62.4
27	5	538	16	4	467	65	80198.22	67.67
27	5	538	16	4	470	111	82383.8	67.21
27	5	538	16	4	476	66	74442.53	61.97
27	5	538	16	4	477	67	80214.55	67.97
27	5	538	16	4	479	112	85223.49	70.05
27	5	538	16	4	480	160	85099.95	70.35
27	5	538	16	4	484	146	90714.72	75.07
27	5	538	16	4	485	145	92269.98	76.67
27	5	538	16	4	486	206	93675.96	78.96
27	5	538	16	4	492	59	88694.76	73.82
27	5	538	16	4	494	56	88928.24	74.43
27	5	538	16	4	497	123	84596.64	68.86
27	5	538	16	4	500	264	95595.73	79.35
27	5	538	16	4	501	166	98822.78	85.81
27	5	538	16	4	506	317	105050.87	92.44
27	5	538	16	5	520	1	25290.62	24.6
27	5	538	16	5	567	66	16187.07	14.09
27	5	538	16	5	570	52	36944.93	33.51
27	5	538	16	5	573	20	29422.23	27.46
27	5	538	16	5	576	42	21523.31	17.96
27	5	538	16	5	581	25	27618.7	23.17
27	5	538	16	5	586	2	22244.65	20.47
27	5	538	16	5	587	41	26969.36	23.28
27	5	538	16	5	589	17	36754.7	33.27
27	5	538	16	5	590	58	27945.7	24.03
27	5	538	16	5	592	39	37187.79	33.98
27	5	538	16	5	601	4	29356.23	27.23
27	5	538	16	5	602	59	28575.24	24.88
27	5	538	16	6	615	1	50159.58	43.22
27	5	538	16	6	621	32	31246.15	29.97
27	5	538	16	6	631	28	45067.63	40.06
27	5	538	16	6	640	142	41799.03	40.52
27	5	538	16	6	642	44	44373.94	40.43
27	5	538	16	6	645	7	41325.22	37.74
27	5	538	16	6	654	24	53418.19	46.49
27	5	538	16	6	656	23	58872.99	49.44
27	5	538	16	6	663	16	62598.61	58.81
27	5	538	16	7	670	1	227200.29	172.59
27	5	538	16	7	678	9	230468.68	172.71
27	5	538	16	8	687	1	76544.43	71.44
27	5	538	16	8	702	98	121663.35	89.88
27	5	538	16	8	719	107	61658.0	57.62
27	5	538	16	8	721	108	62404.34	54.79
27	5	538	16	8	722	109	70686.8	59.81
27	5	538	16	8	724	84	58861.69	55.09
27	5	538	16	8	727	110	66428.37	59.13
27	5	538	16	8	729	111	66063.31	60.78
27	5	538	16	8	731	91	73514.51	62.77
27	5	538	16	8	738	18	71651.83	66.49
27	5	538	16	8	741	58	79923.22	70.86
27	5	538	16	8	747	47	78228.61	70.9
27	5	538	16	8	768	16	97713.14	87.17
27	5	538	16	9	783	1	125117.14	108.69
27	5	567	66	1	15	74	291407.67	226.67
27	5	567	66	1	6	1	257924.67	198.82
27	5	567	66	10	811	1	37572.5	37.91
27	5	567	66	10	822	23	33247.32	32.56
27	5	567	66	10	823	3	30090.06	29.34
27	5	567	66	10	825	36	35986.08	35.14
27	5	567	66	10	829	19	30163.23	29.64
27	5	567	66	10	834	5	28592.25	26.26
27	5	567	66	10	838	25	37907.0	36.96
27	5	567	66	10	840	21	44122.67	44.44
27	5	567	66	10	842	43	41639.41	39.69
27	5	567	66	11	847	1	195706.11	168.82
27	5	567	66	12	881	1	121379.35	99.91
27	5	567	66	12	895	91	132056.27	109.75
27	5	567	66	12	902	39	129944.22	107.57
27	5	567	66	12	913	18	125186.51	104.24
27	5	567	66	12	931	11	130712.22	110.38
27	5	567	66	12	933	16	119177.28	97.3
27	5	567	66	13	1134	25	63440.04	60.09
27	5	567	66	13	1136	88	66629.59	63.42
27	5	567	66	13	957	1	43767.89	44.6
27	5	567	66	13	964	63	43930.74	42.51
27	5	567	66	13	967	18	44362.61	42.94
27	5	567	66	13	971	13	49093.12	49.27
27	5	567	66	13	972	28	67578.22	64.0
27	5	567	66	13	980	24	58281.52	56.0
27	5	567	66	13	982	17	61928.26	60.08
27	5	567	66	13	984	27	76140.52	64.39
27	5	567	66	13	985	16	70542.7	59.07
27	5	567	66	13	986	80	68805.45	58.55
27	5	567	66	13	987	62	70223.25	58.89
27	5	567	66	14	1002	1	24462.95	25.61
27	5	567	66	14	1018	6	29863.46	31.13
27	5	567	66	14	1020	5	27762.16	28.63
27	5	567	66	14	1021	20	21785.14	22.02
27	5	567	66	14	1022	27	23258.63	23.23
27	5	567	66	14	1023	21	21769.95	22.01
27	5	567	66	14	1025	24	23772.04	22.64
27	5	567	66	14	1027	19	21926.2	21.12
27	5	567	66	14	1029	14	23117.63	22.4
27	5	567	66	15	1039	1	123508.83	112.66
27	5	567	66	15	1053	60	144056.37	127.38
27	5	567	66	16	1074	1	125367.85	108.45
27	5	567	66	16	1082	17	116514.69	108.84
27	5	567	66	17	1092	1	280546.99	219.17
27	5	567	66	2	100	13	40875.64	39.82
27	5	567	66	2	110	34	42467.94	40.02
27	5	567	66	2	114	29	104922.84	81.64
27	5	567	66	2	118	3	48446.08	45.84
27	5	567	66	2	120	30	28752.19	29.03
27	5	567	66	2	128	61	57538.15	53.19
27	5	567	66	2	130	123	29381.45	31.29
27	5	567	66	2	132	25	34682.42	33.16
27	5	567	66	2	134	4	41821.31	39.18
27	5	567	66	2	142	117	53633.08	48.65
27	5	567	66	2	144	96	39547.05	36.61
27	5	567	66	2	148	90	35154.94	35.75
27	5	567	66	2	149	82	27142.04	28.77
27	5	567	66	2	152	51	35922.25	35.62
27	5	567	66	2	154	10	39111.24	39.53
27	5	567	66	2	155	24	44517.39	40.85
27	5	567	66	2	157	73	51612.52	48.47
27	5	567	66	2	163	87	56937.27	49.81
27	5	567	66	2	74	1	43047.11	44.43
27	5	567	66	2	93	22	70872.29	71.94
27	5	567	66	3	173	1	98385.77	105.03
27	5	567	66	3	196	4	74205.99	79.38
27	5	567	66	3	208	15	55605.34	55.34
27	5	567	66	3	210	61	63151.06	65.75
27	5	567	66	3	213	35	67824.23	71.51
27	5	567	66	3	223	56	80327.33	86.72
27	5	567	66	4	1148	19	77606.14	65.6
27	5	567	66	4	321	1	71251.67	60.45
27	5	567	66	4	422	183	88052.54	85.01
27	5	567	66	4	423	170	88397.1	85.63
27	5	567	66	4	425	62	92016.48	89.89
27	5	567	66	4	426	61	92670.17	91.2
27	5	567	66	4	428	176	75876.5	75.94
27	5	567	66	4	433	214	77438.62	74.3
27	5	567	66	4	440	251	76467.14	73.3
27	5	567	66	4	443	258	73042.58	70.78
27	5	567	66	4	445	134	68161.6	66.93
27	5	567	66	4	452	35	69747.53	59.15
27	5	567	66	4	453	87	67746.43	56.33
27	5	567	66	4	458	122	59714.07	49.78
27	5	567	66	4	463	98	56279.72	47.38
27	5	567	66	4	464	34	59421.19	49.72
27	5	567	66	4	465	33	62659.41	53.07
27	5	567	66	4	467	65	67280.58	58.33
27	5	567	66	4	470	111	69466.17	57.88
27	5	567	66	4	476	66	61524.9	52.63
27	5	567	66	4	477	67	67296.92	58.64
27	5	567	66	4	479	112	72305.86	60.71
27	5	567	66	4	480	160	72182.32	61.02
27	5	567	66	4	484	146	77797.09	65.74
27	5	567	66	4	485	145	79352.35	67.34
27	5	567	66	4	486	206	80758.32	69.62
27	5	567	66	4	492	59	75777.13	64.49
27	5	567	66	4	494	56	76010.6	65.09
27	5	567	66	4	497	123	71679.01	59.53
27	5	567	66	4	500	264	82678.1	70.01
27	5	567	66	4	501	166	85905.14	76.48
27	5	567	66	4	506	317	92133.24	83.11
27	5	567	66	5	520	1	15394.73	16.6
27	5	567	66	5	538	16	16187.07	14.09
27	5	567	66	5	570	52	28034.37	27.1
27	5	567	66	5	573	20	20511.67	21.05
27	5	567	66	5	576	42	4777.85	4.86
27	5	567	66	5	581	25	9709.64	9.97
27	5	567	66	5	586	2	7385.83	8.97
27	5	567	66	5	587	41	10223.9	10.19
27	5	567	66	5	589	17	27844.14	26.87
27	5	567	66	5	590	58	11200.25	10.93
27	5	567	66	5	592	39	28277.24	27.57
27	5	567	66	5	601	4	13623.16	15.18
27	5	567	66	5	602	59	11829.78	11.79
27	5	567	66	6	615	1	37241.95	33.89
27	5	567	66	6	621	32	15513.09	17.91
27	5	567	66	6	631	28	32150.0	30.72
27	5	567	66	6	640	142	26065.96	28.47
27	5	567	66	6	642	44	28640.87	28.37
27	5	567	66	6	645	7	25592.15	25.69
27	5	567	66	6	654	24	40500.55	37.16
27	5	567	66	6	656	23	45955.36	40.1
27	5	567	66	6	663	16	46865.55	46.76
27	5	567	66	7	670	1	214282.66	163.26
27	5	567	66	7	678	9	217551.05	163.38
27	5	567	66	8	687	1	60811.36	59.38
27	5	567	66	8	702	98	110746.34	81.68
27	5	567	66	8	719	107	45924.93	45.57
27	5	567	66	8	721	108	51487.33	46.59
27	5	567	66	8	722	109	59769.79	51.61
27	5	567	66	8	724	84	43128.63	43.04
27	5	567	66	8	727	110	55511.37	50.93
27	5	567	66	8	729	111	50330.24	48.73
27	5	567	66	8	731	91	62597.5	54.57
27	5	567	66	8	738	18	55918.77	54.44
27	5	567	66	8	741	58	65553.43	61.47
27	5	567	66	8	747	47	62495.54	58.85
27	5	567	66	8	768	16	81980.07	75.12
27	5	567	66	9	783	1	112199.51	99.36
27	5	570	52	1	15	74	267054.74	209.88
27	5	570	52	1	6	1	233571.74	182.02
27	5	570	52	10	811	1	14402.03	14.6
27	5	570	52	10	822	23	9005.2	7.97
27	5	570	52	10	823	3	5902.34	5.52
27	5	570	52	10	825	36	12791.77	10.95
27	5	570	52	10	829	19	9441.62	9.19
27	5	570	52	10	834	5	17606.69	15.84
27	5	570	52	10	838	25	14736.53	13.65
27	5	570	52	10	840	21	22151.51	22.86
27	5	570	52	10	842	43	19668.25	18.1
27	5	570	52	11	847	1	171353.18	152.02
27	5	570	52	12	881	1	97026.43	83.12
27	5	570	52	12	895	91	107703.34	92.96
27	5	570	52	12	902	39	105591.29	90.78
27	5	570	52	12	913	18	100833.58	87.45
27	5	570	52	12	931	11	106359.29	93.58
27	5	570	52	12	933	16	94824.35	80.51
27	5	570	52	13	1134	25	41273.34	36.11
27	5	570	52	13	1136	88	44462.9	39.44
27	5	570	52	13	957	1	21601.2	20.62
27	5	570	52	13	964	63	19688.61	17.92
27	5	570	52	13	967	18	20120.48	18.35
27	5	570	52	13	971	13	26926.43	25.29
27	5	570	52	13	972	28	45411.53	40.02
27	5	570	52	13	980	24	36114.83	32.03
27	5	570	52	13	982	17	39761.57	36.1
27	5	570	52	13	984	27	46778.43	40.96
27	5	570	52	13	985	16	46364.01	40.47
27	5	570	52	13	986	80	49415.51	45.57
27	5	570	52	13	987	62	46834.61	40.96
27	5	570	52	14	1002	1	23335.04	21.56
27	5	570	52	14	1018	6	28735.56	27.08
27	5	570	52	14	1020	5	26634.26	24.59
27	5	570	52	14	1021	20	22209.61	19.52
27	5	570	52	14	1022	27	20489.65	18.02
27	5	570	52	14	1023	21	21850.57	19.21
27	5	570	52	14	1025	24	17087.0	15.6
27	5	570	52	14	1027	19	18240.1	16.78
27	5	570	52	14	1029	14	12891.19	12.21
27	5	570	52	15	1039	1	115600.09	97.78
27	5	570	52	15	1053	60	136147.63	112.5
27	5	570	52	16	1074	1	108289.34	97.77
27	5	570	52	16	1082	17	110171.04	98.94
27	5	570	52	17	1092	1	256194.06	202.38
27	5	570	52	2	100	13	68914.25	66.9
27	5	570	52	2	110	34	71204.9	59.92
27	5	570	52	2	114	29	119597.8	89.15
27	5	570	52	2	118	3	76589.81	64.7
27	5	570	52	2	120	30	63490.38	53.5
27	5	570	52	2	128	61	79630.85	67.99
27	5	570	52	2	130	123	52247.15	44.51
27	5	570	52	2	132	25	56263.49	47.53
27	5	570	52	2	134	4	63022.33	53.43
27	5	570	52	2	142	117	70369.95	59.56
27	5	570	52	2	144	96	56283.92	47.51
27	5	570	52	2	148	90	52014.85	43.83
27	5	570	52	2	149	82	37881.87	31.58
27	5	570	52	2	152	51	45214.72	37.47
27	5	570	52	2	154	10	55971.16	47.62
27	5	570	52	2	155	24	61254.26	51.76
27	5	570	52	2	157	73	71339.34	58.22
27	5	570	52	2	163	87	71612.23	57.32
27	5	570	52	2	74	1	52339.57	46.28
27	5	570	52	2	93	22	96871.9	95.36
27	5	570	52	3	173	1	80537.03	83.93
27	5	570	52	3	196	4	56357.25	58.27
27	5	570	52	3	208	15	37756.6	34.23
27	5	570	52	3	210	61	45302.32	44.65
27	5	570	52	3	213	35	49975.49	50.4
27	5	570	52	3	223	56	62478.59	65.61
27	5	570	52	4	1148	19	51709.43	45.63
27	5	570	52	4	321	1	52660.61	48.39
27	5	570	52	4	422	183	65885.85	61.03
27	5	570	52	4	423	170	66230.41	61.65
27	5	570	52	4	425	62	69849.79	65.91
27	5	570	52	4	426	61	70503.48	67.22
27	5	570	52	4	428	176	53709.81	51.96
27	5	570	52	4	433	214	55271.93	50.32
27	5	570	52	4	440	251	54300.45	49.32
27	5	570	52	4	443	258	50875.89	46.8
27	5	570	52	4	445	134	45994.91	42.95
27	5	570	52	4	452	35	52859.77	47.6
27	5	570	52	4	453	87	50190.73	43.75
27	5	570	52	4	458	122	54529.19	43.69
27	5	570	52	4	463	98	51094.83	41.29
27	5	570	52	4	464	34	54236.31	43.63
27	5	570	52	4	465	33	57474.53	46.98
27	5	570	52	4	467	65	62095.7	52.25
27	5	570	52	4	470	111	55483.35	49.04
27	5	570	52	4	476	66	56340.02	46.55
27	5	570	52	4	477	67	62112.04	52.55
27	5	570	52	4	479	112	58323.03	51.87
27	5	570	52	4	480	160	58199.5	52.18
27	5	570	52	4	484	146	60718.58	55.05
27	5	570	52	4	485	145	62273.84	56.65
27	5	570	52	4	486	206	63679.81	58.94
27	5	570	52	4	492	59	61794.3	55.65
27	5	570	52	4	494	56	62027.78	56.26
27	5	570	52	4	497	123	66494.13	53.45
27	5	570	52	4	500	264	65599.59	59.33
27	5	570	52	4	501	166	68826.63	65.79
27	5	570	52	4	506	317	75054.73	72.42
27	5	570	52	5	520	1	13319.5	14.34
27	5	570	52	5	538	16	36949.16	33.48
27	5	570	52	5	567	66	28038.61	27.08
27	5	570	52	5	573	20	7522.7	6.05
27	5	570	52	5	576	42	22523.72	24.27
27	5	570	52	5	581	25	17935.8	19.68
27	5	570	52	5	586	2	28977.62	31.54
27	5	570	52	5	587	41	22467.21	24.71
27	5	570	52	5	589	17	3656.43	3.06
27	5	570	52	5	590	58	17579.62	19.98
27	5	570	52	5	592	39	4089.52	3.76
27	5	570	52	5	601	4	32137.45	34.01
27	5	570	52	5	602	59	24310.07	22.93
27	5	570	52	6	615	1	32057.07	27.8
27	5	570	52	6	621	32	42258.7	36.14
27	5	570	52	6	631	28	18890.69	18.98
27	5	570	52	6	640	142	36446.02	30.75
27	5	570	52	6	642	44	34996.73	29.14
27	5	570	52	6	645	7	31948.01	26.45
27	5	570	52	6	654	24	35315.67	31.07
27	5	570	52	6	656	23	30916.99	28.93
27	5	570	52	6	663	16	51620.31	44.84
27	5	570	52	7	670	1	189929.73	146.47
27	5	570	52	7	678	9	193198.12	146.58
27	5	570	52	8	687	1	70103.82	61.23
27	5	570	52	8	702	98	125421.29	89.19
27	5	570	52	8	719	107	60723.79	51.73
27	5	570	52	8	721	108	66162.29	54.1
27	5	570	52	8	722	109	74444.75	59.12
27	5	570	52	8	724	84	52421.09	44.88
27	5	570	52	8	727	110	70186.32	58.44
27	5	570	52	8	729	111	65129.1	54.89
27	5	570	52	8	731	91	77272.45	62.08
27	5	570	52	8	738	18	65211.23	56.28
27	5	570	52	8	741	58	80352.29	67.63
27	5	570	52	8	747	47	71930.18	62.08
27	5	570	52	8	768	16	91556.08	77.43
27	5	570	52	9	783	1	99835.65	84.78
27	5	573	20	1	15	74	269727.01	213.31
27	5	573	20	1	6	1	236244.01	185.45
27	5	573	20	10	811	1	18078.07	17.36
27	5	573	20	10	822	23	12735.65	11.51
27	5	573	20	10	823	3	9578.39	8.29
27	5	573	20	10	825	36	16017.97	14.14
27	5	573	20	10	829	19	13117.67	11.95
27	5	573	20	10	834	5	15884.68	14.13
27	5	573	20	10	838	25	18412.58	16.41
27	5	573	20	10	840	21	25827.55	25.62
27	5	573	20	10	842	43	23344.29	20.86
27	5	573	20	11	847	1	174025.45	155.45
27	5	573	20	12	881	1	99698.69	86.54
27	5	573	20	12	895	91	110375.61	96.38
27	5	573	20	12	902	39	108263.56	94.2
27	5	573	20	12	913	18	103505.85	90.87
27	5	573	20	12	931	11	109031.56	97.01
27	5	573	20	12	933	16	97496.62	83.93
27	5	573	20	13	1134	25	43945.61	39.54
27	5	573	20	13	1136	88	47135.17	42.87
27	5	573	20	13	957	1	24273.46	24.05
27	5	573	20	13	964	63	23419.07	21.46
27	5	573	20	13	967	18	23850.93	21.89
27	5	573	20	13	971	13	29598.7	28.71
27	5	573	20	13	972	28	48083.79	43.44
27	5	573	20	13	980	24	38787.1	35.45
27	5	573	20	13	982	17	42433.84	39.53
27	5	573	20	13	984	27	49450.7	44.39
27	5	573	20	13	985	16	49036.28	43.9
27	5	573	20	13	986	80	56097.87	46.41
27	5	573	20	13	987	62	49506.88	44.39
27	5	573	20	14	1002	1	21523.1	19.41
27	5	573	20	14	1018	6	26923.61	24.92
27	5	573	20	14	1020	5	24822.32	22.43
27	5	573	20	14	1021	20	20397.67	17.36
27	5	573	20	14	1022	27	18677.71	15.87
27	5	573	20	14	1023	21	18537.91	17.02
27	5	573	20	14	1025	24	15275.06	13.45
27	5	573	20	14	1027	19	13878.97	13.06
27	5	573	20	14	1029	14	10295.61	11.83
27	5	573	20	15	1039	1	110801.25	100.53
27	5	573	20	15	1053	60	131348.79	115.25
27	5	573	20	16	1074	1	112660.27	96.31
27	5	573	20	16	1082	17	103807.11	96.71
27	5	573	20	17	1092	1	258866.32	205.81
27	5	573	20	2	100	13	61391.55	60.85
27	5	573	20	2	110	34	63682.2	53.87
27	5	573	20	2	114	29	112075.1	83.1
27	5	573	20	2	118	3	69067.11	58.65
27	5	573	20	2	120	30	55967.68	47.45
27	5	573	20	2	128	61	72108.15	61.93
27	5	573	20	2	130	123	44724.45	38.46
27	5	573	20	2	132	25	48740.8	41.48
27	5	573	20	2	134	4	55499.64	47.37
27	5	573	20	2	142	117	62847.26	53.51
27	5	573	20	2	144	96	48761.23	41.46
27	5	573	20	2	148	90	44492.15	37.78
27	5	573	20	2	149	82	30359.17	25.53
27	5	573	20	2	152	51	37692.02	31.41
27	5	573	20	2	154	10	48448.46	41.56
27	5	573	20	2	155	24	53731.57	45.71
27	5	573	20	2	157	73	63816.65	52.16
27	5	573	20	2	163	87	64089.53	51.26
27	5	573	20	2	74	1	44816.87	40.22
27	5	573	20	2	93	22	89349.21	89.31
27	5	573	20	3	173	1	87116.38	89.54
27	5	573	20	3	196	4	62936.59	63.89
27	5	573	20	3	208	15	44335.94	39.85
27	5	573	20	3	210	61	51881.67	50.27
27	5	573	20	3	213	35	56554.84	56.02
27	5	573	20	3	223	56	69057.94	71.23
27	5	573	20	4	1148	19	54381.69	49.05
27	5	573	20	4	321	1	58544.09	48.31
27	5	573	20	4	422	183	68558.12	64.45
27	5	573	20	4	423	170	68902.68	65.08
27	5	573	20	4	425	62	72522.05	69.34
27	5	573	20	4	426	61	73175.74	70.64
27	5	573	20	4	428	176	56382.07	55.39
27	5	573	20	4	433	214	57944.19	53.74
27	5	573	20	4	440	251	56972.72	52.74
27	5	573	20	4	443	258	53548.16	50.22
27	5	573	20	4	445	134	48667.18	46.38
27	5	573	20	4	452	35	57039.95	47.01
27	5	573	20	4	453	87	55038.85	44.19
27	5	573	20	4	458	122	47006.5	37.64
27	5	573	20	4	463	98	43572.14	35.24
27	5	573	20	4	464	34	46713.62	37.58
27	5	573	20	4	465	33	49951.83	40.93
27	5	573	20	4	467	65	54573.01	46.2
27	5	573	20	4	470	111	56758.59	45.74
27	5	573	20	4	476	66	48817.32	40.49
27	5	573	20	4	477	67	54589.34	46.5
27	5	573	20	4	479	112	59598.28	48.58
27	5	573	20	4	480	160	59474.74	48.88
27	5	573	20	4	484	146	65089.52	53.6
27	5	573	20	4	485	145	66644.77	55.2
27	5	573	20	4	486	206	68050.75	57.48
27	5	573	20	4	492	59	63069.55	52.35
27	5	573	20	4	494	56	63303.03	52.96
27	5	573	20	4	497	123	58971.43	47.39
27	5	573	20	4	500	264	69970.52	57.87
27	5	573	20	4	501	166	73197.57	64.34
27	5	573	20	4	506	317	79425.66	70.97
27	5	573	20	5	520	1	5796.8	8.29
27	5	573	20	5	538	16	29426.47	27.43
27	5	573	20	5	567	66	20515.91	21.03
27	5	573	20	5	570	52	7522.7	6.05
27	5	573	20	5	576	42	15001.02	18.22
27	5	573	20	5	581	25	10413.1	13.63
27	5	573	20	5	586	2	21454.92	25.49
27	5	573	20	5	587	41	14944.52	18.66
27	5	573	20	5	589	17	7332.47	5.82
27	5	573	20	5	590	58	10056.93	13.92
27	5	573	20	5	592	39	7765.56	6.52
27	5	573	20	5	601	4	24614.76	27.96
27	5	573	20	5	602	59	16787.37	16.88
27	5	573	20	6	615	1	24534.37	21.75
27	5	573	20	6	621	32	34736.0	30.08
27	5	573	20	6	631	28	19442.42	18.59
27	5	573	20	6	640	142	28923.32	24.7
27	5	573	20	6	642	44	27474.04	23.08
27	5	573	20	6	645	7	24425.31	20.4
27	5	573	20	6	654	24	27792.98	25.02
27	5	573	20	6	656	23	33247.78	27.97
27	5	573	20	6	663	16	44097.61	38.78
27	5	573	20	7	670	1	192601.99	149.89
27	5	573	20	7	678	9	195870.39	150.01
27	5	573	20	8	687	1	62581.13	55.17
27	5	573	20	8	702	98	117898.6	83.13
27	5	573	20	8	719	107	53201.09	45.68
27	5	573	20	8	721	108	58639.59	48.04
27	5	573	20	8	722	109	66922.05	53.07
27	5	573	20	8	724	84	44898.39	38.83
27	5	573	20	8	727	110	62663.63	52.39
27	5	573	20	8	729	111	57606.4	48.84
27	5	573	20	8	731	91	69749.76	56.03
27	5	573	20	8	738	18	57688.53	50.23
27	5	573	20	8	741	58	72829.59	61.58
27	5	573	20	8	747	47	64407.48	56.02
27	5	573	20	8	768	16	84033.39	71.38
27	5	573	20	9	783	1	99491.94	87.22
27	5	576	42	1	15	74	286629.82	221.81
27	5	576	42	1	6	1	253146.82	193.95
27	5	576	42	10	811	1	32794.64	33.05
27	5	576	42	10	822	23	27733.09	29.72
27	5	576	42	10	823	3	24575.83	26.5
27	5	576	42	10	825	36	31208.22	30.27
27	5	576	42	10	829	19	25385.37	24.77
27	5	576	42	10	834	5	23814.4	21.4
27	5	576	42	10	838	25	33129.15	32.1
27	5	576	42	10	840	21	39344.82	39.58
27	5	576	42	10	842	43	36861.56	34.82
27	5	576	42	11	847	1	190928.26	163.95
27	5	576	42	12	881	1	116601.5	95.05
27	5	576	42	12	895	91	127278.42	104.89
27	5	576	42	12	902	39	125166.37	102.71
27	5	576	42	12	913	18	120408.66	99.38
27	5	576	42	12	931	11	125934.37	105.51
27	5	576	42	12	933	16	114399.43	92.44
27	5	576	42	13	1134	25	58662.18	55.23
27	5	576	42	13	1136	88	61851.74	58.56
27	5	576	42	13	957	1	38990.03	39.74
27	5	576	42	13	964	63	38681.29	37.74
27	5	576	42	13	967	18	39113.15	38.17
27	5	576	42	13	971	13	44315.27	44.4
27	5	576	42	13	972	28	62800.36	59.13
27	5	576	42	13	980	24	53503.67	51.14
27	5	576	42	13	982	17	57150.41	55.21
27	5	576	42	13	984	27	71362.66	59.53
27	5	576	42	13	985	16	65764.85	54.21
27	5	576	42	13	986	80	64027.6	53.68
27	5	576	42	13	987	62	65445.4	54.02
27	5	576	42	14	1002	1	25735.0	26.19
27	5	576	42	14	1018	6	31135.51	31.71
27	5	576	42	14	1020	5	29034.22	29.21
27	5	576	42	14	1021	20	23057.19	22.6
27	5	576	42	14	1022	27	24530.68	23.81
27	5	576	42	14	1023	21	23042.0	22.59
27	5	576	42	14	1025	24	23339.91	22.69
27	5	576	42	14	1027	19	21213.16	21.19
27	5	576	42	14	1029	14	21843.69	21.81
27	5	576	42	15	1039	1	118730.98	107.8
27	5	576	42	15	1053	60	139278.51	122.52
27	5	576	42	16	1074	1	120589.99	103.59
27	5	576	42	16	1082	17	111736.83	103.98
27	5	576	42	17	1092	1	275769.13	214.31
27	5	576	42	2	100	13	45506.89	43.57
27	5	576	42	2	110	34	44731.41	42.62
27	5	576	42	2	114	29	106292.07	82.43
27	5	576	42	2	118	3	50709.55	48.44
27	5	576	42	2	120	30	31015.66	31.63
27	5	576	42	2	128	61	58907.61	55.14
27	5	576	42	2	130	123	30874.58	30.73
27	5	576	42	2	132	25	36051.88	35.1
27	5	576	42	2	134	4	43190.76	41.13
27	5	576	42	2	142	117	55002.53	50.6
27	5	576	42	2	144	96	40916.5	38.55
27	5	576	42	2	148	90	36648.07	35.19
27	5	576	42	2	149	82	28635.17	28.22
27	5	576	42	2	152	51	40807.26	34.74
27	5	576	42	2	154	10	40604.37	38.98
27	5	576	42	2	155	24	45886.85	42.8
27	5	576	42	2	157	73	52981.97	50.41
27	5	576	42	2	163	87	58306.5	50.6
27	5	576	42	2	74	1	47932.11	43.55
27	5	576	42	2	93	22	76208.54	75.8
27	5	576	42	3	173	1	100586.82	105.56
27	5	576	42	3	196	4	76407.03	79.9
27	5	576	42	3	208	15	57806.38	55.86
27	5	576	42	3	210	61	65352.11	66.28
27	5	576	42	3	213	35	70025.28	72.04
27	5	576	42	3	223	56	82528.38	87.25
27	5	576	42	4	1148	19	72828.29	60.73
27	5	576	42	4	321	1	66473.82	55.59
27	5	576	42	4	422	183	83274.69	80.14
27	5	576	42	4	423	170	83619.25	80.77
27	5	576	42	4	425	62	87238.62	85.03
27	5	576	42	4	426	61	87892.31	86.33
27	5	576	42	4	428	176	71098.65	71.08
27	5	576	42	4	433	214	72660.76	69.43
27	5	576	42	4	440	251	71689.29	68.43
27	5	576	42	4	443	258	68264.73	65.91
27	5	576	42	4	445	134	63383.75	62.07
27	5	576	42	4	452	35	64969.68	54.28
27	5	576	42	4	453	87	62968.58	51.46
27	5	576	42	4	458	122	54936.22	44.91
27	5	576	42	4	463	98	51501.86	42.51
27	5	576	42	4	464	34	54643.34	44.85
27	5	576	42	4	465	33	57881.56	48.2
27	5	576	42	4	467	65	62502.73	53.47
27	5	576	42	4	470	111	64688.32	53.01
27	5	576	42	4	476	66	56747.04	47.77
27	5	576	42	4	477	67	62519.07	53.77
27	5	576	42	4	479	112	67528.0	55.85
27	5	576	42	4	480	160	67404.47	56.15
27	5	576	42	4	484	146	73019.24	60.87
27	5	576	42	4	485	145	74574.5	62.47
27	5	576	42	4	486	206	75980.47	64.76
27	5	576	42	4	492	59	70999.27	59.62
27	5	576	42	4	494	56	71232.75	60.23
27	5	576	42	4	497	123	66901.16	54.67
27	5	576	42	4	500	264	77900.24	65.15
27	5	576	42	4	501	166	81127.29	71.62
27	5	576	42	4	506	317	87355.39	78.25
27	5	576	42	5	520	1	10616.88	11.74
27	5	576	42	5	538	16	21523.31	17.96
27	5	576	42	5	567	66	4777.85	4.86
27	5	576	42	5	570	52	22520.14	24.27
27	5	576	42	5	573	20	14997.44	18.22
27	5	576	42	5	581	25	6095.4	5.22
27	5	576	42	5	586	2	7311.17	9.15
27	5	576	42	5	587	41	5446.05	5.32
27	5	576	42	5	589	17	22329.91	24.03
27	5	576	42	5	590	58	6422.39	6.07
27	5	576	42	5	592	39	25027.19	24.53
27	5	576	42	5	601	4	15116.29	14.62
27	5	576	42	5	602	59	7051.93	6.93
27	5	576	42	6	615	1	32464.1	29.02
27	5	576	42	6	621	32	17006.21	17.36
27	5	576	42	6	631	28	27372.14	25.86
27	5	576	42	6	640	142	27559.09	27.91
27	5	576	42	6	642	44	30589.28	26.41
27	5	576	42	6	645	7	27540.55	23.72
27	5	576	42	6	654	24	35722.7	32.29
27	5	576	42	6	656	23	41177.51	35.24
27	5	576	42	6	663	16	48813.95	44.79
27	5	576	42	7	670	1	209504.81	158.4
27	5	576	42	7	678	9	212773.2	158.51
27	5	576	42	8	687	1	65696.37	58.5
27	5	576	42	8	702	98	112115.56	82.47
27	5	576	42	8	719	107	47418.06	45.01
27	5	576	42	8	721	108	52856.56	47.38
27	5	576	42	8	722	109	61139.02	52.4
27	5	576	42	8	724	84	48013.63	42.15
27	5	576	42	8	727	110	56880.59	51.72
27	5	576	42	8	729	111	51823.37	48.17
27	5	576	42	8	731	91	63966.72	55.36
27	5	576	42	8	738	18	60803.77	53.55
27	5	576	42	8	741	58	67046.56	60.91
27	5	576	42	8	747	47	63988.67	58.29
27	5	576	42	8	768	16	83473.2	74.56
27	5	576	42	9	783	1	107421.66	94.5
27	5	581	25	1	15	74	283232.39	218.4
27	5	581	25	1	6	1	249749.39	190.55
27	5	581	25	10	811	1	29397.22	29.64
27	5	581	25	10	822	23	23145.17	25.13
27	5	581	25	10	823	3	19987.91	21.91
27	5	581	25	10	825	36	27810.8	26.87
27	5	581	25	10	829	19	21987.95	21.37
27	5	581	25	10	834	5	20416.98	17.99
27	5	581	25	10	838	25	29731.72	28.69
27	5	581	25	10	840	21	35947.39	36.17
27	5	581	25	10	842	43	33464.14	31.42
27	5	581	25	11	847	1	187530.83	160.55
27	5	581	25	12	881	1	113204.08	91.64
27	5	581	25	12	895	91	123880.99	101.48
27	5	581	25	12	902	39	121768.95	99.3
27	5	581	25	12	913	18	117011.23	95.97
27	5	581	25	12	931	11	122536.94	102.11
27	5	581	25	12	933	16	111002.0	89.03
27	5	581	25	13	1134	25	55264.76	51.82
27	5	581	25	13	1136	88	58454.31	55.15
27	5	581	25	13	957	1	35592.61	36.33
27	5	581	25	13	964	63	35283.86	34.33
27	5	581	25	13	967	18	35715.73	34.76
27	5	581	25	13	971	13	40917.84	41.0
27	5	581	25	13	972	28	59402.94	55.73
27	5	581	25	13	980	24	50106.24	47.73
27	5	581	25	13	982	17	53752.99	51.81
27	5	581	25	13	984	27	67965.24	56.12
27	5	581	25	13	985	16	62367.42	50.8
27	5	581	25	13	986	80	60630.17	50.28
27	5	581	25	13	987	62	62047.97	50.62
27	5	581	25	14	1002	1	25000.03	24.06
27	5	581	25	14	1018	6	30400.55	29.58
27	5	581	25	14	1020	5	28299.25	27.08
27	5	581	25	14	1021	20	19184.18	20.54
27	5	581	25	14	1022	27	22154.64	20.52
27	5	581	25	14	1023	21	19168.99	20.52
27	5	581	25	14	1025	24	18751.99	18.1
27	5	581	25	14	1027	19	16625.23	16.59
27	5	581	25	14	1029	14	17255.77	17.22
27	5	581	25	15	1039	1	115333.55	104.39
27	5	581	25	15	1053	60	135881.09	119.11
27	5	581	25	16	1074	1	117192.57	100.18
27	5	581	25	16	1082	17	108339.41	100.57
27	5	581	25	17	1092	1	272371.71	210.9
27	5	581	25	2	100	13	51602.28	48.79
27	5	581	25	2	110	34	49745.88	47.03
27	5	581	25	2	114	29	106200.4	83.0
27	5	581	25	2	118	3	55774.91	52.42
27	5	581	25	2	120	30	33119.17	35.55
27	5	581	25	2	128	61	58815.94	55.71
27	5	581	25	2	130	123	30782.91	31.3
27	5	581	25	2	132	25	35960.22	35.67
27	5	581	25	2	134	4	43099.1	41.69
27	5	581	25	2	142	117	54910.87	51.17
27	5	581	25	2	144	96	40824.84	39.12
27	5	581	25	2	148	90	36556.4	35.76
27	5	581	25	2	149	82	31265.57	25.77
27	5	581	25	2	152	51	38598.42	31.66
27	5	581	25	2	154	10	40512.71	39.54
27	5	581	25	2	155	24	45795.18	43.36
27	5	581	25	2	157	73	52890.31	50.98
27	5	581	25	2	163	87	58214.83	51.17
27	5	581	25	2	74	1	45723.27	40.47
27	5	581	25	2	93	22	82303.93	81.02
27	5	581	25	3	173	1	95998.89	100.96
27	5	581	25	3	196	4	71819.11	75.31
27	5	581	25	3	208	15	53218.46	51.27
27	5	581	25	3	210	61	60764.18	61.69
27	5	581	25	3	213	35	65437.35	67.44
27	5	581	25	3	223	56	77940.45	82.65
27	5	581	25	4	1148	19	69430.86	57.33
27	5	581	25	4	321	1	63076.39	52.18
27	5	581	25	4	422	183	79877.26	76.74
27	5	581	25	4	423	170	80221.83	77.36
27	5	581	25	4	425	62	83841.2	81.62
27	5	581	25	4	426	61	84494.89	82.93
27	5	581	25	4	428	176	67701.22	67.67
27	5	581	25	4	433	214	69263.34	66.03
27	5	581	25	4	440	251	68291.86	65.03
27	5	581	25	4	443	258	64867.3	62.51
27	5	581	25	4	445	134	59986.32	58.66
27	5	581	25	4	452	35	61572.25	50.88
27	5	581	25	4	453	87	59571.15	48.06
27	5	581	25	4	458	122	51538.8	41.51
27	5	581	25	4	463	98	48104.44	39.11
27	5	581	25	4	464	34	51245.91	41.45
27	5	581	25	4	465	33	54484.13	44.8
27	5	581	25	4	467	65	59105.31	50.06
27	5	581	25	4	470	111	61290.89	49.61
27	5	581	25	4	476	66	53349.62	44.36
27	5	581	25	4	477	67	59121.64	50.37
27	5	581	25	4	479	112	64130.58	52.44
27	5	581	25	4	480	160	64007.04	52.75
27	5	581	25	4	484	146	69621.81	57.47
27	5	581	25	4	485	145	71177.07	59.07
27	5	581	25	4	486	206	72583.05	61.35
27	5	581	25	4	492	59	67601.85	56.22
27	5	581	25	4	494	56	67835.33	56.83
27	5	581	25	4	497	123	63503.73	51.26
27	5	581	25	4	500	264	74502.82	61.74
27	5	581	25	4	501	166	77729.87	68.21
27	5	581	25	4	506	317	83957.96	74.84
27	5	581	25	5	520	1	6028.96	7.15
27	5	581	25	5	538	16	27618.7	23.17
27	5	581	25	5	567	66	9709.64	9.97
27	5	581	25	5	570	52	17932.22	19.67
27	5	581	25	5	573	20	10409.52	13.62
27	5	581	25	5	576	42	6095.4	5.22
27	5	581	25	5	586	2	11864.78	12.72
27	5	581	25	5	587	41	5354.38	5.89
27	5	581	25	5	589	17	17741.99	19.44
27	5	581	25	5	590	58	3431.33	4.11
27	5	581	25	5	592	39	18175.09	20.14
27	5	581	25	5	601	4	15024.62	15.19
27	5	581	25	5	602	59	6960.27	7.49
27	5	581	25	6	615	1	29066.67	25.62
27	5	581	25	6	621	32	16914.55	17.92
27	5	581	25	6	631	28	23974.72	22.45
27	5	581	25	6	640	142	29829.72	24.95
27	5	581	25	6	642	44	28380.43	23.33
27	5	581	25	6	645	7	25331.71	20.64
27	5	581	25	6	654	24	32325.28	28.89
27	5	581	25	6	656	23	37780.08	31.83
27	5	581	25	6	663	16	46605.1	41.71
27	5	581	25	7	670	1	206107.38	154.99
27	5	581	25	7	678	9	209375.77	155.11
27	5	581	25	8	687	1	63487.52	55.42
27	5	581	25	8	702	98	112023.9	83.03
27	5	581	25	8	719	107	47326.39	45.58
27	5	581	25	8	721	108	52764.89	47.94
27	5	581	25	8	722	109	61047.35	52.97
27	5	581	25	8	724	84	45804.79	39.07
27	5	581	25	8	727	110	56788.93	52.29
27	5	581	25	8	729	111	51731.7	48.74
27	5	581	25	8	731	91	63875.06	55.93
27	5	581	25	8	738	18	58594.93	50.48
27	5	581	25	8	741	58	66954.89	61.48
27	5	581	25	8	747	47	65313.88	56.27
27	5	581	25	8	768	16	84939.78	71.63
27	5	581	25	9	783	1	104024.23	91.09
27	5	586	2	1	15	74	289907.59	227.44
27	5	586	2	1	6	1	256424.59	199.58
27	5	586	2	10	811	1	38115.71	39.74
27	5	586	2	10	822	23	33054.16	36.42
27	5	586	2	10	823	3	29896.89	33.19
27	5	586	2	10	825	36	36529.29	36.97
27	5	586	2	10	829	19	30706.44	31.47
27	5	586	2	10	834	5	27092.18	27.03
27	5	586	2	10	838	25	38450.21	38.79
27	5	586	2	10	840	21	44665.88	46.27
27	5	586	2	10	842	43	42182.62	41.51
27	5	586	2	11	847	1	194206.03	169.58
27	5	586	2	12	881	1	119879.28	100.68
27	5	586	2	12	895	91	130556.19	110.52
27	5	586	2	12	902	39	128444.14	108.34
27	5	586	2	12	913	18	123686.43	105.01
27	5	586	2	12	931	11	129212.14	111.14
27	5	586	2	12	933	16	117677.2	98.07
27	5	586	2	13	1134	25	63983.24	61.92
27	5	586	2	13	1136	88	67172.8	65.25
27	5	586	2	13	957	1	44311.09	46.43
27	5	586	2	13	964	63	44002.35	44.43
27	5	586	2	13	967	18	44434.21	44.86
27	5	586	2	13	971	13	49636.33	51.1
27	5	586	2	13	972	28	68121.43	65.83
27	5	586	2	13	980	24	58824.73	57.83
27	5	586	2	13	982	17	62471.47	61.91
27	5	586	2	13	984	27	74640.44	65.16
27	5	586	2	13	985	16	69042.62	59.84
27	5	586	2	13	986	80	67305.37	59.31
27	5	586	2	13	987	62	68723.17	59.65
27	5	586	2	14	1002	1	30518.17	31.8
27	5	586	2	14	1018	6	35918.69	37.31
27	5	586	2	14	1020	5	33817.39	34.82
27	5	586	2	14	1021	20	27840.37	28.21
27	5	586	2	14	1022	27	29313.86	29.41
27	5	586	2	14	1023	21	27825.18	28.19
27	5	586	2	14	1025	24	29827.27	28.82
27	5	586	2	14	1027	19	27981.43	27.31
27	5	586	2	14	1029	14	27164.75	28.5
27	5	586	2	15	1039	1	122008.75	113.43
27	5	586	2	15	1053	60	142556.29	128.15
27	5	586	2	16	1074	1	123867.77	109.22
27	5	586	2	16	1082	17	115014.61	109.61
27	5	586	2	17	1092	1	279046.91	219.94
27	5	586	2	2	100	13	38538.69	37.22
27	5	586	2	2	110	34	38657.68	36.16
27	5	586	2	2	114	29	98510.83	74.89
27	5	586	2	2	118	3	44635.82	41.98
27	5	586	2	2	120	30	24941.93	25.17
27	5	586	2	2	128	61	51126.37	47.59
27	5	586	2	2	130	123	23093.34	23.18
27	5	586	2	2	132	25	28270.64	27.56
27	5	586	2	2	134	4	35409.52	33.58
27	5	586	2	2	142	117	47221.3	43.05
27	5	586	2	2	144	96	33135.27	31.01
27	5	586	2	2	148	90	28866.83	27.65
27	5	586	2	2	149	82	20853.93	20.67
27	5	586	2	2	152	51	29634.14	27.52
27	5	586	2	2	154	10	32823.13	31.43
27	5	586	2	2	155	24	38105.61	35.25
27	5	586	2	2	157	73	45200.73	42.87
27	5	586	2	2	163	87	50525.26	43.05
27	5	586	2	2	74	1	36758.99	36.33
27	5	586	2	2	93	22	72008.18	74.64
27	5	586	2	3	173	1	104441.0	111.22
27	5	586	2	3	196	4	80261.22	85.56
27	5	586	2	3	208	15	61660.57	61.52
27	5	586	2	3	210	61	69206.29	71.94
27	5	586	2	3	213	35	73879.46	77.7
27	5	586	2	3	223	56	86382.56	92.9
27	5	586	2	4	1148	19	76106.06	66.36
27	5	586	2	4	321	1	69751.59	61.22
27	5	586	2	4	422	183	88595.75	86.83
27	5	586	2	4	423	170	95701.84	87.44
27	5	586	2	4	425	62	92559.69	91.72
27	5	586	2	4	426	61	93213.38	93.02
27	5	586	2	4	428	176	88125.33	77.48
27	5	586	2	4	433	214	86973.27	75.18
27	5	586	2	4	440	251	86001.79	74.18
27	5	586	2	4	443	258	82577.23	71.66
27	5	586	2	4	445	134	77696.25	67.81
27	5	586	2	4	452	35	68247.45	59.91
27	5	586	2	4	453	87	66246.35	57.09
27	5	586	2	4	458	122	58213.99	50.54
27	5	586	2	4	463	98	54779.64	48.14
27	5	586	2	4	464	34	57921.11	50.48
27	5	586	2	4	465	33	61159.33	53.83
27	5	586	2	4	467	65	65780.51	59.1
27	5	586	2	4	470	111	67966.09	58.64
27	5	586	2	4	476	66	60024.82	53.4
27	5	586	2	4	477	67	65796.84	59.4
27	5	586	2	4	479	112	70805.78	61.48
27	5	586	2	4	480	160	70682.24	61.78
27	5	586	2	4	484	146	76297.01	66.5
27	5	586	2	4	485	145	77852.27	68.1
27	5	586	2	4	486	206	79258.24	70.39
27	5	586	2	4	492	59	74277.05	65.25
27	5	586	2	4	494	56	74510.52	65.86
27	5	586	2	4	497	123	70178.93	60.3
27	5	586	2	4	500	264	81178.02	70.78
27	5	586	2	4	501	166	84405.07	77.25
27	5	586	2	4	506	317	90633.16	83.88
27	5	586	2	5	520	1	15937.94	18.43
27	5	586	2	5	538	16	21492.44	19.15
27	5	586	2	5	567	66	6205.52	6.61
27	5	586	2	5	570	52	27841.2	30.96
27	5	586	2	5	573	20	20318.51	24.91
27	5	586	2	5	576	42	6484.76	7.28
27	5	586	2	5	581	25	10731.95	12.14
27	5	586	2	5	587	41	5377.57	6.26
27	5	586	2	5	589	17	27650.98	30.73
27	5	586	2	5	590	58	11743.46	12.76
27	5	586	2	5	592	39	30348.25	31.23
27	5	586	2	5	601	4	7335.05	7.08
27	5	586	2	5	602	59	9708.22	10.58
27	5	586	2	6	615	1	36415.63	34.17
27	5	586	2	6	621	32	9224.98	9.81
27	5	586	2	6	631	28	30649.92	31.49
27	5	586	2	6	640	142	19777.85	20.37
27	5	586	2	6	642	44	22352.76	20.27
27	5	586	2	6	645	7	19304.04	17.58
27	5	586	2	6	654	24	33547.2	29.77
27	5	586	2	6	656	23	44455.28	40.87
27	5	586	2	6	663	16	40577.44	38.65
27	5	586	2	7	670	1	212782.58	164.03
27	5	586	2	7	678	9	216050.97	164.14
27	5	586	2	8	687	1	54523.25	51.28
27	5	586	2	8	702	98	104334.33	74.92
27	5	586	2	8	719	107	39636.82	37.47
27	5	586	2	8	721	108	45075.32	39.83
27	5	586	2	8	722	109	53357.78	44.86
27	5	586	2	8	724	84	36840.52	34.94
27	5	586	2	8	727	110	49099.35	44.17
27	5	586	2	8	729	111	44042.13	40.63
27	5	586	2	8	731	91	56185.48	47.81
27	5	586	2	8	738	18	49630.66	46.34
27	5	586	2	8	741	58	59265.32	53.36
27	5	586	2	8	747	47	56207.43	50.74
27	5	586	2	8	768	16	75691.96	67.02
27	5	586	2	9	783	1	110699.43	100.13
27	5	587	41	1	15	74	284530.02	221.18
27	5	587	41	1	6	1	251047.02	193.33
27	5	587	41	10	811	1	32738.14	33.48
27	5	587	41	10	822	23	27676.59	30.16
27	5	587	41	10	823	3	24519.32	26.94
27	5	587	41	10	825	36	31151.72	30.71
27	5	587	41	10	829	19	25328.87	25.21
27	5	587	41	10	834	5	21714.61	20.77
27	5	587	41	10	838	25	33072.64	32.54
27	5	587	41	10	840	21	39288.31	40.01
27	5	587	41	10	842	43	36805.05	35.26
27	5	587	41	11	847	1	188828.46	163.32
27	5	587	41	12	881	1	114501.71	94.42
27	5	587	41	12	895	91	125178.62	104.26
27	5	587	41	12	902	39	123066.58	102.08
27	5	587	41	12	913	18	118308.86	98.75
27	5	587	41	12	931	11	123834.57	104.89
27	5	587	41	12	933	16	112299.63	91.81
27	5	587	41	13	1134	25	58605.68	55.66
27	5	587	41	13	1136	88	61795.23	58.99
27	5	587	41	13	957	1	38933.53	40.17
27	5	587	41	13	964	63	38624.78	38.17
27	5	587	41	13	967	18	39056.65	38.6
27	5	587	41	13	971	13	44258.76	44.84
27	5	587	41	13	972	28	62743.86	59.57
27	5	587	41	13	980	24	53447.16	51.58
27	5	587	41	13	982	17	57093.9	55.65
27	5	587	41	13	984	27	69262.87	58.9
27	5	587	41	13	985	16	63665.06	53.58
27	5	587	41	13	986	80	61927.8	53.06
27	5	587	41	13	987	62	63345.6	53.4
27	5	587	41	14	1002	1	29531.45	29.09
27	5	587	41	14	1018	6	34931.96	34.61
27	5	587	41	14	1020	5	32830.67	32.11
27	5	587	41	14	1021	20	24419.52	25.68
27	5	587	41	14	1022	27	26686.06	25.55
27	5	587	41	14	1023	21	25815.59	25.58
27	5	587	41	14	1025	24	23283.41	23.13
27	5	587	41	14	1027	19	21156.65	21.63
27	5	587	41	14	1029	14	21787.18	22.25
27	5	587	41	15	1039	1	116631.18	107.17
27	5	587	41	15	1053	60	137178.72	121.89
27	5	587	41	16	1074	1	118490.2	102.96
27	5	587	41	16	1082	17	109637.04	103.35
27	5	587	41	17	1092	1	273669.34	213.68
27	5	587	41	2	100	13	43632.9	42.91
27	5	587	41	2	110	34	44391.49	41.14
27	5	587	41	2	114	29	100846.02	77.11
27	5	587	41	2	118	3	50420.53	46.53
27	5	587	41	2	120	30	27764.79	29.66
27	5	587	41	2	128	61	53461.56	49.82
27	5	587	41	2	130	123	25428.53	25.41
27	5	587	41	2	132	25	30605.83	29.78
27	5	587	41	2	134	4	37744.72	35.81
27	5	587	41	2	142	117	49556.49	45.28
27	5	587	41	2	144	96	35470.46	33.23
27	5	587	41	2	148	90	31202.02	29.87
27	5	587	41	2	149	82	23189.13	22.9
27	5	587	41	2	152	51	31969.34	29.75
27	5	587	41	2	154	10	35158.33	33.65
27	5	587	41	2	155	24	40440.8	37.48
27	5	587	41	2	157	73	47535.93	45.09
27	5	587	41	2	163	87	52860.45	45.28
27	5	587	41	2	74	1	39094.19	38.56
27	5	587	41	2	93	22	77102.38	80.33
27	5	587	41	3	173	1	100530.31	105.99
27	5	587	41	3	196	4	76350.53	80.34
27	5	587	41	3	208	15	57749.88	56.3
27	5	587	41	3	210	61	65295.6	66.72
27	5	587	41	3	213	35	69968.77	72.47
27	5	587	41	3	223	56	82471.87	87.68
27	5	587	41	4	1148	19	70728.49	60.11
27	5	587	41	4	321	1	64374.02	54.96
27	5	587	41	4	422	183	83218.18	80.58
27	5	587	41	4	423	170	90324.27	81.18
27	5	587	41	4	425	62	87182.12	85.46
27	5	587	41	4	426	61	87835.81	86.77
27	5	587	41	4	428	176	82747.76	71.22
27	5	587	41	4	433	214	81595.7	68.92
27	5	587	41	4	440	251	80624.22	67.92
27	5	587	41	4	443	258	77199.66	65.4
27	5	587	41	4	445	134	72318.68	61.55
27	5	587	41	4	452	35	62869.88	53.66
27	5	587	41	4	453	87	60868.78	50.84
27	5	587	41	4	458	122	52836.43	44.28
27	5	587	41	4	463	98	49402.07	41.89
27	5	587	41	4	464	34	52543.55	44.23
27	5	587	41	4	465	33	55781.76	47.58
27	5	587	41	4	467	65	60402.94	52.84
27	5	587	41	4	470	111	62588.52	52.39
27	5	587	41	4	476	66	54647.25	47.14
27	5	587	41	4	477	67	60419.27	53.14
27	5	587	41	4	479	112	65428.21	55.22
27	5	587	41	4	480	160	65304.67	55.53
27	5	587	41	4	484	146	70919.44	60.25
27	5	587	41	4	485	145	72474.7	61.85
27	5	587	41	4	486	206	73880.68	64.13
27	5	587	41	4	492	59	68899.48	59.0
27	5	587	41	4	494	56	69132.96	59.6
27	5	587	41	4	497	123	64801.36	54.04
27	5	587	41	4	500	264	75800.45	64.52
27	5	587	41	4	501	166	79027.5	70.99
27	5	587	41	4	506	317	85255.59	77.62
27	5	587	41	5	520	1	10560.37	12.18
27	5	587	41	5	538	16	26969.36	23.28
27	5	587	41	5	567	66	10223.9	10.19
27	5	587	41	5	570	52	22463.63	24.71
27	5	587	41	5	573	20	14940.94	18.65
27	5	587	41	5	576	42	5446.05	5.32
27	5	587	41	5	581	25	5354.38	5.89
27	5	587	41	5	586	2	6510.4	6.83
27	5	587	41	5	589	17	22273.41	24.47
27	5	587	41	5	590	58	6365.89	6.51
27	5	587	41	5	592	39	24970.69	24.97
27	5	587	41	5	601	4	9670.24	9.3
27	5	587	41	5	602	59	4330.66	4.33
27	5	587	41	6	615	1	30364.3	28.4
27	5	587	41	6	621	32	11560.17	12.04
27	5	587	41	6	631	28	25272.35	25.23
27	5	587	41	6	640	142	22113.04	22.59
27	5	587	41	6	642	44	24687.96	22.5
27	5	587	41	6	645	7	21639.24	19.81
27	5	587	41	6	654	24	34846.03	31.0
27	5	587	41	6	656	23	39077.71	34.61
27	5	587	41	6	663	16	42912.63	40.88
27	5	587	41	7	670	1	207405.01	157.77
27	5	587	41	7	678	9	210673.4	157.89
27	5	587	41	8	687	1	56858.45	53.51
27	5	587	41	8	702	98	106669.52	77.15
27	5	587	41	8	719	107	41972.01	39.69
27	5	587	41	8	721	108	47410.51	42.06
27	5	587	41	8	722	109	55692.97	47.08
27	5	587	41	8	724	84	39175.71	37.16
27	5	587	41	8	727	110	51434.55	46.4
27	5	587	41	8	729	111	46377.32	42.85
27	5	587	41	8	731	91	58520.68	50.04
27	5	587	41	8	738	18	51965.85	48.56
27	5	587	41	8	741	58	61600.51	55.59
27	5	587	41	8	747	47	58542.63	52.97
27	5	587	41	8	768	16	78027.15	69.24
27	5	587	41	9	783	1	105321.86	93.87
27	5	589	17	1	15	74	262573.11	207.85
27	5	589	17	1	6	1	229090.11	179.99
27	5	589	17	10	811	1	10924.17	11.9
27	5	589	17	10	822	23	6584.83	6.8
27	5	589	17	10	823	3	2424.49	2.83
27	5	589	17	10	825	36	8864.07	8.68
27	5	589	17	10	829	19	5963.77	6.49
27	5	589	17	10	834	5	13950.26	12.78
27	5	589	17	10	838	25	11258.68	10.95
27	5	589	17	10	840	21	18673.65	20.16
27	5	589	17	10	842	43	16190.4	15.4
27	5	589	17	11	847	1	166871.55	149.99
27	5	589	17	12	881	1	92544.79	81.08
27	5	589	17	12	895	91	103221.71	90.92
27	5	589	17	12	902	39	101109.66	88.74
27	5	589	17	12	913	18	96351.95	85.41
27	5	589	17	12	931	11	101877.66	91.55
27	5	589	17	12	933	16	90342.72	78.47
27	5	589	17	13	1134	25	36791.71	34.08
27	5	589	17	13	1136	88	39981.27	37.41
27	5	589	17	13	957	1	17119.56	18.59
27	5	589	17	13	964	63	16337.13	16.14
27	5	589	17	13	967	18	16769.0	16.57
27	5	589	17	13	971	13	22444.8	23.25
27	5	589	17	13	972	28	40929.89	37.98
27	5	589	17	13	980	24	31633.2	29.99
27	5	589	17	13	982	17	35279.94	34.07
27	5	589	17	13	984	27	42296.8	38.93
27	5	589	17	13	985	16	41882.38	38.44
27	5	589	17	13	986	80	44933.88	43.54
27	5	589	17	13	987	62	42352.98	38.93
27	5	589	17	14	1002	1	23144.82	21.33
27	5	589	17	14	1018	6	28545.33	26.84
27	5	589	17	14	1020	5	26444.04	24.35
27	5	589	17	14	1021	20	22019.39	19.28
27	5	589	17	14	1022	27	20299.43	17.78
27	5	589	17	14	1023	21	21660.35	18.97
27	5	589	17	14	1025	24	16896.78	15.36
27	5	589	17	14	1027	19	18049.87	16.54
27	5	589	17	14	1029	14	12700.97	11.97
27	5	589	17	15	1039	1	111118.46	95.75
27	5	589	17	15	1053	60	131665.99	110.47
27	5	589	17	16	1074	1	103807.7	95.73
27	5	589	17	16	1082	17	105689.41	96.9
27	5	589	17	17	1092	1	251712.43	200.35
27	5	589	17	2	100	13	68724.02	66.66
27	5	589	17	2	110	34	68197.48	58.73
27	5	589	17	2	114	29	116590.37	87.96
27	5	589	17	2	118	3	73582.39	63.51
27	5	589	17	2	120	30	60482.96	52.32
27	5	589	17	2	128	61	76623.42	66.8
27	5	589	17	2	130	123	49239.72	43.32
27	5	589	17	2	132	25	53256.07	46.35
27	5	589	17	2	134	4	60014.91	52.24
27	5	589	17	2	142	117	67362.53	58.37
27	5	589	17	2	144	96	53276.5	46.33
27	5	589	17	2	148	90	49007.43	42.65
27	5	589	17	2	149	82	34874.45	30.39
27	5	589	17	2	152	51	42207.29	36.28
27	5	589	17	2	154	10	52963.73	46.43
27	5	589	17	2	155	24	58246.84	50.57
27	5	589	17	2	157	73	68331.92	57.03
27	5	589	17	2	163	87	68604.81	56.13
27	5	589	17	2	74	1	49332.14	45.09
27	5	589	17	2	93	22	96681.68	95.13
27	5	589	17	3	173	1	83552.73	86.68
27	5	589	17	3	196	4	59372.95	61.02
27	5	589	17	3	208	15	40772.3	36.98
27	5	589	17	3	210	61	48318.02	47.4
27	5	589	17	3	213	35	52991.19	53.15
27	5	589	17	3	223	56	65494.29	68.36
27	5	589	17	4	1148	19	47227.79	43.59
27	5	589	17	4	321	1	48178.98	46.35
27	5	589	17	4	422	183	61404.22	58.99
27	5	589	17	4	423	170	61748.78	59.62
27	5	589	17	4	425	62	65368.15	63.88
27	5	589	17	4	426	61	66021.84	65.18
27	5	589	17	4	428	176	49228.18	49.93
27	5	589	17	4	433	214	50790.29	48.28
27	5	589	17	4	440	251	49818.82	47.28
27	5	589	17	4	443	258	46394.26	44.76
27	5	589	17	4	445	134	41513.28	40.92
27	5	589	17	4	452	35	48378.14	45.57
27	5	589	17	4	453	87	45709.1	41.71
27	5	589	17	4	458	122	48131.85	40.95
27	5	589	17	4	463	98	44697.49	38.55
27	5	589	17	4	464	34	47838.97	40.89
27	5	589	17	4	465	33	51077.19	44.24
27	5	589	17	4	467	65	55698.36	49.51
27	5	589	17	4	470	111	51001.71	47.0
27	5	589	17	4	476	66	49942.68	43.81
27	5	589	17	4	477	67	55714.7	49.81
27	5	589	17	4	479	112	53841.4	49.84
27	5	589	17	4	480	160	53717.86	50.14
27	5	589	17	4	484	146	56236.95	53.02
27	5	589	17	4	485	145	57792.21	54.62
27	5	589	17	4	486	206	59198.18	56.9
27	5	589	17	4	492	59	57312.67	53.61
27	5	589	17	4	494	56	57546.15	54.22
27	5	589	17	4	497	123	60096.79	50.7
27	5	589	17	4	500	264	61117.95	57.29
27	5	589	17	4	501	166	64345.0	63.76
27	5	589	17	4	506	317	70573.1	70.39
27	5	589	17	5	520	1	13129.27	14.11
27	5	589	17	5	538	16	36758.94	33.25
27	5	589	17	5	567	66	27848.38	26.84
27	5	589	17	5	570	52	3656.43	3.06
27	5	589	17	5	573	20	7332.47	5.82
27	5	589	17	5	576	42	22333.49	24.04
27	5	589	17	5	581	25	17745.57	19.44
27	5	589	17	5	586	2	28787.39	31.3
27	5	589	17	5	587	41	22276.99	24.47
27	5	589	17	5	590	58	17389.4	19.74
27	5	589	17	5	592	39	1392.07	1.46
27	5	589	17	5	601	4	31947.23	33.78
27	5	589	17	5	602	59	21302.64	21.74
27	5	589	17	6	615	1	25659.73	25.06
27	5	589	17	6	621	32	39251.27	34.95
27	5	589	17	6	631	28	15234.26	15.92
27	5	589	17	6	640	142	33438.59	29.56
27	5	589	17	6	642	44	31989.31	27.95
27	5	589	17	6	645	7	28940.59	25.26
27	5	589	17	6	654	24	28918.33	28.33
27	5	589	17	6	656	23	27439.14	26.23
27	5	589	17	6	663	16	45222.97	42.09
27	5	589	17	7	670	1	185448.1	144.43
27	5	589	17	7	678	9	188716.49	144.55
27	5	589	17	8	687	1	67096.4	60.04
27	5	589	17	8	702	98	122413.87	88.0
27	5	589	17	8	719	107	57716.37	50.55
27	5	589	17	8	721	108	63154.86	52.91
27	5	589	17	8	722	109	71437.32	57.93
27	5	589	17	8	724	84	49413.66	43.69
27	5	589	17	8	727	110	67178.9	57.25
27	5	589	17	8	729	111	62121.68	53.7
27	5	589	17	8	731	91	74265.03	60.89
27	5	589	17	8	738	18	62203.81	55.09
27	5	589	17	8	741	58	77344.87	66.44
27	5	589	17	8	747	47	68922.76	60.89
27	5	589	17	8	768	16	88548.66	76.25
27	5	589	17	9	783	1	95354.02	82.75
27	5	590	58	1	15	74	281685.72	217.51
27	5	590	58	1	6	1	248202.72	189.65
27	5	590	58	10	811	1	27850.55	28.75
27	5	590	58	10	822	23	22789.0	25.43
27	5	590	58	10	823	3	19631.74	22.2
27	5	590	58	10	825	36	26264.13	25.98
27	5	590	58	10	829	19	20441.28	20.48
27	5	590	58	10	834	5	18870.31	17.1
27	5	590	58	10	838	25	28185.05	27.8
27	5	590	58	10	840	21	34400.72	35.28
27	5	590	58	10	842	43	31917.47	30.52
27	5	590	58	11	847	1	185984.16	159.65
27	5	590	58	12	881	1	111657.41	90.75
27	5	590	58	12	895	91	122334.32	100.59
27	5	590	58	12	902	39	120222.28	98.41
27	5	590	58	12	913	18	115464.56	95.08
27	5	590	58	12	931	11	120990.27	101.22
27	5	590	58	12	933	16	109455.33	88.14
27	5	590	58	13	1134	25	53718.09	50.93
27	5	590	58	13	1136	88	56907.64	54.26
27	5	590	58	13	957	1	34045.94	35.44
27	5	590	58	13	964	63	33737.19	33.44
27	5	590	58	13	967	18	34169.06	33.87
27	5	590	58	13	971	13	39371.17	40.1
27	5	590	58	13	972	28	57856.27	54.83
27	5	590	58	13	980	24	48559.57	46.84
27	5	590	58	13	982	17	52206.32	50.92
27	5	590	58	13	984	27	66418.57	55.23
27	5	590	58	13	985	16	60820.75	49.91
27	5	590	58	13	986	80	59083.5	49.39
27	5	590	58	13	987	62	60501.3	49.72
27	5	590	58	14	1002	1	24643.86	24.36
27	5	590	58	14	1018	6	30044.37	29.87
27	5	590	58	14	1020	5	27943.08	27.38
27	5	590	58	14	1021	20	22053.54	21.81
27	5	590	58	14	1022	27	21798.47	20.82
27	5	590	58	14	1023	21	20928.0	20.84
27	5	590	58	14	1025	24	18395.82	18.4
27	5	590	58	14	1027	19	16269.06	16.89
27	5	590	58	14	1029	14	16899.59	17.51
27	5	590	58	15	1039	1	113786.88	103.5
27	5	590	58	15	1053	60	134334.42	118.22
27	5	590	58	16	1074	1	115645.9	99.29
27	5	590	58	16	1082	17	106792.74	99.68
27	5	590	58	17	1092	1	270825.04	210.01
27	5	590	58	2	100	13	49998.78	49.41
27	5	590	58	2	110	34	50757.38	47.65
27	5	590	58	2	114	29	109249.36	80.96
27	5	590	58	2	118	3	56786.41	53.04
27	5	590	58	2	120	30	34130.68	36.17
27	5	590	58	2	128	61	59827.45	56.32
27	5	590	58	2	130	123	31794.42	31.91
27	5	590	58	2	132	25	36971.72	36.29
27	5	590	58	2	134	4	44110.61	42.31
27	5	590	58	2	142	117	60021.52	51.37
27	5	590	58	2	144	96	45935.49	39.32
27	5	590	58	2	148	90	41666.42	35.64
27	5	590	58	2	149	82	27533.44	23.39
27	5	590	58	2	152	51	34866.28	29.27
27	5	590	58	2	154	10	45622.72	39.42
27	5	590	58	2	155	24	50905.83	43.57
27	5	590	58	2	157	73	60990.91	50.02
27	5	590	58	2	163	87	61263.79	49.12
27	5	590	58	2	74	1	41991.13	38.08
27	5	590	58	2	93	22	82630.93	81.87
27	5	590	58	3	173	1	95642.72	101.26
27	5	590	58	3	196	4	71462.94	75.61
27	5	590	58	3	208	15	52862.29	51.56
27	5	590	58	3	210	61	60408.01	61.98
27	5	590	58	3	213	35	65081.18	67.74
27	5	590	58	3	223	56	77584.28	82.95
27	5	590	58	4	1148	19	67884.19	56.43
27	5	590	58	4	321	1	61529.72	51.29
27	5	590	58	4	422	183	78330.59	75.84
27	5	590	58	4	423	170	78675.16	76.47
27	5	590	58	4	425	62	82294.53	80.73
27	5	590	58	4	426	61	82948.22	82.03
27	5	590	58	4	428	176	66154.55	66.78
27	5	590	58	4	433	214	67716.67	65.13
27	5	590	58	4	440	251	66745.19	64.14
27	5	590	58	4	443	258	63320.63	61.61
27	5	590	58	4	445	134	58439.65	57.77
27	5	590	58	4	452	35	60025.58	49.98
27	5	590	58	4	453	87	58024.48	47.16
27	5	590	58	4	458	122	49992.13	40.61
27	5	590	58	4	463	98	46557.77	38.21
27	5	590	58	4	464	34	49699.24	40.55
27	5	590	58	4	465	33	52937.46	43.9
27	5	590	58	4	467	65	57558.64	49.17
27	5	590	58	4	470	111	59744.22	48.71
27	5	590	58	4	476	66	51802.95	43.47
27	5	590	58	4	477	67	57574.97	49.47
27	5	590	58	4	479	112	62583.91	51.55
27	5	590	58	4	480	160	62460.37	51.85
27	5	590	58	4	484	146	68075.14	56.58
27	5	590	58	4	485	145	69630.4	58.18
27	5	590	58	4	486	206	71036.38	60.46
27	5	590	58	4	492	59	66055.18	55.32
27	5	590	58	4	494	56	66288.66	55.93
27	5	590	58	4	497	123	61957.06	50.37
27	5	590	58	4	500	264	72956.15	60.85
27	5	590	58	4	501	166	76183.2	67.32
27	5	590	58	4	506	317	82411.29	73.95
27	5	590	58	5	520	1	5672.78	7.44
27	5	590	58	5	538	16	27945.7	24.03
27	5	590	58	5	567	66	11200.25	10.93
27	5	590	58	5	570	52	17576.04	19.97
27	5	590	58	5	573	20	10053.35	13.92
27	5	590	58	5	576	42	6422.39	6.07
27	5	590	58	5	581	25	3431.33	4.11
27	5	590	58	5	586	2	12876.29	13.34
27	5	590	58	5	587	41	6365.89	6.51
27	5	590	58	5	589	17	17385.82	19.73
27	5	590	58	5	592	39	20083.1	20.24
27	5	590	58	5	601	4	16036.13	15.81
27	5	590	58	5	602	59	4514.41	5.28
27	5	590	58	6	615	1	27520.0	24.73
27	5	590	58	6	621	32	17926.06	18.54
27	5	590	58	6	631	28	22428.05	21.56
27	5	590	58	6	640	142	26097.58	22.56
27	5	590	58	6	642	44	24648.3	20.95
27	5	590	58	6	645	7	21599.58	18.26
27	5	590	58	6	654	24	30778.61	27.99
27	5	590	58	6	656	23	36233.41	30.94
27	5	590	58	6	663	16	42872.97	39.33
27	5	590	58	7	670	1	204560.71	154.1
27	5	590	58	7	678	9	207829.1	154.22
27	5	590	58	8	687	1	59755.39	53.03
27	5	590	58	8	702	98	115072.86	80.99
27	5	590	58	8	719	107	50375.36	43.54
27	5	590	58	8	721	108	55813.85	45.9
27	5	590	58	8	722	109	64096.31	50.93
27	5	590	58	8	724	84	42072.65	36.69
27	5	590	58	8	727	110	59837.89	50.25
27	5	590	58	8	729	111	54780.66	46.7
27	5	590	58	8	731	91	66924.02	53.89
27	5	590	58	8	738	18	54862.79	48.09
27	5	590	58	8	741	58	70003.85	59.44
27	5	590	58	8	747	47	61581.74	53.88
27	5	590	58	8	768	16	81207.65	69.24
27	5	590	58	9	783	1	102477.56	90.2
27	5	592	39	1	15	74	263965.18	209.31
27	5	592	39	1	6	1	230482.18	181.45
27	5	592	39	10	811	1	12316.24	13.36
27	5	592	39	10	822	23	7976.9	8.26
27	5	592	39	10	823	3	3816.56	4.29
27	5	592	39	10	825	36	10256.14	10.14
27	5	592	39	10	829	19	6437.84	7.36
27	5	592	39	10	834	5	13381.07	12.14
27	5	592	39	10	838	25	12650.75	12.41
27	5	592	39	10	840	21	20065.72	21.62
27	5	592	39	10	842	43	17582.47	16.86
27	5	592	39	11	847	1	168263.62	151.45
27	5	592	39	12	881	1	93936.86	82.54
27	5	592	39	12	895	91	104613.78	92.39
27	5	592	39	12	902	39	102501.73	90.2
27	5	592	39	12	913	18	97744.02	86.87
27	5	592	39	12	931	11	103269.73	93.01
27	5	592	39	12	933	16	91734.79	79.94
27	5	592	39	13	1134	25	38183.78	35.54
27	5	592	39	13	1136	88	41373.34	38.87
27	5	592	39	13	957	1	18511.63	20.05
27	5	592	39	13	964	63	17729.2	17.6
27	5	592	39	13	967	18	18161.07	18.04
27	5	592	39	13	971	13	23836.87	24.72
27	5	592	39	13	972	28	42321.96	39.45
27	5	592	39	13	980	24	33025.27	31.45
27	5	592	39	13	982	17	36672.01	35.53
27	5	592	39	13	984	27	43688.87	40.39
27	5	592	39	13	985	16	43274.45	39.9
27	5	592	39	13	986	80	46325.95	45.0
27	5	592	39	13	987	62	43745.05	40.39
27	5	592	39	14	1002	1	23577.91	22.03
27	5	592	39	14	1018	6	28978.42	27.54
27	5	592	39	14	1020	5	26877.13	25.05
27	5	592	39	14	1021	20	22452.48	19.98
27	5	592	39	14	1022	27	20732.52	18.49
27	5	592	39	14	1023	21	22093.44	19.68
27	5	592	39	14	1025	24	17329.87	16.07
27	5	592	39	14	1027	19	18482.96	17.25
27	5	592	39	14	1029	14	13134.06	12.68
27	5	592	39	15	1039	1	112510.53	97.21
27	5	592	39	15	1053	60	133058.06	111.93
27	5	592	39	16	1074	1	105199.77	97.19
27	5	592	39	16	1082	17	107081.48	98.36
27	5	592	39	17	1092	1	253104.5	201.81
27	5	592	39	2	100	13	69157.11	67.37
27	5	592	39	2	110	34	67628.29	58.09
27	5	592	39	2	114	29	116021.19	87.33
27	5	592	39	2	118	3	73013.2	62.87
27	5	592	39	2	120	30	59913.77	51.68
27	5	592	39	2	128	61	76054.24	66.16
27	5	592	39	2	130	123	48670.54	42.68
27	5	592	39	2	132	25	52686.88	45.71
27	5	592	39	2	134	4	59445.72	51.6
27	5	592	39	2	142	117	66793.34	57.73
27	5	592	39	2	144	96	52707.31	45.69
27	5	592	39	2	148	90	48438.24	42.01
27	5	592	39	2	149	82	34305.26	29.75
27	5	592	39	2	152	51	41638.11	35.64
27	5	592	39	2	154	10	52394.55	45.79
27	5	592	39	2	155	24	57677.65	49.93
27	5	592	39	2	157	73	67762.73	56.39
27	5	592	39	2	163	87	68035.62	55.49
27	5	592	39	2	74	1	48762.96	44.45
27	5	592	39	2	93	22	97114.77	95.83
27	5	592	39	3	173	1	84626.55	87.68
27	5	592	39	3	196	4	60446.77	62.03
27	5	592	39	3	208	15	41846.12	37.99
27	5	592	39	3	210	61	49391.84	48.41
27	5	592	39	3	213	35	54065.01	54.16
27	5	592	39	3	223	56	66568.11	69.37
27	5	592	39	4	1148	19	48619.86	45.05
27	5	592	39	4	321	1	49571.05	47.82
27	5	592	39	4	422	183	62796.29	60.45
27	5	592	39	4	423	170	63140.85	61.08
27	5	592	39	4	425	62	66760.22	65.34
27	5	592	39	4	426	61	67413.91	66.64
27	5	592	39	4	428	176	50620.25	51.39
27	5	592	39	4	433	214	52182.36	49.74
27	5	592	39	4	440	251	51210.89	48.75
27	5	592	39	4	443	258	47786.33	46.23
27	5	592	39	4	445	134	42905.35	42.38
27	5	592	39	4	452	35	49770.21	47.03
27	5	592	39	4	453	87	47101.17	43.18
27	5	592	39	4	458	122	47562.67	40.31
27	5	592	39	4	463	98	44128.31	37.91
27	5	592	39	4	464	34	47269.78	40.25
27	5	592	39	4	465	33	50508.0	43.6
27	5	592	39	4	467	65	55129.18	48.87
27	5	592	39	4	470	111	57314.76	48.41
27	5	592	39	4	476	66	49373.49	43.17
27	5	592	39	4	477	67	55145.51	49.17
27	5	592	39	4	479	112	60154.45	51.25
27	5	592	39	4	480	160	60030.91	51.55
27	5	592	39	4	484	146	57629.02	54.48
27	5	592	39	4	485	145	59184.28	56.08
27	5	592	39	4	486	206	60590.25	58.36
27	5	592	39	4	492	59	63625.72	55.02
27	5	592	39	4	494	56	63859.2	55.63
27	5	592	39	4	497	123	59527.6	50.06
27	5	592	39	4	500	264	62510.02	58.75
27	5	592	39	4	501	166	65737.07	65.22
27	5	592	39	4	506	317	71965.17	71.85
27	5	592	39	5	520	1	13562.36	14.81
27	5	592	39	5	538	16	37192.03	33.95
27	5	592	39	5	567	66	28281.47	27.55
27	5	592	39	5	570	52	4089.52	3.76
27	5	592	39	5	573	20	7765.56	6.52
27	5	592	39	5	576	42	24811.14	24.37
27	5	592	39	5	581	25	18178.66	20.15
27	5	592	39	5	586	2	31265.04	31.64
27	5	592	39	5	587	41	24754.64	24.81
27	5	592	39	5	589	17	1392.07	1.46
27	5	592	39	5	590	58	19867.05	20.07
27	5	592	39	5	601	4	34424.88	34.11
27	5	592	39	5	602	59	20733.46	21.1
27	5	592	39	6	615	1	25090.54	24.42
27	5	592	39	6	621	32	38682.09	34.31
27	5	592	39	6	631	28	14665.08	15.28
27	5	592	39	6	640	142	32869.41	28.92
27	5	592	39	6	642	44	31420.12	27.31
27	5	592	39	6	645	7	28371.4	24.62
27	5	592	39	6	654	24	28349.15	27.69
27	5	592	39	6	656	23	28831.21	27.69
27	5	592	39	6	663	16	44653.78	41.45
27	5	592	39	7	670	1	186840.17	145.89
27	5	592	39	7	678	9	190108.56	146.01
27	5	592	39	8	687	1	66527.21	59.4
27	5	592	39	8	702	98	121844.68	87.36
27	5	592	39	8	719	107	57147.18	49.91
27	5	592	39	8	721	108	62585.68	52.27
27	5	592	39	8	722	109	70868.14	57.29
27	5	592	39	8	724	84	48844.48	43.05
27	5	592	39	8	727	110	66609.71	56.61
27	5	592	39	8	729	111	61552.49	53.06
27	5	592	39	8	731	91	73695.84	60.25
27	5	592	39	8	738	18	61634.62	54.45
27	5	592	39	8	741	58	76775.68	65.8
27	5	592	39	8	747	47	68353.57	60.25
27	5	592	39	8	768	16	87979.47	75.61
27	5	592	39	9	783	1	96746.09	84.21
27	5	601	4	1	15	74	289539.29	225.43
27	5	601	4	1	6	1	256056.29	197.58
27	5	601	4	10	811	1	42408.38	42.78
27	5	601	4	10	822	23	37346.83	39.46
27	5	601	4	10	823	3	34189.57	36.24
27	5	601	4	10	825	36	40821.96	40.01
27	5	601	4	10	829	19	34999.11	34.51
27	5	601	4	10	834	5	31384.85	30.07
27	5	601	4	10	838	25	42742.88	41.84
27	5	601	4	10	840	21	50251.18	49.13
27	5	601	4	10	842	43	44741.05	42.67
27	5	601	4	11	847	1	193837.73	167.58
27	5	601	4	12	881	1	119510.97	98.67
27	5	601	4	12	895	91	130187.89	108.51
27	5	601	4	12	902	39	128075.84	106.33
27	5	601	4	12	913	18	123318.13	103.0
27	5	601	4	12	931	11	128843.84	109.14
27	5	601	4	12	933	16	117308.9	96.06
27	5	601	4	13	1134	25	73764.99	62.19
27	5	601	4	13	1136	88	75022.91	63.9
27	5	601	4	13	957	1	48603.77	49.47
27	5	601	4	13	964	63	48295.02	47.47
27	5	601	4	13	967	18	48726.89	47.91
27	5	601	4	13	971	13	53929.0	54.14
27	5	601	4	13	972	28	73236.82	68.03
27	5	601	4	13	980	24	63940.12	60.03
27	5	601	4	13	982	17	67586.87	64.11
27	5	601	4	13	984	27	74272.14	63.15
27	5	601	4	13	985	16	68674.32	57.83
27	5	601	4	13	986	80	66937.07	57.31
27	5	601	4	13	987	62	68354.87	57.65
27	5	601	4	14	1002	1	39201.69	38.39
27	5	601	4	14	1018	6	44602.2	43.91
27	5	601	4	14	1020	5	42500.91	41.42
27	5	601	4	14	1021	20	34089.76	34.98
27	5	601	4	14	1022	27	36356.3	34.85
27	5	601	4	14	1023	21	35485.83	34.88
27	5	601	4	14	1025	24	32953.65	32.43
27	5	601	4	14	1027	19	30826.89	30.93
27	5	601	4	14	1029	14	31457.42	31.55
27	5	601	4	15	1039	1	121640.45	111.42
27	5	601	4	15	1053	60	142187.99	126.14
27	5	601	4	16	1074	1	123499.47	107.21
27	5	601	4	16	1082	17	114646.3	107.6
27	5	601	4	17	1092	1	278678.61	217.93
27	5	601	4	2	100	13	39643.65	38.24
27	5	601	4	2	110	34	34721.25	31.84
27	5	601	4	2	114	29	91175.78	67.81
27	5	601	4	2	118	3	40750.28	37.23
27	5	601	4	2	120	30	18094.55	20.36
27	5	601	4	2	128	61	43791.32	40.52
27	5	601	4	2	130	123	15758.29	16.11
27	5	601	4	2	132	25	20935.59	20.48
27	5	601	4	2	134	4	28074.48	26.5
27	5	601	4	2	142	117	39886.25	35.98
27	5	601	4	2	144	96	25800.22	23.93
27	5	601	4	2	148	90	21531.78	20.57
27	5	601	4	2	149	82	17865.72	17.6
27	5	601	4	2	152	51	26645.93	24.45
27	5	601	4	2	154	10	25488.09	24.35
27	5	601	4	2	155	24	30770.56	28.17
27	5	601	4	2	157	73	37865.69	35.79
27	5	601	4	2	163	87	43190.21	35.98
27	5	601	4	2	74	1	29276.43	30.44
27	5	601	4	2	93	22	77842.24	79.01
27	5	601	4	3	173	1	110200.55	115.3
27	5	601	4	3	196	4	86020.77	89.64
27	5	601	4	3	208	15	67420.12	65.6
27	5	601	4	3	210	61	74965.84	76.02
27	5	601	4	3	213	35	79639.01	81.77
27	5	601	4	3	223	56	92142.11	96.98
27	5	601	4	4	1148	19	75737.76	64.36
27	5	601	4	4	321	1	69383.29	59.21
27	5	601	4	4	422	183	102243.68	86.69
27	5	601	4	4	423	170	95333.54	85.43
27	5	601	4	4	425	62	99581.38	91.27
27	5	601	4	4	426	61	98395.14	91.6
27	5	601	4	4	428	176	87757.02	75.47
27	5	601	4	4	433	214	86604.96	73.17
27	5	601	4	4	440	251	85633.49	72.17
27	5	601	4	4	443	258	82208.93	69.65
27	5	601	4	4	445	134	77327.95	65.81
27	5	601	4	4	452	35	67879.15	57.91
27	5	601	4	4	453	87	65878.05	55.09
27	5	601	4	4	458	122	57845.69	48.54
27	5	601	4	4	463	98	54411.33	46.14
27	5	601	4	4	464	34	57552.81	48.48
27	5	601	4	4	465	33	60791.03	51.83
27	5	601	4	4	467	65	65412.2	57.09
27	5	601	4	4	470	111	67597.79	56.64
27	5	601	4	4	476	66	59656.51	51.39
27	5	601	4	4	477	67	65428.54	57.4
27	5	601	4	4	479	112	70437.48	59.47
27	5	601	4	4	480	160	70313.94	59.78
27	5	601	4	4	484	146	75928.71	64.5
27	5	601	4	4	485	145	77483.97	66.1
27	5	601	4	4	486	206	78889.94	68.38
27	5	601	4	4	492	59	73908.74	63.25
27	5	601	4	4	494	56	74142.22	63.85
27	5	601	4	4	497	123	69810.63	58.29
27	5	601	4	4	500	264	80809.72	68.77
27	5	601	4	4	501	166	84036.76	75.24
27	5	601	4	4	506	317	90264.86	81.87
27	5	601	4	5	520	1	20230.61	21.48
27	5	601	4	5	538	16	28827.48	26.23
27	5	601	4	5	567	66	13540.57	13.69
27	5	601	4	5	570	52	32133.87	34.01
27	5	601	4	5	573	20	24611.18	27.95
27	5	601	4	5	576	42	13819.81	14.36
27	5	601	4	5	581	25	15024.62	15.19
27	5	601	4	5	586	2	7335.05	7.08
27	5	601	4	5	587	41	9670.24	9.3
27	5	601	4	5	589	17	31943.65	33.77
27	5	601	4	5	590	58	16036.13	15.81
27	5	601	4	5	592	39	34640.93	34.27
27	5	601	4	5	602	59	14000.9	13.63
27	5	601	4	6	615	1	33427.42	31.1
27	5	601	4	6	621	32	2450.36	4.21
27	5	601	4	6	631	28	33058.89	32.29
27	5	601	4	6	640	142	16789.64	17.29
27	5	601	4	6	642	44	19364.55	17.2
27	5	601	4	6	645	7	16315.83	14.51
27	5	601	4	6	654	24	30558.99	26.7
27	5	601	4	6	656	23	45994.47	41.02
27	5	601	4	6	663	16	37589.23	35.58
27	5	601	4	7	670	1	212414.28	162.02
27	5	601	4	7	678	9	215682.67	162.14
27	5	601	4	8	687	1	48757.5	45.45
27	5	601	4	8	702	98	96999.28	67.84
27	5	601	4	8	719	107	32301.77	30.39
27	5	601	4	8	721	108	37740.27	32.75
27	5	601	4	8	722	109	46022.73	37.78
27	5	601	4	8	724	84	29357.95	29.05
27	5	601	4	8	727	110	41764.31	37.1
27	5	601	4	8	729	111	36707.08	33.55
27	5	601	4	8	731	91	48850.44	40.74
27	5	601	4	8	738	18	43864.9	40.51
27	5	601	4	8	741	58	51930.27	46.29
27	5	601	4	8	747	47	48872.39	43.67
27	5	601	4	8	768	16	68356.91	59.94
27	5	601	4	9	783	1	110331.13	98.12
27	5	602	59	1	15	74	280199.37	216.86
27	5	602	59	1	6	1	246716.37	189.0
27	5	602	59	10	811	1	28716.96	29.78
27	5	602	59	10	822	23	26520.96	28.18
27	5	602	59	10	823	3	22786.09	23.77
27	5	602	59	10	825	36	27130.54	27.01
27	5	602	59	10	829	19	21307.69	21.51
27	5	602	59	10	834	5	17383.95	16.45
27	5	602	59	10	838	25	29051.46	28.83
27	5	602	59	10	840	21	35267.13	36.31
27	5	602	59	10	842	43	32783.87	31.55
27	5	602	59	11	847	1	184497.81	159.0
27	5	602	59	12	881	1	110171.05	90.1
27	5	602	59	12	895	91	120847.97	99.94
27	5	602	59	12	902	39	118735.92	97.76
27	5	602	59	12	913	18	113978.21	94.42
27	5	602	59	12	931	11	119503.92	100.56
27	5	602	59	12	933	16	107968.98	87.49
27	5	602	59	13	1134	25	54584.49	51.96
27	5	602	59	13	1136	88	57774.05	55.29
27	5	602	59	13	957	1	34912.34	36.47
27	5	602	59	13	964	63	34603.6	34.47
27	5	602	59	13	967	18	35035.46	34.9
27	5	602	59	13	971	13	40237.58	41.13
27	5	602	59	13	972	28	58722.68	55.86
27	5	602	59	13	980	24	49425.98	47.87
27	5	602	59	13	982	17	53072.72	51.95
27	5	602	59	13	984	27	64932.21	54.58
27	5	602	59	13	985	16	59334.4	49.26
27	5	602	59	13	986	80	57597.15	48.73
27	5	602	59	13	987	62	59014.95	49.07
27	5	602	59	14	1002	1	31265.59	28.55
27	5	602	59	14	1018	6	36666.11	34.06
27	5	602	59	14	1020	5	34564.81	31.57
27	5	602	59	14	1021	20	30140.16	26.5
27	5	602	59	14	1022	27	28420.2	25.0
27	5	602	59	14	1023	21	25442.4	26.12
27	5	602	59	14	1025	24	25017.55	22.58
27	5	602	59	14	1027	19	20783.47	22.17
27	5	602	59	14	1029	14	23521.33	21.7
27	5	602	59	15	1039	1	112300.53	102.85
27	5	602	59	15	1053	60	132848.06	117.57
27	5	602	59	16	1074	1	114159.55	98.64
27	5	602	59	16	1082	17	105306.38	99.03
27	5	602	59	17	1092	1	269338.69	209.36
27	5	602	59	2	100	13	47963.55	47.23
27	5	602	59	2	110	34	48722.15	45.47
27	5	602	59	2	114	29	108138.41	79.5
27	5	602	59	2	118	3	54751.18	50.86
27	5	602	59	2	120	30	32095.45	33.99
27	5	602	59	2	128	61	57792.22	54.14
27	5	602	59	2	130	123	29759.19	29.73
27	5	602	59	2	132	25	34936.49	34.11
27	5	602	59	2	134	4	42075.37	40.13
27	5	602	59	2	142	117	53887.14	49.6
27	5	602	59	2	144	96	39801.11	37.56
27	5	602	59	2	148	90	40555.46	34.18
27	5	602	59	2	149	82	26422.48	21.92
27	5	602	59	2	152	51	33755.33	27.81
27	5	602	59	2	154	10	44511.77	37.96
27	5	602	59	2	155	24	44771.46	41.8
27	5	602	59	2	157	73	59879.96	48.56
27	5	602	59	2	163	87	60152.84	47.66
27	5	602	59	2	74	1	40880.18	36.62
27	5	602	59	2	93	22	83260.47	82.73
27	5	602	59	3	173	1	102264.45	105.45
27	5	602	59	3	196	4	78084.67	79.79
27	5	602	59	3	208	15	59484.02	55.75
27	5	602	59	3	210	61	67029.74	66.17
27	5	602	59	3	213	35	71702.91	71.93
27	5	602	59	3	223	56	84206.01	87.14
27	5	602	59	4	1148	19	66397.84	55.78
27	5	602	59	4	321	1	60043.37	50.63
27	5	602	59	4	422	183	79197.0	76.87
27	5	602	59	4	423	170	85993.61	76.86
27	5	602	59	4	425	62	83160.94	81.76
27	5	602	59	4	426	61	89055.22	83.03
27	5	602	59	4	428	176	78417.1	66.89
27	5	602	59	4	433	214	77265.04	64.59
27	5	602	59	4	440	251	76293.57	63.6
27	5	602	59	4	443	258	72869.01	61.07
27	5	602	59	4	445	134	67988.03	57.23
27	5	602	59	4	452	35	58539.23	49.33
27	5	602	59	4	453	87	56538.13	46.51
27	5	602	59	4	458	122	48505.77	39.96
27	5	602	59	4	463	98	45071.41	37.56
27	5	602	59	4	464	34	48212.89	39.9
27	5	602	59	4	465	33	51451.11	43.25
27	5	602	59	4	467	65	56072.28	48.52
27	5	602	59	4	470	111	58257.87	48.06
27	5	602	59	4	476	66	50316.59	42.81
27	5	602	59	4	477	67	56088.62	48.82
27	5	602	59	4	479	112	61097.55	50.9
27	5	602	59	4	480	160	60974.02	51.2
27	5	602	59	4	484	146	66588.79	55.92
27	5	602	59	4	485	145	68144.05	57.52
27	5	602	59	4	486	206	69550.02	59.81
27	5	602	59	4	492	59	64568.82	54.67
27	5	602	59	4	494	56	64802.3	55.28
27	5	602	59	4	497	123	60470.71	49.71
27	5	602	59	4	500	264	71469.8	60.2
27	5	602	59	4	501	166	74696.84	66.66
27	5	602	59	4	506	317	80924.94	73.29
27	5	602	59	5	520	1	10187.19	12.72
27	5	602	59	5	538	16	28575.24	24.88
27	5	602	59	5	567	66	11829.78	11.79
27	5	602	59	5	570	52	22583.16	22.97
27	5	602	59	5	573	20	15060.46	16.91
27	5	602	59	5	576	42	7051.93	6.93
27	5	602	59	5	581	25	6960.27	7.49
27	5	602	59	5	586	2	10841.06	11.15
27	5	602	59	5	587	41	4330.66	4.33
27	5	602	59	5	589	17	21518.69	21.91
27	5	602	59	5	590	58	4514.41	5.28
27	5	602	59	5	592	39	20949.5	21.27
27	5	602	59	5	601	4	14000.9	13.63
27	5	602	59	6	615	1	26033.65	24.07
27	5	602	59	6	621	32	15890.82	16.36
27	5	602	59	6	631	28	20941.69	20.91
27	5	602	59	6	640	142	24986.63	21.1
27	5	602	59	6	642	44	23537.35	19.48
27	5	602	59	6	645	7	20488.62	16.79
27	5	602	59	6	654	24	30515.37	26.67
27	5	602	59	6	656	23	34747.06	30.29
27	5	602	59	6	663	16	41762.02	37.86
27	5	602	59	7	670	1	203074.36	153.44
27	5	602	59	7	678	9	206342.75	153.56
27	5	602	59	8	687	1	58644.44	51.57
27	5	602	59	8	702	98	113961.91	79.53
27	5	602	59	8	719	107	49264.4	42.08
27	5	602	59	8	721	108	54702.9	44.44
27	5	602	59	8	722	109	62985.36	49.47
27	5	602	59	8	724	84	40961.7	35.23
27	5	602	59	8	727	110	58726.94	48.78
27	5	602	59	8	729	111	53669.71	45.24
27	5	602	59	8	731	91	65813.07	52.42
27	5	602	59	8	738	18	53751.84	46.63
27	5	602	59	8	741	58	68892.9	57.97
27	5	602	59	8	747	47	60470.79	52.42
27	5	602	59	8	768	16	80096.7	67.78
27	5	602	59	9	783	1	100991.21	89.54
27	6	615	1	1	15	74	256212.65	197.16
27	6	615	1	1	6	1	222729.65	169.3
27	6	615	1	10	811	1	20877.12	21.94
27	6	615	1	10	822	23	27048.46	27.62
27	6	615	1	10	823	3	23313.58	23.21
27	6	615	1	10	825	36	25020.53	24.29
27	6	615	1	10	829	19	19590.82	19.18
27	6	615	1	10	834	5	13825.89	11.73
27	6	615	1	10	838	25	17540.37	17.96
27	6	615	1	10	840	21	20341.07	22.68
27	6	615	1	10	842	43	14491.69	15.17
27	6	615	1	11	847	1	160511.09	139.3
27	6	615	1	12	881	1	86184.33	70.39
27	6	615	1	12	895	91	96861.25	80.24
27	6	615	1	12	902	39	94749.2	78.05
27	6	615	1	12	913	18	89991.49	74.72
27	6	615	1	12	931	11	95517.2	80.86
27	6	615	1	12	933	16	83982.26	67.79
27	6	615	1	13	1134	25	40438.35	33.92
27	6	615	1	13	1136	88	41696.27	35.62
27	6	615	1	13	957	1	26215.25	28.99
27	6	615	1	13	964	63	27619.33	27.9
27	6	615	1	13	967	18	28051.2	28.33
27	6	615	1	13	971	13	31819.88	29.07
27	6	615	1	13	972	28	43417.64	38.07
27	6	615	1	13	980	24	34120.94	30.07
27	6	615	1	13	982	17	37767.69	34.15
27	6	615	1	13	984	27	40945.49	34.87
27	6	615	1	13	985	16	35347.68	29.56
27	6	615	1	13	986	80	33610.43	29.03
27	6	615	1	13	987	62	35028.23	29.37
27	6	615	1	14	1002	1	42979.38	35.27
27	6	615	1	14	1018	6	48379.89	40.78
27	6	615	1	14	1020	5	46278.6	38.29
27	6	615	1	14	1021	20	41853.95	33.22
27	6	615	1	14	1022	27	40133.99	31.72
27	6	615	1	14	1023	21	39994.19	32.87
27	6	615	1	14	1025	24	36731.34	29.3
27	6	615	1	14	1027	19	35335.25	28.92
27	6	615	1	14	1029	14	35235.12	28.42
27	6	615	1	15	1039	1	88313.81	83.15
27	6	615	1	15	1053	60	108861.34	97.87
27	6	615	1	16	1074	1	90172.82	78.93
27	6	615	1	16	1082	17	81319.66	79.33
27	6	615	1	17	1092	1	245351.96	189.66
27	6	615	1	2	100	13	73971.85	65.43
27	6	615	1	2	110	34	58433.62	52.46
27	6	615	1	2	114	29	98306.17	73.16
27	6	615	1	2	118	3	63818.53	57.24
27	6	615	1	2	120	30	50719.1	46.04
27	6	615	1	2	128	61	66859.57	60.52
27	6	615	1	2	130	123	39475.87	37.05
27	6	615	1	2	132	25	43492.22	40.07
27	6	615	1	2	134	4	50251.05	45.97
27	6	615	1	2	142	117	61387.31	51.68
27	6	615	1	2	144	96	43512.65	40.05
27	6	615	1	2	148	90	40059.42	35.68
27	6	615	1	2	149	82	25110.59	24.12
27	6	615	1	2	152	51	25621.12	24.25
27	6	615	1	2	154	10	36344.83	32.9
27	6	615	1	2	155	24	43304.51	37.0
27	6	615	1	2	157	73	50047.72	42.23
27	6	615	1	2	163	87	50320.61	41.33
27	6	615	1	2	74	1	31047.53	31.49
27	6	615	1	2	93	22	118739.33	91.22
27	6	615	1	3	173	1	115160.29	98.63
27	6	615	1	3	196	4	89481.38	72.61
27	6	615	1	3	208	15	66614.04	61.34
27	6	615	1	3	210	61	74159.76	71.76
27	6	615	1	3	213	35	90534.86	76.0
27	6	615	1	3	223	56	81621.57	69.04
27	6	615	1	4	1148	19	42411.12	36.08
27	6	615	1	4	321	1	36056.65	30.93
27	6	615	1	4	422	183	68917.04	58.41
27	6	615	1	4	423	170	62006.89	57.16
27	6	615	1	4	425	62	66254.73	62.99
27	6	615	1	4	426	61	65068.5	63.32
27	6	615	1	4	428	176	54430.38	47.19
27	6	615	1	4	433	214	53278.32	44.89
27	6	615	1	4	440	251	52306.85	43.89
27	6	615	1	4	443	258	48882.29	41.37
27	6	615	1	4	445	134	44001.31	37.53
27	6	615	1	4	452	35	34552.51	29.63
27	6	615	1	4	453	87	32551.41	26.81
27	6	615	1	4	458	122	24519.05	20.26
27	6	615	1	4	463	98	21084.69	17.86
27	6	615	1	4	464	34	24226.17	20.2
27	6	615	1	4	465	33	27464.39	23.55
27	6	615	1	4	467	65	32085.56	28.82
27	6	615	1	4	470	111	34271.15	28.36
27	6	615	1	4	476	66	26329.87	23.11
27	6	615	1	4	477	67	32101.9	29.12
27	6	615	1	4	479	112	37110.83	31.2
27	6	615	1	4	480	160	36987.3	31.5
27	6	615	1	4	484	146	42602.07	36.22
27	6	615	1	4	485	145	44157.33	37.82
27	6	615	1	4	486	206	45563.3	40.1
27	6	615	1	4	492	59	40582.1	34.97
27	6	615	1	4	494	56	40815.58	35.58
27	6	615	1	4	497	123	36483.99	30.01
27	6	615	1	4	500	264	47483.07	40.49
27	6	615	1	4	501	166	50710.12	46.96
27	6	615	1	4	506	317	56938.22	53.59
27	6	615	1	5	520	1	26632.4	23.91
27	6	615	1	5	538	16	50882.75	43.29
27	6	615	1	5	567	66	38092.27	34.07
27	6	615	1	5	570	52	31420.93	27.56
27	6	615	1	5	573	20	24994.34	21.6
27	6	615	1	5	576	42	33314.41	29.2
27	6	615	1	5	581	25	29916.99	25.8
27	6	615	1	5	586	2	36872.2	35.29
27	6	615	1	5	587	41	33257.91	29.64
27	6	615	1	5	589	17	27764.5	24.5
27	6	615	1	5	590	58	28370.32	24.9
27	6	615	1	5	592	39	27195.32	23.86
27	6	615	1	5	601	4	33883.99	32.22
27	6	615	1	5	602	59	29236.73	25.93
27	6	615	1	6	621	32	29487.42	28.67
27	6	615	1	6	631	28	11959.98	13.05
27	6	615	1	6	640	142	23674.74	23.29
27	6	615	1	6	642	44	22225.45	21.68
27	6	615	1	6	645	7	19176.73	18.99
27	6	615	1	6	654	24	4166.53	6.21
27	6	615	1	6	656	23	10760.34	10.59
27	6	615	1	6	663	16	20250.3	19.56
27	6	615	1	7	670	1	179087.64	133.74
27	6	615	1	7	678	9	182356.03	133.86
27	6	615	1	8	687	1	45382.29	40.98
27	6	615	1	8	702	98	104129.67	73.2
27	6	615	1	8	719	107	39432.17	35.74
27	6	615	1	8	721	108	44870.66	38.11
27	6	615	1	8	722	109	53153.12	43.13
27	6	615	1	8	724	84	31129.05	30.1
27	6	615	1	8	727	110	48894.7	42.45
27	6	615	1	8	729	111	43837.47	38.9
27	6	615	1	8	731	91	55980.83	46.09
27	6	615	1	8	738	18	40489.69	36.03
27	6	615	1	8	741	58	54089.82	47.47
27	6	615	1	8	747	47	47208.64	41.83
27	6	615	1	8	768	16	66834.55	57.18
27	6	615	1	9	783	1	77004.49	69.84
27	6	621	32	1	15	74	285142.71	221.89
27	6	621	32	1	6	1	251659.71	194.03
27	6	621	32	10	811	1	41980.31	41.45
27	6	621	32	10	822	23	44236.05	41.72
27	6	621	32	10	823	3	40501.18	37.32
27	6	621	32	10	825	36	44845.62	40.55
27	6	621	32	10	829	19	39022.78	35.05
27	6	621	32	10	834	5	29061.62	26.74
27	6	621	32	10	838	25	41180.22	39.14
27	6	621	32	10	840	21	45854.6	45.58
27	6	621	32	10	842	43	40344.47	39.12
27	6	621	32	11	847	1	189441.15	164.03
27	6	621	32	12	881	1	115114.4	95.13
27	6	621	32	12	895	91	125791.31	104.97
27	6	621	32	12	902	39	123679.27	102.79
27	6	621	32	12	913	18	118921.56	99.45
27	6	621	32	12	931	11	124447.26	105.59
27	6	621	32	12	933	16	112912.33	92.52
27	6	621	32	13	1134	25	69368.41	58.65
27	6	621	32	13	1136	88	70626.34	60.36
27	6	621	32	13	957	1	48175.7	48.15
27	6	621	32	13	964	63	48352.94	46.31
27	6	621	32	13	967	18	48784.81	46.74
27	6	621	32	13	971	13	53500.93	52.81
27	6	621	32	13	972	28	68840.24	64.48
27	6	621	32	13	980	24	59543.55	56.49
27	6	621	32	13	982	17	63190.29	60.56
27	6	621	32	13	984	27	69875.56	59.61
27	6	621	32	13	985	16	64277.75	54.29
27	6	621	32	13	986	80	62540.49	53.76
27	6	621	32	13	987	62	63958.29	54.1
27	6	621	32	14	1002	1	41091.62	41.13
27	6	621	32	14	1018	6	46492.13	46.64
27	6	621	32	14	1020	5	44390.84	44.15
27	6	621	32	14	1021	20	35979.69	37.71
27	6	621	32	14	1022	27	38246.22	37.58
27	6	621	32	14	1023	21	37375.76	37.61
27	6	621	32	14	1025	24	34843.58	35.16
27	6	621	32	14	1027	19	32716.82	33.66
27	6	621	32	14	1029	14	33347.35	34.28
27	6	621	32	15	1039	1	117243.87	107.88
27	6	621	32	15	1053	60	137791.41	122.6
27	6	621	32	16	1074	1	119102.89	103.67
27	6	621	32	16	1082	17	110249.73	104.06
27	6	621	32	17	1092	1	274282.03	214.39
27	6	621	32	2	100	13	42308.44	41.78
27	6	621	32	2	110	34	34925.28	33.01
27	6	621	32	2	114	29	91379.81	68.98
27	6	621	32	2	118	3	40954.31	38.4
27	6	621	32	2	120	30	18298.58	21.53
27	6	621	32	2	128	61	43995.35	41.68
27	6	621	32	2	130	123	15962.32	17.27
27	6	621	32	2	132	25	21139.62	21.65
27	6	621	32	2	134	4	28278.51	27.67
27	6	621	32	2	142	117	40090.28	37.14
27	6	621	32	2	144	96	26004.25	25.1
27	6	621	32	2	148	90	21735.81	21.74
27	6	621	32	2	149	82	13469.15	14.05
27	6	621	32	2	152	51	22249.36	20.91
27	6	621	32	2	154	10	25692.11	25.52
27	6	621	32	2	155	24	30974.59	29.34
27	6	621	32	2	157	73	38069.72	36.96
27	6	621	32	2	163	87	43394.24	37.14
27	6	621	32	2	74	1	29374.21	29.71
27	6	621	32	2	93	22	79934.39	82.86
27	6	621	32	3	173	1	112090.48	118.03
27	6	621	32	3	196	4	87910.7	92.37
27	6	621	32	3	208	15	69310.04	68.33
27	6	621	32	3	210	61	76855.77	78.75
27	6	621	32	3	213	35	81528.94	84.51
27	6	621	32	3	223	56	110551.64	93.77
27	6	621	32	4	1148	19	71341.18	60.81
27	6	621	32	4	321	1	64986.71	55.66
27	6	621	32	4	422	183	97847.11	83.15
27	6	621	32	4	423	170	90936.96	81.89
27	6	621	32	4	425	62	95184.8	87.72
27	6	621	32	4	426	61	93998.56	88.06
27	6	621	32	4	428	176	83360.45	71.93
27	6	621	32	4	433	214	82208.39	69.62
27	6	621	32	4	440	251	81236.91	68.63
27	6	621	32	4	443	258	77812.35	66.11
27	6	621	32	4	445	134	72931.37	62.26
27	6	621	32	4	452	35	63482.57	54.36
27	6	621	32	4	453	87	61481.47	51.54
27	6	621	32	4	458	122	53449.12	44.99
27	6	621	32	4	463	98	50014.76	42.59
27	6	621	32	4	464	34	53156.24	44.93
27	6	621	32	4	465	33	56394.45	48.28
27	6	621	32	4	467	65	61015.63	53.55
27	6	621	32	4	470	111	63201.21	53.09
27	6	621	32	4	476	66	55259.94	47.85
27	6	621	32	4	477	67	61031.96	53.85
27	6	621	32	4	479	112	66040.9	55.93
27	6	621	32	4	480	160	65917.36	56.23
27	6	621	32	4	484	146	71532.13	60.95
27	6	621	32	4	485	145	73087.39	62.55
27	6	621	32	4	486	206	74493.37	64.84
27	6	621	32	4	492	59	69512.17	59.7
27	6	621	32	4	494	56	69745.65	60.31
27	6	621	32	4	497	123	65414.05	54.74
27	6	621	32	4	500	264	76413.14	65.23
27	6	621	32	4	501	166	79640.19	71.7
27	6	621	32	4	506	317	85868.28	78.33
27	6	621	32	5	520	1	22120.54	24.21
27	6	621	32	5	538	16	30717.41	28.96
27	6	621	32	5	567	66	15430.5	16.42
27	6	621	32	5	570	52	42354.22	36.73
27	6	621	32	5	573	20	34831.52	30.67
27	6	621	32	5	576	42	15709.74	17.1
27	6	621	32	5	581	25	16914.55	17.92
27	6	621	32	5	586	2	9224.98	9.81
27	6	621	32	5	587	41	11560.17	12.04
27	6	621	32	5	589	17	39233.78	35.45
27	6	621	32	5	590	58	17926.06	18.54
27	6	621	32	5	592	39	38664.59	34.81
27	6	621	32	5	601	4	2450.36	4.21
27	6	621	32	5	602	59	15890.82	16.36
27	6	621	32	6	615	1	29030.84	27.55
27	6	621	32	6	631	28	28662.31	28.75
27	6	621	32	6	640	142	12393.06	13.75
27	6	621	32	6	642	44	14967.98	13.65
27	6	621	32	6	645	7	11919.26	10.97
27	6	621	32	6	654	24	26162.41	23.15
27	6	621	32	6	656	23	41597.9	37.48
27	6	621	32	6	663	16	33192.65	32.04
27	6	621	32	7	670	1	208017.7	158.48
27	6	621	32	7	678	9	211286.09	158.59
27	6	621	32	8	687	1	47138.47	44.66
27	6	621	32	8	702	98	97203.31	69.01
27	6	621	32	8	719	107	32505.8	31.56
27	6	621	32	8	721	108	37944.3	33.92
27	6	621	32	8	722	109	46226.76	38.95
27	6	621	32	8	724	84	29455.73	28.32
27	6	621	32	8	727	110	41968.33	38.26
27	6	621	32	8	729	111	36911.11	34.72
27	6	621	32	8	731	91	49054.46	41.9
27	6	621	32	8	738	18	42245.87	39.72
27	6	621	32	8	741	58	52134.3	47.45
27	6	621	32	8	747	47	49076.42	44.83
27	6	621	32	8	768	16	68590.73	60.87
27	6	621	32	9	783	1	105934.55	94.57
27	6	631	28	1	15	74	266987.67	206.6
27	6	631	28	1	6	1	233504.66	178.74
27	6	631	28	10	811	1	15714.48	17.38
27	6	631	28	10	822	23	18921.33	20.24
27	6	631	28	10	823	3	15186.45	15.84
27	6	631	28	10	825	36	17166.0	17.3
27	6	631	28	10	829	19	11463.69	11.81
27	6	631	28	10	834	5	5143.89	6.55
27	6	631	28	10	838	25	12700.8	14.83
27	6	631	28	10	840	21	17375.18	21.28
27	6	631	28	10	842	43	13745.28	15.74
27	6	631	28	11	847	1	171286.11	148.74
27	6	631	28	12	881	1	96959.35	79.84
27	6	631	28	12	895	91	107636.27	89.68
27	6	631	28	12	902	39	105524.22	87.5
27	6	631	28	12	913	18	100766.51	84.17
27	6	631	28	12	931	11	106292.22	90.3
27	6	631	28	12	933	16	94757.28	77.23
27	6	631	28	13	1134	25	38102.87	37.2
27	6	631	28	13	1136	88	41292.43	40.53
27	6	631	28	13	957	1	21909.87	24.08
27	6	631	28	13	964	63	22087.11	22.24
27	6	631	28	13	967	18	22518.97	22.67
27	6	631	28	13	971	13	27235.1	28.74
27	6	631	28	13	972	28	42241.05	41.1
27	6	631	28	13	980	24	32944.36	33.11
27	6	631	28	13	982	17	36591.1	37.18
27	6	631	28	13	984	27	43607.96	42.04
27	6	631	28	13	985	16	46122.7	39.0
27	6	631	28	13	986	80	44385.45	38.47
27	6	631	28	13	987	62	45803.25	38.81
27	6	631	28	14	1002	1	35585.2	31.19
27	6	631	28	14	1018	6	40985.72	36.7
27	6	631	28	14	1020	5	38884.42	34.21
27	6	631	28	14	1021	20	34459.77	29.14
27	6	631	28	14	1022	27	32739.81	27.64
27	6	631	28	14	1023	21	32600.01	28.79
27	6	631	28	14	1025	24	29337.16	25.22
27	6	631	28	14	1027	19	27941.07	24.84
27	6	631	28	14	1029	14	27840.94	24.34
27	6	631	28	15	1039	1	99088.83	92.59
27	6	631	28	15	1053	60	119636.36	107.31
27	6	631	28	16	1074	1	100947.84	88.38
27	6	631	28	16	1082	17	92094.68	88.77
27	6	631	28	17	1092	1	256126.98	199.1
27	6	631	28	2	100	13	73380.28	65.16
27	6	631	28	2	110	34	57842.06	52.19
27	6	631	28	2	114	29	105305.57	80.28
27	6	631	28	2	118	3	63226.97	56.97
27	6	631	28	2	120	30	50127.54	45.77
27	6	631	28	2	128	61	66268.0	60.26
27	6	631	28	2	130	123	38884.3	36.78
27	6	631	28	2	132	25	42900.65	39.8
27	6	631	28	2	134	4	49659.49	45.7
27	6	631	28	2	142	117	57007.11	51.83
27	6	631	28	2	144	96	42921.08	39.78
27	6	631	28	2	148	90	38652.01	36.1
27	6	631	28	2	149	82	24519.03	23.85
27	6	631	28	2	152	51	31204.53	29.36
27	6	631	28	2	154	10	42608.31	39.89
27	6	631	28	2	155	24	47891.42	44.03
27	6	631	28	2	157	73	57047.12	49.34
27	6	631	28	2	163	87	57320.0	48.44
27	6	631	28	2	74	1	38012.65	37.88
27	6	631	28	2	93	22	125738.73	98.33
27	6	631	28	3	173	1	108958.63	102.33
27	6	631	28	3	196	4	83279.72	76.3
27	6	631	28	3	208	15	56006.56	52.9
27	6	631	28	3	210	61	63552.28	63.32
27	6	631	28	3	213	35	68225.45	69.08
27	6	631	28	3	223	56	75419.92	72.74
27	6	631	28	4	1148	19	53186.14	45.52
27	6	631	28	4	321	1	46831.66	40.38
27	6	631	28	4	422	183	62715.38	62.11
27	6	631	28	4	423	170	63059.94	62.74
27	6	631	28	4	425	62	66679.32	66.99
27	6	631	28	4	426	61	67333.01	68.3
27	6	631	28	4	428	176	50539.34	53.05
27	6	631	28	4	433	214	52101.45	51.4
27	6	631	28	4	440	251	51129.98	50.4
27	6	631	28	4	443	258	47705.42	47.88
27	6	631	28	4	445	134	42824.44	44.04
27	6	631	28	4	452	35	45327.53	39.07
27	6	631	28	4	453	87	43326.43	36.25
27	6	631	28	4	458	122	35294.07	29.7
27	6	631	28	4	463	98	31859.71	27.3
27	6	631	28	4	464	34	35001.19	29.64
27	6	631	28	4	465	33	38239.41	32.99
27	6	631	28	4	467	65	42860.58	38.26
27	6	631	28	4	470	111	45046.17	37.8
27	6	631	28	4	476	66	37104.89	32.56
27	6	631	28	4	477	67	42876.92	38.56
27	6	631	28	4	479	112	47885.85	40.64
27	6	631	28	4	480	160	47762.32	40.94
27	6	631	28	4	484	146	53377.09	45.66
27	6	631	28	4	485	145	54932.34	47.27
27	6	631	28	4	486	206	56338.32	49.55
27	6	631	28	4	492	59	51357.12	44.41
27	6	631	28	4	494	56	51590.6	45.02
27	6	631	28	4	497	123	47259.01	39.46
27	6	631	28	4	500	264	58258.09	49.94
27	6	631	28	4	501	166	61485.14	56.41
27	6	631	28	4	506	317	67713.24	63.04
27	6	631	28	5	520	1	19238.22	19.83
27	6	631	28	5	538	16	43488.57	39.21
27	6	631	28	5	567	66	30698.09	29.99
27	6	631	28	5	570	52	18890.69	18.98
27	6	631	28	5	573	20	17600.16	17.52
27	6	631	28	5	576	42	25920.24	25.12
27	6	631	28	5	581	25	22522.81	21.72
27	6	631	28	5	586	2	32374.13	32.39
27	6	631	28	5	587	41	25863.73	25.56
27	6	631	28	5	589	17	15234.26	15.92
27	6	631	28	5	590	58	20976.14	20.82
27	6	631	28	5	592	39	14665.08	15.28
27	6	631	28	5	601	4	33292.43	31.95
27	6	631	28	5	602	59	21842.55	21.85
27	6	631	28	6	615	1	12821.94	13.81
27	6	631	28	6	621	32	28895.85	28.41
27	6	631	28	6	640	142	23083.17	23.02
27	6	631	28	6	642	44	21633.89	21.41
27	6	631	28	6	645	7	18585.17	18.72
27	6	631	28	6	654	24	16080.55	17.08
27	6	631	28	6	656	23	17416.28	19.44
27	6	631	28	6	663	16	32385.19	30.85
27	6	631	28	7	670	1	189862.65	143.19
27	6	631	28	7	678	9	193131.05	143.31
27	6	631	28	8	687	1	55758.65	51.04
27	6	631	28	8	702	98	111129.07	80.31
27	6	631	28	8	719	107	46431.56	42.86
27	6	631	28	8	721	108	51870.06	45.22
27	6	631	28	8	722	109	60152.52	50.25
27	6	631	28	8	724	84	38094.17	36.48
27	6	631	28	8	727	110	55894.1	49.56
27	6	631	28	8	729	111	50836.87	46.02
27	6	631	28	8	731	91	62980.23	53.2
27	6	631	28	8	738	18	50866.05	46.09
27	6	631	28	8	741	58	64466.18	57.53
27	6	631	28	8	747	47	57585.0	51.89
27	6	631	28	8	768	16	77210.91	67.25
27	6	631	28	9	783	1	87779.51	79.29
27	6	640	142	1	15	74	275655.49	213.47
27	6	640	142	1	6	1	242172.49	185.61
27	6	640	142	10	811	1	36399.38	35.73
27	6	640	142	10	822	23	38655.12	35.99
27	6	640	142	10	823	3	34920.24	31.59
27	6	640	142	10	825	36	39264.69	34.83
27	6	640	142	10	829	19	33441.84	29.33
27	6	640	142	10	834	5	23480.69	21.02
27	6	640	142	10	838	25	35599.29	33.42
27	6	640	142	10	840	21	40273.67	39.86
27	6	640	142	10	842	43	34763.54	33.4
27	6	640	142	11	847	1	179953.93	155.61
27	6	640	142	12	881	1	105627.17	86.71
27	6	640	142	12	895	91	116304.09	96.55
27	6	640	142	12	902	39	114192.04	94.37
27	6	640	142	12	913	18	109434.33	91.03
27	6	640	142	12	931	11	114960.04	97.17
27	6	640	142	12	933	16	103425.1	84.1
27	6	640	142	13	1134	25	59881.19	50.23
27	6	640	142	13	1136	88	61139.11	51.94
27	6	640	142	13	957	1	42594.76	42.42
27	6	640	142	13	964	63	42772.0	40.58
27	6	640	142	13	967	18	43203.87	41.01
27	6	640	142	13	971	13	47920.0	47.09
27	6	640	142	13	972	28	65329.08	56.12
27	6	640	142	13	980	24	56032.38	48.13
27	6	640	142	13	982	17	59679.13	52.21
27	6	640	142	13	984	27	60388.33	51.19
27	6	640	142	13	985	16	54790.52	45.87
27	6	640	142	13	986	80	53053.27	45.34
27	6	640	142	13	987	62	54471.07	45.68
27	6	640	142	14	1002	1	44578.43	37.42
27	6	640	142	14	1018	6	49978.95	42.93
27	6	640	142	14	1020	5	47877.65	40.44
27	6	640	142	14	1021	20	43453.0	35.37
27	6	640	142	14	1022	27	41733.04	33.87
27	6	640	142	14	1023	21	43093.96	35.06
27	6	640	142	14	1025	24	38330.39	31.45
27	6	640	142	14	1027	19	37128.27	31.16
27	6	640	142	14	1029	14	36834.17	30.57
27	6	640	142	15	1039	1	107756.65	99.46
27	6	640	142	15	1053	60	128304.18	114.18
27	6	640	142	16	1074	1	109615.67	95.25
27	6	640	142	16	1082	17	102119.82	95.1
27	6	640	142	17	1092	1	264794.81	205.97
27	6	640	142	2	100	13	51016.0	43.77
27	6	640	142	2	110	34	35477.77	30.8
27	6	640	142	2	114	29	83848.65	59.79
27	6	640	142	2	118	3	40862.69	35.58
27	6	640	142	2	120	30	27763.25	24.39
27	6	640	142	2	128	61	43903.72	38.87
27	6	640	142	2	130	123	16520.02	15.39
27	6	640	142	2	132	25	20536.37	18.42
27	6	640	142	2	134	4	27295.21	24.31
27	6	640	142	2	142	117	34642.83	30.44
27	6	640	142	2	144	96	20556.8	18.4
27	6	640	142	2	148	90	16287.72	14.72
27	6	640	142	2	149	82	2154.74	2.46
27	6	640	142	2	152	51	9465.57	8.11
27	6	640	142	2	154	10	20244.03	18.5
27	6	640	142	2	155	24	25527.14	22.64
27	6	640	142	2	157	73	35590.2	28.86
27	6	640	142	2	163	87	35863.08	27.96
27	6	640	142	2	74	1	16590.42	16.92
27	6	640	142	2	93	22	104281.81	77.85
27	6	640	142	3	173	1	115577.29	114.32
27	6	640	142	3	196	4	91397.51	88.66
27	6	640	142	3	208	15	72796.86	64.62
27	6	640	142	3	210	61	80342.59	75.04
27	6	640	142	3	213	35	85015.75	80.8
27	6	640	142	3	223	56	101064.42	85.35
27	6	640	142	4	1148	19	61853.96	52.39
27	6	640	142	4	321	1	55499.49	47.24
27	6	640	142	4	422	183	88359.88	74.73
27	6	640	142	4	423	170	81449.74	73.47
27	6	640	142	4	425	62	85697.58	79.3
27	6	640	142	4	426	61	84511.34	79.64
27	6	640	142	4	428	176	73873.22	63.51
27	6	640	142	4	433	214	72721.16	61.2
27	6	640	142	4	440	251	71749.69	60.21
27	6	640	142	4	443	258	68325.13	57.69
27	6	640	142	4	445	134	63444.15	53.84
27	6	640	142	4	452	35	53995.35	45.94
27	6	640	142	4	453	87	51994.25	43.12
27	6	640	142	4	458	122	43961.89	36.57
27	6	640	142	4	463	98	40527.53	34.17
27	6	640	142	4	464	34	43669.01	36.51
27	6	640	142	4	465	33	46907.23	39.86
27	6	640	142	4	467	65	52885.72	44.59
27	6	640	142	4	470	111	53713.99	44.67
27	6	640	142	4	476	66	47130.03	38.88
27	6	640	142	4	477	67	52902.06	44.89
27	6	640	142	4	479	112	56553.68	47.51
27	6	640	142	4	480	160	56430.14	47.81
27	6	640	142	4	484	146	62044.91	52.53
27	6	640	142	4	485	145	63600.17	54.13
27	6	640	142	4	486	206	65006.14	56.42
27	6	640	142	4	492	59	60024.94	51.28
27	6	640	142	4	494	56	60258.42	51.89
27	6	640	142	4	497	123	57284.15	45.78
27	6	640	142	4	500	264	66925.92	56.81
27	6	640	142	4	501	166	70152.96	63.28
27	6	640	142	4	506	317	76381.06	69.91
27	6	640	142	5	520	1	26543.33	23.06
27	6	640	142	5	538	16	41270.28	39.52
27	6	640	142	5	567	66	25983.37	26.97
27	6	640	142	5	570	52	36773.28	31.0
27	6	640	142	5	573	20	29250.59	24.95
27	6	640	142	5	576	42	26262.61	27.65
27	6	640	142	5	581	25	29827.92	24.94
27	6	640	142	5	586	2	19777.85	20.37
27	6	640	142	5	587	41	22113.04	22.59
27	6	640	142	5	589	17	33652.84	29.72
27	6	640	142	5	590	58	26095.78	22.56
27	6	640	142	5	592	39	33083.66	29.08
27	6	640	142	5	601	4	16789.64	17.29
27	6	640	142	5	602	59	24984.83	21.1
27	6	640	142	6	615	1	22241.59	21.4
27	6	640	142	6	621	32	12393.06	13.75
27	6	640	142	6	631	28	23081.38	23.02
27	6	640	142	6	642	44	1813.71	2.34
27	6	640	142	6	645	7	5130.0	4.81
27	6	640	142	6	654	24	19373.16	17.0
27	6	640	142	6	656	23	34208.1	30.18
27	6	640	142	6	663	16	26121.28	22.22
27	6	640	142	7	670	1	198530.48	150.06
27	6	640	142	7	678	9	201798.87	150.17
27	6	640	142	8	687	1	34354.68	31.87
27	6	640	142	8	702	98	89672.15	59.83
27	6	640	142	8	719	107	24974.64	22.37
27	6	640	142	8	721	108	30413.14	24.74
27	6	640	142	8	722	109	38695.6	29.76
27	6	640	142	8	724	84	16671.94	15.52
27	6	640	142	8	727	110	34437.18	29.08
27	6	640	142	8	729	111	29379.95	25.53
27	6	640	142	8	731	91	41523.31	32.72
27	6	640	142	8	738	18	29462.08	26.92
27	6	640	142	8	741	58	44603.14	38.27
27	6	640	142	8	747	47	36181.03	32.72
27	6	640	142	8	768	16	55806.94	48.07
27	6	640	142	9	783	1	96447.33	86.16
27	6	642	44	1	15	74	274206.2	211.86
27	6	642	44	1	6	1	240723.2	184.0
27	6	642	44	10	811	1	34950.09	34.12
27	6	642	44	10	822	23	37205.83	34.38
27	6	642	44	10	823	3	33470.96	29.98
27	6	642	44	10	825	36	37815.4	33.21
27	6	642	44	10	829	19	31992.55	27.71
27	6	642	44	10	834	5	22031.4	19.41
27	6	642	44	10	838	25	34150.0	31.8
27	6	642	44	10	840	21	38824.38	38.25
27	6	642	44	10	842	43	33314.25	31.78
27	6	642	44	11	847	1	178504.64	154.0
27	6	642	44	12	881	1	104177.89	85.09
27	6	642	44	12	895	91	114854.8	94.93
27	6	642	44	12	902	39	112742.76	92.75
27	6	642	44	12	913	18	107985.04	89.42
27	6	642	44	12	931	11	113510.75	95.56
27	6	642	44	12	933	16	101975.81	82.48
27	6	642	44	13	1134	25	58431.9	48.62
27	6	642	44	13	1136	88	59689.83	50.32
27	6	642	44	13	957	1	41145.48	40.81
27	6	642	44	13	964	63	41322.72	38.97
27	6	642	44	13	967	18	41754.59	39.4
27	6	642	44	13	971	13	46470.71	45.47
27	6	642	44	13	972	28	63879.79	54.51
27	6	642	44	13	980	24	54583.1	46.52
27	6	642	44	13	982	17	58229.84	50.59
27	6	642	44	13	984	27	58939.05	49.57
27	6	642	44	13	985	16	53341.24	44.26
27	6	642	44	13	986	80	51603.98	43.73
27	6	642	44	13	987	62	53021.78	44.07
27	6	642	44	14	1002	1	43129.15	35.8
27	6	642	44	14	1018	6	48529.66	41.31
27	6	642	44	14	1020	5	46428.37	38.82
27	6	642	44	14	1021	20	42003.72	33.75
27	6	642	44	14	1022	27	40283.76	32.26
27	6	642	44	14	1023	21	41644.68	33.45
27	6	642	44	14	1025	24	36881.11	29.84
27	6	642	44	14	1027	19	35678.98	29.54
27	6	642	44	14	1029	14	35384.88	28.95
27	6	642	44	15	1039	1	106307.36	97.85
27	6	642	44	15	1053	60	126854.9	112.57
27	6	642	44	16	1074	1	108166.38	93.63
27	6	642	44	16	1082	17	96134.46	93.53
27	6	642	44	17	1092	1	263345.52	204.36
27	6	642	44	2	100	13	52704.7	45.26
27	6	642	44	2	110	34	37166.48	32.29
27	6	642	44	2	114	29	84965.49	60.74
27	6	642	44	2	118	3	42551.39	37.07
27	6	642	44	2	120	30	29451.96	25.88
27	6	642	44	2	128	61	45592.43	40.36
27	6	642	44	2	130	123	18208.73	16.89
27	6	642	44	2	132	25	22225.07	19.91
27	6	642	44	2	134	4	28983.91	25.8
27	6	642	44	2	142	117	36331.53	31.93
27	6	642	44	2	144	96	22245.5	19.89
27	6	642	44	2	148	90	17976.43	16.21
27	6	642	44	2	149	82	3516.82	4.27
27	6	642	44	2	152	51	10582.41	9.06
27	6	642	44	2	154	10	21932.74	19.99
27	6	642	44	2	155	24	27215.84	24.13
27	6	642	44	2	157	73	36707.03	29.81
27	6	642	44	2	163	87	36979.92	28.91
27	6	642	44	2	74	1	17707.26	17.86
27	6	642	44	2	93	22	105398.65	78.8
27	6	642	44	3	173	1	114128.01	112.7
27	6	642	44	3	196	4	89948.23	87.05
27	6	642	44	3	208	15	71347.57	63.01
27	6	642	44	3	210	61	78893.3	73.42
27	6	642	44	3	213	35	83566.47	79.18
27	6	642	44	3	223	56	99615.13	83.74
27	6	642	44	4	1148	19	60404.67	50.78
27	6	642	44	4	321	1	54050.2	45.63
27	6	642	44	4	422	183	86910.6	73.11
27	6	642	44	4	423	170	80000.45	71.86
27	6	642	44	4	425	62	84248.29	77.69
27	6	642	44	4	426	61	83062.05	78.02
27	6	642	44	4	428	176	72423.94	61.89
27	6	642	44	4	433	214	71271.88	59.59
27	6	642	44	4	440	251	70300.4	58.59
27	6	642	44	4	443	258	66875.84	56.07
27	6	642	44	4	445	134	61994.86	52.23
27	6	642	44	4	452	35	52546.06	44.33
27	6	642	44	4	453	87	50544.96	41.51
27	6	642	44	4	458	122	42512.61	34.96
27	6	642	44	4	463	98	39078.25	32.56
27	6	642	44	4	464	34	42219.73	34.9
27	6	642	44	4	465	33	45457.94	38.25
27	6	642	44	4	467	65	46900.35	43.02
27	6	642	44	4	470	111	52264.7	43.06
27	6	642	44	4	476	66	41144.67	37.31
27	6	642	44	4	477	67	46916.69	43.32
27	6	642	44	4	479	112	55104.39	45.9
27	6	642	44	4	480	160	54980.85	46.2
27	6	642	44	4	484	146	60595.62	50.92
27	6	642	44	4	485	145	62150.88	52.52
27	6	642	44	4	486	206	63556.86	54.8
27	6	642	44	4	492	59	58575.66	49.67
27	6	642	44	4	494	56	58809.14	50.28
27	6	642	44	4	497	123	51298.78	44.21
27	6	642	44	4	500	264	65476.63	55.19
27	6	642	44	4	501	166	68703.68	61.66
27	6	642	44	4	506	317	74931.77	68.29
27	6	642	44	5	520	1	25094.04	21.44
27	6	642	44	5	538	16	42524.5	39.46
27	6	642	44	5	567	66	27237.58	26.92
27	6	642	44	5	570	52	35324.0	29.39
27	6	642	44	5	573	20	27801.3	23.33
27	6	642	44	5	576	42	30587.48	26.41
27	6	642	44	5	581	25	28378.63	23.33
27	6	642	44	5	586	2	21032.06	20.31
27	6	642	44	5	587	41	23367.25	22.54
27	6	642	44	5	589	17	32203.56	28.11
27	6	642	44	5	590	58	24646.5	20.94
27	6	642	44	5	592	39	31634.37	27.47
27	6	642	44	5	601	4	18043.85	17.24
27	6	642	44	5	602	59	23535.55	19.48
27	6	642	44	6	615	1	20792.3	19.79
27	6	642	44	6	621	32	13647.27	13.7
27	6	642	44	6	631	28	21632.09	21.41
27	6	642	44	6	640	142	1813.71	2.34
27	6	642	44	6	645	7	3680.72	3.2
27	6	642	44	6	654	24	17923.87	15.38
27	6	642	44	6	656	23	32758.81	28.57
27	6	642	44	6	663	16	20135.92	20.65
27	6	642	44	7	670	1	197081.19	148.44
27	6	642	44	7	678	9	200349.58	148.56
27	6	642	44	8	687	1	35471.52	32.82
27	6	642	44	8	702	98	90788.99	60.78
27	6	642	44	8	719	107	26091.48	23.32
27	6	642	44	8	721	108	31529.98	25.69
27	6	642	44	8	722	109	39812.44	30.71
27	6	642	44	8	724	84	17788.78	16.47
27	6	642	44	8	727	110	35554.01	30.03
27	6	642	44	8	729	111	30496.79	26.48
27	6	642	44	8	731	91	42640.14	33.67
27	6	642	44	8	738	18	30578.92	27.87
27	6	642	44	8	741	58	45719.98	39.22
27	6	642	44	8	747	47	37297.87	33.67
27	6	642	44	8	768	16	56923.77	49.02
27	6	642	44	9	783	1	94998.04	84.54
27	6	645	7	1	15	74	273223.46	210.92
27	6	645	7	1	6	1	239740.46	183.06
27	6	645	7	10	811	1	31269.37	30.92
27	6	645	7	10	822	23	33525.12	31.18
27	6	645	7	10	823	3	29790.24	26.78
27	6	645	7	10	825	36	34134.69	30.01
27	6	645	7	10	829	19	28311.84	24.51
27	6	645	7	10	834	5	18350.68	16.21
27	6	645	7	10	838	25	30469.29	28.61
27	6	645	7	10	840	21	35143.67	35.05
27	6	645	7	10	842	43	29633.54	28.58
27	6	645	7	11	847	1	177521.9	153.06
27	6	645	7	12	881	1	103195.14	84.16
27	6	645	7	12	895	91	113872.06	94.0
27	6	645	7	12	902	39	111760.01	91.82
27	6	645	7	12	913	18	107002.3	88.49
27	6	645	7	12	931	11	112528.01	94.63
27	6	645	7	12	933	16	100993.07	81.55
27	6	645	7	13	1134	25	57449.16	47.68
27	6	645	7	13	1136	88	58707.08	49.39
27	6	645	7	13	957	1	37464.76	37.61
27	6	645	7	13	964	63	37642.0	35.77
27	6	645	7	13	967	18	38073.87	36.2
27	6	645	7	13	971	13	42790.0	42.27
27	6	645	7	13	972	28	62897.05	53.58
27	6	645	7	13	980	24	53600.35	45.58
27	6	645	7	13	982	17	57247.09	49.66
27	6	645	7	13	984	27	57956.3	48.64
27	6	645	7	13	985	16	52358.49	43.32
27	6	645	7	13	986	80	50621.24	42.8
27	6	645	7	13	987	62	52039.04	43.14
27	6	645	7	14	1002	1	39448.43	32.6
27	6	645	7	14	1018	6	44848.95	38.11
27	6	645	7	14	1020	5	42747.65	35.62
27	6	645	7	14	1021	20	38323.0	30.55
27	6	645	7	14	1022	27	36603.04	29.06
27	6	645	7	14	1023	21	37963.96	30.25
27	6	645	7	14	1025	24	33200.39	26.64
27	6	645	7	14	1027	19	31998.27	26.34
27	6	645	7	14	1029	14	31704.17	25.75
27	6	645	7	15	1039	1	105324.62	96.91
27	6	645	7	15	1053	60	125872.15	111.63
27	6	645	7	16	1074	1	107183.64	92.7
27	6	645	7	16	1082	17	98330.47	93.09
27	6	645	7	17	1092	1	262362.78	203.42
27	6	645	7	2	100	13	56255.17	47.6
27	6	645	7	2	110	34	40716.95	34.63
27	6	645	7	2	114	29	89109.85	63.87
27	6	645	7	2	118	3	46101.86	39.41
27	6	645	7	2	120	30	33002.43	28.22
27	6	645	7	2	128	61	49142.9	42.7
27	6	645	7	2	130	123	21759.2	19.23
27	6	645	7	2	132	25	25775.54	22.25
27	6	645	7	2	134	4	32534.38	28.14
27	6	645	7	2	142	117	39882.0	34.27
27	6	645	7	2	144	96	25795.97	22.23
27	6	645	7	2	148	90	21526.9	18.55
27	6	645	7	2	149	82	7393.92	6.29
27	6	645	7	2	152	51	14726.77	12.18
27	6	645	7	2	154	10	25483.21	22.33
27	6	645	7	2	155	24	30766.32	26.47
27	6	645	7	2	157	73	40851.39	32.93
27	6	645	7	2	163	87	41124.28	32.03
27	6	645	7	2	74	1	21851.62	20.99
27	6	645	7	2	93	22	109543.01	81.92
27	6	645	7	3	173	1	110447.29	109.5
27	6	645	7	3	196	4	86267.51	83.85
27	6	645	7	3	208	15	67666.86	59.81
27	6	645	7	3	210	61	75212.58	70.22
27	6	645	7	3	213	35	79885.75	75.98
27	6	645	7	3	223	56	98632.39	82.81
27	6	645	7	4	1148	19	59421.93	49.85
27	6	645	7	4	321	1	53067.46	44.7
27	6	645	7	4	422	183	85927.85	72.18
27	6	645	7	4	423	170	79017.7	70.92
27	6	645	7	4	425	62	83265.55	76.75
27	6	645	7	4	426	61	82079.31	77.09
27	6	645	7	4	428	176	71441.19	60.96
27	6	645	7	4	433	214	70289.13	58.66
27	6	645	7	4	440	251	69317.66	57.66
27	6	645	7	4	443	258	65893.1	55.14
27	6	645	7	4	445	134	61012.12	51.29
27	6	645	7	4	452	35	51563.32	43.4
27	6	645	7	4	453	87	49562.22	40.58
27	6	645	7	4	458	122	41529.86	34.02
27	6	645	7	4	463	98	38095.5	31.63
27	6	645	7	4	464	34	41236.98	33.96
27	6	645	7	4	465	33	44475.2	37.32
27	6	645	7	4	467	65	49096.37	42.58
27	6	645	7	4	470	111	51281.96	42.13
27	6	645	7	4	476	66	43340.68	36.88
27	6	645	7	4	477	67	49112.71	42.88
27	6	645	7	4	479	112	54121.64	44.96
27	6	645	7	4	480	160	53998.11	45.26
27	6	645	7	4	484	146	59612.88	49.99
27	6	645	7	4	485	145	61168.14	51.59
27	6	645	7	4	486	206	62574.11	53.87
27	6	645	7	4	492	59	57592.91	48.74
27	6	645	7	4	494	56	57826.39	49.34
27	6	645	7	4	497	123	53494.8	43.78
27	6	645	7	4	500	264	64493.89	54.26
27	6	645	7	4	501	166	67720.93	60.73
27	6	645	7	4	506	317	73949.03	67.36
27	6	645	7	5	520	1	21413.33	18.24
27	6	645	7	5	538	16	40647.97	36.62
27	6	645	7	5	567	66	25361.06	24.07
27	6	645	7	5	570	52	31643.28	26.19
27	6	645	7	5	573	20	24120.59	20.13
27	6	645	7	5	576	42	26906.76	23.21
27	6	645	7	5	581	25	24697.92	20.13
27	6	645	7	5	586	2	19155.53	17.47
27	6	645	7	5	587	41	21490.73	19.69
27	6	645	7	5	589	17	28522.84	24.91
27	6	645	7	5	590	58	20965.78	17.74
27	6	645	7	5	592	39	27953.66	24.27
27	6	645	7	5	601	4	16167.32	14.39
27	6	645	7	5	602	59	19854.83	16.28
27	6	645	7	6	615	1	17111.59	16.59
27	6	645	7	6	621	32	11770.75	10.85
27	6	645	7	6	631	28	17951.38	18.21
27	6	645	7	6	640	142	5958.07	5.47
27	6	645	7	6	642	44	4508.78	3.85
27	6	645	7	6	654	24	14243.16	12.18
27	6	645	7	6	656	23	30886.96	26.94
27	6	645	7	6	663	16	24830.77	21.44
27	6	645	7	7	670	1	196098.45	147.51
27	6	645	7	7	678	9	199366.84	147.63
27	6	645	7	8	687	1	39615.88	35.94
27	6	645	7	8	702	98	94933.35	63.9
27	6	645	7	8	719	107	30235.84	26.45
27	6	645	7	8	721	108	35674.34	28.81
27	6	645	7	8	722	109	43956.8	33.84
27	6	645	7	8	724	84	21933.14	19.59
27	6	645	7	8	727	110	39698.37	33.15
27	6	645	7	8	729	111	34641.15	29.6
27	6	645	7	8	731	91	46784.5	36.79
27	6	645	7	8	738	18	34723.28	31.0
27	6	645	7	8	741	58	49864.34	42.34
27	6	645	7	8	747	47	41442.23	36.79
27	6	645	7	8	768	16	61068.14	52.15
27	6	645	7	9	783	1	94015.3	83.61
27	6	654	24	1	15	74	258137.07	199.18
27	6	654	24	1	6	1	224654.07	171.32
27	6	654	24	10	811	1	24037.63	25.78
27	6	654	24	10	822	23	30208.97	31.45
27	6	654	24	10	823	3	26474.1	27.05
27	6	654	24	10	825	36	28181.04	28.12
27	6	654	24	10	829	19	22751.34	23.02
27	6	654	24	10	834	5	16986.41	15.56
27	6	654	24	10	838	25	20700.88	21.79
27	6	654	24	10	840	21	23522.23	27.27
27	6	654	24	10	842	43	17672.85	19.76
27	6	654	24	11	847	1	162435.51	141.32
27	6	654	24	12	881	1	88108.75	72.41
27	6	654	24	12	895	91	98785.67	82.26
27	6	654	24	12	902	39	96673.62	80.07
27	6	654	24	12	913	18	91915.91	76.74
27	6	654	24	12	931	11	97441.62	82.88
27	6	654	24	12	933	16	85906.68	69.81
27	6	654	24	13	1134	25	42362.77	35.94
27	6	654	24	13	1136	88	43620.69	37.64
27	6	654	24	13	957	1	29375.77	32.82
27	6	654	24	13	964	63	30779.85	31.73
27	6	654	24	13	967	18	31211.71	32.16
27	6	654	24	13	971	13	36212.9	32.83
27	6	654	24	13	972	28	47810.66	41.83
27	6	654	24	13	980	24	38513.96	33.84
27	6	654	24	13	982	17	42160.71	37.91
27	6	654	24	13	984	27	42869.92	36.89
27	6	654	24	13	985	16	37272.1	31.58
27	6	654	24	13	986	80	35534.85	31.05
27	6	654	24	13	987	62	36952.65	31.39
27	6	654	24	14	1002	1	46139.89	39.1
27	6	654	24	14	1018	6	51540.41	44.61
27	6	654	24	14	1020	5	49439.11	42.12
27	6	654	24	14	1021	20	45014.46	37.05
27	6	654	24	14	1022	27	43294.5	35.56
27	6	654	24	14	1023	21	43154.7	36.7
27	6	654	24	14	1025	24	39891.85	33.14
27	6	654	24	14	1027	19	38495.76	32.75
27	6	654	24	14	1029	14	38395.63	32.25
27	6	654	24	15	1039	1	90238.23	85.17
27	6	654	24	15	1053	60	110785.77	99.89
27	6	654	24	16	1074	1	92097.25	80.95
27	6	654	24	16	1082	17	83244.09	81.35
27	6	654	24	17	1092	1	247276.39	191.68
27	6	654	24	2	100	13	70277.85	59.62
27	6	654	24	2	110	34	54739.63	46.65
27	6	654	24	2	114	29	94239.68	67.41
27	6	654	24	2	118	3	60124.54	51.43
27	6	654	24	2	120	30	47025.11	40.24
27	6	654	24	2	128	61	63165.58	54.72
27	6	654	24	2	130	123	35781.87	31.24
27	6	654	24	2	132	25	39798.22	34.27
27	6	654	24	2	134	4	46557.06	40.16
27	6	654	24	2	142	117	57320.82	45.93
27	6	654	24	2	144	96	39818.65	34.25
27	6	654	24	2	148	90	35992.92	29.93
27	6	654	24	2	149	82	21416.6	18.31
27	6	654	24	2	152	51	21554.63	18.5
27	6	654	24	2	154	10	32278.34	27.14
27	6	654	24	2	155	24	39238.02	31.25
27	6	654	24	2	157	73	45981.23	36.47
27	6	654	24	2	163	87	46254.11	35.58
27	6	654	24	2	74	1	26981.04	25.74
27	6	654	24	2	93	22	114672.84	85.46
27	6	654	24	3	173	1	117084.71	100.65
27	6	654	24	3	196	4	91405.8	74.63
27	6	654	24	3	208	15	69774.55	65.18
27	6	654	24	3	210	61	77320.27	75.59
27	6	654	24	3	213	35	92459.29	78.02
27	6	654	24	3	223	56	83546.0	71.06
27	6	654	24	4	1148	19	44335.54	38.1
27	6	654	24	4	321	1	37981.07	32.95
27	6	654	24	4	422	183	70841.46	60.43
27	6	654	24	4	423	170	63931.32	59.18
27	6	654	24	4	425	62	68179.16	65.01
27	6	654	24	4	426	61	66992.92	65.35
27	6	654	24	4	428	176	56354.8	49.21
27	6	654	24	4	433	214	55202.74	46.91
27	6	654	24	4	440	251	54231.27	45.91
27	6	654	24	4	443	258	50806.71	43.39
27	6	654	24	4	445	134	45925.73	39.55
27	6	654	24	4	452	35	36476.93	31.65
27	6	654	24	4	453	87	34475.83	28.83
27	6	654	24	4	458	122	26443.47	22.28
27	6	654	24	4	463	98	23009.11	19.88
27	6	654	24	4	464	34	26150.59	22.22
27	6	654	24	4	465	33	29388.81	25.57
27	6	654	24	4	467	65	34009.98	30.84
27	6	654	24	4	470	111	36195.57	30.38
27	6	654	24	4	476	66	28254.3	25.13
27	6	654	24	4	477	67	34026.32	31.14
27	6	654	24	4	479	112	39035.26	33.22
27	6	654	24	4	480	160	38911.72	33.52
27	6	654	24	4	484	146	44526.49	38.24
27	6	654	24	4	485	145	46081.75	39.84
27	6	654	24	4	486	206	47487.72	42.13
27	6	654	24	4	492	59	42506.53	36.99
27	6	654	24	4	494	56	42740.0	37.6
27	6	654	24	4	497	123	38408.41	32.03
27	6	654	24	4	500	264	49407.5	42.51
27	6	654	24	4	501	166	52634.54	48.98
27	6	654	24	4	506	317	58862.64	55.61
27	6	654	24	5	520	1	29792.91	27.74
27	6	654	24	5	538	16	54043.26	47.12
27	6	654	24	5	567	66	39383.73	36.09
27	6	654	24	5	570	52	34581.44	31.39
27	6	654	24	5	573	20	28154.85	25.44
27	6	654	24	5	576	42	36474.93	33.03
27	6	654	24	5	581	25	33077.5	29.63
27	6	654	24	5	586	2	33178.21	29.48
27	6	654	24	5	587	41	34846.03	31.0
27	6	654	24	5	589	17	30925.02	28.33
27	6	654	24	5	590	58	31626.33	28.13
27	6	654	24	5	592	39	30355.83	27.69
27	6	654	24	5	601	4	30190.0	26.41
27	6	654	24	5	602	59	30515.37	26.67
27	6	654	24	6	615	1	3340.97	4.81
27	6	654	24	6	621	32	25793.42	22.87
27	6	654	24	6	631	28	15120.49	16.88
27	6	654	24	6	640	142	19980.74	17.48
27	6	654	24	6	642	44	18531.46	15.87
27	6	654	24	6	645	7	15482.74	13.18
27	6	654	24	6	656	23	13941.5	15.17
27	6	654	24	6	663	16	16183.81	13.81
27	6	654	24	7	670	1	181012.06	135.76
27	6	654	24	7	678	9	184280.45	135.88
27	6	654	24	8	687	1	41315.8	35.22
27	6	654	24	8	702	98	100063.18	67.44
27	6	654	24	8	719	107	35365.67	29.99
27	6	654	24	8	721	108	40804.17	32.35
27	6	654	24	8	722	109	49086.63	37.38
27	6	654	24	8	724	84	27062.56	24.34
27	6	654	24	8	727	110	44828.21	36.7
27	6	654	24	8	729	111	39770.98	33.15
27	6	654	24	8	731	91	51914.34	40.34
27	6	654	24	8	738	18	36423.2	30.28
27	6	654	24	8	741	58	50023.33	41.72
27	6	654	24	8	747	47	43142.15	36.07
27	6	654	24	8	768	16	62768.06	51.43
27	6	654	24	9	783	1	78928.91	71.86
27	6	656	23	1	15	74	254300.52	197.34
27	6	656	23	1	6	1	220817.52	169.48
27	6	656	23	10	811	1	17312.22	19.18
27	6	656	23	10	822	23	27469.76	26.42
27	6	656	23	10	823	3	25244.32	23.86
27	6	656	23	10	825	36	24971.86	23.08
27	6	656	23	10	829	19	20201.6	20.8
27	6	656	23	10	834	5	21930.16	17.96
27	6	656	23	10	838	25	17395.4	16.46
27	6	656	23	10	840	21	12068.07	13.73
27	6	656	23	10	842	43	11248.74	10.83
27	6	656	23	11	847	1	158598.96	139.48
27	6	656	23	12	881	1	84272.2	70.58
27	6	656	23	12	895	91	94949.12	80.42
27	6	656	23	12	902	39	92837.07	78.24
27	6	656	23	12	913	18	88079.36	74.91
27	6	656	23	12	931	11	93605.07	81.05
27	6	656	23	12	933	16	82070.13	67.97
27	6	656	23	13	1134	25	28519.12	23.57
27	6	656	23	13	1136	88	31708.68	26.9
27	6	656	23	13	957	1	21558.95	20.22
27	6	656	23	13	964	63	26098.4	23.12
27	6	656	23	13	967	18	25666.53	22.69
27	6	656	23	13	971	13	21059.54	18.48
27	6	656	23	13	972	28	32657.3	27.48
27	6	656	23	13	980	24	23360.61	19.49
27	6	656	23	13	982	17	27007.35	23.56
27	6	656	23	13	984	27	34024.21	28.42
27	6	656	23	13	985	16	33609.79	27.93
27	6	656	23	13	986	80	37327.97	31.42
27	6	656	23	13	987	62	34080.39	28.42
27	6	656	23	14	1002	1	51083.64	41.5
27	6	656	23	14	1018	6	56484.16	47.01
27	6	656	23	14	1020	5	54382.86	44.52
27	6	656	23	14	1021	20	49958.21	39.45
27	6	656	23	14	1022	27	48238.25	37.95
27	6	656	23	14	1023	21	48098.45	39.1
27	6	656	23	14	1025	24	44835.6	35.53
27	6	656	23	14	1027	19	43439.51	35.15
27	6	656	23	14	1029	14	43339.38	34.65
27	6	656	23	15	1039	1	102845.87	85.24
27	6	656	23	15	1053	60	123393.4	99.96
27	6	656	23	16	1074	1	93890.37	81.32
27	6	656	23	16	1082	17	85037.21	81.71
27	6	656	23	17	1092	1	243439.84	189.84
27	6	656	23	2	100	13	84710.54	72.81
27	6	656	23	2	110	34	69172.32	59.84
27	6	656	23	2	114	29	107696.22	79.17
27	6	656	23	2	118	3	74557.23	64.62
27	6	656	23	2	120	30	61457.8	53.42
27	6	656	23	2	128	61	77598.26	67.9
27	6	656	23	2	130	123	50214.56	44.43
27	6	656	23	2	132	25	54230.91	47.45
27	6	656	23	2	134	4	60989.75	53.34
27	6	656	23	2	142	117	70777.36	57.68
27	6	656	23	2	144	96	57683.74	47.29
27	6	656	23	2	148	90	49449.46	41.69
27	6	656	23	2	149	82	35522.66	31.82
27	6	656	23	2	152	51	35011.17	30.26
27	6	656	23	2	154	10	45734.88	38.9
27	6	656	23	2	155	24	52694.56	43.0
27	6	656	23	2	157	73	59437.76	48.23
27	6	656	23	2	163	87	59710.65	47.33
27	6	656	23	2	74	1	40437.57	37.49
27	6	656	23	2	93	22	128129.38	97.22
27	6	656	23	3	173	1	99374.88	88.71
27	6	656	23	3	196	4	73695.97	62.68
27	6	656	23	3	208	15	65875.51	61.08
27	6	656	23	3	210	61	73421.24	71.49
27	6	656	23	3	213	35	74749.46	66.07
27	6	656	23	3	223	56	65836.17	59.12
27	6	656	23	4	1148	19	38955.2	33.09
27	6	656	23	4	321	1	39774.19	33.32
27	6	656	23	4	422	183	53131.63	48.49
27	6	656	23	4	423	170	53476.19	49.11
27	6	656	23	4	425	62	57095.57	53.37
27	6	656	23	4	426	61	57749.25	54.68
27	6	656	23	4	428	176	40955.59	39.43
27	6	656	23	4	433	214	42517.7	37.78
27	6	656	23	4	440	251	41546.23	36.78
27	6	656	23	4	443	258	38121.67	34.26
27	6	656	23	4	445	134	33240.69	30.41
27	6	656	23	4	452	35	38270.05	32.02
27	6	656	23	4	453	87	36268.95	29.2
27	6	656	23	4	458	122	28236.59	22.65
27	6	656	23	4	463	98	24802.23	20.25
27	6	656	23	4	464	34	27943.71	22.59
27	6	656	23	4	465	33	31181.93	25.94
27	6	656	23	4	467	65	35803.1	31.2
27	6	656	23	4	470	111	37988.69	30.75
27	6	656	23	4	476	66	30047.42	25.5
27	6	656	23	4	477	67	35819.44	31.51
27	6	656	23	4	479	112	40828.38	33.59
27	6	656	23	4	480	160	40704.84	33.89
27	6	656	23	4	484	146	46319.61	38.61
27	6	656	23	4	485	145	47874.87	40.21
27	6	656	23	4	486	206	49280.84	42.49
27	6	656	23	4	492	59	44299.65	37.36
27	6	656	23	4	494	56	44533.12	37.97
27	6	656	23	4	497	123	40201.53	32.4
27	6	656	23	4	500	264	51200.62	42.88
27	6	656	23	4	501	166	54427.66	49.35
27	6	656	23	4	506	317	60655.76	55.98
27	6	656	23	5	520	1	34736.66	30.14
27	6	656	23	5	538	16	58987.01	49.52
27	6	656	23	5	567	66	46196.53	40.3
27	6	656	23	5	570	52	30963.18	29.02
27	6	656	23	5	573	20	33098.61	27.83
27	6	656	23	5	576	42	41418.68	35.43
27	6	656	23	5	581	25	38021.25	32.03
27	6	656	23	5	586	2	47872.57	42.7
27	6	656	23	5	587	41	41362.17	35.87
27	6	656	23	5	589	17	27485.33	26.32
27	6	656	23	5	590	58	36474.58	31.13
27	6	656	23	5	592	39	28877.4	27.78
27	6	656	23	5	601	4	43670.03	41.35
27	6	656	23	5	602	59	37340.99	32.16
27	6	656	23	6	615	1	10881.69	10.92
27	6	656	23	6	621	32	39273.45	37.81
27	6	656	23	6	631	28	20064.24	19.28
27	6	656	23	6	640	142	33819.54	29.88
27	6	656	23	6	642	44	32370.26	28.27
27	6	656	23	6	645	7	28962.77	28.12
27	6	656	23	6	654	24	13952.56	15.34
27	6	656	23	6	663	16	29640.35	25.56
27	6	656	23	7	670	1	177175.51	133.93
27	6	656	23	7	678	9	180443.9	134.05
27	6	656	23	8	687	1	54772.34	46.98
27	6	656	23	8	702	98	113519.72	79.2
27	6	656	23	8	719	107	48822.21	41.75
27	6	656	23	8	721	108	54260.71	44.11
27	6	656	23	8	722	109	62543.17	49.14
27	6	656	23	8	724	84	40519.09	36.1
27	6	656	23	8	727	110	58284.75	48.45
27	6	656	23	8	729	111	53227.52	44.9
27	6	656	23	8	731	91	65370.88	52.09
27	6	656	23	8	738	18	49879.74	42.04
27	6	656	23	8	741	58	63479.87	53.48
27	6	656	23	8	747	47	56598.69	47.83
27	6	656	23	8	768	16	76224.6	63.19
27	6	656	23	9	783	1	80722.03	72.23
27	6	663	16	1	15	74	258398.06	197.43
27	6	663	16	1	6	1	224915.06	169.57
27	6	663	16	10	811	1	46158.01	40.5
27	6	663	16	10	822	23	52329.35	46.17
27	6	663	16	10	823	3	48594.48	41.77
27	6	663	16	10	825	36	50301.42	42.84
27	6	663	16	10	829	19	44871.71	37.74
27	6	663	16	10	834	5	33766.55	30.0
27	6	663	16	10	838	25	42821.26	36.51
27	6	663	16	10	840	21	42792.61	38.32
27	6	663	16	10	842	43	37295.55	31.66
27	6	663	16	11	847	1	162696.5	139.57
27	6	663	16	12	881	1	88369.74	70.67
27	6	663	16	12	895	91	99046.66	80.51
27	6	663	16	12	902	39	96934.61	78.33
27	6	663	16	12	913	18	92176.9	74.99
27	6	663	16	12	931	11	97702.61	81.13
27	6	663	16	12	933	16	86167.67	68.06
27	6	663	16	13	1134	25	42623.76	34.19
27	6	663	16	13	1136	88	43881.68	35.9
27	6	663	16	13	957	1	50747.16	43.27
27	6	663	16	13	964	63	55286.61	46.17
27	6	663	16	13	967	18	54854.74	45.74
27	6	663	16	13	971	13	50247.75	41.53
27	6	663	16	13	972	28	53735.47	46.29
27	6	663	16	13	980	24	43833.33	37.84
27	6	663	16	13	982	17	47738.59	39.86
27	6	663	16	13	984	27	43130.9	35.15
27	6	663	16	13	985	16	37533.09	29.83
27	6	663	16	13	986	80	35795.84	29.3
27	6	663	16	13	987	62	37213.64	29.64
27	6	663	16	14	1002	1	62920.03	53.54
27	6	663	16	14	1018	6	68320.55	59.05
27	6	663	16	14	1020	5	66219.25	56.56
27	6	663	16	14	1021	20	61794.6	51.49
27	6	663	16	14	1022	27	60074.64	50.0
27	6	663	16	14	1023	21	59934.84	51.15
27	6	663	16	14	1025	24	56671.99	47.58
27	6	663	16	14	1027	19	55275.9	47.19
27	6	663	16	14	1029	14	55175.77	46.69
27	6	663	16	15	1039	1	90499.22	83.42
27	6	663	16	15	1053	60	111046.75	98.14
27	6	663	16	16	1074	1	92358.24	79.21
27	6	663	16	16	1082	17	77641.65	75.55
27	6	663	16	17	1092	1	247537.38	189.93
27	6	663	16	2	100	13	70186.16	57.4
27	6	663	16	2	110	34	54647.94	44.43
27	6	663	16	2	114	29	85032.15	60.36
27	6	663	16	2	118	3	60429.57	48.88
27	6	663	16	2	120	30	46933.42	38.02
27	6	663	16	2	128	61	63357.88	50.51
27	6	663	16	2	130	123	35685.04	30.98
27	6	663	16	2	132	25	39706.53	32.05
27	6	663	16	2	134	4	46450.41	37.61
27	6	663	16	2	142	117	48113.29	38.88
27	6	663	16	2	144	96	35019.68	28.48
27	6	663	16	2	148	90	26785.39	22.88
27	6	663	16	2	149	82	25780.42	21.9
27	6	663	16	2	152	51	17000.21	15.05
27	6	663	16	2	154	10	23070.81	20.09
27	6	663	16	2	155	24	30030.49	24.2
27	6	663	16	2	157	73	36773.7	29.42
27	6	663	16	2	163	87	37046.58	28.53
27	6	663	16	2	74	1	17773.51	18.69
27	6	663	16	2	93	22	105465.31	78.42
27	6	663	16	3	173	1	117345.7	98.91
27	6	663	16	3	196	4	91666.79	72.88
27	6	663	16	3	208	15	86554.69	79.62
27	6	663	16	3	210	61	98154.74	84.35
27	6	663	16	3	213	35	92720.28	76.27
27	6	663	16	3	223	56	83806.99	69.31
27	6	663	16	4	1148	19	44596.53	36.35
27	6	663	16	4	321	1	38242.06	31.2
27	6	663	16	4	422	183	71102.45	58.69
27	6	663	16	4	423	170	64192.3	57.43
27	6	663	16	4	425	62	68440.14	63.26
27	6	663	16	4	426	61	67253.91	63.6
27	6	663	16	4	428	176	56615.79	47.47
27	6	663	16	4	433	214	55463.73	45.16
27	6	663	16	4	440	251	54492.26	44.17
27	6	663	16	4	443	258	51067.7	41.65
27	6	663	16	4	445	134	46186.72	37.8
27	6	663	16	4	452	35	36737.92	29.9
27	6	663	16	4	453	87	34736.82	27.08
27	6	663	16	4	458	122	26704.46	20.53
27	6	663	16	4	463	98	23270.1	18.13
27	6	663	16	4	464	34	26411.58	20.47
27	6	663	16	4	465	33	29649.8	23.82
27	6	663	16	4	467	65	28407.55	25.04
27	6	663	16	4	470	111	36456.56	28.63
27	6	663	16	4	476	66	22651.86	19.34
27	6	663	16	4	477	67	28423.88	25.34
27	6	663	16	4	479	112	39296.24	31.47
27	6	663	16	4	480	160	39172.71	31.77
27	6	663	16	4	484	146	44787.48	36.49
27	6	663	16	4	485	145	46342.74	38.09
27	6	663	16	4	486	206	47748.71	40.38
27	6	663	16	4	492	59	42148.99	34.91
27	6	663	16	4	494	56	40530.78	33.09
27	6	663	16	4	497	123	32805.97	26.24
27	6	663	16	4	500	264	49668.49	40.77
27	6	663	16	4	501	166	52895.53	47.24
27	6	663	16	4	506	317	59123.63	53.87
27	6	663	16	5	520	1	46102.99	39.61
27	6	663	16	5	538	16	63533.45	57.64
27	6	663	16	5	567	66	48246.53	45.09
27	6	663	16	5	570	52	51361.59	45.83
27	6	663	16	5	573	20	44935.0	39.88
27	6	663	16	5	576	42	51596.43	44.58
27	6	663	16	5	581	25	49387.58	41.5
27	6	663	16	5	586	2	42041.01	38.49
27	6	663	16	5	587	41	44376.2	40.71
27	6	663	16	5	589	17	47705.16	42.78
27	6	663	16	5	590	58	45655.45	39.12
27	6	663	16	5	592	39	47135.97	42.14
27	6	663	16	5	601	4	39052.8	35.41
27	6	663	16	5	602	59	44544.5	37.66
27	6	663	16	6	615	1	19684.22	19.29
27	6	663	16	6	621	32	34656.22	31.87
27	6	663	16	6	631	28	37240.87	31.6
27	6	663	16	6	640	142	24369.48	22.06
27	6	663	16	6	642	44	22920.19	20.45
27	6	663	16	6	645	7	24689.67	21.37
27	6	663	16	6	654	24	16475.72	14.95
27	6	663	16	6	656	23	30724.53	24.59
27	6	663	16	7	670	1	181273.05	134.02
27	6	663	16	7	678	9	184541.44	134.13
27	6	663	16	8	687	1	32108.27	28.17
27	6	663	16	8	702	98	90855.65	60.39
27	6	663	16	8	719	107	26158.14	22.94
27	6	663	16	8	721	108	31596.64	25.31
27	6	663	16	8	722	109	39879.1	30.33
27	6	663	16	8	724	84	17855.03	17.3
27	6	663	16	8	727	110	35620.68	29.65
27	6	663	16	8	729	111	30563.45	26.1
27	6	663	16	8	731	91	42706.81	33.29
27	6	663	16	8	738	18	27215.67	23.23
27	6	663	16	8	741	58	40815.8	34.67
27	6	663	16	8	747	47	33934.62	29.02
27	6	663	16	8	768	16	51733.13	44.29
27	6	663	16	9	783	1	79189.9	70.12
27	7	670	1	1	15	74	94248.26	83.94
27	7	670	1	1	6	1	47150.41	42.24
27	7	670	1	10	811	1	173794.43	133.46
27	7	670	1	10	822	23	181182.5	139.13
27	7	670	1	10	823	3	183107.99	141.89
27	7	670	1	10	825	36	177634.87	135.96
27	7	670	1	10	829	19	182022.49	140.88
27	7	670	1	10	834	5	190352.21	141.5
27	7	670	1	10	838	25	177021.92	137.2
27	7	670	1	10	840	21	168939.86	128.62
27	7	670	1	10	842	43	175435.97	136.4
27	7	670	1	11	847	1	83796.68	70.68
27	7	670	1	12	881	1	96554.15	70.23
27	7	670	1	12	895	91	116027.34	88.65
27	7	670	1	12	902	39	113915.29	86.47
27	7	670	1	12	913	18	107701.47	81.75
27	7	670	1	12	931	11	97874.35	84.8
27	7	670	1	12	933	16	101368.63	75.96
27	7	670	1	13	1134	25	151493.76	112.2
27	7	670	1	13	1136	88	149762.63	111.39
27	7	670	1	13	957	1	166666.79	126.9
27	7	670	1	13	964	63	171206.23	129.79
27	7	670	1	13	967	18	170774.37	129.36
27	7	670	1	13	971	13	166167.38	125.15
27	7	670	1	13	972	28	161462.91	120.79
27	7	670	1	13	980	24	153817.79	114.65
27	7	670	1	13	982	17	155097.54	116.48
27	7	670	1	13	984	27	146817.89	108.41
27	7	670	1	13	985	16	150018.96	112.17
27	7	670	1	13	986	80	150603.6	113.53
27	7	670	1	13	987	62	149699.51	111.99
27	7	670	1	14	1002	1	219505.69	165.04
27	7	670	1	14	1018	6	224906.21	170.55
27	7	670	1	14	1020	5	222804.91	168.06
27	7	670	1	14	1021	20	218380.26	162.99
27	7	670	1	14	1022	27	216660.3	161.5
27	7	670	1	14	1023	21	216520.5	162.65
27	7	670	1	14	1025	24	213257.65	159.08
27	7	670	1	14	1027	19	211861.56	158.69
27	7	670	1	14	1029	14	197871.39	155.96
27	7	670	1	15	1039	1	138430.5	102.55
27	7	670	1	15	1053	60	158978.03	117.27
27	7	670	1	16	1074	1	154690.45	115.43
27	7	670	1	16	1082	17	165942.6	126.38
27	7	670	1	17	1092	1	66460.82	60.02
27	7	670	1	2	100	13	248768.26	187.54
27	7	670	1	2	110	34	233230.04	174.57
27	7	670	1	2	114	29	263614.26	190.5
27	7	670	1	2	118	3	239011.67	179.02
27	7	670	1	2	120	30	225515.52	168.16
27	7	670	1	2	128	61	241939.99	180.65
27	7	670	1	2	130	123	214267.14	161.12
27	7	670	1	2	132	25	218288.63	162.19
27	7	670	1	2	134	4	225032.51	167.75
27	7	670	1	2	142	117	226695.39	169.02
27	7	670	1	2	144	96	213601.78	158.62
27	7	670	1	2	148	90	205367.5	153.02
27	7	670	1	2	149	82	204362.52	152.04
27	7	670	1	2	152	51	195582.31	145.19
27	7	670	1	2	154	10	201652.91	150.23
27	7	670	1	2	155	24	208612.59	154.34
27	7	670	1	2	157	73	215355.8	159.56
27	7	670	1	2	163	87	215628.69	158.67
27	7	670	1	2	74	1	196355.61	148.83
27	7	670	1	2	93	22	284047.42	208.55
27	7	670	1	3	173	1	216839.49	168.4
27	7	670	1	3	196	4	191160.57	142.37
27	7	670	1	3	208	15	203862.95	162.94
27	7	670	1	3	210	61	197648.52	153.84
27	7	670	1	3	213	35	192214.06	145.76
27	7	670	1	3	223	56	183300.77	138.8
27	7	670	1	4	1148	19	148266.74	109.6
27	7	670	1	4	321	1	148423.67	110.51
27	7	670	1	4	422	183	170596.23	128.18
27	7	670	1	4	423	170	163686.09	126.92
27	7	670	1	4	425	62	167933.93	132.75
27	7	670	1	4	426	61	166747.69	133.09
27	7	670	1	4	428	176	156109.58	116.96
27	7	670	1	4	433	214	154957.52	114.66
27	7	670	1	4	440	251	153986.04	113.66
27	7	670	1	4	443	258	150561.48	111.14
27	7	670	1	4	445	134	145680.5	107.29
27	7	670	1	4	452	35	152588.16	115.54
27	7	670	1	4	453	87	151201.65	111.62
27	7	670	1	4	458	122	158494.85	119.45
27	7	670	1	4	463	98	166835.09	123.79
27	7	670	1	4	464	34	157353.99	118.05
27	7	670	1	4	465	33	154115.77	114.7
27	7	670	1	4	467	65	160264.31	120.8
27	7	670	1	4	470	111	153050.7	113.39
27	7	670	1	4	476	66	164716.88	125.27
27	7	670	1	4	477	67	160190.21	121.03
27	7	670	1	4	479	112	155890.39	116.22
27	7	670	1	4	480	160	155766.85	116.53
27	7	670	1	4	484	146	152038.44	115.47
27	7	670	1	4	485	145	143808.71	114.53
27	7	670	1	4	486	206	144709.25	116.97
27	7	670	1	4	492	59	159361.66	120.0
27	7	670	1	4	494	56	159595.14	120.6
27	7	670	1	4	497	123	171590.7	129.97
27	7	670	1	4	500	264	144307.83	115.67
27	7	670	1	4	501	166	139292.95	109.17
27	7	670	1	4	506	317	141258.23	108.77
27	7	670	1	5	520	1	203158.71	153.68
27	7	670	1	5	538	16	227409.06	173.06
27	7	670	1	5	567	66	214618.58	163.84
27	7	670	1	5	570	52	189850.42	146.42
27	7	670	1	5	573	20	192502.89	149.81
27	7	670	1	5	576	42	209840.73	158.98
27	7	670	1	5	581	25	206443.3	155.57
27	7	670	1	5	586	2	216045.6	166.09
27	7	670	1	5	587	41	209784.22	159.41
27	7	670	1	5	589	17	185349.0	144.35
27	7	670	1	5	590	58	204896.63	154.68
27	7	670	1	5	592	39	186741.07	145.81
27	7	670	1	5	601	4	213057.39	163.02
27	7	670	1	5	602	59	205763.04	155.71
27	7	670	1	6	615	1	179303.74	134.46
27	7	670	1	6	621	32	208660.81	159.48
27	7	670	1	6	631	28	188486.29	142.82
27	7	670	1	6	640	142	199542.58	151.34
27	7	670	1	6	642	44	198093.29	149.73
27	7	670	1	6	645	7	198350.13	149.79
27	7	670	1	6	654	24	182024.16	137.05
27	7	670	1	6	656	23	177178.4	134.13
27	7	670	1	6	663	16	182861.6	136.89
27	7	670	1	7	678	9	20391.64	20.64
27	7	670	1	8	687	1	210690.37	158.31
27	7	670	1	8	702	98	269437.76	190.53
27	7	670	1	8	719	107	204740.25	153.08
27	7	670	1	8	721	108	210178.75	155.44
27	7	670	1	8	722	109	218461.21	160.47
27	7	670	1	8	724	84	196437.13	147.44
27	7	670	1	8	727	110	214202.78	159.79
27	7	670	1	8	729	111	209145.56	156.24
27	7	670	1	8	731	91	221288.91	163.43
27	7	670	1	8	738	18	205797.78	153.37
27	7	670	1	8	741	58	219397.91	164.81
27	7	670	1	8	747	47	212516.73	159.16
27	7	670	1	8	768	16	232142.63	174.52
27	7	670	1	9	783	1	122666.06	89.55
27	7	678	9	1	15	74	75252.88	65.81
27	7	678	9	1	6	1	41769.87	37.96
27	7	678	9	10	811	1	177122.14	133.15
27	7	678	9	10	822	23	184510.21	138.82
27	7	678	9	10	823	3	186435.7	141.58
27	7	678	9	10	825	36	180962.58	135.65
27	7	678	9	10	829	19	185350.19	140.57
27	7	678	9	10	834	5	193679.91	141.19
27	7	678	9	10	838	25	180349.63	136.89
27	7	678	9	10	840	21	172267.57	128.3
27	7	678	9	10	842	43	178763.68	136.09
27	7	678	9	11	847	1	64801.3	52.55
27	7	678	9	12	881	1	99881.86	69.92
27	7	678	9	12	895	91	119355.05	88.34
27	7	678	9	12	902	39	117243.0	86.16
27	7	678	9	12	913	18	111029.18	81.44
27	7	678	9	12	931	11	101202.06	84.49
27	7	678	9	12	933	16	104696.34	75.65
27	7	678	9	13	1134	25	154821.46	111.89
27	7	678	9	13	1136	88	153090.34	111.08
27	7	678	9	13	957	1	169994.49	126.58
27	7	678	9	13	964	63	174533.94	129.48
27	7	678	9	13	967	18	174102.08	129.05
27	7	678	9	13	971	13	169495.08	124.84
27	7	678	9	13	972	28	164790.62	120.48
27	7	678	9	13	980	24	157145.5	114.34
27	7	678	9	13	982	17	158425.25	116.17
27	7	678	9	13	984	27	150145.6	108.1
27	7	678	9	13	985	16	153346.67	111.86
27	7	678	9	13	986	80	153931.31	113.22
27	7	678	9	13	987	62	153027.22	111.67
27	7	678	9	14	1002	1	222833.4	164.73
27	7	678	9	14	1018	6	228233.92	170.24
27	7	678	9	14	1020	5	226132.62	167.75
27	7	678	9	14	1021	20	221707.97	162.68
27	7	678	9	14	1022	27	219988.01	161.19
27	7	678	9	14	1023	21	219848.21	162.33
27	7	678	9	14	1025	24	216585.36	158.77
27	7	678	9	14	1027	19	215189.27	158.38
27	7	678	9	14	1029	14	201199.1	155.65
27	7	678	9	15	1039	1	141758.21	102.24
27	7	678	9	15	1053	60	162305.74	116.96
27	7	678	9	16	1074	1	158018.15	115.12
27	7	678	9	16	1082	17	169270.31	126.07
27	7	678	9	17	1092	1	87072.95	75.99
27	7	678	9	2	100	13	252095.97	187.23
27	7	678	9	2	110	34	236557.75	174.26
27	7	678	9	2	114	29	266941.96	190.19
27	7	678	9	2	118	3	242339.38	178.71
27	7	678	9	2	120	30	228843.23	167.84
27	7	678	9	2	128	61	245267.7	180.34
27	7	678	9	2	130	123	217594.85	160.81
27	7	678	9	2	132	25	221616.34	161.87
27	7	678	9	2	134	4	228360.22	167.44
27	7	678	9	2	142	117	230023.1	168.71
27	7	678	9	2	144	96	216929.49	158.31
27	7	678	9	2	148	90	208695.21	152.71
27	7	678	9	2	149	82	207690.23	151.73
27	7	678	9	2	152	51	198910.02	144.88
27	7	678	9	2	154	10	204980.62	149.92
27	7	678	9	2	155	24	211940.3	154.03
27	7	678	9	2	157	73	218683.51	159.25
27	7	678	9	2	163	87	218956.4	158.35
27	7	678	9	2	74	1	199683.32	148.52
27	7	678	9	2	93	22	287375.12	208.24
27	7	678	9	3	173	1	220167.2	168.09
27	7	678	9	3	196	4	194488.28	142.06
27	7	678	9	3	208	15	207190.66	162.63
27	7	678	9	3	210	61	200976.23	153.53
27	7	678	9	3	213	35	195541.77	145.45
27	7	678	9	3	223	56	186628.48	138.49
27	7	678	9	4	1148	19	151594.45	109.29
27	7	678	9	4	321	1	151751.37	110.2
27	7	678	9	4	422	183	173923.94	127.87
27	7	678	9	4	423	170	167013.8	126.61
27	7	678	9	4	425	62	171261.64	132.44
27	7	678	9	4	426	61	170075.4	132.78
27	7	678	9	4	428	176	159437.28	116.65
27	7	678	9	4	433	214	158285.23	114.34
27	7	678	9	4	440	251	157313.75	113.35
27	7	678	9	4	443	258	153889.19	110.83
27	7	678	9	4	445	134	149008.21	106.98
27	7	678	9	4	452	35	155915.86	115.23
27	7	678	9	4	453	87	154529.35	111.31
27	7	678	9	4	458	122	161822.56	119.14
27	7	678	9	4	463	98	170162.8	123.48
27	7	678	9	4	464	34	160681.7	117.73
27	7	678	9	4	465	33	157443.48	114.38
27	7	678	9	4	467	65	163592.02	120.49
27	7	678	9	4	470	111	156378.41	113.07
27	7	678	9	4	476	66	168044.59	124.96
27	7	678	9	4	477	67	163517.92	120.72
27	7	678	9	4	479	112	159218.1	115.91
27	7	678	9	4	480	160	159094.56	116.21
27	7	678	9	4	484	146	155366.15	115.15
27	7	678	9	4	485	145	147136.42	114.22
27	7	678	9	4	486	206	148036.95	116.66
27	7	678	9	4	492	59	162689.37	119.68
27	7	678	9	4	494	56	162922.84	120.29
27	7	678	9	4	497	123	174918.41	129.66
27	7	678	9	4	500	264	147635.54	115.36
27	7	678	9	4	501	166	142620.65	108.86
27	7	678	9	4	506	317	144585.94	108.46
27	7	678	9	5	520	1	206486.42	153.37
27	7	678	9	5	538	16	230736.77	172.75
27	7	678	9	5	567	66	217946.29	163.53
27	7	678	9	5	570	52	193178.13	146.11
27	7	678	9	5	573	20	195830.6	149.5
27	7	678	9	5	576	42	213168.44	158.66
27	7	678	9	5	581	25	209771.01	155.26
27	7	678	9	5	586	2	219373.31	165.78
27	7	678	9	5	587	41	213111.93	159.1
27	7	678	9	5	589	17	188676.7	144.04
27	7	678	9	5	590	58	208224.34	154.37
27	7	678	9	5	592	39	190068.77	145.5
27	7	678	9	5	601	4	216385.1	162.71
27	7	678	9	5	602	59	209090.75	155.4
27	7	678	9	6	615	1	182631.45	134.15
27	7	678	9	6	621	32	211988.52	159.16
27	7	678	9	6	631	28	191814.0	142.51
27	7	678	9	6	640	142	202870.29	151.03
27	7	678	9	6	642	44	201421.0	149.41
27	7	678	9	6	645	7	201677.84	149.48
27	7	678	9	6	654	24	185351.87	136.73
27	7	678	9	6	656	23	180506.11	133.82
27	7	678	9	6	663	16	186189.31	136.58
27	7	678	9	7	670	1	20808.62	20.08
27	7	678	9	8	687	1	214018.08	158.0
27	7	678	9	8	702	98	272765.46	190.22
27	7	678	9	8	719	107	208067.96	152.77
27	7	678	9	8	721	108	213506.45	155.13
27	7	678	9	8	722	109	221788.91	160.16
27	7	678	9	8	724	84	199764.84	147.12
27	7	678	9	8	727	110	217530.49	159.48
27	7	678	9	8	729	111	212473.27	155.93
27	7	678	9	8	731	91	224616.62	163.12
27	7	678	9	8	738	18	209125.49	153.06
27	7	678	9	8	741	58	222725.61	164.5
27	7	678	9	8	747	47	215844.44	158.85
27	7	678	9	8	768	16	235470.34	174.21
27	7	678	9	9	783	1	125993.77	89.24
27	8	687	1	1	15	74	287710.14	220.95
27	8	687	1	1	6	1	254227.13	193.09
27	8	687	1	10	811	1	65488.07	60.87
27	8	687	1	10	822	23	72322.88	66.4
27	8	687	1	10	823	3	68588.01	62.0
27	8	687	1	10	825	36	69631.48	63.22
27	8	687	1	10	829	19	64201.77	58.11
27	8	687	1	10	834	5	56681.79	49.44
27	8	687	1	10	838	25	62151.32	56.88
27	8	687	1	10	840	21	67242.78	60.92
27	8	687	1	10	842	43	61745.72	54.26
27	8	687	1	11	847	1	192008.57	163.09
27	8	687	1	12	881	1	117681.82	94.19
27	8	687	1	12	895	91	128358.73	104.03
27	8	687	1	12	902	39	126246.69	101.85
27	8	687	1	12	913	18	121488.98	98.52
27	8	687	1	12	931	11	127014.68	104.66
27	8	687	1	12	933	16	115479.75	91.58
27	8	687	1	13	1134	25	71935.83	57.71
27	8	687	1	13	1136	88	73193.76	59.42
27	8	687	1	13	957	1	75197.33	65.87
27	8	687	1	13	964	63	72230.28	66.83
27	8	687	1	13	967	18	72662.15	67.26
27	8	687	1	13	971	13	74697.92	64.13
27	8	687	1	13	972	28	83047.55	69.81
27	8	687	1	13	980	24	73145.4	61.36
27	8	687	1	13	982	17	77050.66	63.38
27	8	687	1	13	984	27	72442.98	58.67
27	8	687	1	13	985	16	66845.17	53.35
27	8	687	1	13	986	80	65107.91	52.83
27	8	687	1	13	987	62	66525.71	53.17
27	8	687	1	14	1002	1	78246.2	67.82
27	8	687	1	14	1018	6	83646.71	73.34
27	8	687	1	14	1020	5	81545.42	70.85
27	8	687	1	14	1021	20	77120.76	65.78
27	8	687	1	14	1022	27	75400.8	64.28
27	8	687	1	14	1023	21	76761.73	65.47
27	8	687	1	14	1025	24	71998.15	61.86
27	8	687	1	14	1027	19	70796.03	61.57
27	8	687	1	14	1029	14	70501.93	60.98
27	8	687	1	15	1039	1	99959.07	99.56
27	8	687	1	15	1053	60	120506.61	114.28
27	8	687	1	16	1074	1	83752.43	93.01
27	8	687	1	16	1082	17	70567.04	79.12
27	8	687	1	17	1092	1	276849.45	213.45
27	8	687	1	2	100	13	72831.14	60.98
27	8	687	1	2	110	34	57292.91	48.0
27	8	687	1	2	114	29	87677.13	63.93
27	8	687	1	2	118	3	63074.54	52.45
27	8	687	1	2	120	30	49578.39	41.59
27	8	687	1	2	128	61	66002.86	54.08
27	8	687	1	2	130	123	40374.87	36.22
27	8	687	1	2	132	25	42351.51	35.62
27	8	687	1	2	134	4	49095.38	41.18
27	8	687	1	2	142	117	50758.26	42.45
27	8	687	1	2	144	96	37664.65	32.05
27	8	687	1	2	148	90	31475.23	28.12
27	8	687	1	2	149	82	33679.27	30.55
27	8	687	1	2	152	51	24899.06	23.7
27	8	687	1	2	154	10	27760.64	25.33
27	8	687	1	2	155	24	32675.46	27.77
27	8	687	1	2	157	73	39418.67	33.0
27	8	687	1	2	163	87	31609.63	28.23
27	8	687	1	2	74	1	24013.52	23.92
27	8	687	1	2	93	22	108110.29	81.99
27	8	687	1	3	173	1	146657.78	122.43
27	8	687	1	3	196	4	120978.86	96.4
27	8	687	1	3	208	15	106464.62	95.03
27	8	687	1	3	210	61	114010.35	105.45
27	8	687	1	3	213	35	122032.35	99.79
27	8	687	1	3	223	56	113119.06	92.83
27	8	687	1	4	1148	19	73908.61	59.87
27	8	687	1	4	321	1	67554.13	54.73
27	8	687	1	4	422	183	100414.53	82.21
27	8	687	1	4	423	170	93504.38	80.95
27	8	687	1	4	425	62	97752.22	86.78
27	8	687	1	4	426	61	96565.98	87.12
27	8	687	1	4	428	176	85927.87	70.99
27	8	687	1	4	433	214	84775.81	68.69
27	8	687	1	4	440	251	83804.34	67.69
27	8	687	1	4	443	258	80379.77	65.17
27	8	687	1	4	445	134	75498.79	61.32
27	8	687	1	4	452	35	66049.99	53.43
27	8	687	1	4	453	87	64048.89	50.6
27	8	687	1	4	458	122	56016.54	44.05
27	8	687	1	4	463	98	52582.18	41.65
27	8	687	1	4	464	34	55723.66	43.99
27	8	687	1	4	465	33	58961.87	47.34
27	8	687	1	4	467	65	57719.62	48.56
27	8	687	1	4	470	111	65768.63	52.16
27	8	687	1	4	476	66	51963.93	42.86
27	8	687	1	4	477	67	57735.96	48.86
27	8	687	1	4	479	112	68608.32	54.99
27	8	687	1	4	480	160	68484.78	55.29
27	8	687	1	4	484	146	74099.56	60.02
27	8	687	1	4	485	145	75654.81	61.62
27	8	687	1	4	486	206	77060.79	63.9
27	8	687	1	4	492	59	62286.23	56.77
27	8	687	1	4	494	56	60668.02	54.95
27	8	687	1	4	497	123	52943.21	48.1
27	8	687	1	4	500	264	78980.56	64.29
27	8	687	1	4	501	166	82207.61	70.76
27	8	687	1	4	506	317	73186.05	73.45
27	8	687	1	5	520	1	60211.09	53.47
27	8	687	1	5	538	16	76025.64	70.37
27	8	687	1	5	567	66	60738.73	57.83
27	8	687	1	5	570	52	70441.04	61.41
27	8	687	1	5	573	20	62918.35	55.36
27	8	687	1	5	576	42	65704.53	58.43
27	8	687	1	5	581	25	63495.68	55.35
27	8	687	1	5	586	2	54533.21	51.22
27	8	687	1	5	587	41	56868.4	53.44
27	8	687	1	5	589	17	67320.61	60.13
27	8	687	1	5	590	58	59763.55	52.97
27	8	687	1	5	592	39	66751.42	59.49
27	8	687	1	5	601	4	48763.88	46.48
27	8	687	1	5	602	59	58652.6	51.51
27	8	687	1	6	615	1	44538.12	39.48
27	8	687	1	6	621	32	47148.42	44.6
27	8	687	1	6	631	28	56282.48	51.45
27	8	687	1	6	640	142	34364.63	31.8
27	8	687	1	6	642	44	35481.47	32.75
27	8	687	1	6	645	7	38797.76	35.22
27	8	687	1	6	654	24	41329.61	35.14
27	8	687	1	6	656	23	55174.71	47.19
27	8	687	1	6	663	16	30955.19	26.2
27	8	687	1	7	670	1	210585.12	157.54
27	8	687	1	7	678	9	213853.51	157.66
27	8	687	1	8	702	98	93500.63	63.97
27	8	687	1	8	719	107	22045.4	20.6
27	8	687	1	8	721	108	28228.75	25.33
27	8	687	1	8	722	109	36103.41	32.62
27	8	687	1	8	724	84	19841.57	17.2
27	8	687	1	8	727	110	23207.29	21.32
27	8	687	1	8	729	111	16208.9	14.97
27	8	687	1	8	731	91	26027.33	23.24
27	8	687	1	8	738	18	13921.39	11.82
27	8	687	1	8	741	58	14032.42	12.82
27	8	687	1	8	747	47	3867.05	4.11
27	8	687	1	8	768	16	22718.31	19.18
27	8	687	1	9	783	1	94575.19	92.99
27	8	702	98	1	15	74	346827.28	254.47
27	8	702	98	1	6	1	313344.28	226.62
27	8	702	98	10	811	1	124605.22	94.39
27	8	702	98	10	822	23	127790.03	95.41
27	8	702	98	10	823	3	124055.15	91.01
27	8	702	98	10	825	36	128399.6	94.24
27	8	702	98	10	829	19	122576.75	88.74
27	8	702	98	10	834	5	111653.31	79.77
27	8	702	98	10	838	25	121268.47	90.41
27	8	702	98	10	840	21	126359.93	94.44
27	8	702	98	10	842	43	120862.87	87.78
27	8	702	98	11	847	1	251125.72	196.61
27	8	702	98	12	881	1	176798.97	127.71
27	8	702	98	12	895	91	187475.88	137.55
27	8	702	98	12	902	39	185363.84	135.37
27	8	702	98	12	913	18	180606.12	132.04
27	8	702	98	12	931	11	186131.83	138.18
27	8	702	98	12	933	16	174596.89	125.1
27	8	702	98	13	1134	25	131052.98	91.23
27	8	702	98	13	1136	88	132310.91	92.94
27	8	702	98	13	957	1	134314.48	99.4
27	8	702	98	13	964	63	130944.63	99.33
27	8	702	98	13	967	18	131376.5	99.76
27	8	702	98	13	971	13	133815.07	97.65
27	8	702	98	13	972	28	142164.69	103.33
27	8	702	98	13	980	24	132262.55	94.89
27	8	702	98	13	982	17	136167.81	96.9
27	8	702	98	13	984	27	131560.13	92.19
27	8	702	98	13	985	16	125962.32	86.87
27	8	702	98	13	986	80	124225.06	86.35
27	8	702	98	13	987	62	125642.86	86.69
27	8	702	98	14	1002	1	133713.34	96.83
27	8	702	98	14	1018	6	139113.86	102.34
27	8	702	98	14	1020	5	137012.56	99.85
27	8	702	98	14	1021	20	132587.91	94.78
27	8	702	98	14	1022	27	130867.95	93.29
27	8	702	98	14	1023	21	132228.87	94.47
27	8	702	98	14	1025	24	127465.3	90.87
27	8	702	98	14	1027	19	126263.18	90.57
27	8	702	98	14	1029	14	125969.08	89.98
27	8	702	98	15	1039	1	178928.44	140.46
27	8	702	98	15	1053	60	199475.98	155.18
27	8	702	98	16	1074	1	180787.46	136.25
27	8	702	98	16	1082	17	166070.87	132.59
27	8	702	98	17	1092	1	335966.6	246.97
27	8	702	98	2	100	13	80972.91	63.52
27	8	702	98	2	110	34	73606.89	58.03
27	8	702	98	2	114	29	18911.45	18.15
27	8	702	98	2	118	3	68464.14	52.5
27	8	702	98	2	120	30	84008.46	57.79
27	8	702	98	2	128	61	58969.17	46.08
27	8	702	98	2	130	123	82260.72	54.79
27	8	702	98	2	132	25	76781.57	51.82
27	8	702	98	2	134	4	75560.22	51.3
27	8	702	98	2	142	117	56147.86	42.5
27	8	702	98	2	144	96	72094.72	48.25
27	8	702	98	2	148	90	75903.56	48.87
27	8	702	98	2	149	82	89146.42	59.55
27	8	702	98	2	152	51	80366.21	52.7
27	8	702	98	2	154	10	72179.01	46.11
27	8	702	98	2	155	24	67105.53	43.97
27	8	702	98	2	157	73	65883.52	43.12
27	8	702	98	2	163	87	66156.4	42.22
27	8	702	98	2	74	1	77797.88	51.83
27	8	702	98	2	93	22	34580.67	32.85
27	8	702	98	3	173	1	205774.93	155.95
27	8	702	98	3	196	4	180096.01	129.92
27	8	702	98	3	208	15	161931.77	124.04
27	8	702	98	3	210	61	169477.49	134.45
27	8	702	98	3	213	35	181149.5	133.31
27	8	702	98	3	223	56	172236.21	126.36
27	8	702	98	4	1148	19	133025.75	93.4
27	8	702	98	4	321	1	126671.28	88.25
27	8	702	98	4	422	183	159531.67	115.73
27	8	702	98	4	423	170	152621.53	114.47
27	8	702	98	4	425	62	156869.37	120.31
27	8	702	98	4	426	61	155683.13	120.64
27	8	702	98	4	428	176	145045.02	104.51
27	8	702	98	4	433	214	143892.96	102.21
27	8	702	98	4	440	251	142921.48	101.21
27	8	702	98	4	443	258	139496.92	98.69
27	8	702	98	4	445	134	134615.94	94.84
27	8	702	98	4	452	35	125167.14	86.95
27	8	702	98	4	453	87	123166.04	84.13
27	8	702	98	4	458	122	115133.69	77.58
27	8	702	98	4	463	98	111699.33	75.18
27	8	702	98	4	464	34	114840.8	77.52
27	8	702	98	4	465	33	118079.02	80.87
27	8	702	98	4	467	65	116836.77	82.08
27	8	702	98	4	470	111	124885.78	85.68
27	8	702	98	4	476	66	111081.08	76.38
27	8	702	98	4	477	67	116853.11	82.39
27	8	702	98	4	479	112	127725.47	88.51
27	8	702	98	4	480	160	127601.93	88.82
27	8	702	98	4	484	146	133216.7	93.54
27	8	702	98	4	485	145	134771.96	95.14
27	8	702	98	4	486	206	136177.94	97.42
27	8	702	98	4	492	59	130578.21	91.96
27	8	702	98	4	494	56	128960.01	90.13
27	8	702	98	4	497	123	121235.2	83.28
27	8	702	98	4	500	264	138097.71	97.81
27	8	702	98	4	501	166	141324.76	104.28
27	8	702	98	4	506	317	147552.85	110.91
27	8	702	98	5	520	1	115678.24	82.47
27	8	702	98	5	538	16	121822.15	91.59
27	8	702	98	5	567	66	110707.66	82.59
27	8	702	98	5	570	52	125908.19	90.42
27	8	702	98	5	573	20	118385.49	84.36
27	8	702	98	5	576	42	110986.9	83.27
27	8	702	98	5	581	25	112191.71	84.09
27	8	702	98	5	586	2	104502.13	75.98
27	8	702	98	5	587	41	106837.33	78.21
27	8	702	98	5	589	17	122787.75	89.14
27	8	702	98	5	590	58	115230.69	81.97
27	8	702	98	5	592	39	122218.56	88.5
27	8	702	98	5	601	4	97167.09	68.9
27	8	702	98	5	602	59	114119.74	80.51
27	8	702	98	6	615	1	103655.27	73.0
27	8	702	98	6	621	32	97371.12	70.07
27	8	702	98	6	631	28	111254.0	81.77
27	8	702	98	6	640	142	89831.78	60.81
27	8	702	98	6	642	44	90948.61	61.76
27	8	702	98	6	645	7	94264.91	64.23
27	8	702	98	6	654	24	100446.76	68.66
27	8	702	98	6	656	23	114291.85	80.71
27	8	702	98	6	663	16	90072.33	59.72
27	8	702	98	7	670	1	269702.27	191.06
27	8	702	98	7	678	9	272970.66	191.18
27	8	702	98	8	687	1	92028.18	63.38
27	8	702	98	8	719	107	73160.62	47.11
27	8	702	98	8	721	108	66597.08	42.19
27	8	702	98	8	722	109	56092.34	41.58
27	8	702	98	8	724	84	77879.4	50.43
27	8	702	98	8	727	110	70621.12	46.54
27	8	702	98	8	729	111	77565.93	50.27
27	8	702	98	8	731	91	71816.63	46.98
27	8	702	98	8	738	18	88580.68	59.4
27	8	702	98	8	741	58	84580.95	57.77
27	8	702	98	8	747	47	89731.24	60.39
27	8	702	98	8	768	16	109215.76	76.66
27	8	702	98	9	783	1	167619.12	127.16
27	8	719	107	1	15	74	281971.25	216.31
27	8	719	107	1	6	1	248488.25	188.45
27	8	719	107	10	811	1	59749.19	56.23
27	8	719	107	10	822	23	62934.0	57.25
27	8	719	107	10	823	3	59199.12	52.85
27	8	719	107	10	825	36	63543.57	56.08
27	8	719	107	10	829	19	57720.72	50.58
27	8	719	107	10	834	5	46797.28	41.61
27	8	719	107	10	838	25	56412.44	52.24
27	8	719	107	10	840	21	61503.9	56.28
27	8	719	107	10	842	43	56006.84	49.62
27	8	719	107	11	847	1	186269.69	158.45
27	8	719	107	12	881	1	111942.94	89.55
27	8	719	107	12	895	91	122619.85	99.39
27	8	719	107	12	902	39	120507.81	97.21
27	8	719	107	12	913	18	115750.09	93.88
27	8	719	107	12	931	11	121275.8	100.02
27	8	719	107	12	933	16	109740.86	86.94
27	8	719	107	13	1134	25	66196.95	53.07
27	8	719	107	13	1136	88	67454.88	54.78
27	8	719	107	13	957	1	69458.45	61.23
27	8	719	107	13	964	63	66088.6	61.17
27	8	719	107	13	967	18	66520.47	61.6
27	8	719	107	13	971	13	68959.04	59.49
27	8	719	107	13	972	28	77308.66	65.17
27	8	719	107	13	980	24	67406.52	56.72
27	8	719	107	13	982	17	71311.78	58.74
27	8	719	107	13	984	27	66704.1	54.03
27	8	719	107	13	985	16	61106.28	48.71
27	8	719	107	13	986	80	59369.03	48.19
27	8	719	107	13	987	62	60786.83	48.53
27	8	719	107	14	1002	1	68857.31	58.67
27	8	719	107	14	1018	6	74257.82	64.18
27	8	719	107	14	1020	5	72156.53	61.69
27	8	719	107	14	1021	20	67731.88	56.62
27	8	719	107	14	1022	27	66011.92	55.13
27	8	719	107	14	1023	21	67372.84	56.31
27	8	719	107	14	1025	24	62609.27	52.71
27	8	719	107	14	1027	19	61407.15	52.41
27	8	719	107	14	1029	14	61113.05	51.82
27	8	719	107	15	1039	1	114072.41	102.3
27	8	719	107	15	1053	60	134619.95	117.02
27	8	719	107	16	1074	1	115931.43	98.09
27	8	719	107	16	1082	17	101214.84	94.43
27	8	719	107	17	1092	1	271110.57	208.81
27	8	719	107	2	100	13	52393.47	43.59
27	8	719	107	2	110	34	36855.25	30.62
27	8	719	107	2	114	29	67239.46	46.55
27	8	719	107	2	118	3	42636.88	35.07
27	8	719	107	2	120	30	29140.73	24.2
27	8	719	107	2	128	61	45565.2	36.7
27	8	719	107	2	130	123	19937.2	18.83
27	8	719	107	2	132	25	21913.84	18.23
27	8	719	107	2	134	4	28657.72	23.8
27	8	719	107	2	142	117	30320.6	25.07
27	8	719	107	2	144	96	17226.99	14.67
27	8	719	107	2	148	90	11037.56	10.73
27	8	719	107	2	149	82	24290.39	21.39
27	8	719	107	2	152	51	15510.18	14.54
27	8	719	107	2	154	10	7322.98	7.94
27	8	719	107	2	155	24	12237.8	10.39
27	8	719	107	2	157	73	18981.01	15.61
27	8	719	107	2	163	87	14769.52	13.93
27	8	719	107	2	74	1	12941.85	13.67
27	8	719	107	2	93	22	87672.62	64.6
27	8	719	107	3	173	1	140918.9	117.79
27	8	719	107	3	196	4	115239.98	91.76
27	8	719	107	3	208	15	97075.74	85.88
27	8	719	107	3	210	61	104621.46	96.29
27	8	719	107	3	213	35	116293.47	95.15
27	8	719	107	3	223	56	107380.18	88.19
27	8	719	107	4	1148	19	68169.72	55.23
27	8	719	107	4	321	1	61815.25	50.09
27	8	719	107	4	422	183	94675.64	77.57
27	8	719	107	4	423	170	87765.5	76.31
27	8	719	107	4	425	62	92013.34	82.14
27	8	719	107	4	426	61	90827.1	82.48
27	8	719	107	4	428	176	80188.99	66.35
27	8	719	107	4	433	214	79036.93	64.05
27	8	719	107	4	440	251	78065.45	63.05
27	8	719	107	4	443	258	74640.89	60.53
27	8	719	107	4	445	134	69759.91	56.68
27	8	719	107	4	452	35	60311.11	48.79
27	8	719	107	4	453	87	58310.01	45.96
27	8	719	107	4	458	122	50277.66	39.41
27	8	719	107	4	463	98	46843.3	37.01
27	8	719	107	4	464	34	49984.77	39.35
27	8	719	107	4	465	33	53222.99	42.7
27	8	719	107	4	467	65	51980.74	43.92
27	8	719	107	4	470	111	60029.75	47.51
27	8	719	107	4	476	66	46225.05	38.22
27	8	719	107	4	477	67	51997.08	44.22
27	8	719	107	4	479	112	62869.44	50.35
27	8	719	107	4	480	160	62745.9	50.65
27	8	719	107	4	484	146	68360.67	55.38
27	8	719	107	4	485	145	69915.93	56.98
27	8	719	107	4	486	206	71321.91	59.26
27	8	719	107	4	492	59	65722.18	53.8
27	8	719	107	4	494	56	64103.98	51.97
27	8	719	107	4	497	123	56379.17	45.12
27	8	719	107	4	500	264	73241.68	59.65
27	8	719	107	4	501	166	76468.73	66.12
27	8	719	107	4	506	317	82696.82	72.75
27	8	719	107	5	520	1	50822.2	44.31
27	8	719	107	5	538	16	61128.58	57.0
27	8	719	107	5	567	66	45841.66	44.45
27	8	719	107	5	570	52	61052.16	52.26
27	8	719	107	5	573	20	53529.46	46.2
27	8	719	107	5	576	42	46120.9	45.13
27	8	719	107	5	581	25	47325.72	45.96
27	8	719	107	5	586	2	39636.14	37.84
27	8	719	107	5	587	41	41971.33	40.07
27	8	719	107	5	589	17	57931.72	50.98
27	8	719	107	5	590	58	50374.66	43.81
27	8	719	107	5	592	39	57362.53	50.34
27	8	719	107	5	601	4	32301.09	30.77
27	8	719	107	5	602	59	49263.71	42.35
27	8	719	107	6	615	1	38799.24	34.84
27	8	719	107	6	621	32	32505.12	31.93
27	8	719	107	6	631	28	46397.97	43.61
27	8	719	107	6	640	142	24975.75	22.65
27	8	719	107	6	642	44	26092.58	23.6
27	8	719	107	6	645	7	29408.88	26.07
27	8	719	107	6	654	24	35590.73	30.5
27	8	719	107	6	656	23	49435.82	42.55
27	8	719	107	6	663	16	25216.3	21.56
27	8	719	107	7	670	1	204846.24	152.9
27	8	719	107	7	678	9	208114.63	153.02
27	8	719	107	8	687	1	20475.3	19.49
27	8	719	107	8	702	98	73062.96	46.58
27	8	719	107	8	721	108	7791.09	7.95
27	8	719	107	8	722	109	22086.41	16.52
27	8	719	107	8	724	84	8581.19	8.56
27	8	719	107	8	727	110	11966.91	11.81
27	8	719	107	8	729	111	6013.05	6.37
27	8	719	107	8	731	91	19350.26	17.64
27	8	719	107	8	738	18	17027.8	15.5
27	8	719	107	8	741	58	21236.24	19.11
27	8	719	107	8	747	47	18178.35	16.49
27	8	719	107	8	768	16	37662.88	32.76
27	8	719	107	9	783	1	102763.09	89.0
27	8	721	108	1	15	74	287408.07	219.15
27	8	721	108	1	6	1	253925.06	191.29
27	8	721	108	10	811	1	65186.0	59.06
27	8	721	108	10	822	23	68370.81	60.08
27	8	721	108	10	823	3	64635.93	55.68
27	8	721	108	10	825	36	68980.38	58.91
27	8	721	108	10	829	19	63157.53	53.41
27	8	721	108	10	834	5	52234.1	44.44
27	8	721	108	10	838	25	61849.25	55.08
27	8	721	108	10	840	21	66940.71	59.11
27	8	721	108	10	842	43	61443.66	52.45
27	8	721	108	11	847	1	191706.51	161.29
27	8	721	108	12	881	1	117379.75	92.38
27	8	721	108	12	895	91	128056.67	102.22
27	8	721	108	12	902	39	125944.62	100.04
27	8	721	108	12	913	18	121186.91	96.71
27	8	721	108	12	931	11	126712.62	102.85
27	8	721	108	12	933	16	115177.68	89.77
27	8	721	108	13	1134	25	71633.77	55.91
27	8	721	108	13	1136	88	72891.69	57.61
27	8	721	108	13	957	1	74895.26	64.07
27	8	721	108	13	964	63	71525.41	64.0
27	8	721	108	13	967	18	71957.28	64.43
27	8	721	108	13	971	13	74395.86	62.33
27	8	721	108	13	972	28	82745.48	68.0
27	8	721	108	13	980	24	72843.33	59.56
27	8	721	108	13	982	17	76748.59	61.57
27	8	721	108	13	984	27	72140.91	56.86
27	8	721	108	13	985	16	66543.1	51.55
27	8	721	108	13	986	80	64805.84	51.02
27	8	721	108	13	987	62	66223.65	51.36
27	8	721	108	14	1002	1	74294.12	61.5
27	8	721	108	14	1018	6	79694.64	67.02
27	8	721	108	14	1020	5	77593.34	64.52
27	8	721	108	14	1021	20	73168.69	59.45
27	8	721	108	14	1022	27	71448.73	57.96
27	8	721	108	14	1023	21	72809.65	59.15
27	8	721	108	14	1025	24	68046.08	55.54
27	8	721	108	14	1027	19	66843.96	55.24
27	8	721	108	14	1029	14	66549.86	54.66
27	8	721	108	15	1039	1	119509.22	105.14
27	8	721	108	15	1053	60	140056.76	119.86
27	8	721	108	16	1074	1	121368.24	100.92
27	8	721	108	16	1082	17	106651.65	97.27
27	8	721	108	17	1092	1	276547.38	211.65
27	8	721	108	2	100	13	47213.15	40.91
27	8	721	108	2	110	34	31674.93	27.94
27	8	721	108	2	114	29	60678.58	42.12
27	8	721	108	2	118	3	36075.99	30.64
27	8	721	108	2	120	30	26590.93	22.93
27	8	721	108	2	128	61	39004.31	32.26
27	8	721	108	2	130	123	22841.51	19.46
27	8	721	108	2	132	25	19364.04	16.96
27	8	721	108	2	134	4	22096.83	19.37
27	8	721	108	2	142	117	23759.71	20.63
27	8	721	108	2	144	96	14677.19	13.39
27	8	721	108	2	148	90	16484.34	13.54
27	8	721	108	2	149	82	29727.2	24.23
27	8	721	108	2	152	51	20946.99	17.37
27	8	721	108	2	154	10	12759.79	10.78
27	8	721	108	2	155	24	9688.0	9.11
27	8	721	108	2	157	73	12420.12	11.18
27	8	721	108	2	163	87	8274.45	7.81
27	8	721	108	2	74	1	18378.67	16.5
27	8	721	108	2	93	22	81111.74	60.17
27	8	721	108	3	173	1	146355.71	120.62
27	8	721	108	3	196	4	120676.79	94.6
27	8	721	108	3	208	15	102512.55	88.71
27	8	721	108	3	210	61	110058.28	99.13
27	8	721	108	3	213	35	121730.28	97.99
27	8	721	108	3	223	56	112816.99	91.03
27	8	721	108	4	1148	19	73606.54	58.07
27	8	721	108	4	321	1	67252.06	52.92
27	8	721	108	4	422	183	100112.46	80.4
27	8	721	108	4	423	170	93202.31	79.15
27	8	721	108	4	425	62	97450.15	84.98
27	8	721	108	4	426	61	96263.92	85.31
27	8	721	108	4	428	176	85625.8	69.18
27	8	721	108	4	433	214	84473.74	66.88
27	8	721	108	4	440	251	83502.27	65.88
27	8	721	108	4	443	258	80077.7	63.36
27	8	721	108	4	445	134	75196.72	59.52
27	8	721	108	4	452	35	65747.93	51.62
27	8	721	108	4	453	87	63746.83	48.8
27	8	721	108	4	458	122	55714.47	42.25
27	8	721	108	4	463	98	52280.11	39.85
27	8	721	108	4	464	34	55421.59	42.19
27	8	721	108	4	465	33	58659.81	45.54
27	8	721	108	4	467	65	57417.55	46.76
27	8	721	108	4	470	111	65466.57	50.35
27	8	721	108	4	476	66	51661.86	41.05
27	8	721	108	4	477	67	57433.89	47.06
27	8	721	108	4	479	112	68306.25	53.19
27	8	721	108	4	480	160	68182.71	53.49
27	8	721	108	4	484	146	73797.49	58.21
27	8	721	108	4	485	145	75352.74	59.81
27	8	721	108	4	486	206	76758.72	62.09
27	8	721	108	4	492	59	71159.0	56.63
27	8	721	108	4	494	56	69540.79	54.8
27	8	721	108	4	497	123	61815.98	47.95
27	8	721	108	4	500	264	78678.49	62.48
27	8	721	108	4	501	166	81905.54	68.95
27	8	721	108	4	506	317	88133.64	75.58
27	8	721	108	5	520	1	56259.02	47.14
27	8	721	108	5	538	16	64404.62	56.73
27	8	721	108	5	567	66	51288.44	47.26
27	8	721	108	5	570	52	66488.97	55.09
27	8	721	108	5	573	20	58966.28	49.04
27	8	721	108	5	576	42	51567.68	47.94
27	8	721	108	5	581	25	52772.49	48.77
27	8	721	108	5	586	2	45082.92	40.65
27	8	721	108	5	587	41	47418.11	42.88
27	8	721	108	5	589	17	63368.53	53.81
27	8	721	108	5	590	58	55811.48	46.65
27	8	721	108	5	592	39	62799.35	53.17
27	8	721	108	5	601	4	37747.87	33.58
27	8	721	108	5	602	59	54700.52	45.18
27	8	721	108	6	615	1	44236.05	37.68
27	8	721	108	6	621	32	37951.9	34.74
27	8	721	108	6	631	28	51834.79	46.44
27	8	721	108	6	640	142	30412.56	25.48
27	8	721	108	6	642	44	31529.4	26.43
27	8	721	108	6	645	7	34845.69	28.9
27	8	721	108	6	654	24	41027.54	33.33
27	8	721	108	6	656	23	54872.64	45.38
27	8	721	108	6	663	16	30653.12	24.39
27	8	721	108	7	670	1	210283.05	155.73
27	8	721	108	7	678	9	213551.45	155.85
27	8	721	108	8	687	1	26658.65	24.22
27	8	721	108	8	702	98	66502.07	42.15
27	8	721	108	8	719	107	7791.09	7.95
27	8	721	108	8	722	109	15525.53	12.09
27	8	721	108	8	724	84	14127.16	12.75
27	8	721	108	8	727	110	4201.46	4.94
27	8	721	108	8	729	111	12196.4	11.11
27	8	721	108	8	731	91	12855.2	11.52
27	8	721	108	8	738	18	23211.15	20.24
27	8	721	108	8	741	58	17696.3	16.68
27	8	721	108	8	747	47	24361.7	21.23
27	8	721	108	8	768	16	43846.23	37.5
27	8	721	108	9	783	1	108199.91	91.83
27	8	722	109	1	15	74	295643.08	224.03
27	8	722	109	1	6	1	262160.08	196.17
27	8	722	109	10	811	1	73421.01	63.95
27	8	722	109	10	822	23	76605.82	64.97
27	8	722	109	10	823	3	72870.95	60.57
27	8	722	109	10	825	36	77215.39	63.8
27	8	722	109	10	829	19	71392.54	58.3
27	8	722	109	10	834	5	60469.11	49.33
27	8	722	109	10	838	25	70084.26	59.96
27	8	722	109	10	840	21	75175.73	64.0
27	8	722	109	10	842	43	69678.67	57.34
27	8	722	109	11	847	1	199941.52	166.17
27	8	722	109	12	881	1	125614.76	97.27
27	8	722	109	12	895	91	136291.68	107.11
27	8	722	109	12	902	39	134179.63	104.93
27	8	722	109	12	913	18	129421.92	101.6
27	8	722	109	12	931	11	134947.63	107.74
27	8	722	109	12	933	16	123412.69	94.66
27	8	722	109	13	1134	25	79868.78	60.79
27	8	722	109	13	1136	88	81126.7	62.5
27	8	722	109	13	957	1	83130.28	68.95
27	8	722	109	13	964	63	79760.43	68.89
27	8	722	109	13	967	18	80192.29	69.32
27	8	722	109	13	971	13	82630.87	67.21
27	8	722	109	13	972	28	90980.49	72.89
27	8	722	109	13	980	24	81078.35	64.44
27	8	722	109	13	982	17	84983.61	66.46
27	8	722	109	13	984	27	80375.93	61.75
27	8	722	109	13	985	16	74778.11	56.43
27	8	722	109	13	986	80	73040.86	55.91
27	8	722	109	13	987	62	74458.66	56.24
27	8	722	109	14	1002	1	82529.14	66.39
27	8	722	109	14	1018	6	87929.65	71.9
27	8	722	109	14	1020	5	85828.36	69.41
27	8	722	109	14	1021	20	81403.71	64.34
27	8	722	109	14	1022	27	79683.75	62.85
27	8	722	109	14	1023	21	81044.67	64.03
27	8	722	109	14	1025	24	76281.1	60.43
27	8	722	109	14	1027	19	75078.97	60.13
27	8	722	109	14	1029	14	74784.87	59.54
27	8	722	109	15	1039	1	127744.24	110.02
27	8	722	109	15	1053	60	148291.77	124.74
27	8	722	109	16	1074	1	129603.26	105.81
27	8	722	109	16	1082	17	114886.67	102.15
27	8	722	109	17	1092	1	284782.4	216.53
27	8	722	109	2	100	13	41327.64	36.08
27	8	722	109	2	110	34	25789.41	23.11
27	8	722	109	2	114	29	49148.95	39.57
27	8	722	109	2	118	3	30041.02	25.13
27	8	722	109	2	120	30	32824.26	27.34
27	8	722	109	2	128	61	26345.53	23.34
27	8	722	109	2	130	123	31076.52	24.35
27	8	722	109	2	132	25	25597.37	21.37
27	8	722	109	2	134	4	20585.12	17.85
27	8	722	109	2	142	117	17724.74	15.12
27	8	722	109	2	144	96	20910.52	17.81
27	8	722	109	2	148	90	24719.35	18.43
27	8	722	109	2	149	82	37962.22	29.11
27	8	722	109	2	152	51	29182.0	22.26
27	8	722	109	2	154	10	20994.8	15.66
27	8	722	109	2	155	24	15921.33	13.53
27	8	722	109	2	157	73	9891.17	9.51
27	8	722	109	2	163	87	5752.37	6.19
27	8	722	109	2	74	1	26613.68	21.38
27	8	722	109	2	93	22	69582.11	57.62
27	8	722	109	3	173	1	154590.72	125.51
27	8	722	109	3	196	4	128911.81	99.48
27	8	722	109	3	208	15	110747.56	93.59
27	8	722	109	3	210	61	118293.29	104.01
27	8	722	109	3	213	35	129965.3	102.87
27	8	722	109	3	223	56	121052.01	95.91
27	8	722	109	4	1148	19	81841.55	62.95
27	8	722	109	4	321	1	75487.08	57.81
27	8	722	109	4	422	183	108347.47	85.29
27	8	722	109	4	423	170	101437.33	84.03
27	8	722	109	4	425	62	105685.17	89.86
27	8	722	109	4	426	61	104498.93	90.2
27	8	722	109	4	428	176	93860.81	74.07
27	8	722	109	4	433	214	92708.75	71.77
27	8	722	109	4	440	251	91737.28	70.77
27	8	722	109	4	443	258	88312.72	68.25
27	8	722	109	4	445	134	83431.74	64.4
27	8	722	109	4	452	35	73982.94	56.5
27	8	722	109	4	453	87	71981.84	53.68
27	8	722	109	4	458	122	63949.48	47.13
27	8	722	109	4	463	98	60515.12	44.73
27	8	722	109	4	464	34	63656.6	47.07
27	8	722	109	4	465	33	66894.82	50.42
27	8	722	109	4	467	65	65652.57	51.64
27	8	722	109	4	470	111	73701.58	55.23
27	8	722	109	4	476	66	59896.88	45.94
27	8	722	109	4	477	67	65668.9	51.94
27	8	722	109	4	479	112	76541.27	58.07
27	8	722	109	4	480	160	76417.73	58.37
27	8	722	109	4	484	146	82032.5	63.09
27	8	722	109	4	485	145	83587.76	64.7
27	8	722	109	4	486	206	84993.73	66.98
27	8	722	109	4	492	59	79394.01	61.52
27	8	722	109	4	494	56	77775.8	59.69
27	8	722	109	4	497	123	70050.99	52.84
27	8	722	109	4	500	264	86913.51	67.37
27	8	722	109	4	501	166	90140.55	73.84
27	8	722	109	4	506	317	96368.65	80.47
27	8	722	109	5	520	1	64494.03	52.03
27	8	722	109	5	538	16	70637.95	61.15
27	8	722	109	5	567	66	59523.45	52.15
27	8	722	109	5	570	52	74723.99	59.98
27	8	722	109	5	573	20	67201.29	53.92
27	8	722	109	5	576	42	59802.69	52.82
27	8	722	109	5	581	25	61007.51	53.65
27	8	722	109	5	586	2	53317.93	45.54
27	8	722	109	5	587	41	55653.12	47.76
27	8	722	109	5	589	17	71603.55	58.7
27	8	722	109	5	590	58	64046.49	51.53
27	8	722	109	5	592	39	71034.36	58.06
27	8	722	109	5	601	4	45982.88	38.46
27	8	722	109	5	602	59	62935.54	50.07
27	8	722	109	6	615	1	52471.06	42.56
27	8	722	109	6	621	32	46186.91	39.63
27	8	722	109	6	631	28	60069.8	51.33
27	8	722	109	6	640	142	38647.58	30.37
27	8	722	109	6	642	44	39764.41	31.32
27	8	722	109	6	645	7	43080.71	33.79
27	8	722	109	6	654	24	49262.56	38.22
27	8	722	109	6	656	23	63107.65	50.27
27	8	722	109	6	663	16	38888.13	29.28
27	8	722	109	7	670	1	218518.07	160.62
27	8	722	109	7	678	9	221786.46	160.74
27	8	722	109	8	687	1	36058.86	32.68
27	8	722	109	8	702	98	56182.18	41.89
27	8	722	109	8	719	107	21976.42	16.67
27	8	722	109	8	721	108	15412.88	11.75
27	8	722	109	8	724	84	26695.2	19.99
27	8	722	109	8	727	110	19436.92	16.09
27	8	722	109	8	729	111	26381.73	19.82
27	8	722	109	8	731	91	10333.11	9.9
27	8	722	109	8	738	18	37396.48	28.96
27	8	722	109	8	741	58	23097.43	20.68
27	8	722	109	8	747	47	32236.36	28.51
27	8	722	109	8	768	16	49908.37	42.33
27	8	722	109	9	783	1	116434.92	96.72
27	8	724	84	1	15	74	274111.51	209.9
27	8	724	84	1	6	1	240628.5	182.04
27	8	724	84	10	811	1	51889.44	49.82
27	8	724	84	10	822	23	54625.12	51.21
27	8	724	84	10	823	3	50890.24	46.81
27	8	724	84	10	825	36	55234.69	50.04
27	8	724	84	10	829	19	49411.84	44.54
27	8	724	84	10	834	5	38488.4	35.57
27	8	724	84	10	838	25	48552.69	45.83
27	8	724	84	10	840	21	53644.15	49.87
27	8	724	84	10	842	43	48147.09	43.21
27	8	724	84	11	847	1	178409.94	152.04
27	8	724	84	12	881	1	104083.19	83.14
27	8	724	84	12	895	91	114760.11	92.98
27	8	724	84	12	902	39	112648.06	90.8
27	8	724	84	12	913	18	107890.35	87.47
27	8	724	84	12	931	11	113416.05	93.6
27	8	724	84	12	933	16	101881.12	80.53
27	8	724	84	13	1134	25	58337.2	46.66
27	8	724	84	13	1136	88	59595.13	48.37
27	8	724	84	13	957	1	61598.7	54.82
27	8	724	84	13	964	63	57779.72	55.13
27	8	724	84	13	967	18	58211.59	55.56
27	8	724	84	13	971	13	61099.29	53.08
27	8	724	84	13	972	28	69448.92	58.76
27	8	724	84	13	980	24	59546.77	50.31
27	8	724	84	13	982	17	63452.03	52.33
27	8	724	84	13	984	27	58844.35	47.62
27	8	724	84	13	985	16	53246.54	42.3
27	8	724	84	13	986	80	51509.28	41.77
27	8	724	84	13	987	62	52927.09	42.11
27	8	724	84	14	1002	1	60548.43	52.63
27	8	724	84	14	1018	6	65948.95	58.15
27	8	724	84	14	1020	5	63847.65	55.65
27	8	724	84	14	1021	20	59423.0	50.58
27	8	724	84	14	1022	27	57703.04	49.09
27	8	724	84	14	1023	21	59063.96	50.28
27	8	724	84	14	1025	24	54300.39	46.67
27	8	724	84	14	1027	19	53098.27	46.37
27	8	724	84	14	1029	14	52804.17	45.79
27	8	724	84	15	1039	1	106212.66	95.89
27	8	724	84	15	1053	60	126760.2	110.61
27	8	724	84	16	1074	1	108071.68	91.68
27	8	724	84	16	1082	17	93355.09	88.02
27	8	724	84	17	1092	1	263250.82	202.4
27	8	724	84	2	100	13	57108.77	47.61
27	8	724	84	2	110	34	41570.55	34.64
27	8	724	84	2	114	29	71954.76	50.57
27	8	724	84	2	118	3	47352.18	39.09
27	8	724	84	2	120	30	33856.03	28.23
27	8	724	84	2	128	61	50280.5	40.72
27	8	724	84	2	130	123	22607.65	21.19
27	8	724	84	2	132	25	26629.14	22.26
27	8	724	84	2	134	4	33373.02	27.82
27	8	724	84	2	142	117	35035.9	29.09
27	8	724	84	2	144	96	21942.29	18.69
27	8	724	84	2	148	90	13708.01	13.09
27	8	724	84	2	149	82	15981.51	15.36
27	8	724	84	2	152	51	7201.3	8.5
27	8	724	84	2	154	10	9993.42	10.3
27	8	724	84	2	155	24	16953.1	14.41
27	8	724	84	2	157	73	23696.31	19.63
27	8	724	84	2	163	87	23969.2	18.74
27	8	724	84	2	74	1	4602.52	7.58
27	8	724	84	2	93	22	92387.92	68.62
27	8	724	84	3	173	1	133059.15	111.38
27	8	724	84	3	196	4	107380.23	85.35
27	8	724	84	3	208	15	88766.86	79.84
27	8	724	84	3	210	61	96312.58	90.26
27	8	724	84	3	213	35	108433.72	88.74
27	8	724	84	3	223	56	99520.43	81.78
27	8	724	84	4	1148	19	60309.98	48.82
27	8	724	84	4	321	1	53955.5	43.68
27	8	724	84	4	422	183	86815.9	71.16
27	8	724	84	4	423	170	79905.75	69.9
27	8	724	84	4	425	62	84153.59	75.73
27	8	724	84	4	426	61	82967.35	76.07
27	8	724	84	4	428	176	72329.24	59.94
27	8	724	84	4	433	214	71177.18	57.64
27	8	724	84	4	440	251	70205.71	56.64
27	8	724	84	4	443	258	66781.14	54.12
27	8	724	84	4	445	134	61900.16	50.27
27	8	724	84	4	452	35	52451.36	42.37
27	8	724	84	4	453	87	50450.27	39.55
27	8	724	84	4	458	122	42417.91	33.0
27	8	724	84	4	463	98	38983.55	30.6
27	8	724	84	4	464	34	42125.03	32.94
27	8	724	84	4	465	33	45363.24	36.29
27	8	724	84	4	467	65	44120.99	37.51
27	8	724	84	4	470	111	52170.01	41.1
27	8	724	84	4	476	66	38365.3	31.81
27	8	724	84	4	477	67	44137.33	37.81
27	8	724	84	4	479	112	55009.69	43.94
27	8	724	84	4	480	160	54886.15	44.24
27	8	724	84	4	484	146	60500.93	48.96
27	8	724	84	4	485	145	62056.18	50.57
27	8	724	84	4	486	206	63462.16	52.85
27	8	724	84	4	492	59	57862.44	47.38
27	8	724	84	4	494	56	56244.23	45.56
27	8	724	84	4	497	123	48519.42	38.71
27	8	724	84	4	500	264	65381.93	53.24
27	8	724	84	4	501	166	68608.98	59.71
27	8	724	84	4	506	317	74837.08	66.34
27	8	724	84	5	520	1	42513.33	38.27
27	8	724	84	5	538	16	58327.88	55.18
27	8	724	84	5	567	66	43040.97	42.64
27	8	724	84	5	570	52	52743.28	46.22
27	8	724	84	5	573	20	45220.59	40.17
27	8	724	84	5	576	42	48006.76	43.24
27	8	724	84	5	581	25	45797.92	40.16
27	8	724	84	5	586	2	36835.44	36.03
27	8	724	84	5	587	41	39170.64	38.25
27	8	724	84	5	589	17	49622.84	44.94
27	8	724	84	5	590	58	42065.78	37.78
27	8	724	84	5	592	39	49053.66	44.3
27	8	724	84	5	601	4	29352.88	30.14
27	8	724	84	5	602	59	40954.83	36.31
27	8	724	84	6	615	1	30939.49	28.43
27	8	724	84	6	621	32	29450.66	29.41
27	8	724	84	6	631	28	38089.09	37.57
27	8	724	84	6	640	142	16666.87	16.61
27	8	724	84	6	642	44	17783.71	17.56
27	8	724	84	6	645	7	21100.0	20.03
27	8	724	84	6	654	24	27730.98	24.08
27	8	724	84	6	656	23	41576.08	36.14
27	8	724	84	6	663	16	17356.56	15.15
27	8	724	84	7	670	1	196986.49	146.49
27	8	724	84	7	678	9	200254.88	146.6
27	8	724	84	8	687	1	19830.12	17.26
27	8	724	84	8	702	98	77778.26	50.6
27	8	724	84	8	719	107	8652.48	8.92
27	8	724	84	8	721	108	14198.45	13.12
27	8	724	84	8	722	109	26801.71	20.54
27	8	724	84	8	727	110	18222.48	17.46
27	8	724	84	8	729	111	13057.79	12.08
27	8	724	84	8	731	91	25757.62	22.8
27	8	724	84	8	738	18	14937.52	12.32
27	8	724	84	8	741	58	28537.65	23.76
27	8	724	84	8	747	47	21656.47	18.11
27	8	724	84	8	768	16	41282.38	33.47
27	8	724	84	9	783	1	94903.35	82.59
27	8	727	110	1	15	74	291432.1	223.49
27	8	727	110	1	6	1	257949.1	195.63
27	8	727	110	10	811	1	69210.04	63.41
27	8	727	110	10	822	23	72394.84	64.43
27	8	727	110	10	823	3	68659.97	60.02
27	8	727	110	10	825	36	73004.42	63.26
27	8	727	110	10	829	19	67181.57	57.76
27	8	727	110	10	834	5	56258.13	48.78
27	8	727	110	10	838	25	65873.29	59.42
27	8	727	110	10	840	21	70964.75	63.45
27	8	727	110	10	842	43	65467.69	56.79
27	8	727	110	11	847	1	195730.54	165.63
27	8	727	110	12	881	1	121403.79	96.73
27	8	727	110	12	895	91	132080.7	106.57
27	8	727	110	12	902	39	129968.66	104.39
27	8	727	110	12	913	18	125210.94	101.05
27	8	727	110	12	931	11	130736.65	107.19
27	8	727	110	12	933	16	119201.71	94.12
27	8	727	110	13	1134	25	75657.8	60.25
27	8	727	110	13	1136	88	76915.73	61.96
27	8	727	110	13	957	1	78919.3	68.41
27	8	727	110	13	964	63	75549.45	68.35
27	8	727	110	13	967	18	75981.32	68.78
27	8	727	110	13	971	13	78419.89	66.67
27	8	727	110	13	972	28	86769.51	72.35
27	8	727	110	13	980	24	76867.37	63.9
27	8	727	110	13	982	17	80772.63	65.91
27	8	727	110	13	984	27	76164.95	61.21
27	8	727	110	13	985	16	70567.13	55.89
27	8	727	110	13	986	80	68829.88	55.36
27	8	727	110	13	987	62	70247.68	55.7
27	8	727	110	14	1002	1	78318.16	65.85
27	8	727	110	14	1018	6	83718.67	71.36
27	8	727	110	14	1020	5	81617.38	68.87
27	8	727	110	14	1021	20	77192.73	63.8
27	8	727	110	14	1022	27	75472.77	62.3
27	8	727	110	14	1023	21	76833.69	63.49
27	8	727	110	14	1025	24	72070.12	59.88
27	8	727	110	14	1027	19	70868.0	59.59
27	8	727	110	14	1029	14	70573.9	59.0
27	8	727	110	15	1039	1	123533.26	109.48
27	8	727	110	15	1053	60	144080.8	124.2
27	8	727	110	16	1074	1	125392.28	105.27
27	8	727	110	16	1082	17	91846.84	96.86
27	8	727	110	17	1092	1	280571.42	215.99
27	8	727	110	2	100	13	51237.19	45.25
27	8	727	110	2	110	34	35698.97	32.28
27	8	727	110	2	114	29	64702.61	46.46
27	8	727	110	2	118	3	40100.03	34.98
27	8	727	110	2	120	30	30614.97	27.27
27	8	727	110	2	128	61	43028.34	36.61
27	8	727	110	2	130	123	26865.54	23.8
27	8	727	110	2	132	25	23388.08	21.3
27	8	727	110	2	134	4	26120.87	23.71
27	8	727	110	2	142	117	27783.75	24.98
27	8	727	110	2	144	96	18701.23	17.74
27	8	727	110	2	148	90	20508.38	17.88
27	8	727	110	2	149	82	33751.24	28.57
27	8	727	110	2	152	51	24971.03	21.72
27	8	727	110	2	154	10	16783.83	15.12
27	8	727	110	2	155	24	13712.04	13.45
27	8	727	110	2	157	73	16444.16	15.52
27	8	727	110	2	163	87	12298.49	12.15
27	8	727	110	2	74	1	22402.7	20.84
27	8	727	110	2	93	22	85135.77	64.51
27	8	727	110	3	173	1	150379.75	124.96
27	8	727	110	3	196	4	124700.83	98.94
27	8	727	110	3	208	15	106536.59	93.05
27	8	727	110	3	210	61	114082.31	103.47
27	8	727	110	3	213	35	125754.32	102.33
27	8	727	110	3	223	56	116841.03	95.37
27	8	727	110	4	1148	19	77630.57	62.41
27	8	727	110	4	321	1	71276.1	57.26
27	8	727	110	4	422	183	104136.49	84.75
27	8	727	110	4	423	170	97226.35	83.49
27	8	727	110	4	425	62	101474.19	89.32
27	8	727	110	4	426	61	100287.95	89.66
27	8	727	110	4	428	176	89649.84	73.53
27	8	727	110	4	433	214	88497.78	71.22
27	8	727	110	4	440	251	87526.3	70.23
27	8	727	110	4	443	258	84101.74	67.7
27	8	727	110	4	445	134	79220.76	63.86
27	8	727	110	4	452	35	69771.96	55.96
27	8	727	110	4	453	87	67770.86	53.14
27	8	727	110	4	458	122	59738.51	46.59
27	8	727	110	4	463	98	56304.15	44.19
27	8	727	110	4	464	34	59445.62	46.53
27	8	727	110	4	465	33	62683.84	49.88
27	8	727	110	4	467	65	61441.59	51.1
27	8	727	110	4	470	111	69490.6	54.69
27	8	727	110	4	476	66	55685.9	45.4
27	8	727	110	4	477	67	61457.92	51.4
27	8	727	110	4	479	112	72330.29	57.53
27	8	727	110	4	480	160	72206.75	57.83
27	8	727	110	4	484	146	77821.52	62.55
27	8	727	110	4	485	145	79376.78	64.15
27	8	727	110	4	486	206	80782.76	66.44
27	8	727	110	4	492	59	75183.03	60.97
27	8	727	110	4	494	56	73564.83	59.14
27	8	727	110	4	497	123	65840.02	52.29
27	8	727	110	4	500	264	82702.53	66.83
27	8	727	110	4	501	166	85929.58	73.29
27	8	727	110	4	506	317	92157.67	79.92
27	8	727	110	5	520	1	60283.05	51.49
27	8	727	110	5	538	16	68428.66	61.07
27	8	727	110	5	567	66	55312.48	51.61
27	8	727	110	5	570	52	70513.01	59.43
27	8	727	110	5	573	20	62990.31	53.38
27	8	727	110	5	576	42	55591.72	52.28
27	8	727	110	5	581	25	56796.53	53.11
27	8	727	110	5	586	2	49106.95	45.0
27	8	727	110	5	587	41	51442.15	47.22
27	8	727	110	5	589	17	67392.57	58.15
27	8	727	110	5	590	58	59835.51	50.99
27	8	727	110	5	592	39	66823.38	57.51
27	8	727	110	5	601	4	41771.91	37.92
27	8	727	110	5	602	59	58724.56	49.53
27	8	727	110	6	615	1	48260.09	42.02
27	8	727	110	6	621	32	41975.94	39.09
27	8	727	110	6	631	28	55858.82	50.78
27	8	727	110	6	640	142	34436.6	29.82
27	8	727	110	6	642	44	35553.43	30.77
27	8	727	110	6	645	7	38869.73	33.24
27	8	727	110	6	654	24	45051.58	37.67
27	8	727	110	6	656	23	58896.67	49.72
27	8	727	110	6	663	16	34677.15	28.74
27	8	727	110	7	670	1	214307.09	160.07
27	8	727	110	7	678	9	217575.48	160.19
27	8	727	110	8	687	1	21637.19	20.21
27	8	727	110	8	702	98	70526.11	46.49
27	8	727	110	8	719	107	11966.91	11.81
27	8	727	110	8	721	108	4201.46	4.94
27	8	727	110	8	722	109	19549.56	16.43
27	8	727	110	8	724	84	18151.2	17.09
27	8	727	110	8	729	111	7174.94	7.09
27	8	727	110	8	731	91	14391.08	13.02
27	8	727	110	8	738	18	18189.69	16.22
27	8	727	110	8	741	58	13672.64	12.26
27	8	727	110	8	747	47	19340.24	17.21
27	8	727	110	8	768	16	38824.77	33.48
27	8	727	110	9	783	1	112223.94	96.17
27	8	729	111	1	15	74	286376.56	219.47
27	8	729	111	1	6	1	252893.56	191.61
27	8	729	111	10	811	1	64154.5	59.39
27	8	729	111	10	822	23	67339.3	60.41
27	8	729	111	10	823	3	63604.43	56.0
27	8	729	111	10	825	36	67948.87	59.24
27	8	729	111	10	829	19	62126.02	53.74
27	8	729	111	10	834	5	51202.59	44.76
27	8	729	111	10	838	25	60817.74	55.4
27	8	729	111	10	840	21	65909.21	59.43
27	8	729	111	10	842	43	60412.15	52.77
27	8	729	111	11	847	1	190675.0	161.61
27	8	729	111	12	881	1	116348.25	92.71
27	8	729	111	12	895	91	127025.16	102.55
27	8	729	111	12	902	39	124913.11	100.37
27	8	729	111	12	913	18	120155.4	97.03
27	8	729	111	12	931	11	125681.11	103.17
27	8	729	111	12	933	16	114146.17	90.1
27	8	729	111	13	1134	25	70602.26	56.23
27	8	729	111	13	1136	88	71860.19	57.94
27	8	729	111	13	957	1	73863.76	64.39
27	8	729	111	13	964	63	70493.91	64.33
27	8	729	111	13	967	18	70925.78	64.76
27	8	729	111	13	971	13	73364.35	62.65
27	8	729	111	13	972	28	81713.97	68.33
27	8	729	111	13	980	24	71811.83	59.88
27	8	729	111	13	982	17	75717.09	61.9
27	8	729	111	13	984	27	71109.41	57.19
27	8	729	111	13	985	16	65511.59	51.87
27	8	729	111	13	986	80	63774.34	51.34
27	8	729	111	13	987	62	65192.14	51.68
27	8	729	111	14	1002	1	73262.62	61.83
27	8	729	111	14	1018	6	78663.13	67.34
27	8	729	111	14	1020	5	76561.84	64.85
27	8	729	111	14	1021	20	72137.19	59.78
27	8	729	111	14	1022	27	70417.23	58.28
27	8	729	111	14	1023	21	71778.15	59.47
27	8	729	111	14	1025	24	67014.58	55.86
27	8	729	111	14	1027	19	65812.45	55.57
27	8	729	111	14	1029	14	65518.35	54.98
27	8	729	111	15	1039	1	118477.72	105.46
27	8	729	111	15	1053	60	139025.26	120.18
27	8	729	111	16	1074	1	120336.74	101.25
27	8	729	111	16	1082	17	84848.45	90.51
27	8	729	111	17	1092	1	275515.88	211.97
27	8	729	111	2	100	13	56798.78	46.75
27	8	729	111	2	110	34	41260.56	33.78
27	8	729	111	2	114	29	71644.77	49.71
27	8	729	111	2	118	3	47042.19	38.23
27	8	729	111	2	120	30	33546.04	27.36
27	8	729	111	2	128	61	49970.5	39.85
27	8	729	111	2	130	123	24342.51	21.99
27	8	729	111	2	132	25	26319.15	21.39
27	8	729	111	2	134	4	33063.03	26.95
27	8	729	111	2	142	117	34725.91	28.22
27	8	729	111	2	144	96	21632.3	17.83
27	8	729	111	2	148	90	15442.87	13.89
27	8	729	111	2	149	82	28695.7	24.55
27	8	729	111	2	152	51	19915.49	17.7
27	8	729	111	2	154	10	11728.28	11.1
27	8	729	111	2	155	24	16643.11	13.54
27	8	729	111	2	157	73	23386.32	18.77
27	8	729	111	2	163	87	19174.83	17.09
27	8	729	111	2	74	1	17347.16	16.82
27	8	729	111	2	93	22	92077.93	67.76
27	8	729	111	3	173	1	145324.21	120.95
27	8	729	111	3	196	4	119645.29	94.92
27	8	729	111	3	208	15	101481.05	89.03
27	8	729	111	3	210	61	109026.77	99.45
27	8	729	111	3	213	35	120698.78	98.31
27	8	729	111	3	223	56	111785.49	91.35
27	8	729	111	4	1148	19	72575.03	58.39
27	8	729	111	4	321	1	66220.56	53.24
27	8	729	111	4	422	183	99080.95	80.73
27	8	729	111	4	423	170	92170.81	79.47
27	8	729	111	4	425	62	96418.65	85.3
27	8	729	111	4	426	61	95232.41	85.64
27	8	729	111	4	428	176	84594.3	69.51
27	8	729	111	4	433	214	83442.24	67.2
27	8	729	111	4	440	251	82470.76	66.21
27	8	729	111	4	443	258	79046.2	63.69
27	8	729	111	4	445	134	74165.22	59.84
27	8	729	111	4	452	35	64716.42	51.94
27	8	729	111	4	453	87	62715.32	49.12
27	8	729	111	4	458	122	54682.96	42.57
27	8	729	111	4	463	98	51248.61	40.17
27	8	729	111	4	464	34	54390.08	42.51
27	8	729	111	4	465	33	57628.3	45.86
27	8	729	111	4	467	65	56386.05	47.08
27	8	729	111	4	470	111	64435.06	50.67
27	8	729	111	4	476	66	50630.36	41.38
27	8	729	111	4	477	67	56402.38	47.38
27	8	729	111	4	479	112	67274.75	53.51
27	8	729	111	4	480	160	67151.21	53.81
27	8	729	111	4	484	146	72765.98	58.53
27	8	729	111	4	485	145	74321.24	60.13
27	8	729	111	4	486	206	75727.21	62.42
27	8	729	111	4	492	59	70127.49	56.95
27	8	729	111	4	494	56	68509.29	55.13
27	8	729	111	4	497	123	60784.47	48.28
27	8	729	111	4	500	264	77646.99	62.81
27	8	729	111	4	501	166	80874.03	69.28
27	8	729	111	4	506	317	87102.13	75.91
27	8	729	111	5	520	1	55227.51	47.47
27	8	729	111	5	538	16	65533.88	60.15
27	8	729	111	5	567	66	50246.97	47.61
27	8	729	111	5	570	52	65457.47	55.41
27	8	729	111	5	573	20	57934.77	49.36
27	8	729	111	5	576	42	50526.21	48.29
27	8	729	111	5	581	25	51731.02	49.11
27	8	729	111	5	586	2	44041.45	41.0
27	8	729	111	5	587	41	46376.64	43.23
27	8	729	111	5	589	17	62337.03	54.14
27	8	729	111	5	590	58	54779.97	46.97
27	8	729	111	5	592	39	61767.84	53.5
27	8	729	111	5	601	4	36706.4	33.92
27	8	729	111	5	602	59	53669.02	45.51
27	8	729	111	6	615	1	43204.55	38.0
27	8	729	111	6	621	32	36910.43	35.09
27	8	729	111	6	631	28	50803.28	46.77
27	8	729	111	6	640	142	29381.06	25.8
27	8	729	111	6	642	44	30497.89	26.75
27	8	729	111	6	645	7	33814.19	29.22
27	8	729	111	6	654	24	39996.04	33.65
27	8	729	111	6	656	23	53841.13	45.7
27	8	729	111	6	663	16	29621.61	24.72
27	8	729	111	7	670	1	209251.55	156.06
27	8	729	111	7	678	9	212519.94	156.17
27	8	729	111	8	687	1	14638.79	13.86
27	8	729	111	8	702	98	77468.27	49.74
27	8	729	111	8	719	107	6013.05	6.37
27	8	729	111	8	721	108	12196.4	11.11
27	8	729	111	8	722	109	26491.72	19.68
27	8	729	111	8	724	84	12986.5	11.72
27	8	729	111	8	727	110	7174.94	7.09
27	8	729	111	8	731	91	20477.86	18.15
27	8	729	111	8	738	18	12235.83	10.78
27	8	729	111	8	741	58	15399.73	13.48
27	8	729	111	8	747	47	12341.85	10.86
27	8	729	111	8	768	16	31826.38	27.13
27	8	729	111	9	783	1	107168.4	92.15
27	8	731	91	1	15	74	298470.79	226.99
27	8	731	91	1	6	1	264987.78	199.13
27	8	731	91	10	811	1	76248.72	66.91
27	8	731	91	10	822	23	79433.53	67.93
27	8	731	91	10	823	3	75698.65	63.52
27	8	731	91	10	825	36	80043.1	66.76
27	8	731	91	10	829	19	74220.25	61.26
27	8	731	91	10	834	5	63296.82	52.28
27	8	731	91	10	838	25	72911.97	62.92
27	8	731	91	10	840	21	78003.43	66.95
27	8	731	91	10	842	43	72506.38	60.29
27	8	731	91	11	847	1	202769.23	169.13
27	8	731	91	12	881	1	128442.47	100.23
27	8	731	91	12	895	91	139119.39	110.07
27	8	731	91	12	902	39	137007.34	107.89
27	8	731	91	12	913	18	132249.63	104.55
27	8	731	91	12	931	11	137775.34	110.69
27	8	731	91	12	933	16	126240.4	97.62
27	8	731	91	13	1134	25	82696.49	63.75
27	8	731	91	13	1136	88	83954.41	65.46
27	8	731	91	13	957	1	85957.98	71.91
27	8	731	91	13	964	63	82588.13	71.85
27	8	731	91	13	967	18	83020.0	72.28
27	8	731	91	13	971	13	85458.58	70.17
27	8	731	91	13	972	28	93808.2	75.85
27	8	731	91	13	980	24	83906.05	67.4
27	8	731	91	13	982	17	87811.32	69.41
27	8	731	91	13	984	27	83203.63	64.71
27	8	731	91	13	985	16	77605.82	59.39
27	8	731	91	13	986	80	75868.56	58.86
27	8	731	91	13	987	62	77286.37	59.2
27	8	731	91	14	1002	1	85356.84	69.35
27	8	731	91	14	1018	6	90757.36	74.86
27	8	731	91	14	1020	5	88656.06	72.37
27	8	731	91	14	1021	20	84231.41	67.3
27	8	731	91	14	1022	27	82511.45	65.8
27	8	731	91	14	1023	21	83872.37	66.99
27	8	731	91	14	1025	24	79108.8	63.38
27	8	731	91	14	1027	19	77906.68	63.09
27	8	731	91	14	1029	14	77612.58	62.5
27	8	731	91	15	1039	1	130571.94	112.98
27	8	731	91	15	1053	60	151119.48	127.7
27	8	731	91	16	1074	1	132430.96	108.77
27	8	731	91	16	1082	17	94666.88	98.78
27	8	731	91	17	1092	1	287610.1	219.49
27	8	731	91	2	100	13	48347.34	41.48
27	8	731	91	2	110	34	32809.12	28.51
27	8	731	91	2	114	29	65785.47	46.57
27	8	731	91	2	118	3	36588.51	30.63
27	8	731	91	2	120	30	35651.96	30.3
27	8	731	91	2	128	61	37485.44	31.93
27	8	731	91	2	130	123	33904.23	27.3
27	8	731	91	2	132	25	28425.08	24.33
27	8	731	91	2	134	4	27604.83	23.25
27	8	731	91	2	142	117	24272.23	20.63
27	8	731	91	2	144	96	23738.22	20.77
27	8	731	91	2	148	90	27547.06	21.38
27	8	731	91	2	149	82	40789.92	32.07
27	8	731	91	2	152	51	32009.71	25.22
27	8	731	91	2	154	10	23822.51	18.62
27	8	731	91	2	155	24	18749.03	16.48
27	8	731	91	2	157	73	16910.88	14.92
27	8	731	91	2	163	87	5839.33	5.51
27	8	731	91	2	74	1	29441.39	24.34
27	8	731	91	2	93	22	86218.63	64.62
27	8	731	91	3	173	1	157418.43	128.47
27	8	731	91	3	196	4	131739.51	102.44
27	8	731	91	3	208	15	113575.27	96.55
27	8	731	91	3	210	61	121121.0	106.97
27	8	731	91	3	213	35	132793.0	105.83
27	8	731	91	3	223	56	123879.71	98.87
27	8	731	91	4	1148	19	84669.26	65.91
27	8	731	91	4	321	1	78314.78	60.76
27	8	731	91	4	422	183	111175.18	88.25
27	8	731	91	4	423	170	104265.03	86.99
27	8	731	91	4	425	62	108512.87	92.82
27	8	731	91	4	426	61	107326.64	93.16
27	8	731	91	4	428	176	96688.52	77.03
27	8	731	91	4	433	214	95536.46	74.72
27	8	731	91	4	440	251	94564.99	73.73
27	8	731	91	4	443	258	91140.42	71.21
27	8	731	91	4	445	134	86259.44	67.36
27	8	731	91	4	452	35	76810.65	59.46
27	8	731	91	4	453	87	74809.55	56.64
27	8	731	91	4	458	122	66777.19	50.09
27	8	731	91	4	463	98	63342.83	47.69
27	8	731	91	4	464	34	66484.31	50.03
27	8	731	91	4	465	33	69722.53	53.38
27	8	731	91	4	467	65	68480.27	54.6
27	8	731	91	4	470	111	76529.29	58.19
27	8	731	91	4	476	66	62724.58	48.9
27	8	731	91	4	477	67	68496.61	54.9
27	8	731	91	4	479	112	79368.97	61.03
27	8	731	91	4	480	160	79245.44	61.33
27	8	731	91	4	484	146	84860.21	66.05
27	8	731	91	4	485	145	86415.46	67.65
27	8	731	91	4	486	206	87821.44	69.94
27	8	731	91	4	492	59	82221.72	64.47
27	8	731	91	4	494	56	80603.51	62.65
27	8	731	91	4	497	123	72878.7	55.8
27	8	731	91	4	500	264	89741.21	70.33
27	8	731	91	4	501	166	92968.26	76.8
27	8	731	91	4	506	317	99196.36	83.43
27	8	731	91	5	520	1	67321.74	54.99
27	8	731	91	5	538	16	73465.66	64.1
27	8	731	91	5	567	66	62351.16	55.11
27	8	731	91	5	570	52	77551.69	62.93
27	8	731	91	5	573	20	70029.0	56.88
27	8	731	91	5	576	42	62630.4	55.78
27	8	731	91	5	581	25	63835.21	56.61
27	8	731	91	5	586	2	56145.64	48.5
27	8	731	91	5	587	41	58480.83	50.72
27	8	731	91	5	589	17	74431.25	61.66
27	8	731	91	5	590	58	66874.2	54.49
27	8	731	91	5	592	39	73862.07	61.02
27	8	731	91	5	601	4	48810.59	41.42
27	8	731	91	5	602	59	65763.24	53.03
27	8	731	91	6	615	1	55298.77	45.52
27	8	731	91	6	621	32	49014.62	42.59
27	8	731	91	6	631	28	62897.51	54.29
27	8	731	91	6	640	142	41475.28	33.32
27	8	731	91	6	642	44	42592.12	34.27
27	8	731	91	6	645	7	45908.41	36.74
27	8	731	91	6	654	24	52090.26	41.17
27	8	731	91	6	656	23	65935.36	53.22
27	8	731	91	6	663	16	41715.84	32.24
27	8	731	91	7	670	1	221345.77	163.58
27	8	731	91	7	678	9	224614.17	163.69
27	8	731	91	8	687	1	25982.78	23.29
27	8	731	91	8	702	98	71608.97	46.6
27	8	731	91	8	719	107	19350.26	17.64
27	8	731	91	8	721	108	12855.2	11.52
27	8	731	91	8	722	109	10333.11	9.9
27	8	731	91	8	724	84	25686.33	22.44
27	8	731	91	8	727	110	14391.08	13.02
27	8	731	91	8	729	111	20477.86	18.15
27	8	731	91	8	738	18	26200.68	23.5
27	8	731	91	8	741	58	13021.35	11.3
27	8	731	91	8	747	47	22160.28	19.13
27	8	731	91	8	768	16	39832.29	32.95
27	8	731	91	9	783	1	119262.63	99.67
27	8	738	18	1	15	74	287152.87	219.3
27	8	738	18	1	6	1	253669.86	191.44
27	8	738	18	10	811	1	64930.8	59.21
27	8	738	18	10	822	23	71765.61	64.75
27	8	738	18	10	823	3	68030.74	60.35
27	8	738	18	10	825	36	69074.21	61.56
27	8	738	18	10	829	19	63644.5	56.45
27	8	738	18	10	834	5	56124.52	47.79
27	8	738	18	10	838	25	61594.05	55.23
27	8	738	18	10	840	21	66685.51	59.26
27	8	738	18	10	842	43	61188.46	52.6
27	8	738	18	11	847	1	191451.31	161.44
27	8	738	18	12	881	1	117124.55	92.53
27	8	738	18	12	895	91	127801.47	102.38
27	8	738	18	12	902	39	125689.42	100.19
27	8	738	18	12	913	18	120931.71	96.86
27	8	738	18	12	931	11	126457.42	103.0
27	8	738	18	12	933	16	114922.48	89.93
27	8	738	18	13	1134	25	71378.57	56.06
27	8	738	18	13	1136	88	72636.49	57.76
27	8	738	18	13	957	1	74640.06	64.22
27	8	738	18	13	964	63	71673.02	65.17
27	8	738	18	13	967	18	72104.88	65.6
27	8	738	18	13	971	13	74140.66	62.48
27	8	738	18	13	972	28	82490.28	68.15
27	8	738	18	13	980	24	72588.13	59.71
27	8	738	18	13	982	17	76493.39	61.72
27	8	738	18	13	984	27	71885.71	57.01
27	8	738	18	13	985	16	66287.9	51.7
27	8	738	18	13	986	80	64550.64	51.17
27	8	738	18	13	987	62	65968.45	51.51
27	8	738	18	14	1002	1	77688.93	66.17
27	8	738	18	14	1018	6	83089.44	71.68
27	8	738	18	14	1020	5	80988.15	69.19
27	8	738	18	14	1021	20	76563.5	64.12
27	8	738	18	14	1022	27	74843.53	62.63
27	8	738	18	14	1023	21	76204.46	63.81
27	8	738	18	14	1025	24	71440.89	60.21
27	8	738	18	14	1027	19	70238.76	59.91
27	8	738	18	14	1029	14	69944.66	59.32
27	8	738	18	15	1039	1	104318.68	102.28
27	8	738	18	15	1053	60	124866.21	117.0
27	8	738	18	16	1074	1	88112.03	95.74
27	8	738	18	16	1082	17	74926.64	81.84
27	8	738	18	17	1092	1	276292.18	211.8
27	8	738	18	2	100	13	67813.53	55.88
27	8	738	18	2	110	34	52275.31	42.91
27	8	738	18	2	114	29	82659.53	58.84
27	8	738	18	2	118	3	58056.94	47.36
27	8	738	18	2	120	30	44560.79	36.49
27	8	738	18	2	128	61	60985.26	48.99
27	8	738	18	2	130	123	35357.27	31.12
27	8	738	18	2	132	25	37333.9	30.52
27	8	738	18	2	134	4	44077.78	36.09
27	8	738	18	2	142	117	45740.66	37.36
27	8	738	18	2	144	96	32647.05	26.96
27	8	738	18	2	148	90	26457.62	23.02
27	8	738	18	2	149	82	33122.0	28.89
27	8	738	18	2	152	51	24341.79	22.04
27	8	738	18	2	154	10	22743.04	20.23
27	8	738	18	2	155	24	27657.86	22.68
27	8	738	18	2	157	73	34401.07	27.9
27	8	738	18	2	163	87	30189.58	26.22
27	8	738	18	2	74	1	21729.84	21.98
27	8	738	18	2	93	22	103092.69	76.89
27	8	738	18	3	173	1	146100.51	120.77
27	8	738	18	3	196	4	120421.59	94.75
27	8	738	18	3	208	15	105907.35	93.37
27	8	738	18	3	210	61	113453.08	103.79
27	8	738	18	3	213	35	121475.08	98.14
27	8	738	18	3	223	56	112561.79	91.18
27	8	738	18	4	1148	19	73351.34	58.22
27	8	738	18	4	321	1	66996.86	53.07
27	8	738	18	4	422	183	99857.26	80.55
27	8	738	18	4	423	170	92947.11	79.3
27	8	738	18	4	425	62	97194.95	85.13
27	8	738	18	4	426	61	96008.71	85.47
27	8	738	18	4	428	176	85370.6	69.33
27	8	738	18	4	433	214	84218.54	67.03
27	8	738	18	4	440	251	83247.07	66.03
27	8	738	18	4	443	258	79822.5	63.51
27	8	738	18	4	445	134	74941.52	59.67
27	8	738	18	4	452	35	65492.72	51.77
27	8	738	18	4	453	87	63491.63	48.95
27	8	738	18	4	458	122	55459.27	42.4
27	8	738	18	4	463	98	52024.91	40.0
27	8	738	18	4	464	34	55166.39	42.34
27	8	738	18	4	465	33	58404.6	45.69
27	8	738	18	4	467	65	57162.35	46.91
27	8	738	18	4	470	111	65211.37	50.5
27	8	738	18	4	476	66	51406.66	41.2
27	8	738	18	4	477	67	57178.69	47.21
27	8	738	18	4	479	112	68051.05	53.34
27	8	738	18	4	480	160	67927.51	53.64
27	8	738	18	4	484	146	73542.29	58.36
27	8	738	18	4	485	145	75097.54	59.96
27	8	738	18	4	486	206	76503.52	62.24
27	8	738	18	4	492	59	70903.8	56.78
27	8	738	18	4	494	56	69285.59	54.95
27	8	738	18	4	497	123	61560.78	48.1
27	8	738	18	4	500	264	78423.29	62.63
27	8	738	18	4	501	166	81650.34	69.1
27	8	738	18	4	506	317	87878.44	75.73
27	8	738	18	5	520	1	59653.82	51.81
27	8	738	18	5	538	16	75468.37	68.71
27	8	738	18	5	567	66	60181.46	56.17
27	8	738	18	5	570	52	69883.78	59.76
27	8	738	18	5	573	20	62361.08	53.7
27	8	738	18	5	576	42	65147.26	56.78
27	8	738	18	5	581	25	62938.41	53.7
27	8	738	18	5	586	2	53975.94	49.56
27	8	738	18	5	587	41	56311.13	51.79
27	8	738	18	5	589	17	66763.34	58.48
27	8	738	18	5	590	58	59206.28	51.31
27	8	738	18	5	592	39	66194.15	57.84
27	8	738	18	5	601	4	47721.16	43.06
27	8	738	18	5	602	59	58095.33	49.85
27	8	738	18	6	615	1	43980.85	37.83
27	8	738	18	6	621	32	46591.15	42.95
27	8	738	18	6	631	28	55725.21	49.79
27	8	738	18	6	640	142	33807.37	30.15
27	8	738	18	6	642	44	34924.2	31.1
27	8	738	18	6	645	7	38240.49	33.57
27	8	738	18	6	654	24	40772.34	33.48
27	8	738	18	6	656	23	54617.44	45.53
27	8	738	18	6	663	16	30397.92	24.54
27	8	738	18	7	670	1	210027.85	155.88
27	8	738	18	7	678	9	213296.25	156.0
27	8	738	18	8	687	1	5014.81	5.13
27	8	738	18	8	702	98	88483.02	58.87
27	8	738	18	8	719	107	17027.8	15.5
27	8	738	18	8	721	108	23211.15	20.24
27	8	738	18	8	722	109	37506.48	28.81
27	8	738	18	8	724	84	19284.3	15.55
27	8	738	18	8	727	110	18189.69	16.22
27	8	738	18	8	729	111	12235.83	10.78
27	8	738	18	8	731	91	25717.25	22.05
27	8	738	18	8	741	58	13722.34	11.63
27	8	738	18	8	747	47	6841.16	5.98
27	8	738	18	8	768	16	26467.07	21.34
27	8	738	18	9	783	1	107944.71	91.98
27	8	741	58	1	15	74	297203.02	228.1
27	8	741	58	1	6	1	263720.01	200.24
27	8	741	58	10	811	1	74980.95	68.02
27	8	741	58	10	822	23	82562.49	73.14
27	8	741	58	10	823	3	78827.62	68.74
27	8	741	58	10	825	36	79124.36	70.37
27	8	741	58	10	829	19	73694.65	65.26
27	8	741	58	10	834	5	66174.67	56.59
27	8	741	58	10	838	25	71644.2	64.03
27	8	741	58	10	840	21	76735.66	68.07
27	8	741	58	10	842	43	71238.6	61.41
27	8	741	58	11	847	1	201501.45	170.24
27	8	741	58	12	881	1	127174.7	101.34
27	8	741	58	12	895	91	137851.61	111.18
27	8	741	58	12	902	39	135739.57	109.0
27	8	741	58	12	913	18	130981.86	105.67
27	8	741	58	12	931	11	136507.56	111.81
27	8	741	58	12	933	16	124972.63	98.73
27	8	741	58	13	1134	25	81428.71	64.86
27	8	741	58	13	1136	88	82686.64	66.57
27	8	741	58	13	957	1	84690.21	73.02
27	8	741	58	13	964	63	81723.16	73.97
27	8	741	58	13	967	18	82155.03	74.41
27	8	741	58	13	971	13	84190.8	71.28
27	8	741	58	13	972	28	92540.43	76.96
27	8	741	58	13	980	24	82638.28	68.51
27	8	741	58	13	982	17	86543.54	70.53
27	8	741	58	13	984	27	81935.86	65.82
27	8	741	58	13	985	16	76338.05	60.5
27	8	741	58	13	986	80	74600.79	59.97
27	8	741	58	13	987	62	76018.6	60.31
27	8	741	58	14	1002	1	88485.81	74.56
27	8	741	58	14	1018	6	93886.32	80.08
27	8	741	58	14	1020	5	91785.03	77.59
27	8	741	58	14	1021	20	87360.38	72.52
27	8	741	58	14	1022	27	85640.42	71.02
27	8	741	58	14	1023	21	87001.34	72.21
27	8	741	58	14	1025	24	82237.77	68.6
27	8	741	58	14	1027	19	81035.64	68.3
27	8	741	58	14	1029	14	80741.54	67.72
27	8	741	58	15	1039	1	112064.0	108.79
27	8	741	58	15	1053	60	132611.53	123.52
27	8	741	58	16	1074	1	95857.35	102.25
27	8	741	58	16	1082	17	82671.97	88.36
27	8	741	58	17	1092	1	286342.33	220.6
27	8	741	58	2	100	13	61111.66	52.27
27	8	741	58	2	110	34	45573.44	39.3
27	8	741	58	2	114	29	78549.8	57.36
27	8	741	58	2	118	3	49352.83	41.41
27	8	741	58	2	120	30	44109.81	39.0
27	8	741	58	2	128	61	50249.76	42.72
27	8	741	58	2	130	123	39565.7	34.73
27	8	741	58	2	132	25	36882.92	33.03
27	8	741	58	2	134	4	40369.15	34.04
27	8	741	58	2	142	117	37036.55	31.41
27	8	741	58	2	144	96	32196.07	29.47
27	8	741	58	2	148	90	30666.06	26.63
27	8	741	58	2	149	82	43918.89	37.29
27	8	741	58	2	152	51	35138.68	30.44
27	8	741	58	2	154	10	26951.47	23.84
27	8	741	58	2	155	24	27206.88	25.18
27	8	741	58	2	157	73	29675.2	25.7
27	8	741	58	2	163	87	18603.65	16.3
27	8	741	58	2	74	1	32570.35	29.56
27	8	741	58	2	93	22	98982.96	75.41
27	8	741	58	3	173	1	156150.66	129.58
27	8	741	58	3	196	4	130471.74	103.55
27	8	741	58	3	208	15	116704.24	101.77
27	8	741	58	3	210	61	124249.96	112.19
27	8	741	58	3	213	35	131525.23	106.94
27	8	741	58	3	223	56	122611.94	99.98
27	8	741	58	4	1148	19	83401.49	67.02
27	8	741	58	4	321	1	77047.01	61.88
27	8	741	58	4	422	183	109907.41	89.36
27	8	741	58	4	423	170	102997.26	88.1
27	8	741	58	4	425	62	107245.1	93.93
27	8	741	58	4	426	61	106058.86	94.27
27	8	741	58	4	428	176	95420.75	78.14
27	8	741	58	4	433	214	94268.69	75.84
27	8	741	58	4	440	251	93297.22	74.84
27	8	741	58	4	443	258	89872.65	72.32
27	8	741	58	4	445	134	84991.67	68.47
27	8	741	58	4	452	35	75542.87	60.57
27	8	741	58	4	453	87	73541.78	57.75
27	8	741	58	4	458	122	65509.42	51.2
27	8	741	58	4	463	98	62075.06	48.8
27	8	741	58	4	464	34	65216.54	51.14
27	8	741	58	4	465	33	68454.75	54.49
27	8	741	58	4	467	65	67212.5	55.71
27	8	741	58	4	470	111	75261.52	59.3
27	8	741	58	4	476	66	61456.81	50.01
27	8	741	58	4	477	67	67228.84	56.01
27	8	741	58	4	479	112	78101.2	62.14
27	8	741	58	4	480	160	77977.66	62.44
27	8	741	58	4	484	146	83592.44	67.16
27	8	741	58	4	485	145	85147.69	68.77
27	8	741	58	4	486	206	86553.67	71.05
27	8	741	58	4	492	59	80953.95	65.59
27	8	741	58	4	494	56	79335.74	63.76
27	8	741	58	4	497	123	71610.93	56.91
27	8	741	58	4	500	264	88473.44	71.44
27	8	741	58	4	501	166	91700.49	77.91
27	8	741	58	4	506	317	85290.97	82.69
27	8	741	58	5	520	1	70450.7	60.2
27	8	741	58	5	538	16	81923.5	72.8
27	8	741	58	5	567	66	65470.16	60.35
27	8	741	58	5	570	52	80680.66	68.15
27	8	741	58	5	573	20	73157.96	62.1
27	8	741	58	5	576	42	65749.4	61.02
27	8	741	58	5	581	25	66954.21	61.85
27	8	741	58	5	586	2	59264.64	53.74
27	8	741	58	5	587	41	61599.83	55.96
27	8	741	58	5	589	17	77560.22	66.87
27	8	741	58	5	590	58	70003.16	59.71
27	8	741	58	5	592	39	76991.03	66.23
27	8	741	58	5	601	4	51929.59	46.66
27	8	741	58	5	602	59	68892.21	58.25
27	8	741	58	6	615	1	54031.0	46.63
27	8	741	58	6	621	32	52133.62	47.83
27	8	741	58	6	631	28	65775.36	58.59
27	8	741	58	6	640	142	44604.25	38.54
27	8	741	58	6	642	44	45721.08	39.49
27	8	741	58	6	645	7	49037.38	41.96
27	8	741	58	6	654	24	50822.49	42.29
27	8	741	58	6	656	23	64667.59	54.34
27	8	741	58	6	663	16	40448.07	33.35
27	8	741	58	7	670	1	220078.0	164.69
27	8	741	58	7	678	9	223346.39	164.81
27	8	741	58	8	687	1	13987.87	12.87
27	8	741	58	8	702	98	84373.29	57.39
27	8	741	58	8	719	107	21236.24	19.11
27	8	741	58	8	721	108	17696.3	16.68
27	8	741	58	8	722	109	23097.43	20.68
27	8	741	58	8	724	84	29334.45	24.35
27	8	741	58	8	727	110	13672.64	12.26
27	8	741	58	8	729	111	15399.73	13.48
27	8	741	58	8	731	91	13021.35	11.3
27	8	741	58	8	738	18	14205.76	13.08
27	8	741	58	8	747	47	10165.37	8.71
27	8	741	58	8	768	16	27935.77	22.61
27	8	741	58	9	783	1	117994.86	100.79
27	8	747	47	1	15	74	289518.8	221.89
27	8	747	47	1	6	1	256035.8	194.03
27	8	747	47	10	811	1	67296.74	61.8
27	8	747	47	10	822	23	74131.55	67.34
27	8	747	47	10	823	3	70396.67	62.93
27	8	747	47	10	825	36	71440.15	64.15
27	8	747	47	10	829	19	66010.44	59.04
27	8	747	47	10	834	5	58490.46	50.38
27	8	747	47	10	838	25	63959.99	57.82
27	8	747	47	10	840	21	69051.45	61.85
27	8	747	47	10	842	43	63554.39	55.19
27	8	747	47	11	847	1	193817.24	164.03
27	8	747	47	12	881	1	119490.49	95.12
27	8	747	47	12	895	91	130167.4	104.96
27	8	747	47	12	902	39	128055.36	102.78
27	8	747	47	12	913	18	123297.64	99.45
27	8	747	47	12	931	11	128823.35	105.59
27	8	747	47	12	933	16	117288.41	92.51
27	8	747	47	13	1134	25	73744.5	58.64
27	8	747	47	13	1136	88	75002.43	60.35
27	8	747	47	13	957	1	77006.0	66.81
27	8	747	47	13	964	63	74038.95	67.76
27	8	747	47	13	967	18	74470.82	68.19
27	8	747	47	13	971	13	76506.59	65.06
27	8	747	47	13	972	28	84856.21	70.74
27	8	747	47	13	980	24	74954.07	62.3
27	8	747	47	13	982	17	78859.33	64.31
27	8	747	47	13	984	27	74251.65	59.6
27	8	747	47	13	985	16	68653.83	54.29
27	8	747	47	13	986	80	66916.58	53.76
27	8	747	47	13	987	62	68334.38	54.1
27	8	747	47	14	1002	1	80054.86	68.76
27	8	747	47	14	1018	6	85455.38	74.27
27	8	747	47	14	1020	5	83354.08	71.78
27	8	747	47	14	1021	20	78929.43	66.71
27	8	747	47	14	1022	27	77209.47	65.21
27	8	747	47	14	1023	21	78570.4	66.4
27	8	747	47	14	1025	24	73806.82	62.79
27	8	747	47	14	1027	19	72604.7	62.5
27	8	747	47	14	1029	14	72310.6	61.91
27	8	747	47	15	1039	1	101898.63	100.09
27	8	747	47	15	1053	60	122446.17	114.81
27	8	747	47	16	1074	1	85691.98	93.54
27	8	747	47	16	1082	17	72506.6	79.65
27	8	747	47	17	1092	1	278658.12	214.39
27	8	747	47	2	100	13	68964.08	56.87
27	8	747	47	2	110	34	53425.86	43.9
27	8	747	47	2	114	29	83810.08	59.83
27	8	747	47	2	118	3	59207.49	48.34
27	8	747	47	2	120	30	45711.34	37.48
27	8	747	47	2	128	61	62135.81	49.97
27	8	747	47	2	130	123	36507.82	32.11
27	8	747	47	2	132	25	38484.45	31.51
27	8	747	47	2	134	4	45228.33	37.07
27	8	747	47	2	142	117	46891.21	38.34
27	8	747	47	2	144	96	33797.6	27.95
27	8	747	47	2	148	90	27608.18	24.01
27	8	747	47	2	149	82	35487.94	31.48
27	8	747	47	2	152	51	26707.73	24.63
27	8	747	47	2	154	10	23893.59	21.22
27	8	747	47	2	155	24	28808.41	23.66
27	8	747	47	2	157	73	35551.62	28.89
27	8	747	47	2	163	87	27742.58	24.13
27	8	747	47	2	74	1	25822.19	24.86
27	8	747	47	2	93	22	104243.24	77.88
27	8	747	47	3	173	1	148466.45	123.36
27	8	747	47	3	196	4	122787.53	97.34
27	8	747	47	3	208	15	108273.29	95.96
27	8	747	47	3	210	61	115819.02	106.38
27	8	747	47	3	213	35	123841.02	100.72
27	8	747	47	3	223	56	114927.73	93.77
27	8	747	47	4	1148	19	75717.27	60.81
27	8	747	47	4	321	1	69362.8	55.66
27	8	747	47	4	422	183	102223.19	83.14
27	8	747	47	4	423	170	95313.05	81.89
27	8	747	47	4	425	62	99560.89	87.72
27	8	747	47	4	426	61	98374.65	88.05
27	8	747	47	4	428	176	87736.54	71.92
27	8	747	47	4	433	214	86584.48	69.62
27	8	747	47	4	440	251	85613.0	68.62
27	8	747	47	4	443	258	82188.44	66.1
27	8	747	47	4	445	134	77307.46	62.26
27	8	747	47	4	452	35	67858.66	54.36
27	8	747	47	4	453	87	65857.56	51.54
27	8	747	47	4	458	122	57825.21	44.99
27	8	747	47	4	463	98	54390.85	42.59
27	8	747	47	4	464	34	57532.32	44.93
27	8	747	47	4	465	33	60770.54	48.28
27	8	747	47	4	467	65	59528.29	49.5
27	8	747	47	4	470	111	67577.3	53.09
27	8	747	47	4	476	66	53772.6	43.79
27	8	747	47	4	477	67	59544.63	49.8
27	8	747	47	4	479	112	70416.99	55.93
27	8	747	47	4	480	160	70293.45	56.23
27	8	747	47	4	484	146	75908.22	60.95
27	8	747	47	4	485	145	77463.48	62.55
27	8	747	47	4	486	206	78869.46	64.83
27	8	747	47	4	492	59	64225.78	57.3
27	8	747	47	4	494	56	62607.58	55.48
27	8	747	47	4	497	123	54882.77	48.63
27	8	747	47	4	500	264	80789.23	65.22
27	8	747	47	4	501	166	84016.28	71.69
27	8	747	47	4	506	317	75125.6	73.98
27	8	747	47	5	520	1	62019.76	54.4
27	8	747	47	5	538	16	77699.19	70.27
27	8	747	47	5	567	66	62412.28	57.73
27	8	747	47	5	570	52	72249.71	62.34
27	8	747	47	5	573	20	64727.02	56.29
27	8	747	47	5	576	42	62691.52	58.4
27	8	747	47	5	581	25	65304.35	56.29
27	8	747	47	5	586	2	56206.75	51.12
27	8	747	47	5	587	41	58541.95	53.34
27	8	747	47	5	589	17	69129.28	61.07
27	8	747	47	5	590	58	61572.22	53.9
27	8	747	47	5	592	39	68560.09	60.43
27	8	747	47	5	601	4	48871.71	44.04
27	8	747	47	5	602	59	60461.26	52.44
27	8	747	47	6	615	1	46346.79	40.41
27	8	747	47	6	621	32	49075.74	45.21
27	8	747	47	6	631	28	58091.15	52.38
27	8	747	47	6	640	142	36173.3	32.73
27	8	747	47	6	642	44	37290.14	33.68
27	8	747	47	6	645	7	40606.43	36.16
27	8	747	47	6	654	24	43138.28	36.07
27	8	747	47	6	656	23	56983.37	48.12
27	8	747	47	6	663	16	32763.85	27.13
27	8	747	47	7	670	1	212393.79	158.47
27	8	747	47	7	678	9	215662.18	158.59
27	8	747	47	8	687	1	3822.5	4.16
27	8	747	47	8	702	98	89633.58	59.86
27	8	747	47	8	719	107	18178.35	16.49
27	8	747	47	8	721	108	24361.7	21.23
27	8	747	47	8	722	109	32236.36	28.51
27	8	747	47	8	724	84	21650.24	18.13
27	8	747	47	8	727	110	19340.24	17.21
27	8	747	47	8	729	111	12341.85	10.86
27	8	747	47	8	731	91	22160.28	19.13
27	8	747	47	8	738	18	11147.88	10.46
27	8	747	47	8	741	58	10165.37	8.71
27	8	747	47	8	768	16	21721.39	17.04
27	8	747	47	9	783	1	96514.75	93.52
27	8	768	16	1	15	74	309144.35	237.24
27	8	768	16	1	6	1	275661.34	209.39
27	8	768	16	10	811	1	86922.28	77.16
27	8	768	16	10	822	23	93757.09	82.7
27	8	768	16	10	823	3	90022.22	78.29
27	8	768	16	10	825	36	91065.69	79.51
27	8	768	16	10	829	19	85635.98	74.4
27	8	768	16	10	834	5	78116.0	65.74
27	8	768	16	10	838	25	83585.53	73.18
27	8	768	16	10	840	21	88676.99	77.21
27	8	768	16	10	842	43	83179.93	70.55
27	8	768	16	11	847	1	213442.78	179.38
27	8	768	16	12	881	1	139116.03	110.48
27	8	768	16	12	895	91	149792.94	120.32
27	8	768	16	12	902	39	147680.9	118.14
27	8	768	16	12	913	18	142923.19	114.81
27	8	768	16	12	931	11	148448.89	120.95
27	8	768	16	12	933	16	136913.96	107.87
27	8	768	16	13	1134	25	93370.04	74.0
27	8	768	16	13	1136	88	94627.97	75.71
27	8	768	16	13	957	1	96631.54	82.16
27	8	768	16	13	964	63	93664.49	83.12
27	8	768	16	13	967	18	94096.36	83.55
27	8	768	16	13	971	13	96132.13	80.42
27	8	768	16	13	972	28	104481.76	86.1
27	8	768	16	13	980	24	94579.61	77.66
27	8	768	16	13	982	17	98484.87	79.67
27	8	768	16	13	984	27	93877.19	74.96
27	8	768	16	13	985	16	88279.38	69.64
27	8	768	16	13	986	80	86542.12	69.12
27	8	768	16	13	987	62	87959.92	69.46
27	8	768	16	14	1002	1	99680.41	84.12
27	8	768	16	14	1018	6	105080.92	89.63
27	8	768	16	14	1020	5	102979.63	87.14
27	8	768	16	14	1021	20	98554.97	82.07
27	8	768	16	14	1022	27	96835.01	80.57
27	8	768	16	14	1023	21	98195.94	81.76
27	8	768	16	14	1025	24	93432.36	78.15
27	8	768	16	14	1027	19	92230.24	77.86
27	8	768	16	14	1029	14	91936.14	77.27
27	8	768	16	15	1039	1	119516.11	113.44
27	8	768	16	15	1053	60	140063.65	128.16
27	8	768	16	16	1074	1	103309.47	106.89
27	8	768	16	16	1082	17	90124.08	93.0
27	8	768	16	17	1092	1	298283.66	229.74
27	8	768	16	2	100	13	88448.25	73.14
27	8	768	16	2	110	34	72910.02	60.17
27	8	768	16	2	114	29	103294.24	76.1
27	8	768	16	2	118	3	76163.41	63.06
27	8	768	16	2	120	30	65195.5	53.75
27	8	768	16	2	128	61	77060.34	64.36
27	8	768	16	2	130	123	55991.98	48.38
27	8	768	16	2	132	25	57968.62	47.78
27	8	768	16	2	134	4	64712.49	53.35
27	8	768	16	2	142	117	63847.13	53.06
27	8	768	16	2	144	96	53281.76	44.22
27	8	768	16	2	148	90	47092.34	40.28
27	8	768	16	2	149	82	55113.48	46.84
27	8	768	16	2	152	51	46333.27	39.99
27	8	768	16	2	154	10	43377.75	37.49
27	8	768	16	2	155	24	48292.58	39.93
27	8	768	16	2	157	73	55035.79	45.16
27	8	768	16	2	163	87	45414.22	37.94
27	8	768	16	2	74	1	45447.73	40.22
27	8	768	16	2	93	22	123727.4	94.15
27	8	768	16	3	173	1	168091.99	138.72
27	8	768	16	3	196	4	142413.07	112.69
27	8	768	16	3	208	15	127898.83	111.32
27	8	768	16	3	210	61	135444.56	121.74
27	8	768	16	3	213	35	143466.56	116.08
27	8	768	16	3	223	56	134553.27	109.13
27	8	768	16	4	1148	19	95342.82	76.17
27	8	768	16	4	321	1	88988.34	71.02
27	8	768	16	4	422	183	121848.74	98.5
27	8	768	16	4	423	170	114938.59	97.24
27	8	768	16	4	425	62	119186.43	103.08
27	8	768	16	4	426	61	118000.19	103.41
27	8	768	16	4	428	176	107362.08	87.28
27	8	768	16	4	433	214	106210.02	84.98
27	8	768	16	4	440	251	105238.55	83.98
27	8	768	16	4	443	258	101813.98	81.46
27	8	768	16	4	445	134	96933.0	77.61
27	8	768	16	4	452	35	87484.2	69.72
27	8	768	16	4	453	87	85483.1	66.9
27	8	768	16	4	458	122	77450.75	60.34
27	8	768	16	4	463	98	74016.39	57.95
27	8	768	16	4	464	34	77157.87	60.29
27	8	768	16	4	465	33	80396.08	63.64
27	8	768	16	4	467	65	79153.83	64.85
27	8	768	16	4	470	111	87202.84	68.45
27	8	768	16	4	476	66	73398.14	59.15
27	8	768	16	4	477	67	79170.17	65.16
27	8	768	16	4	479	112	84731.08	70.76
27	8	768	16	4	480	160	84000.35	69.96
27	8	768	16	4	484	146	95533.77	76.31
27	8	768	16	4	485	145	97089.02	77.91
27	8	768	16	4	486	206	98495.0	80.19
27	8	768	16	4	492	59	81843.27	70.66
27	8	768	16	4	494	56	80225.06	68.83
27	8	768	16	4	497	123	72500.25	61.98
27	8	768	16	4	500	264	100414.77	80.58
27	8	768	16	4	501	166	103641.82	87.05
27	8	768	16	4	506	317	92743.09	87.34
27	8	768	16	5	520	1	81645.3	69.76
27	8	768	16	5	538	16	97183.35	86.54
27	8	768	16	5	567	66	81896.44	74.0
27	8	768	16	5	570	52	91875.26	77.7
27	8	768	16	5	573	20	84352.56	71.65
27	8	768	16	5	576	42	82175.68	74.68
27	8	768	16	5	581	25	84929.89	71.64
27	8	768	16	5	586	2	75690.92	67.39
27	8	768	16	5	587	41	78026.11	69.62
27	8	768	16	5	589	17	88754.82	76.43
27	8	768	16	5	590	58	81197.76	69.26
27	8	768	16	5	592	39	88185.63	75.79
27	8	768	16	5	601	4	68355.87	60.32
27	8	768	16	5	602	59	80086.81	67.8
27	8	768	16	6	615	1	65972.33	55.77
27	8	768	16	6	621	32	68582.63	60.89
27	8	768	16	6	631	28	77716.69	67.74
27	8	768	16	6	640	142	55798.84	48.09
27	8	768	16	6	642	44	56915.68	49.04
27	8	768	16	6	645	7	60231.97	51.51
27	8	768	16	6	654	24	62763.82	51.43
27	8	768	16	6	656	23	76608.92	63.48
27	8	768	16	6	663	16	52389.4	42.49
27	8	768	16	7	670	1	232019.33	173.83
27	8	768	16	7	678	9	235287.72	173.95
27	8	768	16	8	687	1	23448.04	19.52
27	8	768	16	8	702	98	109117.74	76.13
27	8	768	16	8	719	107	37662.51	32.76
27	8	768	16	8	721	108	43845.87	37.5
27	8	768	16	8	722	109	49908.01	42.33
27	8	768	16	8	724	84	41275.78	33.49
27	8	768	16	8	727	110	38824.4	33.48
27	8	768	16	8	729	111	31826.01	27.13
27	8	768	16	8	731	91	39831.93	32.95
27	8	768	16	8	738	18	30632.04	26.73
27	8	768	16	8	741	58	27935.41	22.61
27	8	768	16	8	747	47	21721.03	17.04
27	8	768	16	9	783	1	114132.23	106.87
27	9	783	1	1	15	74	198468.92	151.84
27	9	783	1	1	6	1	164985.91	123.99
27	9	783	1	10	811	1	86407.56	73.19
27	9	783	1	10	822	23	93795.64	78.85
27	9	783	1	10	823	3	95721.12	81.61
27	9	783	1	10	825	36	90248.0	75.69
27	9	783	1	10	829	19	94635.62	80.61
27	9	783	1	10	834	5	87634.27	76.69
27	9	783	1	10	838	25	89635.05	76.93
27	9	783	1	10	840	21	81552.99	68.34
27	9	783	1	10	842	43	88049.1	76.13
27	9	783	1	11	847	1	109627.62	100.09
27	9	783	1	12	881	1	28440.6	25.08
27	9	783	1	12	895	91	45977.78	41.03
27	9	783	1	12	902	39	43865.74	38.85
27	9	783	1	12	913	18	37651.92	34.13
27	9	783	1	12	931	11	41869.61	37.63
27	9	783	1	12	933	16	26238.53	22.47
27	9	783	1	13	1134	25	53226.63	51.89
27	9	783	1	13	1136	88	62375.77	51.12
27	9	783	1	13	957	1	79279.92	66.62
27	9	783	1	13	964	63	83819.37	69.52
27	9	783	1	13	967	18	83387.5	69.09
27	9	783	1	13	971	13	78780.51	64.88
27	9	783	1	13	972	28	74076.05	60.51
27	9	783	1	13	980	24	66430.92	54.37
27	9	783	1	13	982	17	67710.67	56.21
27	9	783	1	13	984	27	59431.02	48.14
27	9	783	1	13	985	16	48135.97	47.53
27	9	783	1	13	986	80	48025.16	48.69
27	9	783	1	13	987	62	47816.51	47.35
27	9	783	1	14	1002	1	116787.76	100.23
27	9	783	1	14	1018	6	122188.27	105.74
27	9	783	1	14	1020	5	120086.98	103.25
27	9	783	1	14	1021	20	115662.33	98.18
27	9	783	1	14	1022	27	113942.37	96.69
27	9	783	1	14	1023	21	113802.57	97.84
27	9	783	1	14	1025	24	110539.72	94.27
27	9	783	1	14	1027	19	109143.63	93.88
27	9	783	1	14	1029	14	109043.49	93.38
27	9	783	1	15	1039	1	16774.4	14.93
27	9	783	1	15	1053	60	37321.94	29.65
27	9	783	1	16	1074	1	33034.35	27.81
27	9	783	1	16	1082	17	44286.51	38.76
27	9	783	1	17	1092	1	187608.23	144.34
27	9	783	1	2	100	13	146050.33	122.73
27	9	783	1	2	110	34	130512.11	109.76
27	9	783	1	2	114	29	160896.32	125.69
27	9	783	1	2	118	3	136293.74	114.21
27	9	783	1	2	120	30	122797.58	103.35
27	9	783	1	2	128	61	139222.05	115.84
27	9	783	1	2	130	123	111549.2	96.31
27	9	783	1	2	132	25	115570.7	97.38
27	9	783	1	2	134	4	122314.57	102.94
27	9	783	1	2	142	117	123977.46	104.21
27	9	783	1	2	144	96	110883.84	93.81
27	9	783	1	2	148	90	102649.56	88.21
27	9	783	1	2	149	82	101644.59	87.23
27	9	783	1	2	152	51	92864.38	80.38
27	9	783	1	2	154	10	98934.98	85.42
27	9	783	1	2	155	24	105894.66	89.53
27	9	783	1	2	157	73	112637.87	94.75
27	9	783	1	2	163	87	112910.75	93.86
27	9	783	1	2	74	1	93637.67	84.02
27	9	783	1	2	93	22	181329.48	143.75
27	9	783	1	3	173	1	129452.62	108.12
27	9	783	1	3	196	4	103773.7	82.1
27	9	783	1	3	208	15	116476.08	102.66
27	9	783	1	3	210	61	110261.65	93.57
27	9	783	1	3	213	35	104827.19	85.49
27	9	783	1	3	223	56	95913.9	78.53
27	9	783	1	4	1148	19	60879.87	49.33
27	9	783	1	4	321	1	42449.25	42.99
27	9	783	1	4	422	183	83209.37	67.9
27	9	783	1	4	423	170	76299.22	66.65
27	9	783	1	4	425	62	80547.06	72.48
27	9	783	1	4	426	61	79360.82	72.82
27	9	783	1	4	428	176	68722.71	56.68
27	9	783	1	4	433	214	67570.65	54.38
27	9	783	1	4	440	251	66599.17	53.38
27	9	783	1	4	443	258	63174.61	50.86
27	9	783	1	4	445	134	58293.63	47.02
27	9	783	1	4	452	35	50009.72	50.71
27	9	783	1	4	453	87	48483.71	46.81
27	9	783	1	4	458	122	55776.92	54.64
27	9	783	1	4	463	98	64117.15	58.98
27	9	783	1	4	464	34	54636.05	53.24
27	9	783	1	4	465	33	51397.84	49.89
27	9	783	1	4	467	65	56945.6	54.74
27	9	783	1	4	470	111	45670.93	43.76
27	9	783	1	4	476	66	61691.79	58.58
27	9	783	1	4	477	67	56149.97	53.36
27	9	783	1	4	479	112	48510.62	46.6
27	9	783	1	4	480	160	49241.35	47.4
27	9	783	1	4	484	146	33716.15	34.98
27	9	783	1	4	485	145	32255.11	33.57
27	9	783	1	4	486	206	33155.64	36.01
27	9	783	1	4	492	59	52564.67	50.46
27	9	783	1	4	494	56	52798.15	51.07
27	9	783	1	4	497	123	50019.85	56.02
27	9	783	1	4	500	264	32754.23	34.71
27	9	783	1	4	501	166	27739.34	28.21
27	9	783	1	4	506	317	29704.63	27.8
27	9	783	1	5	520	1	100440.78	88.87
27	9	783	1	5	538	16	124691.12	108.25
27	9	783	1	5	567	66	111900.65	99.03
27	9	783	1	5	570	52	102463.56	86.15
27	9	783	1	5	573	20	98802.72	86.57
27	9	783	1	5	576	42	107122.79	94.17
27	9	783	1	5	581	25	103725.37	90.76
27	9	783	1	5	586	2	113327.67	101.28
27	9	783	1	5	587	41	107066.29	94.6
27	9	783	1	5	589	17	97962.13	84.07
27	9	783	1	5	590	58	102178.7	89.87
27	9	783	1	5	592	39	99354.2	85.53
27	9	783	1	5	601	4	110339.46	98.21
27	9	783	1	5	602	59	103045.1	90.9
27	9	783	1	6	615	1	76585.8	69.65
27	9	783	1	6	621	32	105942.88	94.67
27	9	783	1	6	631	28	85768.36	78.01
27	9	783	1	6	640	142	96824.64	86.53
27	9	783	1	6	642	44	95375.36	84.92
27	9	783	1	6	645	7	95632.19	84.98
27	9	783	1	6	654	24	79306.22	72.24
27	9	783	1	6	656	23	79252.02	71.0
27	9	783	1	6	663	16	80143.67	72.08
27	9	783	1	7	670	1	121343.9	88.43
27	9	783	1	7	678	9	124612.3	88.55
27	9	783	1	8	687	1	94745.62	92.9
27	9	783	1	8	702	98	166719.82	125.72
27	9	783	1	8	719	107	102022.31	88.27
27	9	783	1	8	721	108	107460.81	90.64
27	9	783	1	8	722	109	115743.27	95.66
27	9	783	1	8	724	84	93719.2	82.63
27	9	783	1	8	727	110	111484.85	94.98
27	9	783	1	8	729	111	106427.62	91.43
27	9	783	1	8	731	91	118570.98	98.62
27	9	783	1	8	738	18	103079.84	88.56
27	9	783	1	8	741	58	116679.97	100.0
27	9	783	1	8	747	47	96516.2	93.66
27	9	783	1	8	768	16	114134.05	107.02