# id_origen id_destino perimetro_compartido
10 11 368.67
10 12 553.97
10 7 206.84
10 8 541.58
10 9 675.11
100 105 611.69
100 106 1429.87
100 107 4995.50
100 92 1493.85
100 95 3098.23
100 96 110.56
100 97 188.90
100 98 2582.29
100 99 1617.34
1000 1001 9789.97
1000 1004 10052.79
1000 1264 6444.42
1000 670 7289.15
1000 680 4037.55
1000 681 2260.96
1000 999 6034.66
1001 1002 5211.47
1001 1003 4207.29
1001 1264 6836.53
1001 680 3965.39
1002 1003 7887.44
1002 677 2828.80
1002 678 5627.44
1002 680 21763.56
1002 915 5634.45
1002 996 7701.19
1003 1264 6886.11
1003 915 20653.55
1004 1005 2317.97
1004 1264 7075.60
1004 999 444.16
1005 1006 6241.39
1005 1007 4049.45
1005 1264 5277.98
1005 990 905.87
1005 995 1340.35
1005 999 5412.01
1006 1007 5736.01
1006 623 7886.96
1006 624 133.06
1006 992 2656.84
1006 993 726.07
1006 995 557.17
1006 997 1392.08
1006 998 5158.41
1007 1264 9700.12
1007 382 3706.92
1007 623 11887.62
1007 626 1804.74
1007 914 8645.68
1007 919 212.47
1008 1009 1786.81
1008 1010 28.60
1008 1011 20272.13
1008 1012 92.62
1008 1013 1671.63
1008 1017 23983.84
1008 1020 4640.22
1009 1010 1031.22
1009 1011 952.91
101 102 8092.68
101 103 10106.60
101 104 8435.52
101 105 11886.77
101 230 6577.81
101 233 13135.60
101 659 8044.44
101 660 406.48
1010 1011 3739.46
1010 1012 366.49
1011 1012 345.30
1011 1014 5443.28
1011 1017 1850.74
1011 1023 6620.60
1011 1024 21085.26
1011 1854 12706.81
1011 314 4863.73
1011 315 8642.10
1012 1013 1008.59
1012 1014 331.07
1013 1014 602.91
1013 1020 3170.41
1014 1020 5110.24
1014 1021 2984.04
1014 1022 5353.70
1014 1023 4900.82
1015 1016 4726.99
1015 1017 18016.38
1015 1018 16008.83
1015 1523 20321.41
1015 1524 5915.36
1015 1854 3900.36
1015 1855 6970.26
1016 1018 2154.80
1017 1018 5232.75
1017 1019 10052.31
1017 1020 5747.16
1017 1854 10816.05
1018 1019 14016.39
1018 1524 2892.99
1018 1526 8078.59
1019 1020 4447.37
1019 1021 12931.59
102 105 10506.73
102 108 19157.62
102 1895 6951.30
102 660 10358.52
102 661 9176.68
102 92 8242.46
1020 1021 11346.72
1021 1022 17145.67
1021 1028 5137.61
1022 1023 5282.06
1022 1024 4214.90
1022 1025 5359.06
1022 1027 8200.52
1022 1028 4899.13
1023 1024 6327.36
1024 1025 18409.47
1024 1031 17329.22
1024 315 16174.67
1025 1026 5958.26
1025 1027 2435.93
1025 1030 1550.67
1025 1031 14881.26
1025 1033 440.23
1026 1027 5020.56
1027 1028 9423.91
1027 1030 4533.99
1028 1029 10726.71
1028 1030 6157.94
1029 1030 7564.51
1029 710 17035.41
103 104 1191.24
103 105 5933.64
1030 1031 4424.16
1030 1032 6973.03
1030 1033 6452.11
1030 709 1935.19
1030 710 1262.87
1031 1032 15191.19
1031 1033 4108.22
1031 315 5838.90
1031 316 7258.42
1031 705 22903.06
1031 706 6230.27
1032 705 1074.44
1032 707 5710.31
1032 709 7948.21
1034 1036 11335.88
1034 1037 11285.72
1034 1038 4111.77
1034 1202 10097.38
1034 1203 802.03
1035 1036 9088.91
1035 1038 5056.86
1035 113 480.23
1035 539 5110.97
1035 761 4035.91
1036 1038 1553.83
1036 1201 2809.88
1036 1202 775.80
1036 539 1321.10
1037 1038 1201.04
1037 1203 1514.02
1037 795 5810.12
1037 796 4219.99
1037 797 2522.49
1038 760 4930.41
1038 761 1267.69
1038 787 3771.01
1038 796 2584.41
1039 1040 747.64
1039 1041 1333.53
1039 1047 2483.44
104 105 11742.13
104 106 6984.92
104 110 3496.68
104 111 12837.62
104 112 1184.56
1040 1041 791.83
1040 1047 1467.56
1041 1047 4067.09
1042 1043 5707.85
1042 1044 8071.46
1042 1045 8980.75
1042 50 2385.67
1042 52 3602.30
1042 53 5027.97
1042 620 12243.99
1043 1044 8384.39
1043 1048 4635.69
1043 1210 843.65
1043 52 5585.05
1043 559 5216.11
1043 560 3858.66
1044 1045 7524.05
1044 1046 1832.00
1044 1047 6715.18
1044 1048 4461.10
1045 1046 6492.34
1045 1049 1980.70
1045 1051 620.05
1045 1410 8344.14
1045 618 824.55
1045 620 3737.39
1046 1047 9603.55
1046 1051 7467.00
1046 664 1054.41
1047 1048 5534.28
1047 1213 4065.10
1047 662 8702.51
1047 664 7766.76
1048 1210 6454.34
1048 1213 11298.34
1049 1050 3624.42
1049 1051 10180.35
1049 1409 1280.85
1049 1410 6533.94
1049 985 1277.24
1049 989 5169.39
105 106 6706.57
105 88 3065.99
105 92 667.71
105 98 2241.65
1050 1051 941.32
1051 148 1703.68
1051 664 4720.29
1051 988 8294.53
1052 1053 997.06
1052 1056 625.45
1052 1065 1639.49
1052 1066 971.67
1052 1069 1094.54
1052 2087 886.42
1053 1054 391.51
1053 1065 590.82
1054 1055 272.67
1054 1056 407.00
1054 1065 411.34
1055 1056 262.79
1055 1061 600.27
1055 1065 314.99
1056 1058 106.16
1056 1061 416.28
1056 2087 142.94
1058 1059 653.55
1058 1060 679.51
1058 1061 39.14
1058 1062 239.87
1058 2087 942.28
1059 1060 535.42
1059 1061 470.74
106 107 758.24
106 109 12385.01
106 110 575.98
1060 1061 706.19
1060 1062 979.93
1060 1069 65.75
1061 1065 711.68
1061 1069 1007.58
1062 1069 3018.65
1062 2087 577.62
1062 2088 870.90
1063 1064 8210.13
1063 1067 6226.87
1064 1065 10960.76
1064 1067 5405.43
1065 1066 5255.59
1065 1067 3422.90
1065 1069 4500.24
1066 1069 5080.00
1067 1068 18142.24
1067 1069 5000.22
1068 1069 10079.09
1068 672 22559.42
1068 673 809.32
1068 678 1960.59
1069 2086 3819.10
1069 2087 714.60
1069 2088 693.50
1069 673 9741.30
1069 674 13164.16
107 108 5094.50
107 109 29371.34
107 1503 12582.85
107 1506 4663.47
107 1508 12934.67
107 92 3656.27
1070 1071 1426.78
1070 1072 80.14
1070 1073 887.15
1070 1074 57.21
1070 1078 614.73
1070 1079 3055.58
1071 1072 1088.52
1071 1079 6383.78
1071 1080 7810.27
1071 1796 2844.86
1071 1797 9723.02
1071 270 8769.76
1071 70 5401.24
1072 1073 317.89
1072 1075 365.39
1072 1076 829.06
1072 1080 339.22
1073 1074 702.47
1074 1075 324.55
1074 1077 76.87
1074 1078 1093.59
1075 1076 350.88
1075 1077 379.14
1076 1077 804.36
1076 1078 196.00
1076 1080 2992.20
1077 1078 355.77
1078 1079 2415.32
1078 1080 184.49
1078 1081 1518.99
1079 1081 8424.69
1079 1796 14798.03
1079 1798 7441.78
108 1503 382.47
108 1504 18425.71
108 92 6586.05
1080 1081 13171.59
1080 1228 2902.74
1080 270 5507.84
1080 271 11057.79
1080 275 7357.23
1081 1228 6966.13
1081 1798 4248.44
1081 1799 7196.09
1082 1088 3387.26
1083 1084 5900.98
1083 1085 2127.24
1083 1086 3344.36
1083 1472 5306.38
1084 1085 18926.60
1084 558 9086.48
1085 1086 10105.29
1085 1087 9245.34
1085 1473 3211.83
1085 558 2658.72
1086 1472 4450.32
1086 1473 9389.64
1087 1088 12187.35
1087 558 207.00
1087 562 4754.72
1088 1089 11712.78
1088 1473 3925.72
1088 1474 6518.52
1088 1477 4278.34
1088 562 5130.07
1089 1090 4640.86
1089 1091 6282.14
1089 1477 2870.05
1089 1478 1136.98
1089 562 588.58
109 110 17510.46
1090 1091 6472.08
1090 1219 4157.34
1090 562 2712.29
1091 1219 2229.52
1091 1478 3472.28
1091 1485 3555.76
1092 1093 1085.70
1092 1094 2905.15
1092 1097 2801.81
1093 1094 3154.02
1093 1095 776.56
1093 1097 355.53
1094 1095 12850.95
1094 1096 11397.72
1094 953 10675.63
1095 1097 5741.37
1095 1098 16273.51
1095 953 7767.93
1095 957 4084.79
1095 958 13979.91
1096 1097 9147.40
1096 1467 12974.46
1096 1468 10039.36
1096 1469 5343.57
1097 1098 3147.95
1097 1099 14548.86
1097 1100 2175.94
1097 1469 9168.27
1098 1099 11422.34
1098 1102 3105.43
1098 1103 13644.38
1098 944 5325.95
1098 957 13565.57
1098 959 6768.07
1099 1100 8741.82
1099 1101 8949.04
11 12 269.06
11 13 1420.51
11 7 981.73
110 111 17822.32
1100 1101 11657.47
1100 1468 2922.37
1100 1469 8438.07
1100 1470 5922.40
1100 1569 16134.24
1101 1102 15649.87
1101 1569 3001.19
1101 1570 6800.76
1102 1103 17067.68
1102 1109 4420.04
1102 1570 454.37
1102 1571 10878.85
1103 1104 4570.12
1103 1105 4737.93
1103 1109 5905.53
1103 959 4893.86
1104 1105 10427.81
1104 1108 2949.46
1104 1109 3474.69
1105 1106 9729.77
1105 1107 6189.54
1105 1108 5622.26
1105 2051 7374.71
1105 959 9475.00
1105 962 254.53
1106 1107 9439.09
1106 962 9369.58
1106 963 6877.05
1107 1108 7632.64
1107 1109 3297.02
1107 1110 6823.36
1107 1111 7074.32
1107 1112 6865.58
1107 963 3558.06
1107 970 4707.57
1108 1109 5854.95
1109 1110 5560.63
1109 1571 5335.80
1109 1579 3179.63
111 112 3325.29
1110 1111 7042.68
1110 1579 8990.32
1111 1112 8092.50
1111 1579 1783.81
1111 463 8638.85
1111 464 1225.25
1112 464 7347.63
1112 465 9890.73
1112 466 2805.70
1112 467 2551.63
1112 970 5173.66
1112 975 29258.73
1113 1114 1119.73
1113 1129 1423.82
1113 1130 475.57
1113 1152 2770.33
1113 2096 221.10
1113 2097 821.04
1114 1116 836.75
1114 1125 1392.12
1114 1126 369.52
1114 1152 1112.29
1114 2094 900.27
1114 2095 375.96
1114 2096 1217.55
1114 2098 322.96
1114 367 168.73
1116 1117 1204.26
1116 1118 260.89
1116 1124 453.62
1116 1125 796.10
1116 2095 1602.33
1117 1118 777.10
1117 1122 638.84
1117 1123 432.80
1117 1124 206.40
1118 1119 1100.19
1118 1121 255.75
1118 1122 406.50
1118 2095 1428.76
1119 1120 1723.28
1119 1121 1702.89
1119 1136 1074.35
1119 1153 1718.13
1119 2095 1322.10
1120 1121 2021.09
1120 1136 735.88
1120 1137 395.13
1121 1122 728.05
1121 1135 560.32
1121 1137 329.38
1122 1123 247.28
1122 1135 463.27
1123 1124 350.95
1123 1134 681.35
1123 1135 100.74
1124 1125 984.52
1124 1133 107.05
1124 1134 515.67
1124 1140 180.45
1125 1126 737.45
1125 1133 89.32
1126 1127 454.43
1126 1133 803.03
1126 2098 290.07
1127 1129 1310.78
1127 1131 516.22
1127 1132 991.71
1127 1133 262.54
1127 2097 70.84
1127 2098 625.84
1129 1130 710.83
1129 1131 614.74
1129 2097 386.38
113 114 3322.63
113 115 7035.71
113 539 12592.27
113 54 8799.46
113 761 6834.50
1130 1131 1411.00
1130 1152 6242.71
1130 1158 6490.17
1130 1918 1283.72
1130 1928 1576.36
1131 1142 704.13
1131 1143 1354.57
1131 1144 307.93
1131 1151 135.15
1131 1158 2466.88
1132 1133 876.67
1132 1140 31.98
1132 1141 591.06
1132 1142 850.58
1133 1140 431.73
1134 1135 339.06
1134 1139 170.25
1134 1140 357.74
1135 1138 438.03
1136 1137 995.55
1136 1148 1284.63
1136 1156 1828.76
1137 1138 470.08
1137 1148 126.00
1138 1139 680.13
1138 1147 191.15
1139 1140 468.61
1139 1146 147.85
1139 1147 262.98
114 115 8486.74
114 537 3122.54
114 538 3222.47
114 539 3151.33
114 64 4852.66
1140 1141 407.86
1140 1146 95.07
1141 1142 156.39
1141 1145 348.56
1141 1146 551.57
1142 1143 1184.38
1142 1144 581.08
1142 1145 391.84
1143 1144 2117.32
1144 1145 1309.48
1144 1151 1263.83
1145 1146 124.00
1145 1149 768.84
1145 1150 739.75
1145 1151 193.08
1146 1147 594.79
1146 1148 143.92
1146 1149 556.46
1147 1148 541.46
1148 1149 2006.96
1148 1156 1288.85
1149 1150 1764.68
1149 1157 841.79
115 54 619.32
115 64 3879.71
115 66 8805.95
1150 1151 1259.37
1150 1157 2238.50
1151 1157 3562.23
1152 1918 5246.06
1152 367 2647.15
1152 368 2244.64
1153 1156 4455.18
1153 2095 2529.07
1153 363 6756.81
1153 374 430.23
1154 1155 919.86
1154 365 1650.47
1154 374 1021.82
1154 568 4707.38
1154 576 2365.64
1155 1156 5775.50
1155 1160 6196.60
1155 374 3570.37
1155 576 7358.78
1156 1157 5644.39
1156 1160 2035.55
1156 374 4636.38
1157 1158 2573.03
1157 1159 10337.92
1157 1160 6123.86
1158 1159 9415.79
1158 1187 3424.78
1158 1928 5771.92
1159 1160 3482.15
1159 1187 5160.97
1159 1188 14345.20
1159 1459 17981.96
1159 2113 8942.17
116 124 1254.83
116 127 2438.88
1160 1161 3890.37
1160 1163 3007.97
1160 1459 6637.07
1160 1460 13668.47
1160 574 651.95
1160 576 2099.57
1161 1162 1001.48
1161 1163 8254.43
1161 576 7582.69
1162 1163 2094.85
1162 574 1473.03
1162 576 4237.41
1163 574 8141.96
1164 1461 4716.58
1164 380 4537.42
1164 574 2416.20
1164 70 11210.46
1165 1166 774.13
1165 1168 510.36
1165 1174 1446.98
1166 1167 787.47
1166 1168 1332.80
1166 1174 241.09
1167 1168 2281.69
1168 1173 2560.34
1168 1174 401.79
1168 1176 2284.25
1168 136 14517.86
1168 2089 9932.16
1169 1170 10671.35
1169 1172 12255.09
1169 138 6643.15
1169 330 3088.00
117 118 7930.97
117 1192 8637.74
117 125 4041.98
117 452 2660.65
117 453 5357.93
1170 1171 11209.77
1170 1172 3614.13
1170 329 5329.82
1170 330 8350.76
1170 436 719.49
1170 437 5775.77
1170 438 3489.39
1171 1172 143.55
1171 1173 14838.92
1171 436 561.95
1171 923 8419.39
1172 1173 4015.32
1172 1174 3037.17
1172 1175 2037.20
1172 138 9577.89
1172 141 8394.19
1173 1174 3331.52
1173 1602 2592.66
1173 2089 3528.36
1173 2090 10111.89
1173 923 3260.06
1173 924 7630.38
1174 1175 2680.21
1174 1176 1031.02
1175 1176 3819.88
1175 141 1430.60
1176 136 2732.16
1176 141 956.87
1178 1179 1255.31
1178 1186 965.24
1178 2102 675.58
1179 1186 1509.55
1179 2102 454.19
118 119 4475.94
118 120 486.00
118 125 5406.02
118 452 4145.76
1181 1182 3563.51
1181 1222 2081.99
1181 1225 5972.56
1181 2099 3942.07
1181 2101 3244.03
1181 487 4120.81
1181 984 1748.57
1182 1184 6386.49
1182 1186 3037.21
1182 2102 3894.86
1182 487 6032.26
1182 838 7947.66
1182 932 166.74
1183 1184 8098.68
1183 1439 274.68
1183 2100 5130.43
1183 2101 742.07
1183 389 3389.31
1184 1439 388.08
1184 1440 3277.57
1184 2101 3179.38
1184 2102 4673.44
1184 2103 2805.50
1186 2102 5009.41
1186 2103 3457.48
1186 927 1814.11
1186 929 5055.04
1186 930 4091.13
1186 931 3068.51
1186 932 7414.19
1187 1188 8080.51
1187 14 1765.51
1187 1926 3435.68
1187 1928 9098.36
1187 9 20587.43
1188 1530 2503.78
1188 2113 9158.58
1188 434 8712.55
1188 9 2249.86
1189 1190 7234.09
1189 1193 6779.41
1189 1199 3094.40
1189 1200 2195.23
1189 1204 711.55
1189 125 3139.30
1189 126 2416.98
119 120 3668.22
119 121 2412.35
119 122 1145.01
119 123 2635.77
119 124 6394.64
119 125 1643.94
1190 1200 1440.50
1190 1203 5428.99
1190 1204 6129.37
1191 1192 13214.07
1191 1193 1938.65
1191 1194 8782.56
1191 1195 4413.20
1191 1198 256.29
1191 2049 7691.65
1191 455 5384.15
1192 1193 18268.71
1192 125 1365.08
1192 453 1630.10
1192 454 3964.71
1193 1198 2663.27
1193 1199 7336.17
1193 125 1702.46
1194 1195 20248.77
1194 1198 9051.87
1195 1196 15096.04
1195 1198 5666.32
1195 1205 12043.48
1195 455 2923.76
1195 82 8918.80
1196 1197 23054.14
1196 1205 615.08
1196 4 4418.39
1196 492 7957.24
1196 82 5386.55
1197 4 8094.51
1197 706 13575.47
1197 82 11206.15
1198 1199 4226.88
1198 1205 12682.97
1199 1204 3683.53
12 13 915.99
12 19 1403.09
12 9 1812.51
120 121 4486.81
120 452 2913.68
1200 1201 4737.04
1200 1202 3666.03
1200 1203 3550.62
1200 126 2681.41
1200 127 1452.92
1200 537 7077.02
1200 538 186.07
1201 1202 3103.69
1201 538 937.01
1201 539 1835.78
1202 1203 12887.91
1203 1204 3758.84
1203 1206 4996.21
1203 795 1350.32
1204 1205 9896.95
1204 1206 9691.82
1205 1206 14007.79
1205 492 1798.11
1206 492 172.73
1206 493 8393.48
1206 494 3319.94
1206 795 14576.34
1206 799 443.86
1207 1208 378.32
1207 1209 843.29
1207 1212 1959.19
1207 1214 1236.53
1208 1209 1691.73
1208 1212 2480.29
1209 1212 991.10
1209 1214 1665.33
1209 1215 1181.36
121 122 5737.10
121 452 2703.66
121 504 4598.95
121 525 1233.71
1210 1211 9381.19
1210 1213 3622.75
1210 560 2245.10
1210 564 3536.70
1211 1212 7564.22
1211 1213 413.88
1211 564 4042.64
1211 565 3845.63
1212 1213 13013.08
1212 1214 7737.19
1212 1215 3965.56
1212 1216 2526.45
1212 565 10859.75
1213 1214 2579.42
1213 662 4944.04
1213 665 6477.19
1213 666 1577.27
1214 1215 8922.31
1214 157 1818.85
1214 666 4460.41
1215 1216 4348.11
1215 157 7245.85
1215 158 1532.33
1216 1218 11767.26
1216 158 4878.89
1216 332 10633.80
1216 565 2910.90
1217 1218 11418.77
1217 565 5770.38
1218 1219 13296.44
1218 332 4408.22
1218 565 3120.61
1218 980 4218.10
1219 1220 12314.22
1219 1221 949.78
1219 1485 1051.47
1219 562 1209.85
1219 565 609.82
1219 980 9272.90
122 123 8472.31
122 2129 3245.28
122 504 272.23
1220 1221 3222.10
1220 1485 7961.25
1220 1907 3236.47
1220 1914 2668.91
1220 981 5231.33
1221 980 14408.91
1221 981 3335.58
1221 982 2601.25
1222 1224 8267.41
1222 1225 8566.71
1222 2074 3775.53
1222 487 8588.33
1223 1224 10546.93
1223 1225 4861.85
1223 476 4103.84
1223 982 2616.48
1223 983 2500.41
1224 1225 5105.63
1224 2074 3239.07
1224 476 1549.80
1224 477 9047.70
1225 983 7197.93
1225 984 1782.80
1226 1227 1917.74
1226 1228 318.52
1226 1229 1193.61
1226 1230 2815.58
1227 1228 3225.27
1227 1229 1954.55
1228 1229 4146.26
1228 1230 11125.05
1228 1799 10064.82
1228 275 7408.35
1229 1230 4076.12
1229 1231 5715.19
1229 1774 7265.70
1229 1775 1943.35
1229 1776 5832.60
1229 275 1763.33
123 124 5614.52
123 128 5345.16
123 129 10167.52
123 2129 3133.59
123 2130 1621.97
1230 1231 11919.68
1230 1799 1796.70
1230 1809 3252.34
1231 1232 17559.07
1231 1776 8019.58
1231 1808 245.14
1231 1809 10198.92
1232 1556 9550.21
1232 1776 14008.86
1232 1777 24701.48
1232 1808 13106.40
1232 306 7536.97
1232 307 15870.91
1232 308 25280.95
1232 442 7840.71
1233 1234 18256.78
1233 383 2705.82
1233 624 7813.80
1233 625 7302.52
1233 636 5645.76
1233 637 6265.31
1234 1235 12723.25
1234 383 2149.58
1234 637 9821.25
1235 383 1289.91
1235 50 3285.37
1235 617 4291.66
1235 619 8210.65
1235 620 13397.13
1235 637 2764.10
1236 1237 5499.28
1236 154 1756.06
1236 629 4540.84
1237 1239 6875.26
1237 151 787.91
1237 152 12653.99
1237 413 8653.32
1237 629 291.22
1237 631 1283.76
1238 1239 12974.78
1238 149 4576.09
1238 413 3878.29
1238 437 4945.44
1238 923 7278.03
1238 924 2650.67
1239 149 2228.12
1239 151 3589.31
1239 413 3105.08
124 125 8978.81
124 126 1534.54
124 127 1988.63
124 128 4306.15
1240 1241 2161.44
1240 1242 474.18
1240 1243 5000.38
1240 1246 4847.83
1241 1242 1153.52
1241 1245 12043.54
1241 1246 1389.86
1241 1742 3609.77
1241 1747 5776.60
1241 420 735.66
1241 424 1490.23
1241 425 10102.44
1241 426 3219.12
1242 1244 264.02
1242 1245 961.23
1243 1244 649.94
1243 1245 22771.56
1243 1246 4477.61
1243 1748 13210.40
1243 1874 16571.99
1243 1875 7701.34
1243 905 4543.86
1243 909 16877.98
1244 1245 1077.49
1245 1875 3866.61
1245 426 1779.21
1245 427 8871.52
1245 430 2245.05
1246 1747 5249.31
1246 1748 5298.22
1247 1248 865.53
1247 1249 901.35
1247 1254 717.57
1247 1263 1213.59
1248 1249 460.72
1248 1250 236.79
1248 1251 547.16
1249 1250 1187.43
1249 1254 2316.41
125 126 5706.84
1250 1251 1846.85
1250 1254 3859.01
1251 1254 762.62
1251 1255 593.28
1252 1253 6564.39
1252 1255 3089.07
1252 1256 5117.34
1252 1257 2435.58
1252 1400 13521.17
1252 534 4438.70
1253 1254 5706.85
1253 1255 7027.25
1253 534 2402.91
1254 1255 13002.57
1254 1263 821.00
1254 534 359.06
1254 535 9261.78
1254 536 1845.67
1255 1257 6293.99
1255 1258 3543.30
1256 1257 2837.90
1256 1262 2949.82
1256 1400 4606.28
1257 1258 10566.60
1257 1261 2932.02
1257 1262 7865.44
1258 1259 2448.31
1258 1260 2772.83
1258 1261 2929.88
1259 1260 1427.18
126 127 5935.20
1261 1262 4662.69
1264 915 2343.76
1264 919 18045.17
1265 1266 409.15
1265 1267 1775.07
1265 1376 2282.85
1266 1267 768.17
1266 1268 390.97
1266 1376 587.12
1266 2142 39.17
1267 1268 607.59
1267 1269 920.67
1267 1270 1465.28
1267 1375 2249.67
1267 1376 919.71
1268 1269 208.22
1268 1272 621.45
1268 2142 673.55
1269 1270 231.70
1269 1271 945.37
1269 1272 65.04
127 128 6174.52
127 537 7546.47
127 64 3492.01
1270 1271 231.80
1270 1275 305.54
1270 1276 2219.24
1270 1277 315.53
1270 1279 559.94
1270 1375 1413.77
1271 1272 328.63
1271 1275 961.64
1272 1274 707.00
1272 1275 45.20
1272 2142 668.78
1274 1275 419.76
1274 1277 94.18
1274 1286 735.84
1274 2143 792.71
1275 1277 905.50
1276 1280 2639.29
1276 1375 3465.72
1277 1278 849.52
1277 1286 58.73
1278 1279 419.97
1278 1284 450.91
1278 1285 163.62
1278 1286 546.68
1279 1280 331.62
1279 1282 366.58
1279 1283 653.71
1279 1284 110.94
128 129 435.29
128 64 4664.20
1280 1281 853.62
1280 1282 430.62
1280 1375 1382.61
1281 1282 945.79
1281 1292 623.53
1281 1293 1324.76
1281 1296 94.76
1281 1375 603.34
1282 1283 223.13
1282 1291 113.47
1282 1292 328.62
1283 1284 298.61
1283 1289 60.97
1283 1290 209.93
1283 1291 358.07
1284 1285 332.64
1284 1288 77.24
1284 1289 279.17
1285 1286 532.18
1285 1288 340.38
1286 1287 428.46
1286 1288 150.38
1286 1302 151.58
1286 2143 712.65
1287 1288 447.62
1287 1300 605.58
1287 1302 138.92
1288 1289 239.29
1288 1299 319.89
1289 1290 275.39
1289 1299 370.11
129 2130 1189.89
129 55 3622.99
129 64 873.49
129 65 2071.18
1290 1291 298.00
1290 1298 372.73
1290 1299 343.84
1290 1307 226.69
1291 1292 208.32
1291 1298 351.86
1292 1297 510.09
1293 1294 855.27
1293 1295 929.31
1293 1296 308.02
1293 1375 156.34
1294 1295 37.50
1294 1312 955.01
1294 1375 1097.29
1294 1593 602.38
1295 1296 925.25
1295 1311 580.10
1295 1312 1621.67
1296 1297 757.66
1296 1298 182.11
1296 1308 52.82
1296 1310 735.67
1296 1311 54.16
1297 1298 236.12
1298 1308 368.39
1299 1300 347.06
1299 1305 535.72
13 19 1746.42
13 7 938.14
13 9 1367.08
130 131 1511.70
130 132 184.70
130 135 709.33
130 136 1246.67
130 142 2791.47
1300 1301 529.26
1300 1302 140.14
1300 1304 202.86
1300 1305 24.04
1301 1302 350.31
1301 1304 516.49
1302 1303 848.31
1302 1304 277.86
1302 1320 167.34
1302 1321 332.49
1302 1322 317.24
1303 1322 967.20
1303 1376 2742.01
1303 2143 514.51
1304 1305 185.22
1304 1306 182.72
1304 1320 424.07
1305 1306 598.61
1305 1307 135.87
1306 1307 206.86
1306 1316 695.55
1306 1317 118.44
1306 1320 137.76
1307 1308 339.95
1307 1309 287.73
1307 1315 120.17
1307 1316 129.19
1307 1317 166.07
1307 1318 105.24
1308 1309 391.12
1308 1310 219.76
1309 1310 328.48
1309 1314 220.05
1309 1315 235.80
131 132 1347.07
131 135 385.43
1310 1311 792.29
1310 1313 602.76
1310 1314 232.62
1311 1312 703.35
1311 1313 251.24
1311 1329 628.38
1311 1330 498.43
1312 1330 435.04
1312 1331 202.48
1312 1340 315.89
1312 1593 2533.13
1313 1314 237.43
1313 1327 334.12
1313 1328 347.43
1314 1315 235.31
1314 1325 235.24
1314 1327 224.09
1315 1318 226.50
1315 1325 427.90
1316 1317 527.51
1317 1318 239.89
1317 1319 401.01
1317 1320 117.50
1318 1319 408.75
1318 1325 310.61
1318 1335 463.27
1319 1320 415.05
1319 1324 462.62
132 133 721.85
132 134 677.96
132 136 5395.75
1320 1321 465.37
1320 1324 143.33
1321 1322 820.97
1321 1323 605.79
1322 1323 707.61
1322 1376 567.28
1323 1324 952.99
1323 1335 236.05
1323 1336 1182.89
1323 1376 519.37
1323 1976 521.28
1324 1335 227.67
1325 1326 332.48
1325 1327 98.34
1325 1335 19.96
1326 1327 439.41
1326 1333 121.62
1326 1334 977.26
1326 1335 191.06
1327 1328 458.93
1327 1333 391.47
1328 1329 350.40
1328 1332 531.98
1328 1333 320.14
1329 1330 312.37
1329 1331 219.32
1329 1332 427.40
1329 1340 354.55
133 134 1977.07
133 136 2522.20
1330 1331 666.24
1331 1340 770.90
1332 1333 285.43
1332 1339 330.93
1332 1340 541.65
1333 1334 212.17
1333 1338 210.10
1333 1339 413.38
1334 1335 1081.08
1334 1337 436.68
1334 1338 222.53
1335 1336 1105.75
1335 1337 1019.10
1335 1342 1075.87
1335 1385 168.81
1335 1386 1824.44
1335 1992 1194.45
1335 1993 155.22
1335 1994 316.21
1335 1995 551.04
1335 2004 717.36
1336 1976 1065.81
1336 1983 1147.09
1336 1995 225.74
1337 1338 396.33
1337 1342 352.49
1338 1339 407.39
1338 1341 675.49
1338 1342 515.58
1339 1340 547.81
1339 1341 358.36
134 135 496.32
134 136 1848.72
1340 1341 790.43
1340 1343 775.83
1340 1386 5592.04
1340 1593 553.45
1340 1599 2018.28
1341 1342 444.26
1341 1343 210.90
1342 1343 2210.20
1342 1386 1119.98
1343 1386 3077.03
1344 1350 10146.34
1344 1759 6386.93
1344 1762 420.16
1344 809 5345.40
1344 813 5902.20
1345 1346 5657.96
1345 1347 1807.94
1345 1348 2495.35
1345 1353 5496.57
1345 812 10173.65
1345 813 6481.82
1346 1347 2030.40
1346 170 3482.83
1346 812 2944.15
1347 1348 3736.54
1347 1354 5797.61
1347 170 4377.45
1347 171 2176.14
1348 1353 12471.19
1348 1354 2628.05
1349 1350 5907.22
1349 1351 263.20
1349 1352 6811.63
1349 1353 6970.10
1349 813 3357.30
135 136 603.61
1350 1351 13563.85
1350 1762 2317.39
1350 813 61.92
1351 1352 4111.04
1351 1357 4402.95
1351 1762 4374.51
1351 1766 1924.37
1351 1767 6380.53
1352 1353 1455.47
1352 1356 3861.64
1352 1357 1183.06
1352 1358 2231.30
1353 1354 5745.27
1353 1356 6725.96
1353 813 659.91
1354 1355 3697.35
1354 1356 695.63
1354 171 4839.69
1354 177 510.60
1355 1356 2633.29
1355 1359 4085.04
1355 1360 1230.43
1355 178 3386.30
1356 1358 4064.21
1356 1359 4976.94
1356 1362 2216.45
1357 1358 4548.15
1357 1767 1013.39
1357 544 3770.35
1357 545 1469.47
1358 1362 4930.32
1358 544 740.35
1359 1360 5058.56
1359 1361 3101.04
136 141 3962.32
136 142 9019.10
136 143 12446.78
136 1638 3933.16
136 1640 2839.68
136 1739 1879.31
1360 1361 2392.29
1360 1365 2551.75
1360 1366 3750.06
1360 1367 1935.26
1360 178 3354.68
1361 1362 4964.22
1361 1363 1614.03
1361 1364 2337.72
1361 1365 1293.91
1362 1363 3957.64
1362 544 2815.10
1363 1364 3018.31
1363 544 1934.66
1363 549 2650.25
1364 1365 932.04
1364 1368 5849.13
1364 549 1785.78
1364 550 1013.13
1365 1366 3728.17
1365 1368 2193.91
1365 1372 2326.75
1366 1367 3919.27
1366 1371 2651.08
1366 1372 663.61
1367 1369 3191.63
1367 1371 3046.23
1367 178 378.62
1367 184 2276.40
1368 1372 6174.57
1368 550 2641.97
1369 1370 4254.31
1369 1371 729.29
1369 1374 2611.63
1369 1585 2077.29
1369 1586 749.63
1369 184 2430.88
1369 185 3684.52
137 138 12258.33
137 139 2511.97
137 1437 4603.32
137 2110 10202.08
137 2112 3702.87
1370 185 444.03
1371 1372 4972.89
1371 1373 3661.07
1371 1374 3827.50
1372 1373 3172.39
1372 1376 7235.94
1372 1377 3163.28
1372 550 2288.16
1373 1374 1886.55
1373 1376 3682.69
1374 1375 4596.56
1374 1376 1792.02
1374 1585 4920.61
1375 1376 793.73
1375 1585 721.56
1375 1589 7509.55
1375 1593 1664.41
1376 1377 858.16
1376 1380 1561.32
1376 1381 3202.23
1376 1382 1782.47
1376 1976 262.92
1376 1977 1193.71
1376 2142 2906.29
1376 2143 2296.59
1377 1378 2837.09
1377 1380 6961.36
1377 542 1351.26
1377 550 4221.26
1377 551 6037.33
1377 552 2817.28
1378 1379 2374.28
1378 1380 2874.38
1378 552 86.35
1379 1380 4619.43
138 139 20544.50
138 141 4645.23
138 1437 2731.82
138 330 6651.67
1380 1381 3053.33
1380 1382 6598.27
1380 552 3141.84
1380 770 105.37
1380 771 1123.87
1380 772 3110.29
1381 1382 1481.53
1382 1383 5343.55
1382 1384 2284.29
1382 1977 211.35
1382 1978 260.13
1382 1981 369.33
1382 1982 1898.56
1382 1984 425.66
1382 1986 513.86
1382 1991 511.13
1382 1998 564.20
1382 772 7918.85
1383 1384 4128.70
1383 1389 9245.04
1383 772 6876.06
1383 779 171.39
1384 1385 3645.26
1384 1388 549.83
1384 1389 4358.71
1384 1998 585.12
1384 2002 371.27
1384 2007 507.61
1384 2010 554.06
1384 2011 227.64
1385 1386 1777.51
1385 1388 2547.49
1385 2004 1366.33
1385 2009 323.71
1385 2011 562.31
1386 1387 5138.90
1386 1388 420.86
1386 1599 1382.58
1387 1388 4658.71
1387 1390 160.21
1387 1391 4549.66
1387 1392 5074.22
1387 1599 53.37
1387 1600 2894.72
1387 1601 496.84
1388 1389 2260.29
1388 1390 1071.52
1389 1390 5592.48
1389 1393 3801.51
1389 779 3857.64
139 140 7010.58
139 141 4847.57
139 2112 4756.99
1390 1391 14119.11
1390 1393 7273.59
1390 1398 2836.76
1390 1399 4150.53
1390 1400 1170.54
1391 1392 10558.68
1392 1400 7906.79
1392 1601 5353.50
1392 2140 6037.98
1392 534 4410.56
1393 1398 8530.12
1393 779 9068.09
1396 1397 1399.20
1396 1398 672.35
1396 2048 1062.41
1397 1398 1687.22
1398 1399 8330.22
1398 2047 9646.97
1398 2048 677.89
1398 2147 3478.45
1398 779 1899.57
1399 1400 14945.56
14 17 14963.23
14 19 1433.67
14 1926 2141.44
14 1929 3473.96
14 418 10912.03
14 422 693.99
14 9 13420.88
140 141 5400.68
140 142 12107.49
140 2111 173.34
140 2112 5045.14
140 901 7394.41
1400 534 2283.21
1404 1405 5213.07
1404 236 5220.77
1404 882 4253.89
1404 884 4041.16
1404 985 2699.50
1404 986 2715.13
1404 987 5964.36
1405 382 4394.16
1405 383 1986.04
1405 882 4857.98
1405 986 8500.70
1406 1407 2554.90
1406 1408 100.53
1406 1409 6064.21
1406 618 308.33
1406 619 2127.84
1406 986 3436.14
1407 1408 1249.40
1407 1410 4219.99
1407 618 3703.75
1408 1409 1287.52
1408 1410 895.24
1409 1410 1643.89
1409 986 2190.02
1409 989 2686.62
141 142 7155.99
1410 618 5412.82
1411 1412 961.74
1411 1413 394.75
1411 1424 3905.84
1412 1413 547.41
1412 1424 752.22
1413 1424 1911.78
1414 1415 11262.97
1414 1420 3201.34
1414 920 1981.59
1414 922 9901.17
1415 1416 9797.85
1415 1420 11374.45
1415 920 16173.03
1416 1417 5770.82
1416 1418 16316.77
1416 1419 10784.29
1416 1420 1576.94
1416 1427 2788.88
1416 502 2309.15
1416 920 10704.35
1417 1418 8221.43
1417 1422 4113.76
1417 1424 5916.39
1417 321 7739.24
1417 502 9389.70
1417 503 13176.06
1418 1422 7068.03
1418 1423 6528.86
1418 1427 2989.69
1419 1420 8783.69
1419 1421 4459.04
1419 1427 2852.34
1419 1428 11817.06
1419 1429 2460.19
142 143 5911.83
142 885 1842.80
142 887 3298.19
142 892 225.84
142 901 6421.18
1420 1421 9865.85
1421 1429 2142.99
1421 1433 6796.19
1421 1434 11009.49
1422 1423 4544.41
1422 1424 6680.99
1422 1425 6558.06
1422 1426 5210.72
1422 1427 5612.62
1424 1425 13186.47
1424 1437 3373.21
1424 321 6248.52
1424 327 7759.42
1424 328 2653.32
1424 330 11418.40
1425 1426 6420.04
1425 1437 9750.12
1426 1427 6775.22
1426 1437 2858.77
1427 1428 17449.59
1427 1436 11648.18
1427 1437 11179.23
1427 897 17728.40
1427 898 19824.36
1428 1429 11862.15
1428 1436 5614.02
1429 1430 850.32
1429 1431 4619.52
1429 1432 2531.50
1429 1433 9122.58
1429 1434 11177.16
1429 1436 4964.12
1429 897 22927.04
143 892 6096.42
143 894 6004.31
143 904 9380.65
1430 1431 623.36
1430 1432 635.85
1430 1433 1268.49
1431 1432 2129.52
1431 1433 282.09
1434 1435 23559.06
1434 896 12115.88
1434 897 4761.01
1435 896 18944.40
1435 897 8872.23
1437 2110 2470.25
1437 330 7333.59
1437 898 13237.46
1438 1448 2659.86
1438 1453 983.16
1439 1440 6796.22
1439 1441 12523.16
1439 1444 927.46
1439 389 4288.31
1439 391 1170.93
144 145 1665.44
144 146 425.51
144 151 1715.02
144 153 477.90
1440 1444 2987.42
1440 2103 1088.74
1441 1442 5876.51
1441 1444 3138.25
1441 391 3472.96
1442 1443 4123.42
1442 1444 1022.83
1442 391 957.16
1442 392 1792.26
1442 785 2420.84
1443 1444 2180.79
1443 1448 4524.77
1443 785 2911.02
1444 1445 3308.64
1444 1447 4131.48
1444 1448 815.38
1444 2103 1857.67
1445 1446 2291.26
1445 1447 385.36
1445 2103 857.97
1445 927 744.24
1445 928 1027.64
1446 1447 4145.20
1446 928 779.99
1447 1448 3758.35
1447 1449 5267.51
1447 1450 4714.65
1447 928 1073.51
1448 1449 3948.35
1448 1452 1228.00
1448 1453 2032.26
1448 347 5121.93
1448 785 4323.09
1449 1450 2622.19
1449 1451 5974.98
1449 1452 1123.98
145 146 322.20
145 151 84.13
145 152 1568.41
145 153 992.46
1450 1451 650.31
1450 928 1039.70
1450 929 1740.47
1451 1452 6733.18
1451 569 1248.68
1451 570 5469.95
1451 929 6710.27
1451 930 1369.33
1451 938 6733.80
1452 1453 7495.00
1452 365 6428.46
1452 568 675.00
1452 569 5067.13
1453 347 3013.37
1453 348 3376.29
1453 364 9281.32
1453 365 148.19
1454 1455 1026.58
1454 1456 1034.24
1454 1462 3182.46
1455 1456 858.51
1455 1457 171.07
1455 1458 1591.46
1455 1461 5342.72
1455 1462 3003.84
1455 69 6870.20
1456 1457 1647.94
1456 1462 397.17
1457 1458 3693.98
1457 1462 3886.42
1457 1463 8231.06
1457 1795 1340.58
1457 71 8044.97
1458 69 911.20
1458 71 1805.54
1459 1460 7825.10
1459 1462 12572.82
1459 2113 1682.27
146 147 812.12
146 153 1532.67
1460 1461 8507.85
1460 1462 1028.65
1460 574 765.36
1461 1462 3225.66
1461 574 12817.75
1461 69 916.16
1461 70 6258.34
1462 1463 6201.22
1462 2113 6494.22
1462 2114 5440.70
1463 1794 9061.20
1463 1795 6096.20
1463 2114 4415.16
1464 1465 954.64
1464 1466 643.98
1464 1476 1324.28
1465 1466 798.57
1465 1476 1795.67
1466 1476 130.43
1466 1480 1600.49
1467 1468 8536.30
1467 1470 1169.64
1467 1472 25551.76
1468 1469 10646.94
1468 1470 10626.03
147 153 2303.33
1470 1471 2466.65
1470 1472 2739.58
1470 1475 16192.24
1470 1569 2167.00
1471 1472 15132.47
1471 1473 4165.62
1471 1474 6458.30
1471 1475 13671.37
1472 1473 4879.57
1473 1474 14616.31
1474 1475 2360.05
1474 1476 7461.35
1474 1477 14106.87
1475 1476 14973.42
1475 1569 2191.69
1476 1477 13196.76
1476 1480 12708.80
1476 1569 4426.47
1477 1478 5228.43
1477 1480 1840.18
1478 1479 4512.61
1478 1480 7211.36
1478 1482 6870.11
1478 1485 7040.51
148 149 12763.14
148 238 8737.64
148 664 20257.84
148 988 13936.06
1480 1481 7675.76
1480 1573 6840.55
1480 1574 782.75
1481 1482 4842.26
1481 1574 2291.76
1482 1483 2805.24
1482 1484 3070.25
1482 1485 5653.64
1482 1574 4008.34
1482 1907 2630.53
1482 1908 10414.60
1483 1484 849.72
1485 1907 2485.57
1486 1487 2569.69
1486 1492 1089.23
1487 1488 3575.36
1487 1489 249.10
1487 1490 3412.80
1487 1491 135.97
1487 1492 2263.78
1487 1493 256.03
1487 1494 428.58
1487 1501 1355.67
1487 1502 726.12
1487 1504 11345.09
1487 1505 3439.62
1487 1507 1729.53
1488 1489 1612.63
1488 1491 302.86
1489 1490 3126.70
1489 1491 649.42
149 150 14816.32
149 151 1581.75
149 237 3472.47
149 238 4368.28
149 437 9613.06
149 438 9080.08
149 664 2685.37
1490 1491 403.49
1490 1496 224.67
1490 1497 355.92
1490 1498 5453.85
1490 1505 8699.42
1490 1513 1332.28
1490 1514 3106.99
1491 1494 80.93
1491 1495 136.56
1491 1496 417.19
1492 1493 702.30
1492 1501 333.49
1492 1502 1042.98
1493 1494 736.80
1493 1501 340.33
1494 1495 577.32
1494 1501 209.31
1495 1496 741.06
1495 1498 351.96
1496 1497 657.10
1496 1498 293.98
1497 1498 857.96
1498 1499 3657.55
1498 1501 3393.55
1498 1511 2565.16
1498 1513 1202.58
1499 1500 1026.03
1499 1501 3306.25
15 1807 4796.93
15 19 16243.83
15 20 8017.79
15 432 23177.70
150 151 17186.49
150 664 20710.21
1500 1501 1887.71
1501 1502 4221.31
1501 1507 5391.39
1501 1508 2295.52
1501 1510 2200.26
1501 1511 3264.42
1503 1504 9956.26
1503 1506 9313.36
1504 1505 8124.66
1504 1506 1133.84
1504 1507 5420.30
1504 1895 7232.14
1505 1514 22219.35
1505 1852 11319.64
1505 1895 10020.71
1506 1507 10257.45
1506 1508 2151.48
1507 1508 8332.32
1507 1509 3617.93
1508 1509 5017.14
1508 1510 16693.84
1508 1528 4646.96
151 152 9048.75
151 153 8426.26
151 662 505.18
151 664 9549.83
151 668 2835.44
1510 1511 3509.84
1510 1512 12530.84
1510 1528 9317.03
1511 1512 4878.08
1511 1513 794.10
1511 1527 4025.39
1512 1515 11125.86
1512 1527 4893.17
1512 1528 3386.21
1513 1514 13658.99
1513 1515 467.47
1513 1516 6317.91
1513 1517 5918.41
1513 1518 8561.27
1513 1527 7081.25
1514 1518 8880.84
1514 1519 5222.15
1514 1852 16607.11
1515 1516 9651.60
1515 1527 2758.59
1515 1528 8788.87
1516 1517 10257.91
1516 1528 2959.53
1517 1518 19260.70
1517 1525 5322.93
1518 1519 22244.38
1518 1525 3577.04
1519 1520 2026.97
1519 1522 28850.06
1519 1525 6446.92
1519 1852 18863.88
152 153 4991.51
152 154 8428.37
1520 1521 2460.31
1520 1522 2956.38
1521 1522 3603.03
1522 1523 21040.79
1522 1524 3268.07
1522 1525 6674.75
1522 1526 3386.53
1522 1852 4129.31
1522 1855 8414.54
1523 1524 11582.19
1523 1855 12073.76
1524 1526 8293.19
1525 1526 6219.29
153 154 11385.68
153 161 4491.82
153 668 5733.47
153 683 4681.43
1530 1793 15141.78
1530 1807 2475.20
1530 19 20304.01
1530 2113 7692.00
1530 2114 1718.80
1530 2115 7231.88
1530 434 2735.17
1530 435 14207.29
1532 1533 4842.67
1532 1534 1807.69
1533 1534 1078.09
1533 1536 7234.59
1533 1537 3078.32
1533 288 2283.91
1533 289 3925.44
1533 290 8929.33
1534 1535 1133.49
1534 1536 878.53
1535 1536 7042.94
1536 1537 2915.75
1536 1539 6859.60
1536 1555 14454.83
1536 290 686.05
1536 291 2657.15
1537 1538 5449.04
1537 1539 726.02
1537 288 5936.79
1537 606 1694.34
1537 607 2699.21
1538 1539 15079.20
1538 606 2863.66
1539 1540 11846.45
1539 1541 1124.07
1539 1553 8066.33
1539 1554 8264.70
1539 1555 1568.15
1539 606 9937.80
154 629 8122.76
154 683 5607.49
154 688 4584.99
1540 1541 1399.09
1540 1543 6941.50
1540 1551 2726.44
1540 1552 3728.08
1540 1553 3133.84
1540 1567 2538.28
1541 1542 3841.09
1541 1543 4647.41
1541 605 5343.75
1541 606 8856.90
1542 1543 4237.13
1542 1544 5555.40
1542 2135 7979.15
1542 605 7889.47
1543 1544 8209.37
1543 1551 779.52
1543 1567 4904.17
1544 1545 8834.57
1544 1550 3908.84
1544 1551 1494.58
1544 2135 11045.61
1545 1546 16090.12
1545 1550 6461.24
1545 2135 7088.53
1545 2136 2916.79
1546 1547 11230.26
1546 2136 6380.02
1547 1548 12939.07
1547 2136 3901.69
1547 613 3477.36
1548 1549 14323.80
1548 613 11625.59
1549 613 2501.83
1549 752 13372.30
1549 753 5059.23
1549 754 1242.96
1549 759 5142.06
155 156 707.58
155 157 1417.05
1550 1551 5314.69
1550 1552 2098.74
1550 1560 4699.17
1551 1552 8109.29
1551 1567 2118.79
1552 1553 5056.61
1552 1559 3941.92
1552 1560 8695.71
1553 1554 9086.76
1553 1559 7817.00
1554 1555 7306.64
1554 1557 5255.44
1554 1558 5892.62
1554 1559 1031.06
1555 1556 21490.54
1555 1557 9509.59
1555 1777 11299.79
1555 291 16331.28
1556 1557 10804.50
1556 1564 14555.46
1556 1777 16367.07
1556 442 28.54
1556 443 12579.14
1556 509 17035.76
1556 510 4065.26
1557 1558 8733.37
1557 1563 2425.58
1557 1564 6245.61
1558 1559 8290.65
1558 1562 2843.02
1558 1563 2240.87
1559 1560 11434.98
1559 1561 11971.25
1559 1562 4854.84
156 157 806.62
156 159 734.22
1561 1562 6872.22
1561 1563 9347.13
1561 1566 3416.35
1562 1563 6504.23
1563 1564 2791.96
1563 1565 9607.46
1563 1566 7830.09
1564 1565 7004.82
1564 510 3984.71
1564 512 13220.45
1565 1566 6132.00
1565 512 1557.07
1565 513 3951.58
1565 514 977.71
1566 514 9742.72
1568 1576 3961.67
1568 1577 1430.79
1569 1570 2038.32
1569 1572 6738.22
1569 1573 9932.25
157 158 4794.19
157 159 7065.01
157 161 2960.66
157 2054 5952.81
157 666 649.81
157 667 6258.65
1570 1571 17006.82
1570 1572 14265.36
1570 1578 2351.14
1571 1578 9280.00
1571 1579 6195.18
1572 1573 1656.80
1572 1576 4199.98
1572 1577 3330.98
1572 1578 5969.83
1573 1574 5305.28
1573 1576 6074.66
1574 1575 6249.62
1574 1576 2537.18
1574 1908 402.14
1575 1576 8284.62
1575 1577 2789.96
1575 1908 2421.89
1575 1909 3257.93
1576 1577 2324.68
1577 1578 3658.99
1577 1909 5266.92
1578 1579 4220.98
1578 1909 2554.22
1578 1910 7437.60
1578 461 1986.79
1579 2059 3147.95
1579 461 5604.08
1579 463 10801.75
158 159 4707.75
158 332 4981.43
158 334 1598.22
1580 1581 544.76
1580 1582 196.01
1580 1583 420.29
1580 1588 514.78
1580 1592 458.18
1581 1582 883.09
1581 1587 1273.73
1581 1588 132.90
1582 1584 752.78
1582 1587 344.66
1583 1584 1277.28
1583 1590 854.55
1583 1592 3238.46
1584 1587 42.67
1584 1590 110.26
1584 1591 1280.81
1585 1586 3739.58
1585 1588 1721.81
1585 1589 5223.60
1586 1587 947.78
1586 1588 2474.41
1586 185 4603.13
1587 1588 2409.53
1587 1591 1984.68
1587 185 1937.26
1588 1589 1792.43
1588 1592 3072.10
1589 1592 6520.11
1589 1593 1760.62
1589 1594 1804.61
159 162 1185.08
159 2054 3635.58
159 334 7516.49
1590 1591 4391.07
1590 1592 3357.02
1590 1595 3831.28
1591 1596 3588.86
1592 1594 3696.13
1592 1595 980.81
1593 1594 4734.17
1593 1599 2626.22
1594 1595 1774.75
1594 1599 4618.06
1595 1596 1050.76
1595 1598 4537.94
1595 1599 25.41
1596 1597 1813.89
1596 1598 1367.82
1597 1598 6361.53
1597 1599 2241.10
1597 780 4818.43
1598 1599 665.90
1599 1600 7732.00
1599 780 3840.98
16 17 8069.28
16 18 2767.94
16 19 2705.51
16 20 1541.61
1600 1601 3743.96
1600 780 800.96
1600 781 2300.44
1601 2140 2757.19
1601 781 1946.97
1602 1603 1603.66
1602 1604 405.44
1602 1605 728.60
1602 1608 392.50
1602 1609 963.18
1602 1613 382.13
1602 1614 1459.93
1602 1615 87.01
1602 1616 2254.69
1602 1617 363.85
1602 1930 10827.22
1602 2090 3520.40
1602 924 638.56
1603 1604 878.21
1603 1608 305.45
1604 1605 972.61
1604 1608 395.18
1605 1607 606.09
1605 1608 395.95
1605 1930 5512.47
1607 1608 145.42
1607 1930 1125.91
1607 1931 210.08
1607 1932 366.51
1607 1933 268.97
1608 1609 1083.70
1608 1931 216.62
1608 1937 58.89
1608 1939 38.71
1609 1611 1207.90
1609 1612 765.01
1609 1613 218.85
1609 1939 31.97
161 2054 381.99
161 2055 6315.84
161 667 4464.41
161 668 5606.02
161 683 1259.22
1610 1611 702.42
1610 1618 398.64
1610 1619 501.22
1610 1620 1316.57
1610 1754 389.85
1610 1943 756.32
1610 1953 240.17
1610 1954 51.14
1610 1956 303.49
1610 1957 204.94
1610 1958 161.23
1610 1959 157.63
1611 1612 167.36
1611 1618 405.35
1611 1939 506.82
1611 1945 101.34
1611 1949 147.74
1611 1954 60.26
1612 1613 875.58
1612 1618 478.61
1612 1630 287.50
1612 1631 294.74
1612 1632 77.78
1613 1617 574.32
1613 1632 299.20
1614 1615 758.50
1614 1617 428.57
1615 1616 1789.52
1615 1617 455.42
1615 1634 13.37
1616 1634 809.27
1616 1635 525.16
1616 1636 1819.81
1616 1637 4319.57
1616 1644 345.53
1616 1645 1074.97
1616 1646 1316.18
1616 1647 444.10
1616 1673 320.26
1616 1674 1126.78
1616 2090 3009.14
1617 1632 384.57
1617 1633 362.06
1617 1634 843.50
1618 1630 656.56
1619 1620 553.43
1619 1629 744.06
1619 1630 275.45
162 2054 855.75
162 2055 12533.10
162 334 1983.76
162 683 2910.35
162 684 20007.26
1620 1627 131.24
1620 1628 488.90
1620 1754 299.84
1620 1972 163.55
1621 1626 484.99
1621 1627 148.55
1621 1750 83.12
1621 1972 42.40
1621 1974 333.65
1621 1975 87.92
1622 1623 850.49
1622 1624 594.86
1622 1625 187.55
1622 1750 2072.25
1622 1930 1749.65
1622 1960 25.16
1622 2012 1607.58
1622 2131 521.21
1622 414 3001.07
1623 1624 426.15
1623 2012 267.27
1623 2014 306.55
1623 2015 443.08
1624 1625 678.87
1624 1660 229.32
1624 1661 570.54
1624 2015 119.59
1625 1659 806.20
1625 1660 365.52
1625 2131 1436.30
1626 1627 63.04
1626 1656 87.42
1626 1657 774.68
1626 1750 146.16
1627 1628 216.63
1627 1656 422.13
1627 1972 320.13
1628 1629 689.77
1628 1656 264.93
1629 1630 196.50
1629 1653 850.72
1629 1654 755.60
1629 1655 412.52
1629 1656 115.21
1629 1663 752.23
163 164 949.98
163 165 962.50
163 166 664.39
163 185 2379.26
1630 1631 267.50
1630 1653 432.48
1631 1632 1173.48
1631 1652 361.89
1631 1653 913.68
1632 1633 731.73
1632 1652 282.07
1633 1634 799.31
1633 1651 683.03
1633 1652 331.68
1633 1669 190.12
1634 1635 280.10
1634 1649 167.28
1634 1650 457.22
1634 1651 155.91
1635 1636 473.03
1635 1647 68.18
1635 1648 191.27
1635 1649 568.54
1636 1647 559.84
1637 1643 86.50
1637 1644 527.56
1637 1749 4396.55
1637 2090 921.20
1638 1639 1415.02
1638 1640 4650.85
1638 1641 1069.34
1638 1749 2918.11
1638 2089 1275.15
1638 2090 870.81
1639 1640 1112.28
164 165 541.38
164 168 379.44
164 169 918.82
164 185 3190.63
1640 1641 2504.66
1640 1703 813.68
1640 1739 5878.99
1641 1642 296.87
1641 1643 123.45
1641 1644 123.70
1641 1672 2384.20
1641 1673 404.71
1641 1702 131.31
1641 1703 161.45
1641 1704 945.50
1641 1749 902.21
1642 1643 261.14
1642 1749 770.76
1643 1644 546.27
1643 1749 203.59
1644 1645 630.31
1644 1673 426.04
1645 1673 463.09
1646 1647 59.35
1646 1648 515.49
1646 1674 1091.51
1647 1648 714.13
1648 1649 876.36
1648 1676 199.19
1649 1650 800.27
1649 1671 674.79
1649 1676 118.81
165 166 1166.89
1650 1651 671.89
1650 1669 93.27
1651 1669 382.35
1652 1654 100.31
1652 1668 809.92
1653 1654 446.26
1654 1663 67.66
1654 1664 450.79
1654 1665 522.88
1654 1668 462.42
1655 1656 301.96
1655 1657 344.85
1655 1663 318.87
1656 1657 344.85
1657 1662 416.16
1657 1750 619.82
1657 2131 805.47
1657 2132 234.56
1659 1660 706.89
1659 1685 926.44
1659 1751 1459.05
1659 2023 158.57
1659 2026 1475.91
1659 2030 238.63
1659 2131 634.93
1659 2132 595.38
166 167 1166.21
166 168 492.08
166 185 1454.48
1660 1661 344.86
1660 2021 49.11
1660 2023 339.21
1661 2015 211.22
1661 2018 349.55
1661 2021 551.41
1662 1663 2970.60
1662 1666 639.81
1662 1683 86.34
1662 1684 355.54
1662 1752 606.98
1662 2132 1152.16
1663 1664 516.72
1663 1666 610.45
1664 1665 789.60
1664 1666 407.64
1664 1681 68.41
1664 1682 298.45
1664 1690 176.37
1665 1667 453.89
1665 1668 198.87
1665 1681 376.39
1666 1682 240.27
1666 1683 537.58
1667 1668 182.87
1667 1680 425.36
1667 1681 183.84
1668 1669 194.97
1668 1670 233.88
1668 1680 279.89
1669 1670 654.43
1669 1671 215.93
167 168 824.51
167 185 1691.21
1670 1671 193.08
1670 1677 186.64
1670 1679 365.44
1670 1680 94.34
1671 1677 283.46
1672 1673 403.18
1672 1701 583.94
1672 1702 989.87
1673 1674 150.32
1673 1675 650.45
1673 1700 989.61
1673 1701 534.38
1673 1706 984.60
1673 1736 1140.51
1674 1675 2228.97
1674 1676 109.30
1675 1676 669.96
1675 1698 382.97
1675 1699 582.90
1675 1700 630.96
1676 1677 219.68
1676 1678 300.81
1676 1698 275.50
1677 1678 467.81
1677 1679 221.41
1678 1679 175.90
1678 1695 109.02
1678 1696 475.64
1679 1680 395.12
1679 1695 359.47
168 169 994.64
168 185 864.63
1680 1681 278.55
1680 1694 358.91
1680 1695 294.10
1681 1690 192.85
1681 1691 554.13
1682 1683 362.16
1682 1689 535.97
1682 1690 365.57
1683 1684 538.73
1683 1686 220.42
1683 1687 334.58
1683 1688 396.14
1683 1752 1023.72
1684 1685 533.42
1684 1686 258.08
1685 1686 1092.71
1685 1751 427.65
1685 2132 1113.25
1686 1687 201.38
1686 1716 613.25
1686 1751 502.78
1687 1688 203.62
1687 1714 333.05
1688 1689 115.86
1688 1714 455.24
1689 1690 545.15
1689 1712 431.82
1689 1714 238.45
169 185 1330.01
1690 1691 299.29
1690 1692 393.43
1690 1712 568.46
1690 1720 520.43
1691 1692 277.49
1691 1693 208.41
1691 1694 273.96
1692 1693 511.53
1692 1720 115.32
1692 1721 237.03
1693 1694 459.93
1693 1722 235.51
1694 1695 277.65
1694 1711 460.52
1694 1722 174.94
1695 1696 302.49
1695 1697 90.97
1695 1709 88.59
1695 1710 178.65
1695 1711 181.44
1696 1697 566.26
1696 1698 217.43
1697 1698 187.18
1697 1709 476.42
1698 1699 382.93
1698 1707 673.96
1698 1709 185.61
1699 1700 514.70
1699 1707 745.88
17 19 3094.93
17 20 10379.60
17 422 4486.43
17 423 3612.68
17 428 8346.13
17 432 7476.26
170 171 5562.29
170 172 3640.07
1700 1707 1261.83
1700 1735 1509.82
1700 1736 174.29
1701 1702 633.93
1701 1704 580.39
1702 1704 404.95
1703 1704 527.53
1703 1738 451.01
1703 1739 1317.99
1703 1753 350.20
1704 1705 442.28
1704 1706 143.93
1704 1737 784.25
1704 1753 774.80
1705 1706 175.54
1705 1736 614.14
1705 1737 1074.95
1706 1736 1925.59
1707 1708 710.04
1707 1709 84.84
1707 1735 64.91
1708 1709 654.65
1708 1710 90.19
1708 1724 968.18
1708 1734 476.11
1708 1735 265.23
1709 1710 178.50
171 172 3788.75
171 174 1818.00
171 175 4695.97
171 177 2884.18
1710 1711 360.72
1710 1723 181.62
1710 1724 87.20
1711 1723 274.59
1712 1713 130.92
1712 1714 267.41
1712 1715 242.82
1712 1719 362.01
1712 1720 340.22
1713 1714 695.24
1713 1715 465.66
1714 1715 273.49
1714 1716 100.11
1715 1716 264.05
1715 1718 420.75
1715 1719 209.49
1715 1729 250.26
1716 1729 522.94
1716 1751 274.31
1717 1718 710.92
1717 1729 1225.61
1717 1742 395.65
1718 1719 526.08
1718 1730 193.56
1718 1742 55.20
1719 1720 731.75
1719 1730 285.66
172 173 7952.78
172 174 767.63
172 1779 6482.62
172 1782 1776.33
1720 1721 871.99
1720 1727 54.90
1720 1728 906.25
1721 1722 564.26
1721 1727 565.87
1722 1723 296.47
1722 1726 552.61
1722 1727 309.88
1723 1724 294.20
1723 1725 270.63
1723 1726 186.34
1724 1725 411.10
1724 1734 176.61
1725 1726 323.27
1725 1733 161.58
1725 2118 531.49
1726 1727 71.03
1726 1733 360.78
1727 1728 211.94
1727 1732 155.12
1727 1733 414.70
1727 2116 807.11
1728 1730 181.41
1728 2116 493.68
1729 1742 1800.73
1729 1743 1621.20
1729 1751 717.56
173 174 5957.53
173 1782 784.50
173 179 588.79
173 180 9689.08
1730 1742 1123.80
1730 2116 691.88
1732 1733 369.42
1732 1741 395.25
1732 2116 242.59
1732 2119 1720.51
1733 1741 688.32
1733 2118 82.45
1734 1735 854.95
1734 2118 372.98
1734 2119 880.71
1735 1736 3031.40
1735 1747 1767.69
1735 2119 703.59
1736 1737 4007.71
1736 1747 3025.16
1736 1748 1372.14
1737 1738 575.68
1737 1739 1567.25
1737 1748 11281.91
1737 1753 4785.36
1738 1739 807.17
1738 1753 813.97
1739 1748 4636.29
1739 904 5508.11
174 175 2073.54
174 176 2673.90
174 179 1493.12
1741 2118 555.16
1741 2119 985.32
1742 1743 5469.20
1742 1747 4330.01
1742 2043 1855.64
1742 2108 7716.40
1742 2117 890.72
1742 405 463.18
1742 420 4196.53
1743 1751 1304.65
1743 2040 730.78
1743 2041 295.36
1743 2043 799.23
1743 2044 150.59
1743 2045 352.23
1743 2046 666.69
1745 1746 2080.31
1745 1747 3533.84
1746 1747 4498.54
1747 1748 9362.51
1747 2117 935.99
1747 2119 2601.50
1748 904 3696.77
1748 905 1142.68
1748 906 6258.35
1749 2090 2671.79
175 176 2222.79
175 177 2570.38
1750 1960 223.67
1750 1966 159.89
1750 1968 265.01
1750 1970 19.39
1750 1971 632.08
1750 1974 445.95
1750 2131 431.29
1751 2030 149.18
1751 2032 399.72
1751 2040 484.89
1754 1957 213.35
1754 1964 162.58
1754 1969 335.89
1754 1972 446.97
1755 1762 2765.52
1755 1763 1849.71
1755 1764 503.82
1756 1757 3124.25
1756 1758 8481.90
1756 592 2537.66
1756 593 5436.01
1756 594 1968.33
1756 808 4970.85
1757 1758 4434.12
1757 1760 2848.89
1757 808 3498.98
1757 809 4234.75
1758 1760 5457.07
1758 1761 1500.55
1758 594 3437.39
1759 1760 7663.70
1759 1762 3977.18
1759 809 2005.60
176 177 3107.66
176 178 5228.09
176 179 2598.69
1760 1761 4351.63
1760 1762 1537.89
1760 809 591.84
1761 1762 4307.66
1761 1763 4282.70
1761 594 4649.25
1762 1763 149.12
1762 1764 872.63
1762 1766 6041.79
1763 1764 4191.29
1763 578 983.83
1763 579 300.58
1763 594 1067.16
1764 1765 3394.21
1764 1766 2620.49
1764 579 237.32
1764 584 376.87
1764 585 107.02
1764 586 401.18
1764 590 1330.45
1765 1766 1482.07
1765 1769 631.81
1765 1770 4980.73
1765 590 2889.74
1766 1767 3154.76
1766 1768 6739.59
1766 1769 469.80
1767 1768 1175.55
1767 545 5100.54
1768 1769 8065.93
1768 545 6956.46
1769 1770 9011.18
1769 545 3502.10
1769 546 7347.64
177 178 1264.20
1770 546 828.28
1770 547 2703.17
1770 590 3709.84
1770 595 4054.70
1771 1772 4136.43
1771 1773 12148.17
1771 1774 8424.56
1771 1776 15269.94
1771 260 4948.13
1772 1773 1029.78
1773 260 6380.27
1773 289 4466.47
1773 290 5070.45
1773 291 6859.25
1774 1776 2652.19
1774 260 4440.62
1774 275 9326.52
1774 276 4389.82
1775 1776 4558.22
1776 1777 13885.54
1776 291 5525.83
1777 291 17715.53
1778 1779 2290.60
1778 1780 3376.61
1778 1783 3004.44
1779 1780 4401.63
1779 1782 3106.32
178 179 3566.78
178 184 5702.36
1780 1782 4368.83
1780 1783 2027.11
1781 1782 2949.99
1781 1783 2566.23
1781 180 3161.09
1781 181 1612.48
1782 1783 3535.51
1783 1784 3630.09
1783 1785 2610.34
1783 181 1347.76
1783 185 948.76
1784 1785 1353.64
1786 1787 447.51
1786 1792 602.37
1786 1798 437.86
1786 1810 983.28
1787 1788 483.67
1787 1792 351.29
1787 1798 452.72
1788 1789 646.05
1788 1790 452.30
1788 1791 273.02
1788 1798 578.01
1789 1790 495.74
1789 1798 1302.73
179 180 3244.67
179 183 1628.91
179 184 651.81
1790 1791 418.07
1790 1798 551.56
1790 1804 602.20
1791 1792 598.96
1791 1804 712.50
1791 1810 96.61
1792 1810 710.57
1793 1807 6054.90
1793 1810 5362.30
1793 2114 3084.47
1793 814 10349.24
1794 1795 3362.99
1794 2114 3291.41
1794 814 8843.38
1795 1796 26585.39
1795 1798 2344.51
1795 1810 13659.67
1795 71 5124.36
1795 814 7012.54
1796 1797 7090.68
1796 1798 19691.98
1796 71 4737.75
1797 70 7561.81
1797 71 6864.94
1798 1799 5386.53
1798 1802 8464.85
1798 1803 11619.67
1798 1804 1893.47
1798 1810 1835.03
1799 1800 5117.84
1799 1802 1522.64
1799 1809 705.20
18 19 11043.94
18 20 9044.18
180 181 1346.96
180 182 3131.98
180 183 731.90
180 185 3609.12
1800 1801 919.85
1800 1802 3854.81
1800 1809 1201.21
1801 1802 2052.90
1802 1803 10478.78
1802 1809 4663.70
1803 1804 4033.70
1803 1808 26336.28
1803 1809 9857.46
1803 1810 4982.86
1803 1811 1870.80
1804 1810 976.29
1805 1810 5228.01
1805 1811 11127.68
1806 1807 2357.57
1806 1808 195.85
1806 1810 3041.69
1807 1808 15313.67
1807 1810 721.31
1807 19 5796.12
1807 432 1144.19
1808 1809 15654.55
1808 1810 2826.84
1808 1811 26619.91
1808 293 4916.27
1808 294 3454.58
1808 297 35946.56
1808 305 15314.54
1808 306 2494.22
1808 432 8546.44
181 182 1810.66
181 185 3383.01
1810 1811 7222.41
1810 814 6307.20
1812 1813 5993.65
1812 1814 5301.41
1812 1818 1661.34
1812 1819 7511.83
1812 500 7516.64
1813 1815 9506.22
1813 1818 8816.82
1813 592 8330.48
1813 593 1478.88
1814 1815 7266.94
1814 1820 3288.76
1814 1821 2775.81
1814 1822 7239.43
1814 1823 2632.42
1814 1824 2513.02
1814 500 4355.76
1815 1823 4536.90
1815 593 2529.71
1816 1817 7036.60
1816 1819 2990.52
1816 497 3504.07
1816 498 2833.02
1816 500 5763.42
1817 1818 3875.43
1817 1819 4601.06
1817 495 2104.55
1817 498 3817.72
1817 499 8024.19
1818 1819 3861.20
1818 499 2889.36
1818 591 4390.27
1818 592 6418.28
1819 500 2159.17
182 185 1670.82
1820 1821 6648.36
1820 1826 4140.19
1820 1827 1892.23
1820 30 3894.48
1820 34 2665.77
1820 500 311.95
1821 1822 4301.67
1821 1825 3343.14
1821 1826 1212.64
1822 1824 4977.69
1822 1825 7674.91
1822 600 820.34
1823 1824 5354.03
1823 581 7386.45
1824 581 879.20
1824 587 918.60
1824 596 1928.86
1824 600 5563.11
1825 1826 17310.33
1825 600 10463.93
1826 1827 20352.79
1826 599 7045.97
1827 32 8801.40
1827 33 1148.39
1827 34 10091.75
1827 601 12325.73
1828 1829 3133.63
1828 1830 379.18
1828 1831 9042.71
1828 1851 813.48
1828 1852 2882.63
1828 1866 1386.03
1828 1897 13774.87
1829 1830 9920.53
1829 1866 5777.01
183 184 2026.79
183 185 757.37
1830 1831 2916.71
1830 1843 8713.51
1830 1851 8853.23
1830 1866 1460.57
1831 1851 9237.30
1832 1833 1758.31
1832 1834 5795.28
1832 1835 13162.42
1832 1876 3750.26
1832 1888 7409.90
1832 432 11314.44
1833 1834 4031.19
1834 1835 11228.33
1834 1837 16820.26
1834 297 4749.72
1834 432 17784.42
1835 1836 5330.00
1835 1837 10207.04
1835 1888 10999.04
1836 1837 22752.01
1836 1838 16151.28
1836 1840 6420.85
1836 1841 11250.87
1836 1842 7042.94
1836 1888 5841.26
1837 1838 33479.50
1837 297 18123.15
1838 1839 28875.04
1838 1840 1327.97
1838 2133 2133.62
1838 2134 1435.51
1838 297 65845.21
1839 1846 8783.27
1839 2134 3344.53
1839 297 3703.25
1839 298 7801.60
1839 300 17082.90
184 185 618.81
1840 1841 3286.23
1840 1844 9300.13
1840 1847 2668.83
1840 2133 4727.67
1840 2134 7205.83
1841 1842 4930.44
1841 1843 8624.32
1841 1844 5151.88
1842 1843 3737.54
1842 1858 8724.63
1842 1866 6862.58
1842 1888 7916.27
1843 1844 2201.49
1843 1848 2039.51
1843 1849 457.69
1843 1850 6553.83
1843 1866 8400.68
1844 1847 4981.21
1844 1848 3008.77
1846 1847 22616.06
1846 1854 14231.74
1846 2134 7658.58
1846 300 7798.51
1846 313 14798.31
1846 314 4551.16
1847 1848 11056.13
1847 1850 5413.32
1847 1851 12329.82
1847 1853 9539.78
1847 1854 13584.49
1847 1855 10164.93
1847 2134 8346.15
1848 1849 1245.30
1848 1850 2772.98
1849 1850 1469.03
1850 1851 2233.28
1851 1852 11480.74
1851 1853 13012.65
1852 1853 19378.68
1852 1855 21247.89
1852 1863 5955.31
1852 1895 9519.00
1852 1896 25079.15
1852 1897 4027.78
1853 1855 15933.09
1854 1855 37040.46
1854 314 19344.42
1856 1857 2353.06
1856 1858 5246.14
1856 1861 430.51
1856 1862 161.08
1856 1863 11943.81
1856 1887 3954.51
1856 1891 9934.78
1856 1896 2865.74
1857 1858 444.65
1857 1860 568.55
1857 1861 359.24
1858 1859 2012.49
1858 1860 406.30
1858 1866 3653.10
1858 1887 12318.51
1858 1888 41.86
1858 1889 1405.84
1859 1860 567.89
1859 1866 3067.19
186 187 4088.90
186 191 906.87
186 192 5035.67
186 194 6974.37
186 195 24033.66
186 196 13907.64
186 956 408.13
186 957 25058.14
1860 1865 396.48
1861 1862 561.00
1861 1865 374.27
1862 1863 348.02
1862 1864 402.43
1862 1865 281.75
1863 1864 379.95
1863 1869 465.73
1863 1870 384.59
1863 1871 1402.29
1863 1896 12094.31
1863 1897 10061.21
1864 1868 377.28
1864 1869 399.02
1865 1866 667.22
1865 1868 384.65
1866 1867 2670.72
1866 1871 791.39
1866 1897 792.33
1867 1868 746.33
1867 1871 1168.14
1868 1869 370.34
1868 1871 374.42
1869 1870 395.14
1869 1871 93.31
187 195 181.35
1870 1871 683.32
1871 1897 820.68
1872 1873 6811.11
1872 1879 4693.80
1872 1881 8807.63
1872 912 8927.09
1873 1874 6032.75
1873 1878 9269.64
1873 1881 4990.97
1873 1900 1780.22
1873 910 4754.18
1873 912 5090.13
1874 1875 7531.84
1874 1876 5898.55
1874 1900 21057.25
1874 909 4650.30
1874 910 14269.13
1875 1876 13389.74
1875 1901 4609.69
1875 430 9525.70
1876 1887 7701.73
1876 1888 16855.61
1876 1891 1220.61
1876 1900 21722.15
1876 1901 16160.32
1876 430 3093.03
1876 432 10781.17
1877 1885 1519.95
1877 1886 2335.76
1877 1891 521.46
1877 1900 803.16
1878 1881 1176.86
1878 1883 2606.87
1878 1884 9563.09
1878 1900 1211.24
1879 1881 1501.12
188 189 16180.51
188 192 8263.56
188 193 11104.25
1880 1881 6484.74
1880 1894 20133.41
1880 1899 7656.65
1880 654 1770.12
1880 656 19415.37
1880 661 11212.62
1881 1882 4254.46
1881 1883 6074.97
1881 1899 6287.72
1881 656 6091.63
1883 1884 2623.65
1883 1892 5675.50
1883 1893 9675.82
1883 1894 19632.94
1883 1895 4614.85
1883 1896 28622.98
1883 1899 13857.29
1884 1891 4053.87
1884 1892 2347.61
1884 1900 4301.97
1885 1891 486.99
1885 1900 2342.66
1886 1891 1013.35
1886 1900 3251.20
1887 1888 10920.65
1887 1889 2941.55
1887 1890 5105.38
1887 1891 15239.95
1888 1889 2584.29
1888 1898 8331.01
1889 1898 2894.68
189 190 5821.43
189 191 3426.38
189 192 668.78
189 955 6593.18
1891 1892 10288.33
1891 1896 1911.13
1891 1900 21844.69
1892 1893 7988.40
1892 1896 13125.90
1893 1896 3247.51
1894 1895 15298.73
1894 1899 4535.18
1894 661 2703.99
1895 1896 7598.22
1895 661 10302.62
19 20 1632.73
19 435 8601.91
19 9 4280.22
190 955 16249.25
1902 1903 798.65
1902 1904 1438.46
1902 1908 1472.77
1902 1911 357.51
1902 1913 654.18
1903 1905 390.09
1903 1906 751.51
1903 1911 234.88
1903 1912 2218.24
1904 1905 531.44
1904 1913 1969.77
1905 1906 527.47
1905 1913 456.87
1906 1912 1646.44
1906 1913 1006.09
1907 1908 11746.96
1907 1914 9084.50
1908 1911 6028.29
1908 1913 7945.81
1909 1910 10366.72
1909 1911 15525.46
1909 460 1208.64
191 192 13792.77
191 195 5555.96
191 955 21020.19
191 956 5569.08
1910 460 5269.48
1910 461 11198.42
1911 1912 10426.48
1911 460 7398.99
1912 1913 5756.42
1912 459 1612.04
1912 460 40.67
1912 475 5887.65
1913 1914 4031.82
1913 458 1501.48
1913 459 5937.01
1914 458 6049.96
1914 981 967.65
1914 982 2276.24
1915 1916 1524.97
1915 1917 2102.11
1915 1919 986.46
1915 368 167.21
1916 1918 1527.02
1916 1919 466.83
1916 368 1069.43
1917 1919 4511.40
1917 1921 3468.49
1917 1922 4603.98
1917 356 3125.20
1917 357 5152.77
1917 368 2152.67
1917 373 4487.04
1917 633 7381.24
1918 1919 2491.84
1918 1920 971.49
1918 1921 335.71
1918 1928 362.27
1918 368 2518.58
1919 1920 2605.08
1919 1921 2470.06
192 193 10577.84
192 194 7763.21
1920 1921 5302.80
1921 1922 4097.74
1921 1926 4996.69
1921 1927 3608.35
1921 1928 1898.43
1922 1923 4283.15
1922 1924 8453.46
1922 1926 3351.35
1923 1926 399.14
1924 1925 7335.85
1924 1926 2386.87
1924 1929 10243.57
1924 633 5964.94
1924 634 5755.30
1925 1929 11729.87
1926 1927 841.14
1926 1928 4363.16
1926 1929 3124.39
1927 1928 5690.00
1929 418 6531.34
1929 634 5892.75
193 194 17089.74
193 954 3905.50
1930 1932 61.81
1930 1934 149.94
1930 1935 215.04
1930 1938 585.47
1930 1947 382.11
1930 1957 148.46
1930 1960 504.33
1930 414 5418.25
1930 924 3210.96
1931 1933 163.71
1931 1937 289.63
1932 1933 126.02
1932 1934 106.65
1932 1936 258.77
1933 1936 56.34
1933 1937 268.48
1934 1935 282.11
1934 1936 303.35
1934 1942 166.05
1934 1944 132.94
1935 1938 209.82
1935 1942 182.16
1936 1937 101.34
1936 1941 155.15
1936 1944 239.17
1937 1939 62.82
1937 1940 186.11
1937 1941 262.22
1938 1942 311.00
1938 1947 29.19
1939 1940 368.36
1939 1945 176.47
194 196 11284.29
194 954 13597.45
1940 1941 268.05
1940 1945 220.06
1941 1943 192.33
1941 1945 102.26
1941 1946 42.69
1942 1944 233.47
1942 1947 16.28
1942 1948 305.89
1942 1950 82.36
1943 1944 369.88
1943 1946 264.67
1943 1950 210.44
1943 1951 236.45
1943 1955 441.92
1943 1957 226.70
1943 1958 185.81
1944 1950 236.33
1945 1946 237.69
1945 1949 378.33
1945 1953 25.23
1946 1951 149.92
1946 1952 149.46
1947 1948 488.01
1947 1957 372.99
1948 1950 150.51
1948 1955 313.99
1948 1957 328.02
1949 1953 84.48
1949 1954 283.86
195 956 19674.80
1950 1955 332.84
1951 1952 167.83
1951 1958 181.67
1952 1953 207.88
1952 1958 43.28
1952 1959 156.20
1953 1954 156.17
1953 1956 208.53
1953 1959 168.47
1954 1956 197.75
1955 1957 58.65
1957 1960 42.50
1957 1961 360.82
1957 1964 336.77
1958 1959 155.53
196 954 555.99
196 957 10045.45
1960 1961 9.56
1960 1962 98.36
1960 1963 337.28
1960 1966 144.26
1961 1962 309.31
1961 1964 63.32
1961 1965 128.86
1962 1963 262.38
1962 1965 82.75
1963 1966 172.75
1964 1965 191.33
1964 1967 316.89
1964 1969 187.20
1965 1966 144.34
1965 1967 84.74
1965 1968 82.78
1966 1968 221.44
1967 1968 348.27
1967 1969 40.83
1967 1970 196.84
1968 1970 42.04
1969 1970 212.47
1969 1972 264.41
197 198 341.34
197 199 3056.36
197 202 1089.60
197 203 387.54
197 208 618.76
197 209 8016.07
197 215 5440.11
197 217 2032.25
197 220 4645.98
197 222 2069.41
1970 1971 185.76
1970 1972 84.44
1970 1973 320.06
1971 1973 149.94
1971 1974 271.03
1972 1973 169.27
1972 1975 303.89
1973 1974 187.50
1973 1975 127.24
1974 1975 349.14
1976 1977 59.23
1976 1979 260.24
1976 1980 510.82
1976 1983 417.32
1977 1978 653.21
1977 1979 824.56
1977 1985 214.52
1978 1981 341.39
1978 1985 247.56
1979 1980 607.81
1979 1985 90.00
1979 1987 138.04
198 199 1998.81
198 201 706.14
1980 1983 627.57
1980 1987 328.64
1980 1990 570.01
1980 1992 39.95
1980 1993 79.25
1981 1985 205.02
1981 1986 217.87
1981 1988 162.86
1981 1989 328.44
1982 1984 1262.83
1982 1991 54.30
1983 1993 72.74
1983 1994 110.62
1983 1995 388.98
1984 1986 246.01
1984 1988 322.51
1984 1991 364.43
1985 1987 602.26
1985 1989 376.76
1985 1990 25.66
1986 1988 464.52
1987 1990 647.63
1988 1989 250.86
1988 1991 461.73
1989 1990 155.63
1989 1991 438.33
1989 1992 383.78
1989 1996 298.32
199 200 2376.92
199 201 83.48
199 212 1356.36
199 215 6676.64
199 638 2176.75
199 645 6623.41
1990 1992 1266.10
1991 1996 444.71
1991 1998 32.87
1991 2000 387.02
1992 1993 1287.26
1992 1996 348.13
1992 1997 1587.77
1992 2000 236.34
1992 2003 226.78
1992 2004 1194.37
1993 1994 977.23
1994 1995 691.82
1996 1997 286.74
1996 1999 175.52
1997 1999 354.10
1997 2000 272.88
1998 2000 1176.88
1998 2001 559.20
1998 2002 366.17
1998 2003 196.94
1999 2000 460.13
2 2121 2382.74
2 3 2712.37
20 432 5666.12
200 201 165.55
200 204 255.31
200 205 874.95
200 211 1051.86
200 212 647.57
2000 2003 116.66
2001 2003 229.98
2001 2005 343.96
2001 2006 89.36
2002 2005 430.67
2002 2007 357.55
2002 2008 30.71
2003 2004 615.98
2003 2006 238.84
2004 2005 168.05
2004 2006 497.06
2004 2009 517.45
2005 2006 534.61
2005 2008 377.65
2005 2009 212.62
2007 2008 471.70
2007 2010 222.15
2008 2009 309.45
2008 2010 268.94
2009 2011 210.39
201 202 277.91
201 204 702.44
2010 2011 460.40
2012 2013 435.37
2012 2014 154.47
2012 2016 309.08
2012 2019 254.80
2012 2020 340.97
2012 2104 1177.54
2012 402 2212.00
2012 414 1601.25
2013 2014 313.61
2013 2016 199.24
2013 2017 40.68
2014 2015 59.56
2014 2017 202.91
2015 2017 196.47
2015 2018 298.76
2016 2017 391.29
2016 2019 282.27
2017 2018 350.26
2017 2019 279.51
2017 2021 120.98
2017 2022 408.20
2018 2021 295.69
2019 2020 373.37
2019 2022 160.04
202 203 818.68
2020 2024 488.74
2020 402 112.84
2021 2022 1098.33
2021 2023 296.82
2021 2024 372.53
2021 2025 571.77
2021 2026 868.29
2021 2027 399.71
2021 2028 417.29
2022 2024 570.11
2023 2025 122.02
2023 2026 643.75
2024 2028 1266.78
2024 2029 850.52
2024 402 829.04
2025 2026 254.35
2025 2027 209.18
2026 2027 380.22
2026 2028 382.31
2026 2030 810.46
2026 2031 22.02
2028 2029 887.67
2028 2031 238.46
2028 2037 215.83
2028 2041 508.43
2028 2043 22.36
2029 2043 1539.05
2029 402 1382.54
2029 405 231.56
203 204 249.94
203 207 294.14
203 208 381.45
2030 2031 162.08
2030 2032 124.36
2030 2033 345.23
2030 2034 171.47
2030 2035 215.43
2030 2036 126.08
2031 2033 363.34
2031 2037 432.92
2031 2040 151.38
2031 2042 225.53
2032 2034 244.39
2032 2038 124.09
2032 2040 248.49
2033 2036 198.41
2033 2040 45.98
2034 2035 203.00
2034 2038 128.82
2035 2036 197.80
2035 2038 84.92
2035 2039 127.68
2036 2039 42.55
2036 2040 86.52
2037 2041 328.09
2037 2042 111.00
2037 2044 208.65
2038 2039 158.62
2038 2040 262.69
2039 2040 290.41
204 205 278.10
204 206 240.05
204 207 178.32
2040 2042 224.69
2040 2045 296.61
2041 2043 464.47
2041 2044 360.01
2042 2044 198.46
2042 2045 341.21
2043 405 612.18
2044 2045 47.21
2044 2046 324.07
2045 2046 297.29
2047 2048 1398.08
2047 777 3835.97
2047 779 1846.68
2049 454 3142.82
2049 455 3883.88
205 206 549.05
205 211 835.55
2050 2051 10750.91
2050 944 4523.93
2050 945 1834.86
2050 947 7434.27
2050 949 4351.72
2050 950 3501.82
2050 951 1485.82
2050 959 17654.85
2050 962 2196.20
2051 959 2817.86
2051 962 3728.69
2052 2053 21554.56
2052 2076 10697.89
2052 967 5811.11
2052 972 15018.90
2052 976 21311.38
2053 2076 3629.72
2053 2077 10592.52
2053 822 2334.40
2053 823 4694.48
2053 824 10216.62
2053 825 4267.82
2053 829 3490.64
2053 972 5304.31
2054 2055 7226.76
2055 683 1978.39
2056 2057 2215.36
2056 388 2856.97
2056 390 1106.77
2056 391 1386.17
2056 392 3023.82
2056 394 4038.22
2057 2058 2921.59
2057 392 4685.64
2057 394 1643.03
2057 784 3930.22
2057 785 2593.09
2058 394 4791.33
2058 395 1415.89
2058 401 2993.23
2058 783 686.56
2058 784 1267.09
2059 2060 3355.68
2059 461 1380.59
2059 463 3596.68
206 207 1252.76
206 208 349.68
206 209 211.28
206 210 1020.77
206 211 1443.56
2060 2061 5777.76
2060 461 7107.10
2060 463 180.26
2060 472 6736.46
2060 473 4743.74
2061 461 7555.55
2062 2064 7874.18
2062 464 1396.47
2062 465 10473.60
2062 472 4043.47
2063 2064 4592.88
2063 472 2457.61
2063 473 6924.36
2063 480 4893.78
2064 465 2070.50
2064 470 1618.68
2064 472 1121.82
2064 480 7112.08
2065 2066 7362.34
2065 2075 4828.44
2065 474 8956.67
2065 475 5543.45
2065 477 3036.91
2065 479 9652.49
2065 483 3094.89
2065 484 884.32
2065 485 2113.64
2066 2074 3331.01
2066 2075 4972.76
2066 477 3120.53
2067 2068 2422.89
2067 2069 6335.90
2067 2071 3386.39
2067 479 909.22
2067 480 11514.22
2068 2069 3477.57
2068 2070 4582.93
2068 470 5058.44
2068 480 11851.45
2069 2070 4141.53
2069 2072 3412.17
2069 2073 4421.55
2069 834 4448.96
2069 835 3120.91
207 208 776.94
2070 470 3932.86
2070 834 8831.69
2071 2072 9318.32
2071 479 6852.99
2071 483 10609.74
2071 835 9662.43
2071 836 3539.66
2071 837 1210.69
2072 2073 3589.05
2072 835 967.82
2073 835 2077.69
2074 2075 5815.84
2074 487 781.11
2074 488 739.62
2075 483 4590.22
2075 485 630.30
2075 488 8960.96
2076 2077 14845.40
2076 2079 2611.65
2076 976 10756.95
2077 2080 2788.82
2077 825 8035.60
2078 2079 7550.79
2078 976 25351.89
2079 2080 7623.98
2079 827 12284.46
2079 828 1155.04
2079 976 4656.67
208 209 1001.57
2080 825 3947.66
2080 828 13070.66
2080 849 4928.42
2081 2083 19220.52
2081 849 8057.78
2081 856 20341.97
2081 864 11918.03
2081 870 23508.72
2082 2083 7476.33
2082 853 1712.70
2082 854 3314.99
2083 850 22291.55
2083 852 23065.86
2083 853 653.08
2083 854 3244.00
2083 870 4340.89
2084 2085 6856.57
2084 914 11019.39
2084 918 146.34
2084 919 7928.24
2085 914 5621.44
2085 918 6026.63
2085 920 65.77
2085 921 4105.17
2086 2087 2683.78
2086 2088 1210.62
2087 2088 857.34
2089 2090 7791.48
209 210 1335.07
209 212 10987.12
209 222 7434.85
209 223 5985.21
209 224 2886.37
209 638 1455.56
209 646 1115.02
209 649 8653.15
2091 2092 1698.46
2091 340 2311.93
2091 356 5202.88
2091 359 3816.23
2091 372 1989.96
2092 2093 1512.67
2092 356 937.54
2092 372 688.06
2092 373 524.02
2093 356 1145.79
2093 373 1412.60
2094 2095 1061.85
2094 363 92.86
2094 367 3630.63
2095 363 3286.04
2096 2097 839.09
2096 2098 384.25
2097 2098 499.76
2099 2100 3224.28
2099 2101 2136.99
2099 979 2365.71
2099 984 324.26
21 2122 1112.77
21 2146 4085.35
21 22 4571.19
21 23 1203.13
21 26 3213.44
21 27 4262.42
21 29 7846.73
21 3 167.62
210 212 1290.51
2100 2101 1555.46
2100 389 2178.25
2100 979 3386.23
2102 2103 3782.38
2103 927 1897.58
2104 2105 3513.79
2104 402 1028.80
2104 404 4774.28
2104 405 1406.67
2104 414 8612.25
2104 635 2527.30
2105 2106 2630.80
2105 403 2300.40
2105 404 1756.28
2105 417 5775.53
2105 418 6705.24
2105 634 7448.86
2105 635 8007.28
2106 403 3257.87
2106 404 2341.53
2107 2108 1432.81
2107 405 2352.06
2108 405 4496.30
2108 409 1272.06
2108 410 422.32
2108 411 1011.21
2108 417 381.06
2108 420 3023.11
2109 2110 2521.09
2109 898 7364.38
2109 899 2784.70
211 212 4497.32
2110 2111 1745.47
2110 2112 3595.41
2110 898 3661.00
2110 899 1718.46
2111 2112 9409.87
2111 899 24333.31
2111 901 11087.10
2111 902 3777.65
2113 2114 4838.57
2113 2115 3742.87
2114 2115 6931.95
2114 814 1439.65
2116 2117 1205.52
2116 2119 288.71
2117 2119 1607.17
2118 2119 526.19
212 638 5390.24
2120 2121 5230.66
2120 4 7067.46
2120 492 2273.00
2120 5 4473.60
2120 6 2025.48
2121 3 3058.44
2121 489 9072.25
2121 492 182.68
2121 6 4255.10
2122 2123 1024.02
2122 2146 3710.86
2122 3 4302.24
2122 489 204.68
2122 490 92.66
2122 501 2679.36
2123 2146 4620.13
2123 489 279.67
2123 490 4513.75
2123 497 3257.07
2123 500 7866.98
2124 2125 1184.05
2124 698 2338.33
2124 717 6503.58
2125 698 187.38
2125 700 1388.96
2125 701 1082.16
2125 717 982.28
2126 2127 755.41
2126 259 183.93
2126 260 1284.62
2126 262 532.09
2126 266 1036.91
2127 260 2319.44
2127 266 1268.86
2127 292 276.46
2128 2129 1899.91
2128 504 2300.05
2128 506 445.75
2128 508 2032.57
2129 2130 106.76
2129 504 3851.46
2129 508 484.75
213 214 21169.11
213 216 18188.26
213 217 13502.21
213 896 23602.76
213 899 5065.54
2130 506 2307.38
2130 508 1158.43
2130 55 606.21
2131 2132 868.75
2133 2134 5303.49
2135 2136 2065.32
2135 605 4790.96
2135 609 19266.03
2135 742 12103.05
2136 609 3248.15
2136 611 5869.88
2136 613 3769.62
2137 2138 7362.83
2137 726 11105.82
2137 732 6288.86
2137 734 9257.74
2138 278 4798.95
2138 732 1988.29
2138 734 7388.71
2138 736 4555.97
2138 740 5964.27
2139 2140 5186.37
2139 2141 1714.19
2139 533 3642.91
2139 781 4168.49
214 215 20470.29
214 216 5471.04
214 219 13334.17
214 643 19685.94
214 899 29141.40
214 902 1664.63
2140 533 1984.12
2140 534 5934.68
2140 781 5105.52
2141 533 2171.19
2142 2143 875.20
2144 2145 644.98
2144 787 2237.87
2144 790 1658.27
2145 787 69.65
2145 788 696.95
2145 790 339.20
2145 792 399.26
2146 22 3546.08
2146 30 1839.66
2146 500 1775.69
215 216 13696.51
215 218 11479.70
215 219 15175.97
215 220 2166.64
215 645 1295.99
216 217 23299.79
216 218 7995.61
216 220 5138.92
217 220 7357.01
217 221 36238.31
217 222 8284.37
218 220 4394.71
219 643 19945.57
219 645 8674.05
22 24 4962.68
22 30 5260.27
221 222 3060.66
221 224 5712.79
221 225 5230.24
221 226 15275.09
221 227 4690.99
221 228 4736.96
221 232 15532.25
222 224 10688.82
223 224 12002.40
223 229 14964.14
223 649 928.49
223 650 3194.29
224 225 12009.41
224 229 3111.90
225 228 5193.46
225 229 1262.16
226 227 8955.19
226 228 9569.16
227 228 2541.04
227 231 7389.87
227 232 29269.11
228 229 9726.92
228 230 4899.89
228 231 14409.79
229 230 9318.23
229 650 4467.51
229 651 10174.89
229 652 15965.42
229 653 4536.66
23 24 1351.87
23 29 949.91
230 231 6145.54
230 233 24194.22
230 652 5906.41
230 658 7093.42
230 659 3269.35
231 232 5878.48
231 233 7962.62
232 233 13864.12
234 235 1135.45
234 236 2231.30
235 236 2932.22
236 237 9245.63
236 238 1232.42
236 323 8303.50
236 324 2114.87
236 328 1698.71
236 329 2630.72
236 884 3949.09
236 987 7952.42
237 238 7038.02
237 329 10794.17
237 438 4804.42
238 987 10178.73
238 988 2954.88
239 240 1093.48
239 242 326.59
239 248 1898.69
239 260 3158.84
24 29 5945.79
24 30 6545.40
24 31 1611.57
24 33 2433.95
240 241 607.49
240 242 549.93
240 247 275.66
240 248 125.72
241 242 607.21
241 246 125.40
241 247 348.69
242 243 897.90
242 244 1750.44
242 246 468.70
242 260 1571.51
242 277 4266.63
242 282 1707.19
242 284 427.52
243 244 1131.83
243 245 468.00
243 246 222.67
244 245 379.38
244 255 1427.46
244 284 1664.54
245 246 85.86
245 252 278.84
245 254 339.32
245 255 102.88
246 247 193.87
246 252 406.21
247 248 375.77
247 250 173.88
247 251 493.70
247 252 183.64
248 249 2288.24
248 250 352.74
248 260 666.21
249 250 612.50
249 260 1953.66
25 26 10670.71
25 27 1873.32
25 6 7476.79
25 713 11977.75
25 714 3688.53
250 251 533.70
250 259 233.73
250 260 468.53
251 252 190.06
251 253 370.71
251 259 572.58
252 253 439.43
252 254 91.36
253 254 410.43
253 258 416.25
254 255 540.37
254 256 76.53
254 257 290.38
255 256 2578.28
255 284 2328.90
256 257 656.38
256 264 2729.61
256 284 1043.82
256 286 577.60
257 258 540.51
257 263 842.88
257 264 252.02
258 259 552.38
258 263 311.46
259 260 880.44
259 262 1200.76
259 263 383.46
26 27 12115.03
26 3 4477.77
26 6 5976.22
260 266 2120.16
260 276 7322.74
260 277 855.82
260 289 1117.26
260 292 2867.70
262 263 931.80
262 264 42.33
262 265 1340.85
262 266 158.59
263 264 2123.09
264 265 404.82
264 266 1679.72
264 267 1954.46
264 286 1875.59
264 287 2884.13
264 289 2735.60
265 266 690.51
265 267 1099.91
266 267 1334.09
266 289 4610.85
266 292 4044.64
268 269 5952.82
268 270 1939.31
268 380 13878.16
268 70 7036.32
269 270 11617.26
269 272 4640.10
269 380 8358.47
269 734 4526.44
27 28 14088.19
27 29 1313.14
27 713 5238.57
270 271 11612.82
270 272 5140.24
270 70 5686.55
271 272 3713.57
271 273 9636.91
271 274 6961.37
271 275 3908.72
272 273 7808.14
272 734 9049.35
273 274 4146.85
273 277 6634.80
273 278 4736.52
273 280 4964.27
273 734 12558.30
274 275 10527.40
274 276 1786.70
274 277 3253.81
275 276 10587.15
276 277 7763.59
277 280 7488.52
277 281 815.33
277 282 868.77
278 279 4723.30
278 280 5019.98
278 734 3870.89
278 740 656.04
279 280 4780.32
279 283 1406.92
279 284 4776.96
279 740 11319.02
28 29 7034.31
28 31 13819.25
28 32 12883.13
28 33 4747.80
28 713 9702.44
280 281 5020.30
280 282 5471.95
280 283 1494.49
282 283 5020.81
282 284 495.46
283 284 10817.01
284 285 8519.63
284 286 3587.54
284 602 2863.77
284 740 9141.51
285 286 2872.49
285 287 2802.99
285 602 4282.56
286 287 4668.02
287 288 5213.60
287 289 5730.16
287 602 4589.06
287 607 1718.77
288 289 7334.91
288 607 6135.84
289 290 8724.00
29 31 3120.67
290 291 13547.21
293 294 11533.94
293 296 3285.65
293 297 5023.96
293 298 9697.24
293 303 9255.13
294 295 3237.20
294 296 170.65
294 305 7989.67
295 296 897.40
295 303 3391.02
295 304 1854.58
295 305 3309.17
295 306 5158.76
296 303 872.11
297 298 12612.66
297 432 8224.99
298 299 6370.01
298 300 4154.68
298 303 27082.76
299 300 2639.78
299 301 2226.79
299 302 2123.50
299 303 5016.58
3 489 242.28
3 6 5184.51
30 33 6601.64
30 34 3101.40
30 500 8842.65
300 301 10168.68
300 313 5733.09
301 302 9820.45
301 313 3918.20
302 303 9081.93
302 312 5464.04
302 313 2709.65
303 304 18175.43
303 312 7028.92
304 306 45230.14
304 307 18805.71
304 310 23106.77
304 311 10053.93
304 312 3728.70
304 447 13181.56
304 77 3261.07
305 306 9498.86
306 307 6252.41
307 308 8294.88
307 309 11905.76
307 447 3481.94
308 309 15300.62
308 442 8919.72
309 442 367.58
309 445 13440.86
309 446 3491.58
309 447 12033.30
31 33 20116.98
310 311 30420.23
310 314 3865.14
310 316 7227.49
310 72 379.69
310 75 1201.81
310 76 12088.55
310 77 18631.24
310 78 2936.15
310 79 1641.14
311 312 15555.05
311 314 12546.36
312 313 10720.49
312 314 13969.87
313 314 20579.08
314 315 35273.37
314 316 8962.82
315 316 18613.49
316 706 5107.96
316 79 10361.31
316 85 10223.00
317 318 1449.85
317 320 1038.82
317 328 2430.36
318 319 865.73
318 328 1923.03
318 329 235.00
319 320 1090.74
319 329 1438.32
32 33 9775.72
32 713 3287.46
32 716 3868.25
320 328 845.80
320 329 1793.41
321 322 4302.09
321 323 693.62
321 325 1378.03
321 327 5610.12
321 503 4782.42
321 884 3495.14
322 323 9046.61
322 325 7102.19
322 327 1231.43
322 328 5680.32
323 324 1956.37
323 328 413.43
323 884 5218.61
324 328 2633.37
325 326 1481.33
325 327 4287.69
326 327 4248.04
327 328 4230.04
328 329 8757.59
328 330 5480.71
329 330 7559.86
329 438 6529.27
33 34 15540.90
331 335 3899.58
332 333 9917.27
332 334 5428.20
332 385 4160.94
332 980 3113.23
333 334 10693.76
333 335 6192.90
333 385 3690.98
333 387 2352.49
334 335 14513.45
334 396 563.78
334 397 4867.06
334 684 1816.91
335 388 8353.39
335 394 4434.54
335 395 7026.67
335 396 1520.84
336 337 1605.18
336 360 1310.14
336 369 623.00
337 360 1372.03
337 367 1372.14
337 368 553.29
337 369 136.10
338 339 7312.93
338 629 10184.09
338 630 4973.99
338 688 4291.52
338 689 5701.28
339 340 537.43
339 356 2387.66
339 357 4520.28
339 630 505.85
340 341 1654.02
340 354 2605.79
340 356 4140.42
340 359 1486.60
340 689 1553.84
340 691 7565.32
341 342 1142.68
341 353 1384.52
341 354 1753.78
341 691 2395.52
342 352 3146.02
342 353 4267.42
342 399 3285.16
342 400 4331.16
342 690 1289.78
342 691 1972.42
343 344 4304.77
343 350 3789.08
343 351 1674.29
343 352 2264.11
343 782 2375.10
344 345 7045.66
344 349 448.43
344 350 2787.99
344 782 2369.59
344 783 3127.59
345 346 2657.86
345 348 2765.45
345 349 2587.64
345 783 1294.72
346 347 4003.86
346 348 2987.39
346 783 5797.74
346 786 1641.98
347 348 4658.66
347 785 1395.36
347 786 1864.30
348 349 1329.94
348 363 1611.89
348 364 373.72
349 350 1900.83
349 362 1595.95
349 363 5045.54
35 36 9447.91
35 37 2118.78
35 38 2758.70
350 351 3073.62
350 360 1914.30
350 361 2404.65
350 362 2387.85
351 352 1888.71
351 353 3249.97
351 355 2841.02
351 360 322.69
352 353 3439.15
352 400 188.73
352 782 2229.03
353 354 1153.19
353 355 1240.81
354 355 3382.61
354 359 1213.03
355 359 3757.24
355 360 3494.60
356 357 6430.76
356 373 2527.50
357 630 390.86
357 633 2023.97
359 360 2308.29
359 370 401.76
359 371 3560.74
359 372 1061.72
36 37 8333.66
36 38 9979.81
36 842 5339.03
36 844 9130.59
36 860 11213.95
360 361 5229.99
360 367 1930.75
360 369 426.08
360 370 958.88
361 362 3106.94
361 367 1871.50
362 363 4499.52
362 367 1009.68
363 364 3289.45
363 366 2808.59
363 367 2962.78
363 374 2265.92
364 365 5047.18
364 366 3012.67
365 366 2232.74
365 374 5190.12
365 568 2615.21
366 374 2391.66
367 368 2463.72
368 369 4629.19
368 370 2112.63
368 373 2496.12
369 370 2714.78
37 379 5825.86
37 38 5808.61
37 40 11114.09
37 723 2635.36
37 844 6282.21
37 941 312.22
37 942 10340.32
370 371 2090.56
370 372 2285.51
370 373 2364.34
371 372 805.65
372 373 62.53
375 376 662.57
375 377 2767.21
375 378 4962.63
375 379 3028.67
375 380 1186.14
375 572 109.10
375 573 4228.17
376 377 811.45
376 378 270.07
376 379 1700.15
377 378 737.04
377 379 8752.01
377 380 12106.86
379 380 4632.17
379 572 4754.94
379 723 21161.80
379 942 18894.74
379 943 5592.95
38 39 7533.71
38 40 13381.13
38 859 12034.91
38 860 4873.38
380 573 7357.48
380 574 9380.97
380 70 3460.31
380 723 1347.37
380 725 12634.75
380 734 690.85
381 382 3171.87
381 383 2576.98
382 383 11070.77
382 502 13988.07
382 503 10572.99
382 626 5505.86
382 882 3560.91
383 619 7802.81
383 625 7539.65
383 626 3647.86
383 986 7716.44
384 400 2340.26
384 401 1782.29
385 386 5908.67
385 387 98.20
385 980 7355.10
386 387 8561.75
386 980 3221.11
386 984 5755.13
387 388 5261.76
387 390 1890.22
387 979 1658.42
387 984 903.49
388 390 5381.37
388 394 497.20
389 390 3668.40
389 391 3275.43
389 979 4932.19
39 40 7444.15
39 41 7864.34
39 42 10741.85
39 859 10004.93
39 862 8782.93
390 391 6351.06
390 979 2145.99
391 392 6986.16
392 785 2067.93
394 395 2438.39
395 396 7757.98
395 400 2339.36
395 401 5846.42
396 397 7397.57
396 398 3892.69
396 399 5050.17
396 400 5738.51
397 398 2824.37
397 684 778.30
398 399 4335.78
398 684 2130.57
398 685 7828.89
398 686 1644.27
398 690 1594.69
399 400 4761.41
399 690 1228.39
4 492 14600.81
4 5 9946.52
4 706 3838.77
40 41 16692.71
40 723 12486.07
40 724 6042.95
400 401 3346.77
400 782 1248.41
400 783 853.77
401 783 9397.37
402 405 1435.17
403 404 1263.91
403 411 1114.19
403 417 2260.04
404 405 2565.59
404 406 1279.28
404 407 679.37
404 411 448.99
405 406 1088.01
405 408 514.34
405 409 2243.00
406 407 218.64
406 408 442.41
407 408 401.52
407 410 410.21
407 411 350.30
408 409 438.22
409 410 462.74
41 42 21202.30
41 43 5507.38
41 724 3490.83
41 726 8582.99
41 727 18633.00
41 728 13767.99
410 411 40.55
410 412 452.42
411 412 1697.23
411 417 1944.69
413 414 6745.39
413 631 2933.27
413 632 4093.71
413 924 4588.81
414 632 8773.43
414 635 2599.36
414 924 5042.74
417 418 7977.29
417 419 4369.04
417 420 826.39
417 422 3697.67
418 422 4336.86
418 634 3535.06
419 420 2683.90
419 421 4592.64
419 422 2271.95
42 43 13713.16
42 862 11812.26
420 425 6712.68
421 422 5123.72
421 423 2837.21
421 425 4603.31
422 423 4456.50
423 424 1209.03
423 425 2012.67
423 428 5520.34
424 425 13475.30
424 426 4448.47
424 427 4234.11
424 428 3914.35
426 427 6795.80
427 428 5814.09
427 429 8165.87
427 430 4213.32
428 429 3354.57
428 430 1376.92
428 432 2846.08
429 430 11596.27
43 728 10777.30
43 730 12192.17
43 862 10933.25
43 863 9434.18
43 864 7102.48
430 432 19409.90
431 432 4349.22
433 434 995.71
433 435 3102.52
434 435 5844.16
434 9 546.55
435 9 8256.59
436 437 12856.60
436 923 5296.40
437 438 16084.59
437 923 10021.31
439 440 547.83
439 441 3868.38
439 449 10406.05
439 450 3897.00
44 50 5593.76
440 441 2139.38
440 450 3172.44
440 451 2519.50
441 449 4142.60
441 451 5131.92
441 453 494.40
442 443 5633.65
442 444 1672.84
442 445 14326.43
443 444 14024.38
443 509 124.68
443 516 4731.15
444 445 8331.78
444 446 11816.90
444 450 3041.87
444 516 7883.36
444 517 5377.02
445 446 9640.41
446 447 11533.48
446 448 5220.98
446 449 33714.10
446 450 9407.35
447 448 13731.69
447 77 6353.80
447 80 8040.73
447 82 2307.63
448 449 4153.08
448 454 1374.05
448 455 14572.52
448 82 23805.94
449 450 1903.28
449 453 4862.80
449 454 13534.18
45 46 7251.10
45 47 4018.15
45 637 3917.25
450 451 5042.86
450 517 6484.47
450 524 4843.14
451 452 9425.82
451 524 1239.08
451 525 3043.77
452 453 5700.44
452 525 2581.71
453 454 6208.64
454 455 12305.66
455 82 1052.65
456 457 1143.29
456 475 2066.69
456 477 778.91
457 475 904.23
457 477 2121.86
458 459 4709.99
458 476 1903.99
458 982 6503.64
459 475 4630.63
459 476 5228.58
46 47 6672.49
460 461 6171.95
460 475 13335.87
461 473 4457.58
461 474 14106.02
461 475 1140.53
463 464 7213.64
463 472 6817.60
464 465 7409.69
464 472 7399.96
465 466 29349.97
465 470 8495.67
466 467 14859.94
466 468 14149.09
466 469 23225.25
466 470 3971.02
466 830 6692.94
467 468 14727.06
467 974 2979.43
467 975 21010.67
468 821 18455.04
468 822 4758.55
468 823 916.21
468 830 15848.24
468 972 6138.99
468 974 9665.20
469 470 9455.43
469 830 1805.48
469 831 3705.08
469 832 5405.36
469 833 14675.50
469 834 596.10
47 48 7539.13
47 49 1665.24
47 637 1512.07
470 480 6562.95
470 834 4045.44
472 473 6001.39
473 474 4685.76
473 479 7042.92
473 480 8835.76
474 475 312.72
474 479 3793.99
475 476 5208.08
475 477 6602.48
476 477 4642.01
476 982 3040.80
479 480 8690.21
479 483 2531.16
48 49 6100.29
48 50 15772.02
48 637 6242.83
483 484 2782.83
483 485 958.86
483 488 865.20
483 837 6814.28
484 485 2010.42
487 488 11299.51
487 838 6224.82
488 837 8258.64
488 838 3632.98
489 490 1036.18
489 492 2410.36
489 497 8790.17
489 501 1446.21
49 50 5082.32
490 501 303.51
492 493 16809.40
492 496 4206.44
492 497 9133.19
493 494 12364.66
493 495 3236.97
493 496 11645.11
494 495 3898.75
494 799 5708.49
494 800 2189.64
495 496 6052.81
495 498 7188.70
495 499 8161.29
495 800 5118.00
495 807 3063.63
496 497 1559.68
496 498 9832.01
497 498 4412.93
497 500 4214.95
499 591 5923.65
499 807 4814.31
5 6 19449.58
5 706 8195.97
5 714 6179.88
50 51 6579.06
50 52 4259.21
50 53 6992.36
50 620 4616.25
50 637 335.19
502 503 22588.06
502 914 18041.01
502 920 8639.79
503 882 4781.94
503 884 4340.95
504 505 2378.68
504 525 4125.28
504 526 6206.52
505 506 7883.80
505 522 4695.96
505 523 1970.94
505 526 5333.31
505 527 3765.77
506 508 1562.86
506 527 3365.04
506 528 2726.04
506 531 3924.92
506 55 5817.84
506 56 4151.84
509 510 7657.55
509 516 8180.17
51 52 2667.34
51 557 7583.11
51 559 2885.62
510 511 4191.73
510 512 7174.08
510 516 5398.31
510 518 11394.80
511 512 2038.57
512 513 2052.85
512 515 7392.12
512 518 2415.88
513 514 2297.28
513 515 3152.73
514 515 8742.11
514 519 10652.52
515 518 5893.20
515 519 5855.82
516 517 4139.13
516 518 10697.04
517 518 6142.14
517 524 6310.63
518 519 3258.08
518 522 8348.86
518 523 7906.52
518 524 3577.51
519 520 16932.98
519 522 3796.78
52 53 6235.03
52 559 7075.52
520 521 4373.39
520 522 3495.13
520 529 15726.49
521 522 2241.31
521 528 3472.77
522 523 6270.93
522 527 1194.79
522 528 1968.08
523 524 4438.53
523 525 2469.52
523 526 4119.29
524 525 6044.88
525 526 2684.42
527 528 5272.13
528 529 5378.24
528 530 2969.82
528 531 4573.22
529 530 7714.75
530 531 4132.05
530 56 1531.48
530 57 1652.15
530 58 4098.88
531 56 3068.96
533 534 2390.70
533 535 3576.23
533 536 1462.95
534 535 6569.83
535 536 5357.40
537 538 8341.74
538 539 6026.27
54 66 4410.17
54 761 1615.95
54 762 4616.23
540 541 1600.34
540 542 168.09
540 543 5235.15
540 544 4591.25
540 545 4826.22
540 549 4271.77
541 542 1651.66
542 543 2479.33
542 549 3602.06
542 551 6440.72
542 552 9369.70
543 546 4093.84
543 548 3376.35
543 553 792.97
544 545 8232.53
544 549 430.99
545 546 3491.82
546 547 3268.35
546 548 2793.57
547 548 6200.89
547 552 667.25
547 554 16954.56
547 595 2513.60
547 598 10090.52
548 552 2442.78
548 553 1497.12
549 550 4696.30
549 551 1325.45
55 56 2969.85
55 62 1532.04
55 63 2245.19
55 65 9099.03
550 551 6956.47
550 555 1449.71
551 555 1714.32
552 553 1385.28
552 554 5752.17
552 770 8877.79
554 598 2548.78
554 768 8152.61
554 769 8214.49
554 770 3209.04
556 565 3093.93
557 558 8421.35
557 559 7798.98
558 559 1635.89
558 561 12145.79
558 562 2798.99
559 560 6067.57
559 561 2829.54
56 57 1747.86
56 58 1911.05
56 61 2997.44
56 62 4031.54
560 561 5836.55
560 563 2633.31
560 564 4034.70
561 562 3332.16
561 563 9565.85
562 563 6885.36
562 565 3211.47
563 564 2716.50
563 565 13277.23
564 565 2349.11
566 567 4049.06
566 568 5290.17
566 569 3040.53
566 575 5990.91
566 576 9080.14
568 569 9682.11
568 576 4303.52
569 570 5956.10
569 575 2221.27
57 58 5295.61
570 571 9821.65
570 575 2895.59
570 937 981.96
570 938 8890.65
571 572 7722.91
571 574 2723.38
571 575 6765.87
571 937 1356.15
571 939 2206.45
572 573 11160.26
572 574 2210.91
572 939 5448.06
572 943 4280.66
573 574 6466.29
574 575 4499.96
574 576 2557.23
575 576 3181.13
577 578 1806.31
577 580 919.50
577 581 8388.82
577 593 3050.99
577 594 6249.97
578 579 1052.85
578 580 307.72
578 594 853.21
579 580 319.00
579 584 1177.26
58 59 3373.78
580 581 202.93
580 582 400.05
580 583 325.30
581 582 369.16
581 587 8302.80
581 589 1278.30
581 593 2068.15
582 583 575.22
582 588 362.94
582 589 194.35
583 584 315.42
583 585 254.95
583 588 328.21
584 585 1178.38
585 586 768.06
585 587 305.49
586 587 418.59
586 590 840.73
587 588 297.00
587 589 3092.36
587 590 4187.70
587 596 5946.42
588 589 1051.30
59 60 2095.39
59 61 2423.04
59 63 1224.35
59 65 5885.83
590 595 1907.34
590 597 2792.31
591 592 1245.89
591 807 1934.38
591 808 5750.14
592 593 11481.47
592 808 4548.26
593 594 8014.83
595 596 2215.78
595 597 2673.44
595 598 5886.76
596 597 1125.88
596 598 4175.59
596 599 1182.09
596 600 5360.81
598 599 9000.65
598 601 3939.27
599 600 7600.99
599 601 9983.87
6 714 1235.29
60 61 4136.58
601 768 4661.88
601 775 8256.18
602 603 6623.74
602 604 8824.19
602 607 6632.93
602 719 667.26
602 722 808.78
602 740 4395.32
602 741 4640.12
604 605 9707.21
604 606 7286.68
604 607 2512.75
604 741 3247.16
605 606 8035.85
605 612 3048.50
605 614 3122.55
605 741 883.09
605 742 9477.02
606 607 8247.40
606 615 3533.57
606 616 3618.43
609 610 4538.71
609 611 10367.86
609 742 4652.21
609 743 13479.88
609 751 1468.96
61 62 2439.07
61 63 2979.06
610 611 8953.16
610 613 3323.08
610 751 13377.50
611 613 1179.25
612 614 1006.18
613 750 19090.36
613 751 3956.01
613 752 5783.18
615 616 1681.37
617 618 4344.09
617 619 3770.05
618 619 3706.92
618 620 5408.14
619 986 6174.64
62 63 4099.82
621 622 1513.85
621 623 1343.81
621 624 1661.18
622 623 897.10
622 624 202.84
622 625 1340.22
622 626 1209.16
623 624 12269.46
623 626 9299.87
624 625 4256.01
624 636 4953.26
624 998 4715.49
625 626 14271.15
627 628 657.36
627 632 737.91
627 633 761.24
627 634 1706.19
628 633 5460.54
628 634 855.61
629 630 6710.99
629 631 4827.04
63 65 6453.08
630 631 3471.52
630 633 9154.04
631 632 8578.63
631 633 5391.15
632 633 2265.54
632 634 6372.14
632 635 4549.11
633 634 7529.98
634 635 9576.26
636 637 3648.59
636 998 4821.21
638 639 1817.29
638 640 2038.29
638 641 713.51
638 642 4813.61
638 645 3096.66
638 646 6269.44
639 641 774.12
639 642 2517.71
64 65 9867.31
64 66 1857.18
64 67 1304.73
640 641 932.23
641 642 1290.00
642 644 16836.90
642 645 5921.20
642 646 6158.42
643 644 9024.22
643 645 9767.32
643 902 14194.43
643 903 7813.26
644 645 4760.06
644 646 2115.46
644 647 10923.41
644 903 18240.82
644 908 2243.24
646 647 6720.91
646 648 1210.78
646 649 16675.75
647 648 20346.21
647 908 3992.91
647 912 12661.05
648 649 12867.96
648 656 7696.04
648 912 11350.15
649 650 8603.58
649 651 4411.32
649 655 8994.65
649 656 7884.51
65 67 9304.72
650 651 9288.25
651 653 4984.35
651 654 9553.13
651 655 1528.70
652 653 12256.28
652 657 4710.60
652 658 10341.83
652 660 6907.33
652 661 7309.30
653 654 3636.14
653 657 4741.84
654 655 12257.55
654 656 9865.17
654 657 4612.11
654 661 20723.26
655 656 9717.03
656 912 5851.28
657 661 8029.83
658 659 5451.07
658 660 5802.37
659 660 14248.80
66 67 12774.34
660 661 8196.16
662 663 3372.32
662 664 14739.73
662 665 7581.69
662 667 4778.27
662 668 8334.53
663 668 1319.23
665 666 13403.36
665 667 540.68
666 667 8319.55
667 668 3125.01
669 670 1643.88
669 671 1031.68
669 676 2010.19
669 677 27.17
670 671 347.58
670 677 2546.08
670 679 4524.42
670 680 1477.18
670 681 3877.65
671 676 913.30
671 681 2001.43
672 673 9928.51
672 677 5360.68
672 678 17688.27
673 674 7794.87
673 675 7323.54
673 676 5602.18
673 677 3860.48
674 675 10514.73
675 676 9657.70
675 681 6957.71
675 997 10312.04
676 677 11376.87
676 681 5346.84
677 678 7391.18
677 679 6972.69
677 680 7412.31
679 680 6684.14
68 69 8395.72
68 71 1546.45
681 997 4015.62
681 999 8299.14
682 690 1828.93
682 691 2643.07
683 684 4069.80
683 687 652.29
683 688 4375.77
684 685 9160.77
684 686 5127.27
684 687 363.35
685 686 4406.25
686 687 8537.41
686 689 4121.18
686 690 4428.63
687 688 10139.15
687 689 8409.80
688 689 274.54
689 690 2803.46
689 691 6994.38
69 70 11420.53
69 71 4472.70
690 691 3798.48
692 693 1603.45
692 694 4621.12
692 695 6613.64
692 696 96.44
693 695 642.60
693 696 1997.09
694 695 11007.88
694 956 16704.78
695 696 24163.85
695 956 8206.96
695 960 14729.22
696 960 5681.10
696 961 6355.97
698 699 1533.37
698 703 719.92
698 717 1927.68
699 700 929.11
699 702 896.39
699 703 498.61
7 8 2133.44
7 9 2365.16
70 71 4512.50
700 701 1105.63
700 702 119.68
701 702 408.81
701 703 281.84
701 704 2640.07
701 707 2206.18
701 709 5068.96
701 710 7796.02
701 711 5164.54
701 712 243.36
701 717 7130.99
702 703 2146.59
702 704 228.83
703 704 1223.58
703 712 6151.23
703 713 1359.04
703 717 4129.73
705 706 37976.06
705 707 11067.39
705 717 8790.93
706 714 6047.60
706 717 17372.35
706 82 1072.62
706 84 5357.72
706 85 3365.45
706 86 15222.68
707 708 12417.91
707 709 5630.59
707 717 5988.77
708 709 6751.35
709 710 15926.27
710 711 3789.01
710 716 19309.17
711 712 9703.74
711 715 1848.58
711 716 14133.10
712 713 8685.05
712 715 8183.95
713 714 12030.00
713 715 20144.67
714 717 14133.64
715 716 13575.46
718 719 1007.21
718 720 1675.38
718 735 1281.84
718 740 3343.30
719 721 953.35
719 722 1071.76
719 735 436.03
719 741 3545.02
72 73 696.26
72 74 281.35
72 75 754.84
72 77 2273.93
720 721 1157.95
720 740 3736.02
721 722 1042.42
721 740 1455.88
722 740 1330.41
723 724 22806.81
723 725 7313.06
724 725 8671.57
724 726 28134.72
725 726 4320.00
725 734 15279.89
726 727 9617.07
726 732 16260.57
726 734 2728.65
727 728 9088.35
727 731 9260.07
727 732 8244.10
727 737 14074.88
727 738 3958.46
728 729 9945.61
728 730 1755.91
728 731 20473.40
729 730 11911.87
729 731 15533.44
729 744 19477.94
73 74 821.97
73 77 2191.33
730 744 9797.35
730 745 12388.53
730 746 14930.35
730 864 18441.49
730 870 9233.09
730 871 6751.84
731 738 14430.84
731 743 14292.03
731 744 11649.70
732 736 9607.89
732 737 8148.40
735 736 10768.43
735 739 1173.84
735 740 11006.97
735 741 4997.32
736 737 7223.56
736 739 2636.66
736 740 2647.74
737 738 20217.96
737 739 13368.90
737 742 12486.58
738 742 10767.84
738 743 10864.29
739 741 4663.84
739 742 8302.68
74 75 1149.57
74 77 2025.46
741 742 5418.09
742 743 3164.83
743 744 4165.58
743 751 20148.90
744 745 34174.88
744 750 2137.10
744 751 7942.01
745 746 12119.17
745 748 8726.28
745 749 13517.18
745 750 9979.62
745 755 3746.48
746 747 8071.61
746 871 7012.52
746 872 21263.69
747 748 18233.82
747 757 17052.18
747 758 6330.67
747 872 70036.24
747 881 5154.76
748 755 9397.73
748 756 8210.98
748 758 5021.85
749 750 10241.42
749 752 6090.66
749 753 7479.58
749 754 2460.51
749 755 5673.35
75 76 54.50
75 77 125.93
750 751 19757.72
750 752 5670.42
752 753 11386.17
753 754 9463.81
754 755 7738.18
754 759 8965.37
755 756 2666.53
755 759 6558.05
756 758 19988.72
756 759 17603.42
757 758 15527.95
757 881 7867.57
76 77 8265.90
76 78 8210.08
760 761 5321.03
760 762 8836.85
760 763 7056.47
760 787 2027.02
761 762 5871.82
762 763 4669.39
763 764 2152.49
763 787 4397.23
763 794 7661.18
763 804 1571.63
764 804 8123.24
764 811 4607.88
765 766 5254.44
765 771 1192.51
765 772 731.48
766 767 8468.96
766 771 3534.20
766 772 6110.18
766 774 177.25
766 776 895.66
767 772 2035.72
767 776 6683.26
767 777 3674.04
767 778 5469.87
768 769 4354.89
768 774 5282.75
768 775 11645.10
768 776 2764.23
769 770 3062.20
769 774 6099.63
77 78 6492.12
77 79 2708.81
77 80 15232.43
770 771 8967.55
771 772 8843.02
771 773 1451.60
771 774 2946.02
772 778 1903.77
772 779 6179.05
773 774 3245.46
774 776 6988.46
775 776 3415.39
775 777 1947.18
776 777 5452.88
777 778 5271.69
777 779 3668.33
778 779 5675.31
78 79 12627.98
780 781 7052.78
782 783 1137.31
783 784 8025.10
783 786 1473.63
784 785 6215.32
784 786 4628.09
785 786 1636.58
787 788 674.01
787 790 276.19
787 793 1838.51
787 794 3939.94
787 796 1959.13
788 793 874.04
79 80 7855.88
79 84 7066.08
79 85 6067.20
790 791 2864.88
790 796 5833.77
790 797 285.82
791 792 2488.96
791 794 2338.50
791 797 4458.49
791 803 7995.94
792 793 985.36
792 794 604.58
793 794 2349.22
794 804 8780.74
795 797 8636.95
795 798 3378.25
795 799 9659.93
796 797 7732.04
797 798 4215.60
797 802 3976.21
797 803 4043.31
798 799 4639.68
798 801 6578.90
798 802 2839.66
798 806 5373.88
799 800 3703.22
799 801 2693.17
8 9 2778.82
80 81 9470.12
80 82 2833.22
80 83 3938.29
80 84 5519.03
800 801 5107.55
800 807 2041.98
801 806 3582.34
801 807 4830.33
802 803 4652.18
802 805 8905.83
802 806 8672.42
803 804 4766.30
803 805 6964.52
804 805 4121.88
804 810 375.05
804 811 1830.08
805 806 2032.76
805 808 2460.73
805 810 9085.19
806 807 3524.58
806 808 12338.68
807 808 7241.21
808 809 9996.38
808 810 1578.56
809 810 1008.52
809 813 5446.84
81 82 6793.61
81 83 7014.56
81 87 4122.61
810 811 7321.77
810 813 6765.09
811 812 8113.48
812 813 5216.33
815 816 911.33
815 818 1894.24
815 842 2452.77
816 817 1421.13
816 818 322.57
816 820 1395.82
816 835 4836.05
816 842 20.51
817 818 283.00
817 819 481.02
817 820 1048.39
818 819 1624.29
818 842 873.55
819 820 1766.54
819 842 1137.84
82 86 2050.77
82 87 13818.67
820 835 5534.04
820 842 854.11
821 823 2728.72
821 830 6161.13
822 823 10640.25
822 972 8228.50
823 829 15935.22
823 830 6128.66
824 825 13697.58
824 829 3010.14
825 829 14793.26
825 849 22035.50
827 828 22317.71
827 976 5618.07
828 849 9903.48
828 850 25940.81
828 851 11428.79
829 830 18052.41
829 831 9341.88
829 849 8385.94
83 84 10678.48
83 86 10781.41
83 87 6192.40
830 831 12449.26
831 832 18148.46
831 847 3522.82
831 848 15491.68
831 849 3602.90
832 833 12183.83
832 846 5927.40
832 847 8283.80
833 834 7006.10
833 846 16175.42
834 835 10148.64
834 845 15443.39
835 836 4601.32
835 842 13717.67
835 845 5097.08
835 860 10626.00
836 837 6256.49
836 838 1888.33
836 842 6846.74
837 838 5164.06
838 839 1306.92
838 840 14037.22
838 841 3823.22
838 842 4441.95
838 932 6332.57
839 840 5076.27
84 85 12144.05
84 86 8859.68
840 841 9905.16
840 843 7615.35
840 932 3676.21
840 933 1943.10
840 934 2369.99
840 935 4405.05
841 842 16424.01
841 843 4410.69
841 844 7084.75
842 844 11718.44
842 860 1604.37
843 844 8261.39
843 935 3465.48
843 940 6890.07
843 941 4372.02
844 941 7209.70
845 846 13182.66
845 859 6049.52
845 860 15132.78
846 847 10638.78
846 859 4495.60
847 848 8228.15
847 858 22542.15
847 859 6823.21
848 849 14301.50
848 857 6921.91
848 858 15631.98
849 850 11085.76
849 856 15046.97
849 857 17445.09
850 851 16849.74
850 853 1725.22
850 854 12383.37
851 852 25783.10
851 854 12711.90
851 865 5704.37
852 854 33073.17
852 865 56081.16
852 870 36145.87
852 872 42996.03
853 854 968.07
856 857 15525.98
856 863 3758.00
856 864 13413.60
857 858 7513.56
857 861 13265.05
857 863 8473.83
858 859 12669.85
858 861 9586.26
858 862 11942.55
859 860 11181.24
859 862 5575.91
86 87 6310.26
861 862 22031.95
861 863 6372.23
862 863 14004.94
863 864 31365.09
864 870 36185.01
865 866 5696.85
865 869 34891.49
865 872 43952.01
865 875 24362.24
867 868 1143.37
867 869 3034.98
868 869 4216.26
869 873 33121.79
869 874 22119.02
869 875 5137.81
870 871 20631.22
870 872 40538.27
871 872 14062.53
872 875 14190.69
872 876 16730.88
872 881 68464.74
873 874 16652.48
873 875 26826.05
873 876 7142.63
873 877 7508.93
874 877 12047.79
874 878 43388.42
875 876 10520.40
876 877 9970.04
876 879 2294.62
876 880 21239.21
876 881 15245.92
877 878 13883.82
877 879 16886.66
878 879 11436.99
879 880 19527.28
88 89 891.21
88 92 438.75
88 98 1670.72
880 881 33914.70
882 883 4010.85
882 884 13031.42
885 886 795.44
885 887 3974.61
885 889 454.39
885 890 3785.26
885 901 7437.35
885 902 4419.37
885 903 4887.75
886 887 294.68
886 889 470.50
887 888 1290.51
887 889 119.58
887 892 10984.61
888 889 442.19
888 892 942.55
889 891 517.41
89 90 535.02
89 94 368.80
89 97 255.42
89 98 74.61
890 891 819.99
890 893 284.47
890 894 6026.40
890 903 5314.33
890 907 6992.53
891 892 280.34
892 893 2282.25
892 894 5830.97
893 895 1447.59
894 895 4029.35
894 904 838.94
894 906 4997.11
894 907 8053.07
894 909 6444.88
896 897 13732.84
896 899 15550.48
897 898 27114.00
897 899 9447.47
898 899 33580.61
899 902 19482.07
90 91 550.29
90 92 723.47
90 93 102.16
90 94 933.00
901 902 16969.50
902 903 18993.95
903 907 5735.43
903 908 11967.78
904 906 5125.62
905 906 9517.34
905 909 5139.28
906 909 5192.19
907 908 14472.60
907 909 17551.01
907 912 16584.12
908 912 2006.67
909 910 14791.31
909 912 2335.96
91 92 4804.52
91 93 861.35
91 95 577.09
910 911 19032.57
910 912 13885.75
911 912 14689.23
914 919 8003.99
914 920 15808.11
915 917 10756.50
915 918 5419.08
915 919 11333.55
915 996 11335.71
916 917 8127.67
916 921 8005.54
917 918 9895.50
917 921 1013.45
918 919 6839.67
918 921 5914.56
92 95 1508.02
920 921 15749.53
920 922 2743.39
921 922 8923.39
923 924 8383.75
925 926 1171.43
925 937 2599.31
925 938 2321.10
926 937 2667.08
926 938 1900.71
927 928 6111.44
927 929 1745.56
928 929 2300.56
929 930 5789.89
93 94 68.70
93 95 1079.83
930 931 6590.66
930 937 576.21
930 938 2666.63
931 932 1883.01
931 933 1969.77
931 934 4195.57
931 935 1271.04
931 936 3139.12
931 937 4958.80
932 933 2665.62
933 934 5235.99
934 935 3766.56
935 936 10993.02
935 940 2362.20
936 937 3298.85
936 939 2292.81
936 940 1878.24
937 938 3341.44
937 939 9122.64
939 940 11508.97
939 943 4011.46
94 95 284.14
94 96 575.55
940 941 7298.91
940 942 645.32
940 943 8150.46
941 942 12282.63
942 943 6927.37
944 945 3900.55
944 946 4740.30
944 949 14111.70
944 956 21837.83
944 957 21163.36
944 959 9724.42
944 960 5045.34
945 946 3986.85
945 947 3441.21
945 948 517.95
945 949 1939.10
947 948 1154.36
947 951 251.29
948 949 1078.29
948 950 89.75
948 951 321.65
949 950 4243.79
949 960 14704.38
949 962 22765.52
949 964 4006.06
95 96 739.08
950 951 1632.01
953 954 12170.97
953 958 11237.52
954 957 13728.04
954 958 8725.64
955 956 15076.07
956 957 7243.78
956 960 7512.84
957 958 9111.61
96 97 275.33
96 99 974.90
960 961 19595.25
960 964 13339.02
961 964 7444.38
961 965 6072.37
962 963 16045.99
962 964 8194.24
963 964 5086.83
963 970 18207.30
964 965 27129.32
964 970 24020.22
964 971 15112.88
964 974 2660.29
964 975 5697.05
965 966 20543.27
965 968 9311.15
965 969 6953.13
965 971 5609.09
966 967 6193.69
966 968 24393.83
967 968 22044.65
967 972 4290.53
967 976 5786.02
968 971 11873.97
968 972 18157.44
969 971 11047.87
97 98 1365.00
97 99 893.26
970 975 21836.17
971 972 17529.60
971 974 15906.84
972 974 21305.35
974 975 5910.65
977 978 926.00
977 979 1012.35
977 984 1809.16
978 979 2137.67
978 984 513.50
979 984 9046.38
980 982 2175.71
980 983 13081.26
980 984 1077.13
981 982 8267.25
982 983 11732.14
983 984 10696.65
985 986 1382.59
985 987 3620.88
985 988 4216.82
985 989 8030.41
986 989 5281.75
987 988 2229.41
990 991 1495.24
990 995 546.89
990 999 1068.69
991 992 1758.48
991 993 8.48
991 994 237.68
991 995 244.19
991 997 936.26
991 999 1224.11
992 993 1156.47
992 997 83.29
993 994 397.52
993 995 417.29
994 995 639.52
997 998 11335.02
997 999 9070.15
1002 0 5352.78
101 0 20324.04
1018 0 12168.90
1019 0 6859.84
1021 0 16012.85
1028 0 15797.96
1029 0 6298.14
104 0 12740.21
1063 0 23838.91
1064 0 13834.45
1065 0 12015.46
1067 0 8889.86
1068 0 9560.70
1069 0 5875.29
107 0 4387.66
1083 0 5366.07
1084 0 9261.12
109 0 5090.14
1094 0 19918.74
1096 0 14625.76
110 0 10285.62
111 0 8981.37
1247 0 230.86
1248 0 391.00
1251 0 2626.76
1254 0 4764.53
1255 0 3811.02
1256 0 2391.43
1258 0 7555.61
1261 0 10550.78
1262 0 8704.07
1263 0 749.88
1346 0 3615.64
1396 0 926.25
1397 0 4311.85
1398 0 1871.50
1399 0 8537.31
1400 0 2791.55
1414 0 4692.01
1420 0 5482.70
1421 0 5921.88
1434 0 31191.31
1467 0 24829.33
1472 0 14042.14
1508 0 3117.35
1516 0 4464.80
1517 0 13868.47
1525 0 14396.06
1526 0 4127.95
1528 0 17330.50
1545 0 4506.70
1546 0 7584.38
1547 0 7129.03
1548 0 7730.38
1549 0 12229.94
1550 0 4602.62
1559 0 5297.97
1560 0 7855.19
1561 0 9889.67
1566 0 5425.51
1587 0 4731.87
1591 0 5505.07
1596 0 2549.58
1597 0 2973.98
170 0 7848.44
172 0 1650.54
1778 0 6629.91
1779 0 9231.62
1783 0 5846.72
1827 0 4461.35
185 0 4878.82
188 0 26400.68
189 0 22159.49
190 0 29621.29
193 0 9956.03
2047 0 8440.37
2048 0 199.61
213 0 86252.14
2139 0 1661.09
2147 0 1933.82
217 0 10493.71
221 0 28644.27
232 0 54676.59
233 0 4704.18
32 0 30661.24
45 0 8702.67
46 0 19471.22
47 0 10971.47
49 0 18563.98
51 0 4884.76
514 0 5722.10
519 0 5622.44
520 0 3101.50
529 0 2920.12
530 0 2711.30
533 0 4339.49
536 0 3387.64
54 0 9481.33
557 0 3895.85
558 0 1198.14
58 0 3845.91
59 0 7272.31
601 0 9431.62
636 0 6893.00
637 0 11125.49
65 0 2104.23
66 0 2804.65
67 0 4630.53
674 0 37865.50
675 0 15400.51
678 0 29224.15
692 0 10951.91
694 0 5950.50
696 0 57786.12
710 0 7283.08
716 0 16755.10
756 0 3701.67
757 0 6557.74
758 0 3756.89
759 0 9275.77
762 0 6847.95
763 0 4121.34
764 0 7327.36
775 0 19437.78
777 0 9047.68
780 0 4459.76
781 0 3907.56
811 0 1105.34
812 0 4398.90
827 0 442.21
828 0 10468.43
851 0 49157.69
865 0 54161.16
867 0 1056.09
868 0 972.88
869 0 82021.28
874 0 38099.99
878 0 48449.53
879 0 19250.88
880 0 17974.74
881 0 22067.18
896 0 5414.02
915 0 15314.48
916 0 5594.55
917 0 2403.85
921 0 1916.20
922 0 7316.73
953 0 31488.94
954 0 13700.38
955 0 17467.96
956 0 4053.14
961 0 4084.37
965 0 13197.21
966 0 36693.57
967 0 18025.74
976 0 35292.80
996 0 11749.30
997 0 12334.75
998 0 9168.29
