
10	11	368.67
10	12	553.97
10	7	206.84
10	8	541.58
10	9	675.11
100	105	611.69
100	106	1429.87
100	107	4995.50
100	92	1493.85
100	95	3098.23
100	96	110.56
100	97	188.90
100	98	2582.29
100	99	1617.34
1000	1001	9789.97
1000	1004	10052.79
1000	1264	6444.42
1000	670	7289.15
1000	680	4037.55
1000	681	2260.96
1000	999	6034.66
1001	1000	9789.97
1001	1002	5211.47
1001	1003	4207.29
1001	1264	6836.53
1001	680	3965.39
1002	0	5352.78
1002	1001	5211.47
1002	1003	7887.44
1002	677	2828.80
1002	678	5627.44
1002	680	21763.56
1002	915	5634.45
1002	996	7701.19
1003	1001	4207.29
1003	1002	7887.44
1003	1264	6886.11
1003	915	20653.55
1004	1000	10052.79
1004	1005	2317.97
1004	1264	7075.60
1004	999	444.16
1005	1004	2317.97
1005	1006	6241.39
1005	1007	4049.45
1005	1264	5277.98
1005	990	905.87
1005	995	1340.35
1005	999	5412.01
1006	1005	6241.39
1006	1007	5736.01
1006	623	7886.96
1006	624	133.06
1006	992	2656.84
1006	993	726.07
1006	995	557.17
1006	997	1392.08
1006	998	5158.41
1007	1005	4049.45
1007	1006	5736.01
1007	1264	9700.12
1007	382	3706.92
1007	623	11887.62
1007	626	1804.74
1007	914	8645.68
1007	919	212.47
1008	1009	1786.81
1008	1010	28.60
1008	1011	20272.13
1008	1012	92.62
1008	1013	1671.63
1008	1017	23983.84
1008	1020	4640.22
1009	1008	1786.81
1009	1010	1031.22
1009	1011	952.91
101	0	20324.04
101	102	8092.68
101	103	10106.60
101	104	8435.52
101	105	11886.77
101	230	6577.81
101	233	13135.60
101	659	8044.44
101	660	406.48
1010	1008	28.60
1010	1009	1031.22
1010	1011	3739.46
1010	1012	366.49
1011	1008	20272.13
1011	1009	952.91
1011	1010	3739.46
1011	1012	345.30
1011	1014	5443.28
1011	1017	1850.74
1011	1023	6620.60
1011	1024	21085.26
1011	1854	12706.81
1011	314	4863.73
1011	315	8642.10
1012	1008	92.62
1012	1010	366.49
1012	1011	345.30
1012	1013	1008.59
1012	1014	331.07
1013	1008	1671.63
1013	1012	1008.59
1013	1014	602.91
1013	1020	3170.41
1014	1011	5443.28
1014	1012	331.07
1014	1013	602.91
1014	1020	5110.24
1014	1021	2984.04
1014	1022	5353.70
1014	1023	4900.82
1015	1016	4726.99
1015	1017	18016.38
1015	1018	16008.83
1015	1523	20321.41
1015	1524	5915.36
1015	1854	3900.36
1015	1855	6970.26
1016	1015	4726.99
1016	1018	2154.80
1017	1008	23983.84
1017	1011	1850.74
1017	1015	18016.38
1017	1018	5232.75
1017	1019	10052.31
1017	1020	5747.16
1017	1854	10816.05
1018	0	12168.90
1018	1015	16008.83
1018	1016	2154.80
1018	1017	5232.75
1018	1019	14016.39
1018	1524	2892.99
1018	1526	8078.59
1019	0	6859.84
1019	1017	10052.31
1019	1018	14016.39
1019	1020	4447.37
1019	1021	12931.59
102	101	8092.68
102	105	10506.73
102	108	19157.62
102	1895	6951.30
102	660	10358.52
102	661	9176.68
102	92	8242.46
1020	1008	4640.22
1020	1013	3170.41
1020	1014	5110.24
1020	1017	5747.16
1020	1019	4447.37
1020	1021	11346.72
1021	0	16012.85
1021	1014	2984.04
1021	1019	12931.59
1021	1020	11346.72
1021	1022	17145.67
1021	1028	5137.61
1022	1014	5353.70
1022	1021	17145.67
1022	1023	5282.06
1022	1024	4214.90
1022	1025	5359.06
1022	1027	8200.52
1022	1028	4899.13
1023	1011	6620.60
1023	1014	4900.82
1023	1022	5282.06
1023	1024	6327.36
1024	1011	21085.26
1024	1022	4214.90
1024	1023	6327.36
1024	1025	18409.47
1024	1031	17329.22
1024	315	16174.67
1025	1022	5359.06
1025	1024	18409.47
1025	1026	5958.26
1025	1027	2435.93
1025	1030	1550.67
1025	1031	14881.26
1025	1033	440.23
1026	1025	5958.26
1026	1027	5020.56
1027	1022	8200.52
1027	1025	2435.93
1027	1026	5020.56
1027	1028	9423.91
1027	1030	4533.99
1028	0	15797.96
1028	1021	5137.61
1028	1022	4899.13
1028	1027	9423.91
1028	1029	10726.71
1028	1030	6157.94
1029	0	6298.14
1029	1028	10726.71
1029	1030	7564.51
1029	710	17035.41
103	101	10106.60
103	104	1191.24
103	105	5933.64
1030	1025	1550.67
1030	1027	4533.99
1030	1028	6157.94
1030	1029	7564.51
1030	1031	4424.16
1030	1032	6973.03
1030	1033	6452.11
1030	709	1935.19
1030	710	1262.87
1031	1024	17329.22
1031	1025	14881.26
1031	1030	4424.16
1031	1032	15191.19
1031	1033	4108.22
1031	315	5838.90
1031	316	7258.42
1031	705	22903.06
1031	706	6230.27
1032	1030	6973.03
1032	1031	15191.19
1032	705	1074.44
1032	707	5710.31
1032	709	7948.21
1033	1025	440.23
1033	1030	6452.11
1033	1031	4108.22
1034	1036	11335.88
1034	1037	11285.72
1034	1038	4111.77
1034	1202	10097.38
1034	1203	802.03
1035	1036	9088.91
1035	1038	5056.86
1035	113	480.23
1035	539	5110.97
1035	761	4035.91
1036	1034	11335.88
1036	1035	9088.91
1036	1038	1553.83
1036	1201	2809.88
1036	1202	775.80
1036	539	1321.10
1037	1034	11285.72
1037	1038	1201.04
1037	1203	1514.02
1037	795	5810.12
1037	796	4219.99
1037	797	2522.49
1038	1034	4111.77
1038	1035	5056.86
1038	1036	1553.83
1038	1037	1201.04
1038	760	4930.41
1038	761	1267.69
1038	787	3771.01
1038	796	2584.41
1039	1040	747.64
1039	1041	1333.53
1039	1047	2483.44
104	0	12740.21
104	101	8435.52
104	103	1191.24
104	105	11742.13
104	106	6984.92
104	110	3496.68
104	111	12837.62
104	112	1184.56
1040	1039	747.64
1040	1041	791.83
1040	1047	1467.56
1041	1039	1333.53
1041	1040	791.83
1041	1047	4067.09
1042	1043	5707.85
1042	1044	8071.46
1042	1045	8980.75
1042	50	2385.67
1042	52	3602.30
1042	53	5027.97
1042	620	12243.99
1043	1042	5707.85
1043	1044	8384.39
1043	1048	4635.69
1043	1210	843.65
1043	52	5585.05
1043	559	5216.11
1043	560	3858.66
1044	1042	8071.46
1044	1043	8384.39
1044	1045	7524.05
1044	1046	1832.00
1044	1047	6715.18
1044	1048	4461.10
1045	1042	8980.75
1045	1044	7524.05
1045	1046	6492.34
1045	1049	1980.70
1045	1051	620.05
1045	1410	8344.14
1045	618	824.55
1045	620	3737.39
1046	1044	1832.00
1046	1045	6492.34
1046	1047	9603.55
1046	1051	7467.00
1046	664	1054.41
1047	1039	2483.44
1047	1040	1467.56
1047	1041	4067.09
1047	1044	6715.18
1047	1046	9603.55
1047	1048	5534.28
1047	1213	4065.10
1047	662	8702.51
1047	664	7766.76
1048	1043	4635.69
1048	1044	4461.10
1048	1047	5534.28
1048	1210	6454.34
1048	1213	11298.34
1049	1045	1980.70
1049	1050	3624.42
1049	1051	10180.35
1049	1409	1280.85
1049	1410	6533.94
1049	985	1277.24
1049	989	5169.39
105	100	611.69
105	101	11886.77
105	102	10506.73
105	103	5933.64
105	104	11742.13
105	106	6706.57
105	88	3065.99
105	92	667.71
105	98	2241.65
1050	1049	3624.42
1050	1051	941.32
1051	1045	620.05
1051	1046	7467.00
1051	1049	10180.35
1051	1050	941.32
1051	148	1703.68
1051	664	4720.29
1051	988	8294.53
1052	1053	997.06
1052	1056	625.45
1052	1065	1639.49
1052	1066	971.67
1052	1069	1094.54
1052	2087	886.42
1053	1052	997.06
1053	1054	391.51
1053	1065	590.82
1054	1053	391.51
1054	1055	272.67
1054	1056	407.00
1054	1065	411.34
1055	1054	272.67
1055	1056	262.79
1055	1061	600.27
1055	1065	314.99
1056	1052	625.45
1056	1054	407.00
1056	1055	262.79
1056	1058	106.16
1056	1061	416.28
1056	2087	142.94
1058	1056	106.16
1058	1059	653.55
1058	1060	679.51
1058	1061	39.14
1058	1062	239.87
1058	2087	942.28
1059	1058	653.55
1059	1060	535.42
1059	1061	470.74
106	100	1429.87
106	104	6984.92
106	105	6706.57
106	107	758.24
106	109	12385.01
106	110	575.98
1060	1058	679.51
1060	1059	535.42
1060	1061	706.19
1060	1062	979.93
1060	1069	65.75
1061	1055	600.27
1061	1056	416.28
1061	1058	39.14
1061	1059	470.74
1061	1060	706.19
1061	1065	711.68
1061	1069	1007.58
1062	1058	239.87
1062	1060	979.93
1062	1069	3018.65
1062	2087	577.62
1062	2088	870.90
1063	0	23838.91
1063	1064	8210.13
1063	1067	6226.87
1064	0	13834.45
1064	1063	8210.13
1064	1065	10960.76
1064	1067	5405.43
1065	0	12015.46
1065	1052	1639.49
1065	1053	590.82
1065	1054	411.34
1065	1055	314.99
1065	1061	711.68
1065	1064	10960.76
1065	1066	5255.59
1065	1067	3422.90
1065	1069	4500.24
1066	1052	971.67
1066	1065	5255.59
1066	1069	5080.00
1067	0	8889.86
1067	1063	6226.87
1067	1064	5405.43
1067	1065	3422.90
1067	1068	18142.24
1067	1069	5000.22
1068	0	9560.70
1068	1067	18142.24
1068	1069	10079.09
1068	672	22559.42
1068	673	809.32
1068	678	1960.59
1069	0	5875.29
1069	1052	1094.54
1069	1060	65.75
1069	1061	1007.58
1069	1062	3018.65
1069	1065	4500.24
1069	1066	5080.00
1069	1067	5000.22
1069	1068	10079.09
1069	2086	3819.10
1069	2087	714.60
1069	2088	693.50
1069	673	9741.30
1069	674	13164.16
107	0	4387.66
107	100	4995.50
107	106	758.24
107	108	5094.50
107	109	29371.34
107	1503	12582.85
107	1506	4663.47
107	1508	12934.67
107	92	3656.27
1070	1071	1426.78
1070	1072	80.14
1070	1073	887.15
1070	1074	57.21
1070	1078	614.73
1070	1079	3055.58
1071	1070	1426.78
1071	1072	1088.52
1071	1079	6383.78
1071	1080	7810.27
1071	1796	2844.86
1071	1797	9723.02
1071	270	8769.76
1071	70	5401.24
1072	1070	80.14
1072	1071	1088.52
1072	1073	317.89
1072	1075	365.39
1072	1076	829.06
1072	1080	339.22
1073	1070	887.15
1073	1072	317.89
1073	1074	702.47
1074	1070	57.21
1074	1073	702.47
1074	1075	324.55
1074	1077	76.87
1074	1078	1093.59
1075	1072	365.39
1075	1074	324.55
1075	1076	350.88
1075	1077	379.14
1076	1072	829.06
1076	1075	350.88
1076	1077	804.36
1076	1078	196.00
1076	1080	2992.20
1077	1074	76.87
1077	1075	379.14
1077	1076	804.36
1077	1078	355.77
1078	1070	614.73
1078	1074	1093.59
1078	1076	196.00
1078	1077	355.77
1078	1079	2415.32
1078	1080	184.49
1078	1081	1518.99
1079	1070	3055.58
1079	1071	6383.78
1079	1078	2415.32
1079	1081	8424.69
1079	1796	14798.03
1079	1798	7441.78
108	102	19157.62
108	107	5094.50
108	1503	382.47
108	1504	18425.71
108	92	6586.05
1080	1071	7810.27
1080	1072	339.22
1080	1076	2992.20
1080	1078	184.49
1080	1081	13171.59
1080	1228	2902.74
1080	270	5507.84
1080	271	11057.79
1080	275	7357.23
1081	1078	1518.99
1081	1079	8424.69
1081	1080	13171.59
1081	1228	6966.13
1081	1798	4248.44
1081	1799	7196.09
1082	1088	3387.26
1083	0	5366.07
1083	1084	5900.98
1083	1085	2127.24
1083	1086	3344.36
1083	1472	5306.38
1084	0	9261.12
1084	1083	5900.98
1084	1085	18926.60
1084	558	9086.48
1085	1083	2127.24
1085	1084	18926.60
1085	1086	10105.29
1085	1087	9245.34
1085	1473	3211.83
1085	558	2658.72
1086	1083	3344.36
1086	1085	10105.29
1086	1472	4450.32
1086	1473	9389.64
1087	1085	9245.34
1087	1088	12187.35
1087	558	207.00
1087	562	4754.72
1088	1082	3387.26
1088	1087	12187.35
1088	1089	11712.78
1088	1473	3925.72
1088	1474	6518.52
1088	1477	4278.34
1088	562	5130.07
1089	1088	11712.78
1089	1090	4640.86
1089	1091	6282.14
1089	1477	2870.05
1089	1478	1136.98
1089	562	588.58
109	0	5090.14
109	106	12385.01
109	107	29371.34
109	110	17510.46
1090	1089	4640.86
1090	1091	6472.08
1090	1219	4157.34
1090	562	2712.29
1091	1089	6282.14
1091	1090	6472.08
1091	1219	2229.52
1091	1478	3472.28
1091	1485	3555.76
1092	1093	1085.70
1092	1094	2905.15
1092	1097	2801.81
1093	1092	1085.70
1093	1094	3154.02
1093	1095	776.56
1093	1097	355.53
1094	0	19918.74
1094	1092	2905.15
1094	1093	3154.02
1094	1095	12850.95
1094	1096	11397.72
1094	953	10675.63
1095	1093	776.56
1095	1094	12850.95
1095	1097	5741.37
1095	1098	16273.51
1095	953	7767.93
1095	957	4084.79
1095	958	13979.91
1096	0	14625.76
1096	1094	11397.72
1096	1097	9147.40
1096	1467	12974.46
1096	1468	10039.36
1096	1469	5343.57
1097	1092	2801.81
1097	1093	355.53
1097	1095	5741.37
1097	1096	9147.40
1097	1098	3147.95
1097	1099	14548.86
1097	1100	2175.94
1097	1469	9168.27
1098	1095	16273.51
1098	1097	3147.95
1098	1099	11422.34
1098	1102	3105.43
1098	1103	13644.38
1098	944	5325.95
1098	957	13565.57
1098	959	6768.07
1099	1097	14548.86
1099	1098	11422.34
1099	1100	8741.82
1099	1101	8949.04
11	10	368.67
11	12	269.06
11	13	1420.51
11	7	981.73
110	0	10285.62
110	104	3496.68
110	106	575.98
110	109	17510.46
110	111	17822.32
1100	1097	2175.94
1100	1099	8741.82
1100	1101	11657.47
1100	1468	2922.37
1100	1469	8438.07
1100	1470	5922.40
1100	1569	16134.24
1101	1099	8949.04
1101	1100	11657.47
1101	1102	15649.87
1101	1569	3001.19
1101	1570	6800.76
1102	1098	3105.43
1102	1101	15649.87
1102	1103	17067.68
1102	1109	4420.04
1102	1570	454.37
1102	1571	10878.85
1103	1098	13644.38
1103	1102	17067.68
1103	1104	4570.12
1103	1105	4737.93
1103	1109	5905.53
1103	959	4893.86
1104	1103	4570.12
1104	1105	10427.81
1104	1108	2949.46
1104	1109	3474.69
1105	1103	4737.93
1105	1104	10427.81
1105	1106	9729.77
1105	1107	6189.54
1105	1108	5622.26
1105	2051	7374.71
1105	959	9475.00
1105	962	254.53
1106	1105	9729.77
1106	1107	9439.09
1106	962	9369.58
1106	963	6877.05
1107	1105	6189.54
1107	1106	9439.09
1107	1108	7632.64
1107	1109	3297.02
1107	1110	6823.36
1107	1111	7074.32
1107	1112	6865.58
1107	963	3558.06
1107	970	4707.57
1108	1104	2949.46
1108	1105	5622.26
1108	1107	7632.64
1108	1109	5854.95
1109	1102	4420.04
1109	1103	5905.53
1109	1104	3474.69
1109	1107	3297.02
1109	1108	5854.95
1109	1110	5560.63
1109	1571	5335.80
1109	1579	3179.63
111	0	8981.37
111	104	12837.62
111	110	17822.32
111	112	3325.29
1110	1107	6823.36
1110	1109	5560.63
1110	1111	7042.68
1110	1579	8990.32
1111	1107	7074.32
1111	1110	7042.68
1111	1112	8092.50
1111	1579	1783.81
1111	463	8638.85
1111	464	1225.25
1112	1107	6865.58
1112	1111	8092.50
1112	464	7347.63
1112	465	9890.73
1112	466	2805.70
1112	467	2551.63
1112	970	5173.66
1112	975	29258.73
1113	1114	1119.73
1113	1129	1423.82
1113	1130	475.57
1113	1152	2770.33
1113	2096	221.10
1113	2097	821.04
1114	1113	1119.73
1114	1116	836.75
1114	1125	1392.12
1114	1126	369.52
1114	1152	1112.29
1114	2094	900.27
1114	2095	375.96
1114	2096	1217.55
1114	2098	322.96
1114	367	168.73
1116	1114	836.75
1116	1117	1204.26
1116	1118	260.89
1116	1124	453.62
1116	1125	796.10
1116	2095	1602.33
1117	1116	1204.26
1117	1118	777.10
1117	1122	638.84
1117	1123	432.80
1117	1124	206.40
1118	1116	260.89
1118	1117	777.10
1118	1119	1100.19
1118	1121	255.75
1118	1122	406.50
1118	2095	1428.76
1119	1118	1100.19
1119	1120	1723.28
1119	1121	1702.89
1119	1136	1074.35
1119	1153	1718.13
1119	2095	1322.10
112	104	1184.56
112	111	3325.29
1120	1119	1723.28
1120	1121	2021.09
1120	1136	735.88
1120	1137	395.13
1121	1118	255.75
1121	1119	1702.89
1121	1120	2021.09
1121	1122	728.05
1121	1135	560.32
1121	1137	329.38
1122	1117	638.84
1122	1118	406.50
1122	1121	728.05
1122	1123	247.28
1122	1135	463.27
1123	1117	432.80
1123	1122	247.28
1123	1124	350.95
1123	1134	681.35
1123	1135	100.74
1124	1116	453.62
1124	1117	206.40
1124	1123	350.95
1124	1125	984.52
1124	1133	107.05
1124	1134	515.67
1124	1140	180.45
1125	1114	1392.12
1125	1116	796.10
1125	1124	984.52
1125	1126	737.45
1125	1133	89.32
1126	1114	369.52
1126	1125	737.45
1126	1127	454.43
1126	1133	803.03
1126	2098	290.07
1127	1126	454.43
1127	1129	1310.78
1127	1131	516.22
1127	1132	991.71
1127	1133	262.54
1127	2097	70.84
1127	2098	625.84
1129	1113	1423.82
1129	1127	1310.78
1129	1130	710.83
1129	1131	614.74
1129	2097	386.38
113	1035	480.23
113	114	3322.63
113	115	7035.71
113	539	12592.27
113	54	8799.46
113	761	6834.50
1130	1113	475.57
1130	1129	710.83
1130	1131	1411.00
1130	1152	6242.71
1130	1158	6490.17
1130	1918	1283.72
1130	1928	1576.36
1131	1127	516.22
1131	1129	614.74
1131	1130	1411.00
1131	1142	704.13
1131	1143	1354.57
1131	1144	307.93
1131	1151	135.15
1131	1158	2466.88
1132	1127	991.71
1132	1133	876.67
1132	1140	31.98
1132	1141	591.06
1132	1142	850.58
1133	1124	107.05
1133	1125	89.32
1133	1126	803.03
1133	1127	262.54
1133	1132	876.67
1133	1140	431.73
1134	1123	681.35
1134	1124	515.67
1134	1135	339.06
1134	1139	170.25
1134	1140	357.74
1135	1121	560.32
1135	1122	463.27
1135	1123	100.74
1135	1134	339.06
1135	1138	438.03
1136	1119	1074.35
1136	1120	735.88
1136	1137	995.55
1136	1148	1284.63
1136	1156	1828.76
1137	1120	395.13
1137	1121	329.38
1137	1136	995.55
1137	1138	470.08
1137	1148	126.00
1138	1135	438.03
1138	1137	470.08
1138	1139	680.13
1138	1147	191.15
1139	1134	170.25
1139	1138	680.13
1139	1140	468.61
1139	1146	147.85
1139	1147	262.98
114	113	3322.63
114	115	8486.74
114	537	3122.54
114	538	3222.47
114	539	3151.33
114	64	4852.66
1140	1124	180.45
1140	1132	31.98
1140	1133	431.73
1140	1134	357.74
1140	1139	468.61
1140	1141	407.86
1140	1146	95.07
1141	1132	591.06
1141	1140	407.86
1141	1142	156.39
1141	1145	348.56
1141	1146	551.57
1142	1131	704.13
1142	1132	850.58
1142	1141	156.39
1142	1143	1184.38
1142	1144	581.08
1142	1145	391.84
1143	1131	1354.57
1143	1142	1184.38
1143	1144	2117.32
1144	1131	307.93
1144	1142	581.08
1144	1143	2117.32
1144	1145	1309.48
1144	1151	1263.83
1145	1141	348.56
1145	1142	391.84
1145	1144	1309.48
1145	1146	124.00
1145	1149	768.84
1145	1150	739.75
1145	1151	193.08
1146	1139	147.85
1146	1140	95.07
1146	1141	551.57
1146	1145	124.00
1146	1147	594.79
1146	1148	143.92
1146	1149	556.46
1147	1138	191.15
1147	1139	262.98
1147	1146	594.79
1147	1148	541.46
1148	1136	1284.63
1148	1137	126.00
1148	1146	143.92
1148	1147	541.46
1148	1149	2006.96
1148	1156	1288.85
1149	1145	768.84
1149	1146	556.46
1149	1148	2006.96
1149	1150	1764.68
1149	1157	841.79
115	113	7035.71
115	114	8486.74
115	54	619.32
115	64	3879.71
115	66	8805.95
1150	1145	739.75
1150	1149	1764.68
1150	1151	1259.37
1150	1157	2238.50
1151	1131	135.15
1151	1144	1263.83
1151	1145	193.08
1151	1150	1259.37
1151	1157	3562.23
1152	1113	2770.33
1152	1114	1112.29
1152	1130	6242.71
1152	1918	5246.06
1152	367	2647.15
1152	368	2244.64
1153	1119	1718.13
1153	1156	4455.18
1153	2095	2529.07
1153	363	6756.81
1153	374	430.23
1154	1155	919.86
1154	365	1650.47
1154	374	1021.82
1154	568	4707.38
1154	576	2365.64
1155	1154	919.86
1155	1156	5775.50
1155	1160	6196.60
1155	374	3570.37
1155	576	7358.78
1156	1136	1828.76
1156	1148	1288.85
1156	1153	4455.18
1156	1155	5775.50
1156	1157	5644.39
1156	1160	2035.55
1156	374	4636.38
1157	1149	841.79
1157	1150	2238.50
1157	1151	3562.23
1157	1156	5644.39
1157	1158	2573.03
1157	1159	10337.92
1157	1160	6123.86
1158	1130	6490.17
1158	1131	2466.88
1158	1157	2573.03
1158	1159	9415.79
1158	1187	3424.78
1158	1928	5771.92
1159	1157	10337.92
1159	1158	9415.79
1159	1160	3482.15
1159	1187	5160.97
1159	1188	14345.20
1159	1459	17981.96
1159	2113	8942.17
116	124	1254.83
116	127	2438.88
1160	1155	6196.60
1160	1156	2035.55
1160	1157	6123.86
1160	1159	3482.15
1160	1161	3890.37
1160	1163	3007.97
1160	1459	6637.07
1160	1460	13668.47
1160	574	651.95
1160	576	2099.57
1161	1160	3890.37
1161	1162	1001.48
1161	1163	8254.43
1161	576	7582.69
1162	1161	1001.48
1162	1163	2094.85
1162	574	1473.03
1162	576	4237.41
1163	1160	3007.97
1163	1161	8254.43
1163	1162	2094.85
1163	574	8141.96
1164	1461	4716.58
1164	380	4537.42
1164	574	2416.20
1164	70	11210.46
1165	1166	774.13
1165	1168	510.36
1165	1174	1446.98
1166	1165	774.13
1166	1167	787.47
1166	1168	1332.80
1166	1174	241.09
1167	1166	787.47
1167	1168	2281.69
1168	1165	510.36
1168	1166	1332.80
1168	1167	2281.69
1168	1173	2560.34
1168	1174	401.79
1168	1176	2284.25
1168	136	14517.86
1168	2089	9932.16
1169	1170	10671.35
1169	1172	12255.09
1169	138	6643.15
1169	330	3088.00
117	118	7930.97
117	1192	8637.74
117	125	4041.98
117	452	2660.65
117	453	5357.93
1170	1169	10671.35
1170	1171	11209.77
1170	1172	3614.13
1170	329	5329.82
1170	330	8350.76
1170	436	719.49
1170	437	5775.77
1170	438	3489.39
1171	1170	11209.77
1171	1172	143.55
1171	1173	14838.92
1171	436	561.95
1171	923	8419.39
1172	1169	12255.09
1172	1170	3614.13
1172	1171	143.55
1172	1173	4015.32
1172	1174	3037.17
1172	1175	2037.20
1172	138	9577.89
1172	141	8394.19
1173	1168	2560.34
1173	1171	14838.92
1173	1172	4015.32
1173	1174	3331.52
1173	1602	2592.66
1173	2089	3528.36
1173	2090	10111.89
1173	923	3260.06
1173	924	7630.38
1174	1165	1446.98
1174	1166	241.09
1174	1168	401.79
1174	1172	3037.17
1174	1173	3331.52
1174	1175	2680.21
1174	1176	1031.02
1175	1172	2037.20
1175	1174	2680.21
1175	1176	3819.88
1175	141	1430.60
1176	1168	2284.25
1176	1174	1031.02
1176	1175	3819.88
1176	136	2732.16
1176	141	956.87
1178	1179	1255.31
1178	1186	965.24
1178	2102	675.58
1179	1178	1255.31
1179	1186	1509.55
1179	2102	454.19
118	117	7930.97
118	119	4475.94
118	120	486.00
118	125	5406.02
118	452	4145.76
1181	1182	3563.51
1181	1222	2081.99
1181	1225	5972.56
1181	2099	3942.07
1181	2101	3244.03
1181	487	4120.81
1181	984	1748.57
1182	1181	3563.51
1182	1184	6386.49
1182	1186	3037.21
1182	2102	3894.86
1182	487	6032.26
1182	838	7947.66
1182	932	166.74
1183	1184	8098.68
1183	1439	274.68
1183	2100	5130.43
1183	2101	742.07
1183	389	3389.31
1184	1182	6386.49
1184	1183	8098.68
1184	1439	388.08
1184	1440	3277.57
1184	2101	3179.38
1184	2102	4673.44
1184	2103	2805.50
1186	1178	965.24
1186	1179	1509.55
1186	1182	3037.21
1186	2102	5009.41
1186	2103	3457.48
1186	927	1814.11
1186	929	5055.04
1186	930	4091.13
1186	931	3068.51
1186	932	7414.19
1187	1158	3424.78
1187	1159	5160.97
1187	1188	8080.51
1187	14	1765.51
1187	1926	3435.68
1187	1928	9098.36
1187	9	20587.43
1188	1159	14345.20
1188	1187	8080.51
1188	1530	2503.78
1188	2113	9158.58
1188	434	8712.55
1188	9	2249.86
1189	1190	7234.09
1189	1193	6779.41
1189	1199	3094.40
1189	1200	2195.23
1189	1204	711.55
1189	125	3139.30
1189	126	2416.98
119	118	4475.94
119	120	3668.22
119	121	2412.35
119	122	1145.01
119	123	2635.77
119	124	6394.64
119	125	1643.94
1190	1189	7234.09
1190	1200	1440.50
1190	1203	5428.99
1190	1204	6129.37
1191	1192	13214.07
1191	1193	1938.65
1191	1194	8782.56
1191	1195	4413.20
1191	1198	256.29
1191	2049	7691.65
1191	455	5384.15
1192	117	8637.74
1192	1191	13214.07
1192	1193	18268.71
1192	125	1365.08
1192	453	1630.10
1192	454	3964.71
1193	1189	6779.41
1193	1191	1938.65
1193	1192	18268.71
1193	1198	2663.27
1193	1199	7336.17
1193	125	1702.46
1194	1191	8782.56
1194	1195	20248.77
1194	1198	9051.87
1195	1191	4413.20
1195	1194	20248.77
1195	1196	15096.04
1195	1198	5666.32
1195	1205	12043.48
1195	455	2923.76
1195	82	8918.80
1196	1195	15096.04
1196	1197	23054.14
1196	1205	615.08
1196	4	4418.39
1196	492	7957.24
1196	82	5386.55
1197	1196	23054.14
1197	4	8094.51
1197	706	13575.47
1197	82	11206.15
1198	1191	256.29
1198	1193	2663.27
1198	1194	9051.87
1198	1195	5666.32
1198	1199	4226.88
1198	1205	12682.97
1199	1189	3094.40
1199	1193	7336.17
1199	1198	4226.88
1199	1204	3683.53
12	10	553.97
12	11	269.06
12	13	915.99
12	19	1403.09
12	9	1812.51
120	118	486.00
120	119	3668.22
120	121	4486.81
120	452	2913.68
1200	1189	2195.23
1200	1190	1440.50
1200	1201	4737.04
1200	1202	3666.03
1200	1203	3550.62
1200	126	2681.41
1200	127	1452.92
1200	537	7077.02
1200	538	186.07
1201	1036	2809.88
1201	1200	4737.04
1201	1202	3103.69
1201	538	937.01
1201	539	1835.78
1202	1034	10097.38
1202	1036	775.80
1202	1200	3666.03
1202	1201	3103.69
1202	1203	12887.91
1203	1034	802.03
1203	1037	1514.02
1203	1190	5428.99
1203	1200	3550.62
1203	1202	12887.91
1203	1204	3758.84
1203	1206	4996.21
1203	795	1350.32
1204	1189	711.55
1204	1190	6129.37
1204	1199	3683.53
1204	1203	3758.84
1204	1205	9896.95
1204	1206	9691.82
1205	1195	12043.48
1205	1196	615.08
1205	1198	12682.97
1205	1204	9896.95
1205	1206	14007.79
1205	492	1798.11
1206	1203	4996.21
1206	1204	9691.82
1206	1205	14007.79
1206	492	172.73
1206	493	8393.48
1206	494	3319.94
1206	795	14576.34
1206	799	443.86
1207	1208	378.32
1207	1209	843.29
1207	1212	1959.19
1207	1214	1236.53
1208	1207	378.32
1208	1209	1691.73
1208	1212	2480.29
1209	1207	843.29
1209	1208	1691.73
1209	1212	991.10
1209	1214	1665.33
1209	1215	1181.36
121	119	2412.35
121	120	4486.81
121	122	5737.10
121	452	2703.66
121	504	4598.95
121	525	1233.71
1210	1043	843.65
1210	1048	6454.34
1210	1211	9381.19
1210	1213	3622.75
1210	560	2245.10
1210	564	3536.70
1211	1210	9381.19
1211	1212	7564.22
1211	1213	413.88
1211	564	4042.64
1211	565	3845.63
1212	1207	1959.19
1212	1208	2480.29
1212	1209	991.10
1212	1211	7564.22
1212	1213	13013.08
1212	1214	7737.19
1212	1215	3965.56
1212	1216	2526.45
1212	565	10859.75
1213	1047	4065.10
1213	1048	11298.34
1213	1210	3622.75
1213	1211	413.88
1213	1212	13013.08
1213	1214	2579.42
1213	662	4944.04
1213	665	6477.19
1213	666	1577.27
1214	1207	1236.53
1214	1209	1665.33
1214	1212	7737.19
1214	1213	2579.42
1214	1215	8922.31
1214	157	1818.85
1214	666	4460.41
1215	1209	1181.36
1215	1212	3965.56
1215	1214	8922.31
1215	1216	4348.11
1215	157	7245.85
1215	158	1532.33
1216	1212	2526.45
1216	1215	4348.11
1216	1218	11767.26
1216	158	4878.89
1216	332	10633.80
1216	565	2910.90
1217	1218	11418.77
1217	565	5770.38
1218	1216	11767.26
1218	1217	11418.77
1218	1219	13296.44
1218	332	4408.22
1218	565	3120.61
1218	980	4218.10
1219	1090	4157.34
1219	1091	2229.52
1219	1218	13296.44
1219	1220	12314.22
1219	1221	949.78
1219	1485	1051.47
1219	562	1209.85
1219	565	609.82
1219	980	9272.90
122	119	1145.01
122	121	5737.10
122	123	8472.31
122	2129	3245.28
122	504	272.23
1220	1219	12314.22
1220	1221	3222.10
1220	1485	7961.25
1220	1907	3236.47
1220	1914	2668.91
1220	981	5231.33
1221	1219	949.78
1221	1220	3222.10
1221	980	14408.91
1221	981	3335.58
1221	982	2601.25
1222	1181	2081.99
1222	1224	8267.41
1222	1225	8566.71
1222	2074	3775.53
1222	487	8588.33
1223	1224	10546.93
1223	1225	4861.85
1223	476	4103.84
1223	982	2616.48
1223	983	2500.41
1224	1222	8267.41
1224	1223	10546.93
1224	1225	5105.63
1224	2074	3239.07
1224	476	1549.80
1224	477	9047.70
1225	1181	5972.56
1225	1222	8566.71
1225	1223	4861.85
1225	1224	5105.63
1225	983	7197.93
1225	984	1782.80
1226	1227	1917.74
1226	1228	318.52
1226	1229	1193.61
1226	1230	2815.58
1227	1226	1917.74
1227	1228	3225.27
1227	1229	1954.55
1228	1080	2902.74
1228	1081	6966.13
1228	1226	318.52
1228	1227	3225.27
1228	1229	4146.26
1228	1230	11125.05
1228	1799	10064.82
1228	275	7408.35
1229	1226	1193.61
1229	1227	1954.55
1229	1228	4146.26
1229	1230	4076.12
1229	1231	5715.19
1229	1774	7265.70
1229	1775	1943.35
1229	1776	5832.60
1229	275	1763.33
123	119	2635.77
123	122	8472.31
123	124	5614.52
123	128	5345.16
123	129	10167.52
123	2129	3133.59
123	2130	1621.97
1230	1226	2815.58
1230	1228	11125.05
1230	1229	4076.12
1230	1231	11919.68
1230	1799	1796.70
1230	1809	3252.34
1231	1229	5715.19
1231	1230	11919.68
1231	1232	17559.07
1231	1776	8019.58
1231	1808	245.14
1231	1809	10198.92
1232	1231	17559.07
1232	1556	9550.21
1232	1776	14008.86
1232	1777	24701.48
1232	1808	13106.40
1232	306	7536.97
1232	307	15870.91
1232	308	25280.95
1232	442	7840.71
1233	1234	18256.78
1233	383	2705.82
1233	624	7813.80
1233	625	7302.52
1233	636	5645.76
1233	637	6265.31
1234	1233	18256.78
1234	1235	12723.25
1234	383	2149.58
1234	637	9821.25
1235	1234	12723.25
1235	383	1289.91
1235	50	3285.37
1235	617	4291.66
1235	619	8210.65
1235	620	13397.13
1235	637	2764.10
1236	1237	5499.28
1236	154	1756.06
1236	629	4540.84
1237	1236	5499.28
1237	1239	6875.26
1237	151	787.91
1237	152	12653.99
1237	413	8653.32
1237	629	291.22
1237	631	1283.76
1238	1239	12974.78
1238	149	4576.09
1238	413	3878.29
1238	437	4945.44
1238	923	7278.03
1238	924	2650.67
1239	1237	6875.26
1239	1238	12974.78
1239	149	2228.12
1239	151	3589.31
1239	413	3105.08
124	116	1254.83
124	119	6394.64
124	123	5614.52
124	125	8978.81
124	126	1534.54
124	127	1988.63
124	128	4306.15
1240	1241	2161.44
1240	1242	474.18
1240	1243	5000.38
1240	1246	4847.83
1241	1240	2161.44
1241	1242	1153.52
1241	1245	12043.54
1241	1246	1389.86
1241	1742	3609.77
1241	1747	5776.60
1241	420	735.66
1241	424	1490.23
1241	425	10102.44
1241	426	3219.12
1242	1240	474.18
1242	1241	1153.52
1242	1244	264.02
1242	1245	961.23
1243	1240	5000.38
1243	1244	649.94
1243	1245	22771.56
1243	1246	4477.61
1243	1748	13210.40
1243	1874	16571.99
1243	1875	7701.34
1243	905	4543.86
1243	909	16877.98
1244	1242	264.02
1244	1243	649.94
1244	1245	1077.49
1245	1241	12043.54
1245	1242	961.23
1245	1243	22771.56
1245	1244	1077.49
1245	1875	3866.61
1245	426	1779.21
1245	427	8871.52
1245	430	2245.05
1246	1240	4847.83
1246	1241	1389.86
1246	1243	4477.61
1246	1747	5249.31
1246	1748	5298.22
1247	0	230.86
1247	1248	865.53
1247	1249	901.35
1247	1254	717.57
1247	1263	1213.59
1248	0	391.00
1248	1247	865.53
1248	1249	460.72
1248	1250	236.79
1248	1251	547.16
1249	1247	901.35
1249	1248	460.72
1249	1250	1187.43
1249	1254	2316.41
125	117	4041.98
125	118	5406.02
125	1189	3139.30
125	119	1643.94
125	1192	1365.08
125	1193	1702.46
125	124	8978.81
125	126	5706.84
1250	1248	236.79
1250	1249	1187.43
1250	1251	1846.85
1250	1254	3859.01
1251	0	2626.76
1251	1248	547.16
1251	1250	1846.85
1251	1254	762.62
1251	1255	593.28
1252	1253	6564.39
1252	1255	3089.07
1252	1256	5117.34
1252	1257	2435.58
1252	1400	13521.17
1252	534	4438.70
1253	1252	6564.39
1253	1254	5706.85
1253	1255	7027.25
1253	534	2402.91
1254	0	4764.53
1254	1247	717.57
1254	1249	2316.41
1254	1250	3859.01
1254	1251	762.62
1254	1253	5706.85
1254	1255	13002.57
1254	1263	821.00
1254	534	359.06
1254	535	9261.78
1254	536	1845.67
1255	0	3811.02
1255	1251	593.28
1255	1252	3089.07
1255	1253	7027.25
1255	1254	13002.57
1255	1257	6293.99
1255	1258	3543.30
1256	0	2391.43
1256	1252	5117.34
1256	1257	2837.90
1256	1262	2949.82
1256	1400	4606.28
1257	1252	2435.58
1257	1255	6293.99
1257	1256	2837.90
1257	1258	10566.60
1257	1261	2932.02
1257	1262	7865.44
1258	0	7555.61
1258	1255	3543.30
1258	1257	10566.60
1258	1259	2448.31
1258	1260	2772.83
1258	1261	2929.88
1259	1258	2448.31
1259	1260	1427.18
126	1189	2416.98
126	1200	2681.41
126	124	1534.54
126	125	5706.84
126	127	5935.20
1260	1258	2772.83
1260	1259	1427.18
1261	0	10550.78
1261	1257	2932.02
1261	1258	2929.88
1261	1262	4662.69
1262	0	8704.07
1262	1256	2949.82
1262	1257	7865.44
1262	1261	4662.69
1263	0	749.88
1263	1247	1213.59
1263	1254	821.00
1264	1000	6444.42
1264	1001	6836.53
1264	1003	6886.11
1264	1004	7075.60
1264	1005	5277.98
1264	1007	9700.12
1264	915	2343.76
1264	919	18045.17
1265	1266	409.15
1265	1267	1775.07
1265	1376	2282.85
1266	1265	409.15
1266	1267	768.17
1266	1268	390.97
1266	1376	587.12
1266	2142	39.17
1267	1265	1775.07
1267	1266	768.17
1267	1268	607.59
1267	1269	920.67
1267	1270	1465.28
1267	1375	2249.67
1267	1376	919.71
1268	1266	390.97
1268	1267	607.59
1268	1269	208.22
1268	1272	621.45
1268	2142	673.55
1269	1267	920.67
1269	1268	208.22
1269	1270	231.70
1269	1271	945.37
1269	1272	65.04
127	116	2438.88
127	1200	1452.92
127	124	1988.63
127	126	5935.20
127	128	6174.52
127	537	7546.47
127	64	3492.01
1270	1267	1465.28
1270	1269	231.70
1270	1271	231.80
1270	1275	305.54
1270	1276	2219.24
1270	1277	315.53
1270	1279	559.94
1270	1375	1413.77
1271	1269	945.37
1271	1270	231.80
1271	1272	328.63
1271	1275	961.64
1272	1268	621.45
1272	1269	65.04
1272	1271	328.63
1272	1274	707.00
1272	1275	45.20
1272	2142	668.78
1274	1272	707.00
1274	1275	419.76
1274	1277	94.18
1274	1286	735.84
1274	2143	792.71
1275	1270	305.54
1275	1271	961.64
1275	1272	45.20
1275	1274	419.76
1275	1277	905.50
1276	1270	2219.24
1276	1280	2639.29
1276	1375	3465.72
1277	1270	315.53
1277	1274	94.18
1277	1275	905.50
1277	1278	849.52
1277	1286	58.73
1278	1277	849.52
1278	1279	419.97
1278	1284	450.91
1278	1285	163.62
1278	1286	546.68
1279	1270	559.94
1279	1278	419.97
1279	1280	331.62
1279	1282	366.58
1279	1283	653.71
1279	1284	110.94
128	123	5345.16
128	124	4306.15
128	127	6174.52
128	129	435.29
128	64	4664.20
1280	1276	2639.29
1280	1279	331.62
1280	1281	853.62
1280	1282	430.62
1280	1375	1382.61
1281	1280	853.62
1281	1282	945.79
1281	1292	623.53
1281	1293	1324.76
1281	1296	94.76
1281	1375	603.34
1282	1279	366.58
1282	1280	430.62
1282	1281	945.79
1282	1283	223.13
1282	1291	113.47
1282	1292	328.62
1283	1279	653.71
1283	1282	223.13
1283	1284	298.61
1283	1289	60.97
1283	1290	209.93
1283	1291	358.07
1284	1278	450.91
1284	1279	110.94
1284	1283	298.61
1284	1285	332.64
1284	1288	77.24
1284	1289	279.17
1285	1278	163.62
1285	1284	332.64
1285	1286	532.18
1285	1288	340.38
1286	1274	735.84
1286	1277	58.73
1286	1278	546.68
1286	1285	532.18
1286	1287	428.46
1286	1288	150.38
1286	1302	151.58
1286	2143	712.65
1287	1286	428.46
1287	1288	447.62
1287	1300	605.58
1287	1302	138.92
1288	1284	77.24
1288	1285	340.38
1288	1286	150.38
1288	1287	447.62
1288	1289	239.29
1288	1299	319.89
1289	1283	60.97
1289	1284	279.17
1289	1288	239.29
1289	1290	275.39
1289	1299	370.11
129	123	10167.52
129	128	435.29
129	2130	1189.89
129	55	3622.99
129	64	873.49
129	65	2071.18
1290	1283	209.93
1290	1289	275.39
1290	1291	298.00
1290	1298	372.73
1290	1299	343.84
1290	1307	226.69
1291	1282	113.47
1291	1283	358.07
1291	1290	298.00
1291	1292	208.32
1291	1298	351.86
1292	1281	623.53
1292	1282	328.62
1292	1291	208.32
1292	1297	510.09
1293	1281	1324.76
1293	1294	855.27
1293	1295	929.31
1293	1296	308.02
1293	1375	156.34
1294	1293	855.27
1294	1295	37.50
1294	1312	955.01
1294	1375	1097.29
1294	1593	602.38
1295	1293	929.31
1295	1294	37.50
1295	1296	925.25
1295	1311	580.10
1295	1312	1621.67
1296	1281	94.76
1296	1293	308.02
1296	1295	925.25
1296	1297	757.66
1296	1298	182.11
1296	1308	52.82
1296	1310	735.67
1296	1311	54.16
1297	1292	510.09
1297	1296	757.66
1297	1298	236.12
1298	1290	372.73
1298	1291	351.86
1298	1296	182.11
1298	1297	236.12
1298	1308	368.39
1299	1288	319.89
1299	1289	370.11
1299	1290	343.84
1299	1300	347.06
1299	1305	535.72
13	11	1420.51
13	12	915.99
13	19	1746.42
13	7	938.14
13	9	1367.08
130	131	1511.70
130	132	184.70
130	135	709.33
130	136	1246.67
130	142	2791.47
1300	1287	605.58
1300	1299	347.06
1300	1301	529.26
1300	1302	140.14
1300	1304	202.86
1300	1305	24.04
1301	1300	529.26
1301	1302	350.31
1301	1304	516.49
1302	1286	151.58
1302	1287	138.92
1302	1300	140.14
1302	1301	350.31
1302	1303	848.31
1302	1304	277.86
1302	1320	167.34
1302	1321	332.49
1302	1322	317.24
1303	1302	848.31
1303	1322	967.20
1303	1376	2742.01
1303	2143	514.51
1304	1300	202.86
1304	1301	516.49
1304	1302	277.86
1304	1305	185.22
1304	1306	182.72
1304	1320	424.07
1305	1299	535.72
1305	1300	24.04
1305	1304	185.22
1305	1306	598.61
1305	1307	135.87
1306	1304	182.72
1306	1305	598.61
1306	1307	206.86
1306	1316	695.55
1306	1317	118.44
1306	1320	137.76
1307	1290	226.69
1307	1305	135.87
1307	1306	206.86
1307	1308	339.95
1307	1309	287.73
1307	1315	120.17
1307	1316	129.19
1307	1317	166.07
1307	1318	105.24
1308	1296	52.82
1308	1298	368.39
1308	1307	339.95
1308	1309	391.12
1308	1310	219.76
1309	1307	287.73
1309	1308	391.12
1309	1310	328.48
1309	1314	220.05
1309	1315	235.80
131	130	1511.70
131	132	1347.07
131	135	385.43
1310	1296	735.67
1310	1308	219.76
1310	1309	328.48
1310	1311	792.29
1310	1313	602.76
1310	1314	232.62
1311	1295	580.10
1311	1296	54.16
1311	1310	792.29
1311	1312	703.35
1311	1313	251.24
1311	1329	628.38
1311	1330	498.43
1312	1294	955.01
1312	1295	1621.67
1312	1311	703.35
1312	1330	435.04
1312	1331	202.48
1312	1340	315.89
1312	1593	2533.13
1313	1310	602.76
1313	1311	251.24
1313	1314	237.43
1313	1327	334.12
1313	1328	347.43
1314	1309	220.05
1314	1310	232.62
1314	1313	237.43
1314	1315	235.31
1314	1325	235.24
1314	1327	224.09
1315	1307	120.17
1315	1309	235.80
1315	1314	235.31
1315	1318	226.50
1315	1325	427.90
1316	1306	695.55
1316	1307	129.19
1316	1317	527.51
1317	1306	118.44
1317	1307	166.07
1317	1316	527.51
1317	1318	239.89
1317	1319	401.01
1317	1320	117.50
1318	1307	105.24
1318	1315	226.50
1318	1317	239.89
1318	1319	408.75
1318	1325	310.61
1318	1335	463.27
1319	1317	401.01
1319	1318	408.75
1319	1320	415.05
1319	1324	462.62
132	130	184.70
132	131	1347.07
132	133	721.85
132	134	677.96
132	136	5395.75
1320	1302	167.34
1320	1304	424.07
1320	1306	137.76
1320	1317	117.50
1320	1319	415.05
1320	1321	465.37
1320	1324	143.33
1321	1302	332.49
1321	1320	465.37
1321	1322	820.97
1321	1323	605.79
1322	1302	317.24
1322	1303	967.20
1322	1321	820.97
1322	1323	707.61
1322	1376	567.28
1323	1321	605.79
1323	1322	707.61
1323	1324	952.99
1323	1335	236.05
1323	1336	1182.89
1323	1376	519.37
1323	1976	521.28
1324	1319	462.62
1324	1320	143.33
1324	1323	952.99
1324	1335	227.67
1325	1314	235.24
1325	1315	427.90
1325	1318	310.61
1325	1326	332.48
1325	1327	98.34
1325	1335	19.96
1326	1325	332.48
1326	1327	439.41
1326	1333	121.62
1326	1334	977.26
1326	1335	191.06
1327	1313	334.12
1327	1314	224.09
1327	1325	98.34
1327	1326	439.41
1327	1328	458.93
1327	1333	391.47
1328	1313	347.43
1328	1327	458.93
1328	1329	350.40
1328	1332	531.98
1328	1333	320.14
1329	1311	628.38
1329	1328	350.40
1329	1330	312.37
1329	1331	219.32
1329	1332	427.40
1329	1340	354.55
133	132	721.85
133	134	1977.07
133	136	2522.20
1330	1311	498.43
1330	1312	435.04
1330	1329	312.37
1330	1331	666.24
1331	1312	202.48
1331	1329	219.32
1331	1330	666.24
1331	1340	770.90
1332	1328	531.98
1332	1329	427.40
1332	1333	285.43
1332	1339	330.93
1332	1340	541.65
1333	1326	121.62
1333	1327	391.47
1333	1328	320.14
1333	1332	285.43
1333	1334	212.17
1333	1338	210.10
1333	1339	413.38
1334	1326	977.26
1334	1333	212.17
1334	1335	1081.08
1334	1337	436.68
1334	1338	222.53
1335	1318	463.27
1335	1323	236.05
1335	1324	227.67
1335	1325	19.96
1335	1326	191.06
1335	1334	1081.08
1335	1336	1105.75
1335	1337	1019.10
1335	1342	1075.87
1335	1385	168.81
1335	1386	1824.44
1335	1992	1194.45
1335	1993	155.22
1335	1994	316.21
1335	1995	551.04
1335	2004	717.36
1336	1323	1182.89
1336	1335	1105.75
1336	1976	1065.81
1336	1983	1147.09
1336	1995	225.74
1337	1334	436.68
1337	1335	1019.10
1337	1338	396.33
1337	1342	352.49
1338	1333	210.10
1338	1334	222.53
1338	1337	396.33
1338	1339	407.39
1338	1341	675.49
1338	1342	515.58
1339	1332	330.93
1339	1333	413.38
1339	1338	407.39
1339	1340	547.81
1339	1341	358.36
134	132	677.96
134	133	1977.07
134	135	496.32
134	136	1848.72
1340	1312	315.89
1340	1329	354.55
1340	1331	770.90
1340	1332	541.65
1340	1339	547.81
1340	1341	790.43
1340	1343	775.83
1340	1386	5592.04
1340	1593	553.45
1340	1599	2018.28
1341	1338	675.49
1341	1339	358.36
1341	1340	790.43
1341	1342	444.26
1341	1343	210.90
1342	1335	1075.87
1342	1337	352.49
1342	1338	515.58
1342	1341	444.26
1342	1343	2210.20
1342	1386	1119.98
1343	1340	775.83
1343	1341	210.90
1343	1342	2210.20
1343	1386	3077.03
1344	1350	10146.34
1344	1759	6386.93
1344	1762	420.16
1344	809	5345.40
1344	813	5902.20
1345	1346	5657.96
1345	1347	1807.94
1345	1348	2495.35
1345	1353	5496.57
1345	812	10173.65
1345	813	6481.82
1346	0	3615.64
1346	1345	5657.96
1346	1347	2030.40
1346	170	3482.83
1346	812	2944.15
1347	1345	1807.94
1347	1346	2030.40
1347	1348	3736.54
1347	1354	5797.61
1347	170	4377.45
1347	171	2176.14
1348	1345	2495.35
1348	1347	3736.54
1348	1353	12471.19
1348	1354	2628.05
1349	1350	5907.22
1349	1351	263.20
1349	1352	6811.63
1349	1353	6970.10
1349	813	3357.30
135	130	709.33
135	131	385.43
135	134	496.32
135	136	603.61
1350	1344	10146.34
1350	1349	5907.22
1350	1351	13563.85
1350	1762	2317.39
1350	813	61.92
1351	1349	263.20
1351	1350	13563.85
1351	1352	4111.04
1351	1357	4402.95
1351	1762	4374.51
1351	1766	1924.37
1351	1767	6380.53
1352	1349	6811.63
1352	1351	4111.04
1352	1353	1455.47
1352	1356	3861.64
1352	1357	1183.06
1352	1358	2231.30
1353	1345	5496.57
1353	1348	12471.19
1353	1349	6970.10
1353	1352	1455.47
1353	1354	5745.27
1353	1356	6725.96
1353	813	659.91
1354	1347	5797.61
1354	1348	2628.05
1354	1353	5745.27
1354	1355	3697.35
1354	1356	695.63
1354	171	4839.69
1354	177	510.60
1355	1354	3697.35
1355	1356	2633.29
1355	1359	4085.04
1355	1360	1230.43
1355	178	3386.30
1356	1352	3861.64
1356	1353	6725.96
1356	1354	695.63
1356	1355	2633.29
1356	1358	4064.21
1356	1359	4976.94
1356	1362	2216.45
1357	1351	4402.95
1357	1352	1183.06
1357	1358	4548.15
1357	1767	1013.39
1357	544	3770.35
1357	545	1469.47
1358	1352	2231.30
1358	1356	4064.21
1358	1357	4548.15
1358	1362	4930.32
1358	544	740.35
1359	1355	4085.04
1359	1356	4976.94
1359	1360	5058.56
1359	1361	3101.04
136	1168	14517.86
136	1176	2732.16
136	130	1246.67
136	132	5395.75
136	133	2522.20
136	134	1848.72
136	135	603.61
136	141	3962.32
136	142	9019.10
136	143	12446.78
136	1638	3933.16
136	1640	2839.68
136	1739	1879.31
1360	1355	1230.43
1360	1359	5058.56
1360	1361	2392.29
1360	1365	2551.75
1360	1366	3750.06
1360	1367	1935.26
1360	178	3354.68
1361	1359	3101.04
1361	1360	2392.29
1361	1362	4964.22
1361	1363	1614.03
1361	1364	2337.72
1361	1365	1293.91
1362	1356	2216.45
1362	1358	4930.32
1362	1361	4964.22
1362	1363	3957.64
1362	544	2815.10
1363	1361	1614.03
1363	1362	3957.64
1363	1364	3018.31
1363	544	1934.66
1363	549	2650.25
1364	1361	2337.72
1364	1363	3018.31
1364	1365	932.04
1364	1368	5849.13
1364	549	1785.78
1364	550	1013.13
1365	1360	2551.75
1365	1361	1293.91
1365	1364	932.04
1365	1366	3728.17
1365	1368	2193.91
1365	1372	2326.75
1366	1360	3750.06
1366	1365	3728.17
1366	1367	3919.27
1366	1371	2651.08
1366	1372	663.61
1367	1360	1935.26
1367	1366	3919.27
1367	1369	3191.63
1367	1371	3046.23
1367	178	378.62
1367	184	2276.40
1368	1364	5849.13
1368	1365	2193.91
1368	1372	6174.57
1368	550	2641.97
1369	1367	3191.63
1369	1370	4254.31
1369	1371	729.29
1369	1374	2611.63
1369	1585	2077.29
1369	1586	749.63
1369	184	2430.88
1369	185	3684.52
137	138	12258.33
137	139	2511.97
137	1437	4603.32
137	2110	10202.08
137	2112	3702.87
1370	1369	4254.31
1370	185	444.03
1371	1366	2651.08
1371	1367	3046.23
1371	1369	729.29
1371	1372	4972.89
1371	1373	3661.07
1371	1374	3827.50
1372	1365	2326.75
1372	1366	663.61
1372	1368	6174.57
1372	1371	4972.89
1372	1373	3172.39
1372	1376	7235.94
1372	1377	3163.28
1372	550	2288.16
1373	1371	3661.07
1373	1372	3172.39
1373	1374	1886.55
1373	1376	3682.69
1374	1369	2611.63
1374	1371	3827.50
1374	1373	1886.55
1374	1375	4596.56
1374	1376	1792.02
1374	1585	4920.61
1375	1267	2249.67
1375	1270	1413.77
1375	1276	3465.72
1375	1280	1382.61
1375	1281	603.34
1375	1293	156.34
1375	1294	1097.29
1375	1374	4596.56
1375	1376	793.73
1375	1585	721.56
1375	1589	7509.55
1375	1593	1664.41
1376	1265	2282.85
1376	1266	587.12
1376	1267	919.71
1376	1303	2742.01
1376	1322	567.28
1376	1323	519.37
1376	1372	7235.94
1376	1373	3682.69
1376	1374	1792.02
1376	1375	793.73
1376	1377	858.16
1376	1380	1561.32
1376	1381	3202.23
1376	1382	1782.47
1376	1976	262.92
1376	1977	1193.71
1376	2142	2906.29
1376	2143	2296.59
1377	1372	3163.28
1377	1376	858.16
1377	1378	2837.09
1377	1380	6961.36
1377	542	1351.26
1377	550	4221.26
1377	551	6037.33
1377	552	2817.28
1378	1377	2837.09
1378	1379	2374.28
1378	1380	2874.38
1378	552	86.35
1379	1378	2374.28
1379	1380	4619.43
138	1169	6643.15
138	1172	9577.89
138	137	12258.33
138	139	20544.50
138	141	4645.23
138	1437	2731.82
138	330	6651.67
1380	1376	1561.32
1380	1377	6961.36
1380	1378	2874.38
1380	1379	4619.43
1380	1381	3053.33
1380	1382	6598.27
1380	552	3141.84
1380	770	105.37
1380	771	1123.87
1380	772	3110.29
1381	1376	3202.23
1381	1380	3053.33
1381	1382	1481.53
1382	1376	1782.47
1382	1380	6598.27
1382	1381	1481.53
1382	1383	5343.55
1382	1384	2284.29
1382	1977	211.35
1382	1978	260.13
1382	1981	369.33
1382	1982	1898.56
1382	1984	425.66
1382	1986	513.86
1382	1991	511.13
1382	1998	564.20
1382	772	7918.85
1383	1382	5343.55
1383	1384	4128.70
1383	1389	9245.04
1383	772	6876.06
1383	779	171.39
1384	1382	2284.29
1384	1383	4128.70
1384	1385	3645.26
1384	1388	549.83
1384	1389	4358.71
1384	1998	585.12
1384	2002	371.27
1384	2007	507.61
1384	2010	554.06
1384	2011	227.64
1385	1335	168.81
1385	1384	3645.26
1385	1386	1777.51
1385	1388	2547.49
1385	2004	1366.33
1385	2009	323.71
1385	2011	562.31
1386	1335	1824.44
1386	1340	5592.04
1386	1342	1119.98
1386	1343	3077.03
1386	1385	1777.51
1386	1387	5138.90
1386	1388	420.86
1386	1599	1382.58
1387	1386	5138.90
1387	1388	4658.71
1387	1390	160.21
1387	1391	4549.66
1387	1392	5074.22
1387	1599	53.37
1387	1600	2894.72
1387	1601	496.84
1388	1384	549.83
1388	1385	2547.49
1388	1386	420.86
1388	1387	4658.71
1388	1389	2260.29
1388	1390	1071.52
1389	1383	9245.04
1389	1384	4358.71
1389	1388	2260.29
1389	1390	5592.48
1389	1393	3801.51
1389	779	3857.64
139	137	2511.97
139	138	20544.50
139	140	7010.58
139	141	4847.57
139	2112	4756.99
1390	1387	160.21
1390	1388	1071.52
1390	1389	5592.48
1390	1391	14119.11
1390	1393	7273.59
1390	1398	2836.76
1390	1399	4150.53
1390	1400	1170.54
1391	1387	4549.66
1391	1390	14119.11
1391	1392	10558.68
1392	1387	5074.22
1392	1391	10558.68
1392	1400	7906.79
1392	1601	5353.50
1392	2140	6037.98
1392	534	4410.56
1393	1389	3801.51
1393	1390	7273.59
1393	1398	8530.12
1393	779	9068.09
1396	0	926.25
1396	1397	1399.20
1396	1398	672.35
1396	2048	1062.41
1397	0	4311.85
1397	1396	1399.20
1397	1398	1687.22
1398	0	1871.50
1398	1390	2836.76
1398	1393	8530.12
1398	1396	672.35
1398	1397	1687.22
1398	1399	8330.22
1398	2047	9646.97
1398	2048	677.89
1398	2147	3478.45
1398	779	1899.57
1399	0	8537.31
1399	1390	4150.53
1399	1398	8330.22
1399	1400	14945.56
14	1187	1765.51
14	17	14963.23
14	19	1433.67
14	1926	2141.44
14	1929	3473.96
14	418	10912.03
14	422	693.99
14	9	13420.88
140	139	7010.58
140	141	5400.68
140	142	12107.49
140	2111	173.34
140	2112	5045.14
140	901	7394.41
1400	0	2791.55
1400	1252	13521.17
1400	1256	4606.28
1400	1390	1170.54
1400	1392	7906.79
1400	1399	14945.56
1400	534	2283.21
1404	1405	5213.07
1404	236	5220.77
1404	882	4253.89
1404	884	4041.16
1404	985	2699.50
1404	986	2715.13
1404	987	5964.36
1405	1404	5213.07
1405	382	4394.16
1405	383	1986.04
1405	882	4857.98
1405	986	8500.70
1406	1407	2554.90
1406	1408	100.53
1406	1409	6064.21
1406	618	308.33
1406	619	2127.84
1406	986	3436.14
1407	1406	2554.90
1407	1408	1249.40
1407	1410	4219.99
1407	618	3703.75
1408	1406	100.53
1408	1407	1249.40
1408	1409	1287.52
1408	1410	895.24
1409	1049	1280.85
1409	1406	6064.21
1409	1408	1287.52
1409	1410	1643.89
1409	986	2190.02
1409	989	2686.62
141	1172	8394.19
141	1175	1430.60
141	1176	956.87
141	136	3962.32
141	138	4645.23
141	139	4847.57
141	140	5400.68
141	142	7155.99
1410	1045	8344.14
1410	1049	6533.94
1410	1407	4219.99
1410	1408	895.24
1410	1409	1643.89
1410	618	5412.82
1411	1412	961.74
1411	1413	394.75
1411	1424	3905.84
1412	1411	961.74
1412	1413	547.41
1412	1424	752.22
1413	1411	394.75
1413	1412	547.41
1413	1424	1911.78
1414	0	4692.01
1414	1415	11262.97
1414	1420	3201.34
1414	920	1981.59
1414	922	9901.17
1415	1414	11262.97
1415	1416	9797.85
1415	1420	11374.45
1415	920	16173.03
1416	1415	9797.85
1416	1417	5770.82
1416	1418	16316.77
1416	1419	10784.29
1416	1420	1576.94
1416	1427	2788.88
1416	502	2309.15
1416	920	10704.35
1417	1416	5770.82
1417	1418	8221.43
1417	1422	4113.76
1417	1424	5916.39
1417	321	7739.24
1417	502	9389.70
1417	503	13176.06
1418	1416	16316.77
1418	1417	8221.43
1418	1422	7068.03
1418	1423	6528.86
1418	1427	2989.69
1419	1416	10784.29
1419	1420	8783.69
1419	1421	4459.04
1419	1427	2852.34
1419	1428	11817.06
1419	1429	2460.19
142	130	2791.47
142	136	9019.10
142	140	12107.49
142	141	7155.99
142	143	5911.83
142	885	1842.80
142	887	3298.19
142	892	225.84
142	901	6421.18
1420	0	5482.70
1420	1414	3201.34
1420	1415	11374.45
1420	1416	1576.94
1420	1419	8783.69
1420	1421	9865.85
1421	0	5921.88
1421	1419	4459.04
1421	1420	9865.85
1421	1429	2142.99
1421	1433	6796.19
1421	1434	11009.49
1422	1417	4113.76
1422	1418	7068.03
1422	1423	4544.41
1422	1424	6680.99
1422	1425	6558.06
1422	1426	5210.72
1422	1427	5612.62
1423	1418	6528.86
1423	1422	4544.41
1424	1411	3905.84
1424	1412	752.22
1424	1413	1911.78
1424	1417	5916.39
1424	1422	6680.99
1424	1425	13186.47
1424	1437	3373.21
1424	321	6248.52
1424	327	7759.42
1424	328	2653.32
1424	330	11418.40
1425	1422	6558.06
1425	1424	13186.47
1425	1426	6420.04
1425	1437	9750.12
1426	1422	5210.72
1426	1425	6420.04
1426	1427	6775.22
1426	1437	2858.77
1427	1416	2788.88
1427	1418	2989.69
1427	1419	2852.34
1427	1422	5612.62
1427	1426	6775.22
1427	1428	17449.59
1427	1436	11648.18
1427	1437	11179.23
1427	897	17728.40
1427	898	19824.36
1428	1419	11817.06
1428	1427	17449.59
1428	1429	11862.15
1428	1436	5614.02
1429	1419	2460.19
1429	1421	2142.99
1429	1428	11862.15
1429	1430	850.32
1429	1431	4619.52
1429	1432	2531.50
1429	1433	9122.58
1429	1434	11177.16
1429	1436	4964.12
1429	897	22927.04
143	136	12446.78
143	142	5911.83
143	892	6096.42
143	894	6004.31
143	904	9380.65
1430	1429	850.32
1430	1431	623.36
1430	1432	635.85
1430	1433	1268.49
1431	1429	4619.52
1431	1430	623.36
1431	1432	2129.52
1431	1433	282.09
1432	1429	2531.50
1432	1430	635.85
1432	1431	2129.52
1433	1421	6796.19
1433	1429	9122.58
1433	1430	1268.49
1433	1431	282.09
1434	0	31191.31
1434	1421	11009.49
1434	1429	11177.16
1434	1435	23559.06
1434	896	12115.88
1434	897	4761.01
1435	1434	23559.06
1435	896	18944.40
1435	897	8872.23
1436	1427	11648.18
1436	1428	5614.02
1436	1429	4964.12
1437	137	4603.32
1437	138	2731.82
1437	1424	3373.21
1437	1425	9750.12
1437	1426	2858.77
1437	1427	11179.23
1437	2110	2470.25
1437	330	7333.59
1437	898	13237.46
1438	1448	2659.86
1438	1453	983.16
1439	1183	274.68
1439	1184	388.08
1439	1440	6796.22
1439	1441	12523.16
1439	1444	927.46
1439	389	4288.31
1439	391	1170.93
144	145	1665.44
144	146	425.51
144	151	1715.02
144	153	477.90
1440	1184	3277.57
1440	1439	6796.22
1440	1444	2987.42
1440	2103	1088.74
1441	1439	12523.16
1441	1442	5876.51
1441	1444	3138.25
1441	391	3472.96
1442	1441	5876.51
1442	1443	4123.42
1442	1444	1022.83
1442	391	957.16
1442	392	1792.26
1442	785	2420.84
1443	1442	4123.42
1443	1444	2180.79
1443	1448	4524.77
1443	785	2911.02
1444	1439	927.46
1444	1440	2987.42
1444	1441	3138.25
1444	1442	1022.83
1444	1443	2180.79
1444	1445	3308.64
1444	1447	4131.48
1444	1448	815.38
1444	2103	1857.67
1445	1444	3308.64
1445	1446	2291.26
1445	1447	385.36
1445	2103	857.97
1445	927	744.24
1445	928	1027.64
1446	1445	2291.26
1446	1447	4145.20
1446	928	779.99
1447	1444	4131.48
1447	1445	385.36
1447	1446	4145.20
1447	1448	3758.35
1447	1449	5267.51
1447	1450	4714.65
1447	928	1073.51
1448	1438	2659.86
1448	1443	4524.77
1448	1444	815.38
1448	1447	3758.35
1448	1449	3948.35
1448	1452	1228.00
1448	1453	2032.26
1448	347	5121.93
1448	785	4323.09
1449	1447	5267.51
1449	1448	3948.35
1449	1450	2622.19
1449	1451	5974.98
1449	1452	1123.98
145	144	1665.44
145	146	322.20
145	151	84.13
145	152	1568.41
145	153	992.46
1450	1447	4714.65
1450	1449	2622.19
1450	1451	650.31
1450	928	1039.70
1450	929	1740.47
1451	1449	5974.98
1451	1450	650.31
1451	1452	6733.18
1451	569	1248.68
1451	570	5469.95
1451	929	6710.27
1451	930	1369.33
1451	938	6733.80
1452	1448	1228.00
1452	1449	1123.98
1452	1451	6733.18
1452	1453	7495.00
1452	365	6428.46
1452	568	675.00
1452	569	5067.13
1453	1438	983.16
1453	1448	2032.26
1453	1452	7495.00
1453	347	3013.37
1453	348	3376.29
1453	364	9281.32
1453	365	148.19
1454	1455	1026.58
1454	1456	1034.24
1454	1462	3182.46
1455	1454	1026.58
1455	1456	858.51
1455	1457	171.07
1455	1458	1591.46
1455	1461	5342.72
1455	1462	3003.84
1455	69	6870.20
1456	1454	1034.24
1456	1455	858.51
1456	1457	1647.94
1456	1462	397.17
1457	1455	171.07
1457	1456	1647.94
1457	1458	3693.98
1457	1462	3886.42
1457	1463	8231.06
1457	1795	1340.58
1457	71	8044.97
1458	1455	1591.46
1458	1457	3693.98
1458	69	911.20
1458	71	1805.54
1459	1159	17981.96
1459	1160	6637.07
1459	1460	7825.10
1459	1462	12572.82
1459	2113	1682.27
146	144	425.51
146	145	322.20
146	147	812.12
146	153	1532.67
1460	1160	13668.47
1460	1459	7825.10
1460	1461	8507.85
1460	1462	1028.65
1460	574	765.36
1461	1164	4716.58
1461	1455	5342.72
1461	1460	8507.85
1461	1462	3225.66
1461	574	12817.75
1461	69	916.16
1461	70	6258.34
1462	1454	3182.46
1462	1455	3003.84
1462	1456	397.17
1462	1457	3886.42
1462	1459	12572.82
1462	1460	1028.65
1462	1461	3225.66
1462	1463	6201.22
1462	2113	6494.22
1462	2114	5440.70
1463	1457	8231.06
1463	1462	6201.22
1463	1794	9061.20
1463	1795	6096.20
1463	2114	4415.16
1464	1465	954.64
1464	1466	643.98
1464	1476	1324.28
1465	1464	954.64
1465	1466	798.57
1465	1476	1795.67
1466	1464	643.98
1466	1465	798.57
1466	1476	130.43
1466	1480	1600.49
1467	0	24829.33
1467	1096	12974.46
1467	1468	8536.30
1467	1470	1169.64
1467	1472	25551.76
1468	1096	10039.36
1468	1100	2922.37
1468	1467	8536.30
1468	1469	10646.94
1468	1470	10626.03
1469	1096	5343.57
1469	1097	9168.27
1469	1100	8438.07
1469	1468	10646.94
147	146	812.12
147	153	2303.33
1470	1100	5922.40
1470	1467	1169.64
1470	1468	10626.03
1470	1471	2466.65
1470	1472	2739.58
1470	1475	16192.24
1470	1569	2167.00
1471	1470	2466.65
1471	1472	15132.47
1471	1473	4165.62
1471	1474	6458.30
1471	1475	13671.37
1472	0	14042.14
1472	1083	5306.38
1472	1086	4450.32
1472	1467	25551.76
1472	1470	2739.58
1472	1471	15132.47
1472	1473	4879.57
1473	1085	3211.83
1473	1086	9389.64
1473	1088	3925.72
1473	1471	4165.62
1473	1472	4879.57
1473	1474	14616.31
1474	1088	6518.52
1474	1471	6458.30
1474	1473	14616.31
1474	1475	2360.05
1474	1476	7461.35
1474	1477	14106.87
1475	1470	16192.24
1475	1471	13671.37
1475	1474	2360.05
1475	1476	14973.42
1475	1569	2191.69
1476	1464	1324.28
1476	1465	1795.67
1476	1466	130.43
1476	1474	7461.35
1476	1475	14973.42
1476	1477	13196.76
1476	1480	12708.80
1476	1569	4426.47
1477	1088	4278.34
1477	1089	2870.05
1477	1474	14106.87
1477	1476	13196.76
1477	1478	5228.43
1477	1480	1840.18
1478	1089	1136.98
1478	1091	3472.28
1478	1477	5228.43
1478	1479	4512.61
1478	1480	7211.36
1478	1482	6870.11
1478	1485	7040.51
1479	1478	4512.61
148	1051	1703.68
148	149	12763.14
148	238	8737.64
148	664	20257.84
148	988	13936.06
1480	1466	1600.49
1480	1476	12708.80
1480	1477	1840.18
1480	1478	7211.36
1480	1481	7675.76
1480	1573	6840.55
1480	1574	782.75
1481	1480	7675.76
1481	1482	4842.26
1481	1574	2291.76
1482	1478	6870.11
1482	1481	4842.26
1482	1483	2805.24
1482	1484	3070.25
1482	1485	5653.64
1482	1574	4008.34
1482	1907	2630.53
1482	1908	10414.60
1483	1482	2805.24
1483	1484	849.72
1484	1482	3070.25
1484	1483	849.72
1485	1091	3555.76
1485	1219	1051.47
1485	1220	7961.25
1485	1478	7040.51
1485	1482	5653.64
1485	1907	2485.57
1486	1487	2569.69
1486	1492	1089.23
1487	1486	2569.69
1487	1488	3575.36
1487	1489	249.10
1487	1490	3412.80
1487	1491	135.97
1487	1492	2263.78
1487	1493	256.03
1487	1494	428.58
1487	1501	1355.67
1487	1502	726.12
1487	1504	11345.09
1487	1505	3439.62
1487	1507	1729.53
1488	1487	3575.36
1488	1489	1612.63
1488	1491	302.86
1489	1487	249.10
1489	1488	1612.63
1489	1490	3126.70
1489	1491	649.42
149	1238	4576.09
149	1239	2228.12
149	148	12763.14
149	150	14816.32
149	151	1581.75
149	237	3472.47
149	238	4368.28
149	437	9613.06
149	438	9080.08
149	664	2685.37
1490	1487	3412.80
1490	1489	3126.70
1490	1491	403.49
1490	1496	224.67
1490	1497	355.92
1490	1498	5453.85
1490	1505	8699.42
1490	1513	1332.28
1490	1514	3106.99
1491	1487	135.97
1491	1488	302.86
1491	1489	649.42
1491	1490	403.49
1491	1494	80.93
1491	1495	136.56
1491	1496	417.19
1492	1486	1089.23
1492	1487	2263.78
1492	1493	702.30
1492	1501	333.49
1492	1502	1042.98
1493	1487	256.03
1493	1492	702.30
1493	1494	736.80
1493	1501	340.33
1494	1487	428.58
1494	1491	80.93
1494	1493	736.80
1494	1495	577.32
1494	1501	209.31
1495	1491	136.56
1495	1494	577.32
1495	1496	741.06
1495	1498	351.96
1496	1490	224.67
1496	1491	417.19
1496	1495	741.06
1496	1497	657.10
1496	1498	293.98
1497	1490	355.92
1497	1496	657.10
1497	1498	857.96
1498	1490	5453.85
1498	1495	351.96
1498	1496	293.98
1498	1497	857.96
1498	1499	3657.55
1498	1501	3393.55
1498	1511	2565.16
1498	1513	1202.58
1499	1498	3657.55
1499	1500	1026.03
1499	1501	3306.25
15	1807	4796.93
15	19	16243.83
15	20	8017.79
15	432	23177.70
150	149	14816.32
150	151	17186.49
150	664	20710.21
1500	1499	1026.03
1500	1501	1887.71
1501	1487	1355.67
1501	1492	333.49
1501	1493	340.33
1501	1494	209.31
1501	1498	3393.55
1501	1499	3306.25
1501	1500	1887.71
1501	1502	4221.31
1501	1507	5391.39
1501	1508	2295.52
1501	1510	2200.26
1501	1511	3264.42
1502	1487	726.12
1502	1492	1042.98
1502	1501	4221.31
1503	107	12582.85
1503	108	382.47
1503	1504	9956.26
1503	1506	9313.36
1504	108	18425.71
1504	1487	11345.09
1504	1503	9956.26
1504	1505	8124.66
1504	1506	1133.84
1504	1507	5420.30
1504	1895	7232.14
1505	1487	3439.62
1505	1490	8699.42
1505	1504	8124.66
1505	1514	22219.35
1505	1852	11319.64
1505	1895	10020.71
1506	107	4663.47
1506	1503	9313.36
1506	1504	1133.84
1506	1507	10257.45
1506	1508	2151.48
1507	1487	1729.53
1507	1501	5391.39
1507	1504	5420.30
1507	1506	10257.45
1507	1508	8332.32
1507	1509	3617.93
1508	0	3117.35
1508	107	12934.67
1508	1501	2295.52
1508	1506	2151.48
1508	1507	8332.32
1508	1509	5017.14
1508	1510	16693.84
1508	1528	4646.96
1509	1507	3617.93
1509	1508	5017.14
151	1237	787.91
151	1239	3589.31
151	144	1715.02
151	145	84.13
151	149	1581.75
151	150	17186.49
151	152	9048.75
151	153	8426.26
151	662	505.18
151	664	9549.83
151	668	2835.44
1510	1501	2200.26
1510	1508	16693.84
1510	1511	3509.84
1510	1512	12530.84
1510	1528	9317.03
1511	1498	2565.16
1511	1501	3264.42
1511	1510	3509.84
1511	1512	4878.08
1511	1513	794.10
1511	1527	4025.39
1512	1510	12530.84
1512	1511	4878.08
1512	1515	11125.86
1512	1527	4893.17
1512	1528	3386.21
1513	1490	1332.28
1513	1498	1202.58
1513	1511	794.10
1513	1514	13658.99
1513	1515	467.47
1513	1516	6317.91
1513	1517	5918.41
1513	1518	8561.27
1513	1527	7081.25
1514	1490	3106.99
1514	1505	22219.35
1514	1513	13658.99
1514	1518	8880.84
1514	1519	5222.15
1514	1852	16607.11
1515	1512	11125.86
1515	1513	467.47
1515	1516	9651.60
1515	1527	2758.59
1515	1528	8788.87
1516	0	4464.80
1516	1513	6317.91
1516	1515	9651.60
1516	1517	10257.91
1516	1528	2959.53
1517	0	13868.47
1517	1513	5918.41
1517	1516	10257.91
1517	1518	19260.70
1517	1525	5322.93
1518	1513	8561.27
1518	1514	8880.84
1518	1517	19260.70
1518	1519	22244.38
1518	1525	3577.04
1519	1514	5222.15
1519	1518	22244.38
1519	1520	2026.97
1519	1522	28850.06
1519	1525	6446.92
1519	1852	18863.88
152	1237	12653.99
152	145	1568.41
152	151	9048.75
152	153	4991.51
152	154	8428.37
1520	1519	2026.97
1520	1521	2460.31
1520	1522	2956.38
1521	1520	2460.31
1521	1522	3603.03
1522	1519	28850.06
1522	1520	2956.38
1522	1521	3603.03
1522	1523	21040.79
1522	1524	3268.07
1522	1525	6674.75
1522	1526	3386.53
1522	1852	4129.31
1522	1855	8414.54
1523	1015	20321.41
1523	1522	21040.79
1523	1524	11582.19
1523	1855	12073.76
1524	1015	5915.36
1524	1018	2892.99
1524	1522	3268.07
1524	1523	11582.19
1524	1526	8293.19
1525	0	14396.06
1525	1517	5322.93
1525	1518	3577.04
1525	1519	6446.92
1525	1522	6674.75
1525	1526	6219.29
1526	0	4127.95
1526	1018	8078.59
1526	1522	3386.53
1526	1524	8293.19
1526	1525	6219.29
1527	1511	4025.39
1527	1512	4893.17
1527	1513	7081.25
1527	1515	2758.59
1528	0	17330.50
1528	1508	4646.96
1528	1510	9317.03
1528	1512	3386.21
1528	1515	8788.87
1528	1516	2959.53
153	144	477.90
153	145	992.46
153	146	1532.67
153	147	2303.33
153	151	8426.26
153	152	4991.51
153	154	11385.68
153	161	4491.82
153	668	5733.47
153	683	4681.43
1530	1188	2503.78
1530	1793	15141.78
1530	1807	2475.20
1530	19	20304.01
1530	2113	7692.00
1530	2114	1718.80
1530	2115	7231.88
1530	434	2735.17
1530	435	14207.29
1532	1533	4842.67
1532	1534	1807.69
1533	1532	4842.67
1533	1534	1078.09
1533	1536	7234.59
1533	1537	3078.32
1533	288	2283.91
1533	289	3925.44
1533	290	8929.33
1534	1532	1807.69
1534	1533	1078.09
1534	1535	1133.49
1534	1536	878.53
1535	1534	1133.49
1535	1536	7042.94
1536	1533	7234.59
1536	1534	878.53
1536	1535	7042.94
1536	1537	2915.75
1536	1539	6859.60
1536	1555	14454.83
1536	290	686.05
1536	291	2657.15
1537	1533	3078.32
1537	1536	2915.75
1537	1538	5449.04
1537	1539	726.02
1537	288	5936.79
1537	606	1694.34
1537	607	2699.21
1538	1537	5449.04
1538	1539	15079.20
1538	606	2863.66
1539	1536	6859.60
1539	1537	726.02
1539	1538	15079.20
1539	1540	11846.45
1539	1541	1124.07
1539	1553	8066.33
1539	1554	8264.70
1539	1555	1568.15
1539	606	9937.80
154	1236	1756.06
154	152	8428.37
154	153	11385.68
154	629	8122.76
154	683	5607.49
154	688	4584.99
1540	1539	11846.45
1540	1541	1399.09
1540	1543	6941.50
1540	1551	2726.44
1540	1552	3728.08
1540	1553	3133.84
1540	1567	2538.28
1541	1539	1124.07
1541	1540	1399.09
1541	1542	3841.09
1541	1543	4647.41
1541	605	5343.75
1541	606	8856.90
1542	1541	3841.09
1542	1543	4237.13
1542	1544	5555.40
1542	2135	7979.15
1542	605	7889.47
1543	1540	6941.50
1543	1541	4647.41
1543	1542	4237.13
1543	1544	8209.37
1543	1551	779.52
1543	1567	4904.17
1544	1542	5555.40
1544	1543	8209.37
1544	1545	8834.57
1544	1550	3908.84
1544	1551	1494.58
1544	2135	11045.61
1545	0	4506.70
1545	1544	8834.57
1545	1546	16090.12
1545	1550	6461.24
1545	2135	7088.53
1545	2136	2916.79
1546	0	7584.38
1546	1545	16090.12
1546	1547	11230.26
1546	2136	6380.02
1547	0	7129.03
1547	1546	11230.26
1547	1548	12939.07
1547	2136	3901.69
1547	613	3477.36
1548	0	7730.38
1548	1547	12939.07
1548	1549	14323.80
1548	613	11625.59
1549	0	12229.94
1549	1548	14323.80
1549	613	2501.83
1549	752	13372.30
1549	753	5059.23
1549	754	1242.96
1549	759	5142.06
155	156	707.58
155	157	1417.05
1550	0	4602.62
1550	1544	3908.84
1550	1545	6461.24
1550	1551	5314.69
1550	1552	2098.74
1550	1560	4699.17
1551	1540	2726.44
1551	1543	779.52
1551	1544	1494.58
1551	1550	5314.69
1551	1552	8109.29
1551	1567	2118.79
1552	1540	3728.08
1552	1550	2098.74
1552	1551	8109.29
1552	1553	5056.61
1552	1559	3941.92
1552	1560	8695.71
1553	1539	8066.33
1553	1540	3133.84
1553	1552	5056.61
1553	1554	9086.76
1553	1559	7817.00
1554	1539	8264.70
1554	1553	9086.76
1554	1555	7306.64
1554	1557	5255.44
1554	1558	5892.62
1554	1559	1031.06
1555	1536	14454.83
1555	1539	1568.15
1555	1554	7306.64
1555	1556	21490.54
1555	1557	9509.59
1555	1777	11299.79
1555	291	16331.28
1556	1232	9550.21
1556	1555	21490.54
1556	1557	10804.50
1556	1564	14555.46
1556	1777	16367.07
1556	442	28.54
1556	443	12579.14
1556	509	17035.76
1556	510	4065.26
1557	1554	5255.44
1557	1555	9509.59
1557	1556	10804.50
1557	1558	8733.37
1557	1563	2425.58
1557	1564	6245.61
1558	1554	5892.62
1558	1557	8733.37
1558	1559	8290.65
1558	1562	2843.02
1558	1563	2240.87
1559	0	5297.97
1559	1552	3941.92
1559	1553	7817.00
1559	1554	1031.06
1559	1558	8290.65
1559	1560	11434.98
1559	1561	11971.25
1559	1562	4854.84
156	155	707.58
156	157	806.62
156	159	734.22
1560	0	7855.19
1560	1550	4699.17
1560	1552	8695.71
1560	1559	11434.98
1561	0	9889.67
1561	1559	11971.25
1561	1562	6872.22
1561	1563	9347.13
1561	1566	3416.35
1562	1558	2843.02
1562	1559	4854.84
1562	1561	6872.22
1562	1563	6504.23
1563	1557	2425.58
1563	1558	2240.87
1563	1561	9347.13
1563	1562	6504.23
1563	1564	2791.96
1563	1565	9607.46
1563	1566	7830.09
1564	1556	14555.46
1564	1557	6245.61
1564	1563	2791.96
1564	1565	7004.82
1564	510	3984.71
1564	512	13220.45
1565	1563	9607.46
1565	1564	7004.82
1565	1566	6132.00
1565	512	1557.07
1565	513	3951.58
1565	514	977.71
1566	0	5425.51
1566	1561	3416.35
1566	1563	7830.09
1566	1565	6132.00
1566	514	9742.72
1567	1540	2538.28
1567	1543	4904.17
1567	1551	2118.79
1568	1576	3961.67
1568	1577	1430.79
1569	1100	16134.24
1569	1101	3001.19
1569	1470	2167.00
1569	1475	2191.69
1569	1476	4426.47
1569	1570	2038.32
1569	1572	6738.22
1569	1573	9932.25
157	1214	1818.85
157	1215	7245.85
157	155	1417.05
157	156	806.62
157	158	4794.19
157	159	7065.01
157	161	2960.66
157	2054	5952.81
157	666	649.81
157	667	6258.65
1570	1101	6800.76
1570	1102	454.37
1570	1569	2038.32
1570	1571	17006.82
1570	1572	14265.36
1570	1578	2351.14
1571	1102	10878.85
1571	1109	5335.80
1571	1570	17006.82
1571	1578	9280.00
1571	1579	6195.18
1572	1569	6738.22
1572	1570	14265.36
1572	1573	1656.80
1572	1576	4199.98
1572	1577	3330.98
1572	1578	5969.83
1573	1480	6840.55
1573	1569	9932.25
1573	1572	1656.80
1573	1574	5305.28
1573	1576	6074.66
1574	1480	782.75
1574	1481	2291.76
1574	1482	4008.34
1574	1573	5305.28
1574	1575	6249.62
1574	1576	2537.18
1574	1908	402.14
1575	1574	6249.62
1575	1576	8284.62
1575	1577	2789.96
1575	1908	2421.89
1575	1909	3257.93
1576	1568	3961.67
1576	1572	4199.98
1576	1573	6074.66
1576	1574	2537.18
1576	1575	8284.62
1576	1577	2324.68
1577	1568	1430.79
1577	1572	3330.98
1577	1575	2789.96
1577	1576	2324.68
1577	1578	3658.99
1577	1909	5266.92
1578	1570	2351.14
1578	1571	9280.00
1578	1572	5969.83
1578	1577	3658.99
1578	1579	4220.98
1578	1909	2554.22
1578	1910	7437.60
1578	461	1986.79
1579	1109	3179.63
1579	1110	8990.32
1579	1111	1783.81
1579	1571	6195.18
1579	1578	4220.98
1579	2059	3147.95
1579	461	5604.08
1579	463	10801.75
158	1215	1532.33
158	1216	4878.89
158	157	4794.19
158	159	4707.75
158	332	4981.43
158	334	1598.22
1580	1581	544.76
1580	1582	196.01
1580	1583	420.29
1580	1588	514.78
1580	1592	458.18
1581	1580	544.76
1581	1582	883.09
1581	1587	1273.73
1581	1588	132.90
1582	1580	196.01
1582	1581	883.09
1582	1584	752.78
1582	1587	344.66
1583	1580	420.29
1583	1584	1277.28
1583	1590	854.55
1583	1592	3238.46
1584	1582	752.78
1584	1583	1277.28
1584	1587	42.67
1584	1590	110.26
1584	1591	1280.81
1585	1369	2077.29
1585	1374	4920.61
1585	1375	721.56
1585	1586	3739.58
1585	1588	1721.81
1585	1589	5223.60
1586	1369	749.63
1586	1585	3739.58
1586	1587	947.78
1586	1588	2474.41
1586	185	4603.13
1587	0	4731.87
1587	1581	1273.73
1587	1582	344.66
1587	1584	42.67
1587	1586	947.78
1587	1588	2409.53
1587	1591	1984.68
1587	185	1937.26
1588	1580	514.78
1588	1581	132.90
1588	1585	1721.81
1588	1586	2474.41
1588	1587	2409.53
1588	1589	1792.43
1588	1592	3072.10
1589	1375	7509.55
1589	1585	5223.60
1589	1588	1792.43
1589	1592	6520.11
1589	1593	1760.62
1589	1594	1804.61
159	156	734.22
159	157	7065.01
159	158	4707.75
159	162	1185.08
159	2054	3635.58
159	334	7516.49
1590	1583	854.55
1590	1584	110.26
1590	1591	4391.07
1590	1592	3357.02
1590	1595	3831.28
1591	0	5505.07
1591	1584	1280.81
1591	1587	1984.68
1591	1590	4391.07
1591	1596	3588.86
1592	1580	458.18
1592	1583	3238.46
1592	1588	3072.10
1592	1589	6520.11
1592	1590	3357.02
1592	1594	3696.13
1592	1595	980.81
1593	1294	602.38
1593	1312	2533.13
1593	1340	553.45
1593	1375	1664.41
1593	1589	1760.62
1593	1594	4734.17
1593	1599	2626.22
1594	1589	1804.61
1594	1592	3696.13
1594	1593	4734.17
1594	1595	1774.75
1594	1599	4618.06
1595	1590	3831.28
1595	1592	980.81
1595	1594	1774.75
1595	1596	1050.76
1595	1598	4537.94
1595	1599	25.41
1596	0	2549.58
1596	1591	3588.86
1596	1595	1050.76
1596	1597	1813.89
1596	1598	1367.82
1597	0	2973.98
1597	1596	1813.89
1597	1598	6361.53
1597	1599	2241.10
1597	780	4818.43
1598	1595	4537.94
1598	1596	1367.82
1598	1597	6361.53
1598	1599	665.90
1599	1340	2018.28
1599	1386	1382.58
1599	1387	53.37
1599	1593	2626.22
1599	1594	4618.06
1599	1595	25.41
1599	1597	2241.10
1599	1598	665.90
1599	1600	7732.00
1599	780	3840.98
16	17	8069.28
16	18	2767.94
16	19	2705.51
16	20	1541.61
1600	1387	2894.72
1600	1599	7732.00
1600	1601	3743.96
1600	780	800.96
1600	781	2300.44
1601	1387	496.84
1601	1392	5353.50
1601	1600	3743.96
1601	2140	2757.19
1601	781	1946.97
1602	1173	2592.66
1602	1603	1603.66
1602	1604	405.44
1602	1605	728.60
1602	1608	392.50
1602	1609	963.18
1602	1613	382.13
1602	1614	1459.93
1602	1615	87.01
1602	1616	2254.69
1602	1617	363.85
1602	1930	10827.22
1602	2090	3520.40
1602	924	638.56
1603	1602	1603.66
1603	1604	878.21
1603	1608	305.45
1604	1602	405.44
1604	1603	878.21
1604	1605	972.61
1604	1608	395.18
1605	1602	728.60
1605	1604	972.61
1605	1607	606.09
1605	1608	395.95
1605	1930	5512.47
1607	1605	606.09
1607	1608	145.42
1607	1930	1125.91
1607	1931	210.08
1607	1932	366.51
1607	1933	268.97
1608	1602	392.50
1608	1603	305.45
1608	1604	395.18
1608	1605	395.95
1608	1607	145.42
1608	1609	1083.70
1608	1931	216.62
1608	1937	58.89
1608	1939	38.71
1609	1602	963.18
1609	1608	1083.70
1609	1611	1207.90
1609	1612	765.01
1609	1613	218.85
1609	1939	31.97
161	153	4491.82
161	157	2960.66
161	2054	381.99
161	2055	6315.84
161	667	4464.41
161	668	5606.02
161	683	1259.22
1610	1611	702.42
1610	1618	398.64
1610	1619	501.22
1610	1620	1316.57
1610	1754	389.85
1610	1943	756.32
1610	1953	240.17
1610	1954	51.14
1610	1956	303.49
1610	1957	204.94
1610	1958	161.23
1610	1959	157.63
1611	1609	1207.90
1611	1610	702.42
1611	1612	167.36
1611	1618	405.35
1611	1939	506.82
1611	1945	101.34
1611	1949	147.74
1611	1954	60.26
1612	1609	765.01
1612	1611	167.36
1612	1613	875.58
1612	1618	478.61
1612	1630	287.50
1612	1631	294.74
1612	1632	77.78
1613	1602	382.13
1613	1609	218.85
1613	1612	875.58
1613	1617	574.32
1613	1632	299.20
1614	1602	1459.93
1614	1615	758.50
1614	1617	428.57
1615	1602	87.01
1615	1614	758.50
1615	1616	1789.52
1615	1617	455.42
1615	1634	13.37
1616	1602	2254.69
1616	1615	1789.52
1616	1634	809.27
1616	1635	525.16
1616	1636	1819.81
1616	1637	4319.57
1616	1644	345.53
1616	1645	1074.97
1616	1646	1316.18
1616	1647	444.10
1616	1673	320.26
1616	1674	1126.78
1616	2090	3009.14
1617	1602	363.85
1617	1613	574.32
1617	1614	428.57
1617	1615	455.42
1617	1632	384.57
1617	1633	362.06
1617	1634	843.50
1618	1610	398.64
1618	1611	405.35
1618	1612	478.61
1618	1630	656.56
1619	1610	501.22
1619	1620	553.43
1619	1629	744.06
1619	1630	275.45
162	159	1185.08
162	2054	855.75
162	2055	12533.10
162	334	1983.76
162	683	2910.35
162	684	20007.26
1620	1610	1316.57
1620	1619	553.43
1620	1627	131.24
1620	1628	488.90
1620	1754	299.84
1620	1972	163.55
1621	1626	484.99
1621	1627	148.55
1621	1750	83.12
1621	1972	42.40
1621	1974	333.65
1621	1975	87.92
1622	1623	850.49
1622	1624	594.86
1622	1625	187.55
1622	1750	2072.25
1622	1930	1749.65
1622	1960	25.16
1622	2012	1607.58
1622	2131	521.21
1622	414	3001.07
1623	1622	850.49
1623	1624	426.15
1623	2012	267.27
1623	2014	306.55
1623	2015	443.08
1624	1622	594.86
1624	1623	426.15
1624	1625	678.87
1624	1660	229.32
1624	1661	570.54
1624	2015	119.59
1625	1622	187.55
1625	1624	678.87
1625	1659	806.20
1625	1660	365.52
1625	2131	1436.30
1626	1621	484.99
1626	1627	63.04
1626	1656	87.42
1626	1657	774.68
1626	1750	146.16
1627	1620	131.24
1627	1621	148.55
1627	1626	63.04
1627	1628	216.63
1627	1656	422.13
1627	1972	320.13
1628	1620	488.90
1628	1627	216.63
1628	1629	689.77
1628	1656	264.93
1629	1619	744.06
1629	1628	689.77
1629	1630	196.50
1629	1653	850.72
1629	1654	755.60
1629	1655	412.52
1629	1656	115.21
1629	1663	752.23
163	164	949.98
163	165	962.50
163	166	664.39
163	185	2379.26
1630	1612	287.50
1630	1618	656.56
1630	1619	275.45
1630	1629	196.50
1630	1631	267.50
1630	1653	432.48
1631	1612	294.74
1631	1630	267.50
1631	1632	1173.48
1631	1652	361.89
1631	1653	913.68
1632	1612	77.78
1632	1613	299.20
1632	1617	384.57
1632	1631	1173.48
1632	1633	731.73
1632	1652	282.07
1633	1617	362.06
1633	1632	731.73
1633	1634	799.31
1633	1651	683.03
1633	1652	331.68
1633	1669	190.12
1634	1615	13.37
1634	1616	809.27
1634	1617	843.50
1634	1633	799.31
1634	1635	280.10
1634	1649	167.28
1634	1650	457.22
1634	1651	155.91
1635	1616	525.16
1635	1634	280.10
1635	1636	473.03
1635	1647	68.18
1635	1648	191.27
1635	1649	568.54
1636	1616	1819.81
1636	1635	473.03
1636	1647	559.84
1637	1616	4319.57
1637	1643	86.50
1637	1644	527.56
1637	1749	4396.55
1637	2090	921.20
1638	136	3933.16
1638	1639	1415.02
1638	1640	4650.85
1638	1641	1069.34
1638	1749	2918.11
1638	2089	1275.15
1638	2090	870.81
1639	1638	1415.02
1639	1640	1112.28
164	163	949.98
164	165	541.38
164	168	379.44
164	169	918.82
164	185	3190.63
1640	136	2839.68
1640	1638	4650.85
1640	1639	1112.28
1640	1641	2504.66
1640	1703	813.68
1640	1739	5878.99
1641	1638	1069.34
1641	1640	2504.66
1641	1642	296.87
1641	1643	123.45
1641	1644	123.70
1641	1672	2384.20
1641	1673	404.71
1641	1702	131.31
1641	1703	161.45
1641	1704	945.50
1641	1749	902.21
1642	1641	296.87
1642	1643	261.14
1642	1749	770.76
1643	1637	86.50
1643	1641	123.45
1643	1642	261.14
1643	1644	546.27
1643	1749	203.59
1644	1616	345.53
1644	1637	527.56
1644	1641	123.70
1644	1643	546.27
1644	1645	630.31
1644	1673	426.04
1645	1616	1074.97
1645	1644	630.31
1645	1673	463.09
1646	1616	1316.18
1646	1647	59.35
1646	1648	515.49
1646	1674	1091.51
1647	1616	444.10
1647	1635	68.18
1647	1636	559.84
1647	1646	59.35
1647	1648	714.13
1648	1635	191.27
1648	1646	515.49
1648	1647	714.13
1648	1649	876.36
1648	1676	199.19
1649	1634	167.28
1649	1635	568.54
1649	1648	876.36
1649	1650	800.27
1649	1671	674.79
1649	1676	118.81
165	163	962.50
165	164	541.38
165	166	1166.89
1650	1634	457.22
1650	1649	800.27
1650	1651	671.89
1650	1669	93.27
1651	1633	683.03
1651	1634	155.91
1651	1650	671.89
1651	1669	382.35
1652	1631	361.89
1652	1632	282.07
1652	1633	331.68
1652	1654	100.31
1652	1668	809.92
1653	1629	850.72
1653	1630	432.48
1653	1631	913.68
1653	1654	446.26
1654	1629	755.60
1654	1652	100.31
1654	1653	446.26
1654	1663	67.66
1654	1664	450.79
1654	1665	522.88
1654	1668	462.42
1655	1629	412.52
1655	1656	301.96
1655	1657	344.85
1655	1663	318.87
1656	1626	87.42
1656	1627	422.13
1656	1628	264.93
1656	1629	115.21
1656	1655	301.96
1656	1657	344.85
1657	1626	774.68
1657	1655	344.85
1657	1656	344.85
1657	1662	416.16
1657	1750	619.82
1657	2131	805.47
1657	2132	234.56
1659	1625	806.20
1659	1660	706.89
1659	1685	926.44
1659	1751	1459.05
1659	2023	158.57
1659	2026	1475.91
1659	2030	238.63
1659	2131	634.93
1659	2132	595.38
166	163	664.39
166	165	1166.89
166	167	1166.21
166	168	492.08
166	185	1454.48
1660	1624	229.32
1660	1625	365.52
1660	1659	706.89
1660	1661	344.86
1660	2021	49.11
1660	2023	339.21
1661	1624	570.54
1661	1660	344.86
1661	2015	211.22
1661	2018	349.55
1661	2021	551.41
1662	1657	416.16
1662	1663	2970.60
1662	1666	639.81
1662	1683	86.34
1662	1684	355.54
1662	1752	606.98
1662	2132	1152.16
1663	1629	752.23
1663	1654	67.66
1663	1655	318.87
1663	1662	2970.60
1663	1664	516.72
1663	1666	610.45
1664	1654	450.79
1664	1663	516.72
1664	1665	789.60
1664	1666	407.64
1664	1681	68.41
1664	1682	298.45
1664	1690	176.37
1665	1654	522.88
1665	1664	789.60
1665	1667	453.89
1665	1668	198.87
1665	1681	376.39
1666	1662	639.81
1666	1663	610.45
1666	1664	407.64
1666	1682	240.27
1666	1683	537.58
1667	1665	453.89
1667	1668	182.87
1667	1680	425.36
1667	1681	183.84
1668	1652	809.92
1668	1654	462.42
1668	1665	198.87
1668	1667	182.87
1668	1669	194.97
1668	1670	233.88
1668	1680	279.89
1669	1633	190.12
1669	1650	93.27
1669	1651	382.35
1669	1668	194.97
1669	1670	654.43
1669	1671	215.93
167	166	1166.21
167	168	824.51
167	185	1691.21
1670	1668	233.88
1670	1669	654.43
1670	1671	193.08
1670	1677	186.64
1670	1679	365.44
1670	1680	94.34
1671	1649	674.79
1671	1669	215.93
1671	1670	193.08
1671	1677	283.46
1672	1641	2384.20
1672	1673	403.18
1672	1701	583.94
1672	1702	989.87
1673	1616	320.26
1673	1641	404.71
1673	1644	426.04
1673	1645	463.09
1673	1672	403.18
1673	1674	150.32
1673	1675	650.45
1673	1700	989.61
1673	1701	534.38
1673	1706	984.60
1673	1736	1140.51
1674	1616	1126.78
1674	1646	1091.51
1674	1673	150.32
1674	1675	2228.97
1674	1676	109.30
1675	1673	650.45
1675	1674	2228.97
1675	1676	669.96
1675	1698	382.97
1675	1699	582.90
1675	1700	630.96
1676	1648	199.19
1676	1649	118.81
1676	1674	109.30
1676	1675	669.96
1676	1677	219.68
1676	1678	300.81
1676	1698	275.50
1677	1670	186.64
1677	1671	283.46
1677	1676	219.68
1677	1678	467.81
1677	1679	221.41
1678	1676	300.81
1678	1677	467.81
1678	1679	175.90
1678	1695	109.02
1678	1696	475.64
1679	1670	365.44
1679	1677	221.41
1679	1678	175.90
1679	1680	395.12
1679	1695	359.47
168	164	379.44
168	166	492.08
168	167	824.51
168	169	994.64
168	185	864.63
1680	1667	425.36
1680	1668	279.89
1680	1670	94.34
1680	1679	395.12
1680	1681	278.55
1680	1694	358.91
1680	1695	294.10
1681	1664	68.41
1681	1665	376.39
1681	1667	183.84
1681	1680	278.55
1681	1690	192.85
1681	1691	554.13
1682	1664	298.45
1682	1666	240.27
1682	1683	362.16
1682	1689	535.97
1682	1690	365.57
1683	1662	86.34
1683	1666	537.58
1683	1682	362.16
1683	1684	538.73
1683	1686	220.42
1683	1687	334.58
1683	1688	396.14
1683	1752	1023.72
1684	1662	355.54
1684	1683	538.73
1684	1685	533.42
1684	1686	258.08
1685	1659	926.44
1685	1684	533.42
1685	1686	1092.71
1685	1751	427.65
1685	2132	1113.25
1686	1683	220.42
1686	1684	258.08
1686	1685	1092.71
1686	1687	201.38
1686	1716	613.25
1686	1751	502.78
1687	1683	334.58
1687	1686	201.38
1687	1688	203.62
1687	1714	333.05
1688	1683	396.14
1688	1687	203.62
1688	1689	115.86
1688	1714	455.24
1689	1682	535.97
1689	1688	115.86
1689	1690	545.15
1689	1712	431.82
1689	1714	238.45
169	164	918.82
169	168	994.64
169	185	1330.01
1690	1664	176.37
1690	1681	192.85
1690	1682	365.57
1690	1689	545.15
1690	1691	299.29
1690	1692	393.43
1690	1712	568.46
1690	1720	520.43
1691	1681	554.13
1691	1690	299.29
1691	1692	277.49
1691	1693	208.41
1691	1694	273.96
1692	1690	393.43
1692	1691	277.49
1692	1693	511.53
1692	1720	115.32
1692	1721	237.03
1693	1691	208.41
1693	1692	511.53
1693	1694	459.93
1693	1722	235.51
1694	1680	358.91
1694	1691	273.96
1694	1693	459.93
1694	1695	277.65
1694	1711	460.52
1694	1722	174.94
1695	1678	109.02
1695	1679	359.47
1695	1680	294.10
1695	1694	277.65
1695	1696	302.49
1695	1697	90.97
1695	1709	88.59
1695	1710	178.65
1695	1711	181.44
1696	1678	475.64
1696	1695	302.49
1696	1697	566.26
1696	1698	217.43
1697	1695	90.97
1697	1696	566.26
1697	1698	187.18
1697	1709	476.42
1698	1675	382.97
1698	1676	275.50
1698	1696	217.43
1698	1697	187.18
1698	1699	382.93
1698	1707	673.96
1698	1709	185.61
1699	1675	582.90
1699	1698	382.93
1699	1700	514.70
1699	1707	745.88
17	14	14963.23
17	16	8069.28
17	19	3094.93
17	20	10379.60
17	422	4486.43
17	423	3612.68
17	428	8346.13
17	432	7476.26
170	0	7848.44
170	1346	3482.83
170	1347	4377.45
170	171	5562.29
170	172	3640.07
1700	1673	989.61
1700	1675	630.96
1700	1699	514.70
1700	1707	1261.83
1700	1735	1509.82
1700	1736	174.29
1701	1672	583.94
1701	1673	534.38
1701	1702	633.93
1701	1704	580.39
1702	1641	131.31
1702	1672	989.87
1702	1701	633.93
1702	1704	404.95
1703	1640	813.68
1703	1641	161.45
1703	1704	527.53
1703	1738	451.01
1703	1739	1317.99
1703	1753	350.20
1704	1641	945.50
1704	1701	580.39
1704	1702	404.95
1704	1703	527.53
1704	1705	442.28
1704	1706	143.93
1704	1737	784.25
1704	1753	774.80
1705	1704	442.28
1705	1706	175.54
1705	1736	614.14
1705	1737	1074.95
1706	1673	984.60
1706	1704	143.93
1706	1705	175.54
1706	1736	1925.59
1707	1698	673.96
1707	1699	745.88
1707	1700	1261.83
1707	1708	710.04
1707	1709	84.84
1707	1735	64.91
1708	1707	710.04
1708	1709	654.65
1708	1710	90.19
1708	1724	968.18
1708	1734	476.11
1708	1735	265.23
1709	1695	88.59
1709	1697	476.42
1709	1698	185.61
1709	1707	84.84
1709	1708	654.65
1709	1710	178.50
171	1347	2176.14
171	1354	4839.69
171	170	5562.29
171	172	3788.75
171	174	1818.00
171	175	4695.97
171	177	2884.18
1710	1695	178.65
1710	1708	90.19
1710	1709	178.50
1710	1711	360.72
1710	1723	181.62
1710	1724	87.20
1711	1694	460.52
1711	1695	181.44
1711	1710	360.72
1711	1723	274.59
1712	1689	431.82
1712	1690	568.46
1712	1713	130.92
1712	1714	267.41
1712	1715	242.82
1712	1719	362.01
1712	1720	340.22
1713	1712	130.92
1713	1714	695.24
1713	1715	465.66
1714	1687	333.05
1714	1688	455.24
1714	1689	238.45
1714	1712	267.41
1714	1713	695.24
1714	1715	273.49
1714	1716	100.11
1715	1712	242.82
1715	1713	465.66
1715	1714	273.49
1715	1716	264.05
1715	1718	420.75
1715	1719	209.49
1715	1729	250.26
1716	1686	613.25
1716	1714	100.11
1716	1715	264.05
1716	1729	522.94
1716	1751	274.31
1717	1718	710.92
1717	1729	1225.61
1717	1742	395.65
1718	1715	420.75
1718	1717	710.92
1718	1719	526.08
1718	1730	193.56
1718	1742	55.20
1719	1712	362.01
1719	1715	209.49
1719	1718	526.08
1719	1720	731.75
1719	1730	285.66
172	0	1650.54
172	170	3640.07
172	171	3788.75
172	173	7952.78
172	174	767.63
172	1779	6482.62
172	1782	1776.33
1720	1690	520.43
1720	1692	115.32
1720	1712	340.22
1720	1719	731.75
1720	1721	871.99
1720	1727	54.90
1720	1728	906.25
1721	1692	237.03
1721	1720	871.99
1721	1722	564.26
1721	1727	565.87
1722	1693	235.51
1722	1694	174.94
1722	1721	564.26
1722	1723	296.47
1722	1726	552.61
1722	1727	309.88
1723	1710	181.62
1723	1711	274.59
1723	1722	296.47
1723	1724	294.20
1723	1725	270.63
1723	1726	186.34
1724	1708	968.18
1724	1710	87.20
1724	1723	294.20
1724	1725	411.10
1724	1734	176.61
1725	1723	270.63
1725	1724	411.10
1725	1726	323.27
1725	1733	161.58
1725	2118	531.49
1726	1722	552.61
1726	1723	186.34
1726	1725	323.27
1726	1727	71.03
1726	1733	360.78
1727	1720	54.90
1727	1721	565.87
1727	1722	309.88
1727	1726	71.03
1727	1728	211.94
1727	1732	155.12
1727	1733	414.70
1727	2116	807.11
1728	1720	906.25
1728	1727	211.94
1728	1730	181.41
1728	2116	493.68
1729	1715	250.26
1729	1716	522.94
1729	1717	1225.61
1729	1742	1800.73
1729	1743	1621.20
1729	1751	717.56
173	172	7952.78
173	174	5957.53
173	1782	784.50
173	179	588.79
173	180	9689.08
1730	1718	193.56
1730	1719	285.66
1730	1728	181.41
1730	1742	1123.80
1730	2116	691.88
1732	1727	155.12
1732	1733	369.42
1732	1741	395.25
1732	2116	242.59
1732	2119	1720.51
1733	1725	161.58
1733	1726	360.78
1733	1727	414.70
1733	1732	369.42
1733	1741	688.32
1733	2118	82.45
1734	1708	476.11
1734	1724	176.61
1734	1735	854.95
1734	2118	372.98
1734	2119	880.71
1735	1700	1509.82
1735	1707	64.91
1735	1708	265.23
1735	1734	854.95
1735	1736	3031.40
1735	1747	1767.69
1735	2119	703.59
1736	1673	1140.51
1736	1700	174.29
1736	1705	614.14
1736	1706	1925.59
1736	1735	3031.40
1736	1737	4007.71
1736	1747	3025.16
1736	1748	1372.14
1737	1704	784.25
1737	1705	1074.95
1737	1736	4007.71
1737	1738	575.68
1737	1739	1567.25
1737	1748	11281.91
1737	1753	4785.36
1738	1703	451.01
1738	1737	575.68
1738	1739	807.17
1738	1753	813.97
1739	136	1879.31
1739	1640	5878.99
1739	1703	1317.99
1739	1737	1567.25
1739	1738	807.17
1739	1748	4636.29
1739	904	5508.11
174	171	1818.00
174	172	767.63
174	173	5957.53
174	175	2073.54
174	176	2673.90
174	179	1493.12
1741	1732	395.25
1741	1733	688.32
1741	2118	555.16
1741	2119	985.32
1742	1241	3609.77
1742	1717	395.65
1742	1718	55.20
1742	1729	1800.73
1742	1730	1123.80
1742	1743	5469.20
1742	1747	4330.01
1742	2043	1855.64
1742	2108	7716.40
1742	2117	890.72
1742	405	463.18
1742	420	4196.53
1743	1729	1621.20
1743	1742	5469.20
1743	1751	1304.65
1743	2040	730.78
1743	2041	295.36
1743	2043	799.23
1743	2044	150.59
1743	2045	352.23
1743	2046	666.69
1745	1746	2080.31
1745	1747	3533.84
1746	1745	2080.31
1746	1747	4498.54
1747	1241	5776.60
1747	1246	5249.31
1747	1735	1767.69
1747	1736	3025.16
1747	1742	4330.01
1747	1745	3533.84
1747	1746	4498.54
1747	1748	9362.51
1747	2117	935.99
1747	2119	2601.50
1748	1243	13210.40
1748	1246	5298.22
1748	1736	1372.14
1748	1737	11281.91
1748	1739	4636.29
1748	1747	9362.51
1748	904	3696.77
1748	905	1142.68
1748	906	6258.35
1749	1637	4396.55
1749	1638	2918.11
1749	1641	902.21
1749	1642	770.76
1749	1643	203.59
1749	2090	2671.79
175	171	4695.97
175	174	2073.54
175	176	2222.79
175	177	2570.38
1750	1621	83.12
1750	1622	2072.25
1750	1626	146.16
1750	1657	619.82
1750	1960	223.67
1750	1966	159.89
1750	1968	265.01
1750	1970	19.39
1750	1971	632.08
1750	1974	445.95
1750	2131	431.29
1751	1659	1459.05
1751	1685	427.65
1751	1686	502.78
1751	1716	274.31
1751	1729	717.56
1751	1743	1304.65
1751	2030	149.18
1751	2032	399.72
1751	2040	484.89
1752	1662	606.98
1752	1683	1023.72
1753	1703	350.20
1753	1704	774.80
1753	1737	4785.36
1753	1738	813.97
1754	1610	389.85
1754	1620	299.84
1754	1957	213.35
1754	1964	162.58
1754	1969	335.89
1754	1972	446.97
1755	1762	2765.52
1755	1763	1849.71
1755	1764	503.82
1756	1757	3124.25
1756	1758	8481.90
1756	592	2537.66
1756	593	5436.01
1756	594	1968.33
1756	808	4970.85
1757	1756	3124.25
1757	1758	4434.12
1757	1760	2848.89
1757	808	3498.98
1757	809	4234.75
1758	1756	8481.90
1758	1757	4434.12
1758	1760	5457.07
1758	1761	1500.55
1758	594	3437.39
1759	1344	6386.93
1759	1760	7663.70
1759	1762	3977.18
1759	809	2005.60
176	174	2673.90
176	175	2222.79
176	177	3107.66
176	178	5228.09
176	179	2598.69
1760	1757	2848.89
1760	1758	5457.07
1760	1759	7663.70
1760	1761	4351.63
1760	1762	1537.89
1760	809	591.84
1761	1758	1500.55
1761	1760	4351.63
1761	1762	4307.66
1761	1763	4282.70
1761	594	4649.25
1762	1344	420.16
1762	1350	2317.39
1762	1351	4374.51
1762	1755	2765.52
1762	1759	3977.18
1762	1760	1537.89
1762	1761	4307.66
1762	1763	149.12
1762	1764	872.63
1762	1766	6041.79
1763	1755	1849.71
1763	1761	4282.70
1763	1762	149.12
1763	1764	4191.29
1763	578	983.83
1763	579	300.58
1763	594	1067.16
1764	1755	503.82
1764	1762	872.63
1764	1763	4191.29
1764	1765	3394.21
1764	1766	2620.49
1764	579	237.32
1764	584	376.87
1764	585	107.02
1764	586	401.18
1764	590	1330.45
1765	1764	3394.21
1765	1766	1482.07
1765	1769	631.81
1765	1770	4980.73
1765	590	2889.74
1766	1351	1924.37
1766	1762	6041.79
1766	1764	2620.49
1766	1765	1482.07
1766	1767	3154.76
1766	1768	6739.59
1766	1769	469.80
1767	1351	6380.53
1767	1357	1013.39
1767	1766	3154.76
1767	1768	1175.55
1767	545	5100.54
1768	1766	6739.59
1768	1767	1175.55
1768	1769	8065.93
1768	545	6956.46
1769	1765	631.81
1769	1766	469.80
1769	1768	8065.93
1769	1770	9011.18
1769	545	3502.10
1769	546	7347.64
177	1354	510.60
177	171	2884.18
177	175	2570.38
177	176	3107.66
177	178	1264.20
1770	1765	4980.73
1770	1769	9011.18
1770	546	828.28
1770	547	2703.17
1770	590	3709.84
1770	595	4054.70
1771	1772	4136.43
1771	1773	12148.17
1771	1774	8424.56
1771	1776	15269.94
1771	260	4948.13
1772	1771	4136.43
1772	1773	1029.78
1773	1771	12148.17
1773	1772	1029.78
1773	260	6380.27
1773	289	4466.47
1773	290	5070.45
1773	291	6859.25
1774	1229	7265.70
1774	1771	8424.56
1774	1776	2652.19
1774	260	4440.62
1774	275	9326.52
1774	276	4389.82
1775	1229	1943.35
1775	1776	4558.22
1776	1229	5832.60
1776	1231	8019.58
1776	1232	14008.86
1776	1771	15269.94
1776	1774	2652.19
1776	1775	4558.22
1776	1777	13885.54
1776	291	5525.83
1777	1232	24701.48
1777	1555	11299.79
1777	1556	16367.07
1777	1776	13885.54
1777	291	17715.53
1778	0	6629.91
1778	1779	2290.60
1778	1780	3376.61
1778	1783	3004.44
1779	0	9231.62
1779	172	6482.62
1779	1778	2290.60
1779	1780	4401.63
1779	1782	3106.32
178	1355	3386.30
178	1360	3354.68
178	1367	378.62
178	176	5228.09
178	177	1264.20
178	179	3566.78
178	184	5702.36
1780	1778	3376.61
1780	1779	4401.63
1780	1782	4368.83
1780	1783	2027.11
1781	1782	2949.99
1781	1783	2566.23
1781	180	3161.09
1781	181	1612.48
1782	172	1776.33
1782	173	784.50
1782	1779	3106.32
1782	1780	4368.83
1782	1781	2949.99
1782	1783	3535.51
1783	0	5846.72
1783	1778	3004.44
1783	1780	2027.11
1783	1781	2566.23
1783	1782	3535.51
1783	1784	3630.09
1783	1785	2610.34
1783	181	1347.76
1783	185	948.76
1784	1783	3630.09
1784	1785	1353.64
1785	1783	2610.34
1785	1784	1353.64
1786	1787	447.51
1786	1792	602.37
1786	1798	437.86
1786	1810	983.28
1787	1786	447.51
1787	1788	483.67
1787	1792	351.29
1787	1798	452.72
1788	1787	483.67
1788	1789	646.05
1788	1790	452.30
1788	1791	273.02
1788	1798	578.01
1789	1788	646.05
1789	1790	495.74
1789	1798	1302.73
179	173	588.79
179	174	1493.12
179	176	2598.69
179	178	3566.78
179	180	3244.67
179	183	1628.91
179	184	651.81
1790	1788	452.30
1790	1789	495.74
1790	1791	418.07
1790	1798	551.56
1790	1804	602.20
1791	1788	273.02
1791	1790	418.07
1791	1792	598.96
1791	1804	712.50
1791	1810	96.61
1792	1786	602.37
1792	1787	351.29
1792	1791	598.96
1792	1810	710.57
1793	1530	15141.78
1793	1807	6054.90
1793	1810	5362.30
1793	2114	3084.47
1793	814	10349.24
1794	1463	9061.20
1794	1795	3362.99
1794	2114	3291.41
1794	814	8843.38
1795	1457	1340.58
1795	1463	6096.20
1795	1794	3362.99
1795	1796	26585.39
1795	1798	2344.51
1795	1810	13659.67
1795	71	5124.36
1795	814	7012.54
1796	1071	2844.86
1796	1079	14798.03
1796	1795	26585.39
1796	1797	7090.68
1796	1798	19691.98
1796	71	4737.75
1797	1071	9723.02
1797	1796	7090.68
1797	70	7561.81
1797	71	6864.94
1798	1079	7441.78
1798	1081	4248.44
1798	1786	437.86
1798	1787	452.72
1798	1788	578.01
1798	1789	1302.73
1798	1790	551.56
1798	1795	2344.51
1798	1796	19691.98
1798	1799	5386.53
1798	1802	8464.85
1798	1803	11619.67
1798	1804	1893.47
1798	1810	1835.03
1799	1081	7196.09
1799	1228	10064.82
1799	1230	1796.70
1799	1798	5386.53
1799	1800	5117.84
1799	1802	1522.64
1799	1809	705.20
18	16	2767.94
18	19	11043.94
18	20	9044.18
180	173	9689.08
180	1781	3161.09
180	179	3244.67
180	181	1346.96
180	182	3131.98
180	183	731.90
180	185	3609.12
1800	1799	5117.84
1800	1801	919.85
1800	1802	3854.81
1800	1809	1201.21
1801	1800	919.85
1801	1802	2052.90
1802	1798	8464.85
1802	1799	1522.64
1802	1800	3854.81
1802	1801	2052.90
1802	1803	10478.78
1802	1809	4663.70
1803	1798	11619.67
1803	1802	10478.78
1803	1804	4033.70
1803	1808	26336.28
1803	1809	9857.46
1803	1810	4982.86
1803	1811	1870.80
1804	1790	602.20
1804	1791	712.50
1804	1798	1893.47
1804	1803	4033.70
1804	1810	976.29
1805	1810	5228.01
1805	1811	11127.68
1806	1807	2357.57
1806	1808	195.85
1806	1810	3041.69
1807	15	4796.93
1807	1530	2475.20
1807	1793	6054.90
1807	1806	2357.57
1807	1808	15313.67
1807	1810	721.31
1807	19	5796.12
1807	432	1144.19
1808	1231	245.14
1808	1232	13106.40
1808	1803	26336.28
1808	1806	195.85
1808	1807	15313.67
1808	1809	15654.55
1808	1810	2826.84
1808	1811	26619.91
1808	293	4916.27
1808	294	3454.58
1808	297	35946.56
1808	305	15314.54
1808	306	2494.22
1808	432	8546.44
1809	1230	3252.34
1809	1231	10198.92
1809	1799	705.20
1809	1800	1201.21
1809	1802	4663.70
1809	1803	9857.46
1809	1808	15654.55
181	1781	1612.48
181	1783	1347.76
181	180	1346.96
181	182	1810.66
181	185	3383.01
1810	1786	983.28
1810	1791	96.61
1810	1792	710.57
1810	1793	5362.30
1810	1795	13659.67
1810	1798	1835.03
1810	1803	4982.86
1810	1804	976.29
1810	1805	5228.01
1810	1806	3041.69
1810	1807	721.31
1810	1808	2826.84
1810	1811	7222.41
1810	814	6307.20
1811	1803	1870.80
1811	1805	11127.68
1811	1808	26619.91
1811	1810	7222.41
1812	1813	5993.65
1812	1814	5301.41
1812	1818	1661.34
1812	1819	7511.83
1812	500	7516.64
1813	1812	5993.65
1813	1815	9506.22
1813	1818	8816.82
1813	592	8330.48
1813	593	1478.88
1814	1812	5301.41
1814	1815	7266.94
1814	1820	3288.76
1814	1821	2775.81
1814	1822	7239.43
1814	1823	2632.42
1814	1824	2513.02
1814	500	4355.76
1815	1813	9506.22
1815	1814	7266.94
1815	1823	4536.90
1815	593	2529.71
1816	1817	7036.60
1816	1819	2990.52
1816	497	3504.07
1816	498	2833.02
1816	500	5763.42
1817	1816	7036.60
1817	1818	3875.43
1817	1819	4601.06
1817	495	2104.55
1817	498	3817.72
1817	499	8024.19
1818	1812	1661.34
1818	1813	8816.82
1818	1817	3875.43
1818	1819	3861.20
1818	499	2889.36
1818	591	4390.27
1818	592	6418.28
1819	1812	7511.83
1819	1816	2990.52
1819	1817	4601.06
1819	1818	3861.20
1819	500	2159.17
182	180	3131.98
182	181	1810.66
182	185	1670.82
1820	1814	3288.76
1820	1821	6648.36
1820	1826	4140.19
1820	1827	1892.23
1820	30	3894.48
1820	34	2665.77
1820	500	311.95
1821	1814	2775.81
1821	1820	6648.36
1821	1822	4301.67
1821	1825	3343.14
1821	1826	1212.64
1822	1814	7239.43
1822	1821	4301.67
1822	1824	4977.69
1822	1825	7674.91
1822	600	820.34
1823	1814	2632.42
1823	1815	4536.90
1823	1824	5354.03
1823	581	7386.45
1824	1814	2513.02
1824	1822	4977.69
1824	1823	5354.03
1824	581	879.20
1824	587	918.60
1824	596	1928.86
1824	600	5563.11
1825	1821	3343.14
1825	1822	7674.91
1825	1826	17310.33
1825	600	10463.93
1826	1820	4140.19
1826	1821	1212.64
1826	1825	17310.33
1826	1827	20352.79
1826	599	7045.97
1827	0	4461.35
1827	1820	1892.23
1827	1826	20352.79
1827	32	8801.40
1827	33	1148.39
1827	34	10091.75
1827	601	12325.73
1828	1829	3133.63
1828	1830	379.18
1828	1831	9042.71
1828	1851	813.48
1828	1852	2882.63
1828	1866	1386.03
1828	1897	13774.87
1829	1828	3133.63
1829	1830	9920.53
1829	1866	5777.01
183	179	1628.91
183	180	731.90
183	184	2026.79
183	185	757.37
1830	1828	379.18
1830	1829	9920.53
1830	1831	2916.71
1830	1843	8713.51
1830	1851	8853.23
1830	1866	1460.57
1831	1828	9042.71
1831	1830	2916.71
1831	1851	9237.30
1832	1833	1758.31
1832	1834	5795.28
1832	1835	13162.42
1832	1876	3750.26
1832	1888	7409.90
1832	432	11314.44
1833	1832	1758.31
1833	1834	4031.19
1834	1832	5795.28
1834	1833	4031.19
1834	1835	11228.33
1834	1837	16820.26
1834	297	4749.72
1834	432	17784.42
1835	1832	13162.42
1835	1834	11228.33
1835	1836	5330.00
1835	1837	10207.04
1835	1888	10999.04
1836	1835	5330.00
1836	1837	22752.01
1836	1838	16151.28
1836	1840	6420.85
1836	1841	11250.87
1836	1842	7042.94
1836	1888	5841.26
1837	1834	16820.26
1837	1835	10207.04
1837	1836	22752.01
1837	1838	33479.50
1837	297	18123.15
1838	1836	16151.28
1838	1837	33479.50
1838	1839	28875.04
1838	1840	1327.97
1838	2133	2133.62
1838	2134	1435.51
1838	297	65845.21
1839	1838	28875.04
1839	1846	8783.27
1839	2134	3344.53
1839	297	3703.25
1839	298	7801.60
1839	300	17082.90
184	1367	2276.40
184	1369	2430.88
184	178	5702.36
184	179	651.81
184	183	2026.79
184	185	618.81
1840	1836	6420.85
1840	1838	1327.97
1840	1841	3286.23
1840	1844	9300.13
1840	1847	2668.83
1840	2133	4727.67
1840	2134	7205.83
1841	1836	11250.87
1841	1840	3286.23
1841	1842	4930.44
1841	1843	8624.32
1841	1844	5151.88
1842	1836	7042.94
1842	1841	4930.44
1842	1843	3737.54
1842	1858	8724.63
1842	1866	6862.58
1842	1888	7916.27
1843	1830	8713.51
1843	1841	8624.32
1843	1842	3737.54
1843	1844	2201.49
1843	1848	2039.51
1843	1849	457.69
1843	1850	6553.83
1843	1866	8400.68
1844	1840	9300.13
1844	1841	5151.88
1844	1843	2201.49
1844	1847	4981.21
1844	1848	3008.77
1846	1839	8783.27
1846	1847	22616.06
1846	1854	14231.74
1846	2134	7658.58
1846	300	7798.51
1846	313	14798.31
1846	314	4551.16
1847	1840	2668.83
1847	1844	4981.21
1847	1846	22616.06
1847	1848	11056.13
1847	1850	5413.32
1847	1851	12329.82
1847	1853	9539.78
1847	1854	13584.49
1847	1855	10164.93
1847	2134	8346.15
1848	1843	2039.51
1848	1844	3008.77
1848	1847	11056.13
1848	1849	1245.30
1848	1850	2772.98
1849	1843	457.69
1849	1848	1245.30
1849	1850	1469.03
185	0	4878.82
185	1369	3684.52
185	1370	444.03
185	1586	4603.13
185	1587	1937.26
185	163	2379.26
185	164	3190.63
185	166	1454.48
185	167	1691.21
185	168	864.63
185	169	1330.01
185	1783	948.76
185	180	3609.12
185	181	3383.01
185	182	1670.82
185	183	757.37
185	184	618.81
1850	1843	6553.83
1850	1847	5413.32
1850	1848	2772.98
1850	1849	1469.03
1850	1851	2233.28
1851	1828	813.48
1851	1830	8853.23
1851	1831	9237.30
1851	1847	12329.82
1851	1850	2233.28
1851	1852	11480.74
1851	1853	13012.65
1852	1505	11319.64
1852	1514	16607.11
1852	1519	18863.88
1852	1522	4129.31
1852	1828	2882.63
1852	1851	11480.74
1852	1853	19378.68
1852	1855	21247.89
1852	1863	5955.31
1852	1895	9519.00
1852	1896	25079.15
1852	1897	4027.78
1853	1847	9539.78
1853	1851	13012.65
1853	1852	19378.68
1853	1855	15933.09
1854	1011	12706.81
1854	1015	3900.36
1854	1017	10816.05
1854	1846	14231.74
1854	1847	13584.49
1854	1855	37040.46
1854	314	19344.42
1855	1015	6970.26
1855	1522	8414.54
1855	1523	12073.76
1855	1847	10164.93
1855	1852	21247.89
1855	1853	15933.09
1855	1854	37040.46
1856	1857	2353.06
1856	1858	5246.14
1856	1861	430.51
1856	1862	161.08
1856	1863	11943.81
1856	1887	3954.51
1856	1891	9934.78
1856	1896	2865.74
1857	1856	2353.06
1857	1858	444.65
1857	1860	568.55
1857	1861	359.24
1858	1842	8724.63
1858	1856	5246.14
1858	1857	444.65
1858	1859	2012.49
1858	1860	406.30
1858	1866	3653.10
1858	1887	12318.51
1858	1888	41.86
1858	1889	1405.84
1859	1858	2012.49
1859	1860	567.89
1859	1866	3067.19
186	187	4088.90
186	191	906.87
186	192	5035.67
186	194	6974.37
186	195	24033.66
186	196	13907.64
186	956	408.13
186	957	25058.14
1860	1857	568.55
1860	1858	406.30
1860	1859	567.89
1860	1865	396.48
1861	1856	430.51
1861	1857	359.24
1861	1862	561.00
1861	1865	374.27
1862	1856	161.08
1862	1861	561.00
1862	1863	348.02
1862	1864	402.43
1862	1865	281.75
1863	1852	5955.31
1863	1856	11943.81
1863	1862	348.02
1863	1864	379.95
1863	1869	465.73
1863	1870	384.59
1863	1871	1402.29
1863	1896	12094.31
1863	1897	10061.21
1864	1862	402.43
1864	1863	379.95
1864	1868	377.28
1864	1869	399.02
1865	1860	396.48
1865	1861	374.27
1865	1862	281.75
1865	1866	667.22
1865	1868	384.65
1866	1828	1386.03
1866	1829	5777.01
1866	1830	1460.57
1866	1842	6862.58
1866	1843	8400.68
1866	1858	3653.10
1866	1859	3067.19
1866	1865	667.22
1866	1867	2670.72
1866	1871	791.39
1866	1897	792.33
1867	1866	2670.72
1867	1868	746.33
1867	1871	1168.14
1868	1864	377.28
1868	1865	384.65
1868	1867	746.33
1868	1869	370.34
1868	1871	374.42
1869	1863	465.73
1869	1864	399.02
1869	1868	370.34
1869	1870	395.14
1869	1871	93.31
187	186	4088.90
187	195	181.35
1870	1863	384.59
1870	1869	395.14
1870	1871	683.32
1871	1863	1402.29
1871	1866	791.39
1871	1867	1168.14
1871	1868	374.42
1871	1869	93.31
1871	1870	683.32
1871	1897	820.68
1872	1873	6811.11
1872	1879	4693.80
1872	1881	8807.63
1872	912	8927.09
1873	1872	6811.11
1873	1874	6032.75
1873	1878	9269.64
1873	1881	4990.97
1873	1900	1780.22
1873	910	4754.18
1873	912	5090.13
1874	1243	16571.99
1874	1873	6032.75
1874	1875	7531.84
1874	1876	5898.55
1874	1900	21057.25
1874	909	4650.30
1874	910	14269.13
1875	1243	7701.34
1875	1245	3866.61
1875	1874	7531.84
1875	1876	13389.74
1875	1901	4609.69
1875	430	9525.70
1876	1832	3750.26
1876	1874	5898.55
1876	1875	13389.74
1876	1887	7701.73
1876	1888	16855.61
1876	1891	1220.61
1876	1900	21722.15
1876	1901	16160.32
1876	430	3093.03
1876	432	10781.17
1877	1885	1519.95
1877	1886	2335.76
1877	1891	521.46
1877	1900	803.16
1878	1873	9269.64
1878	1881	1176.86
1878	1883	2606.87
1878	1884	9563.09
1878	1900	1211.24
1879	1872	4693.80
1879	1881	1501.12
188	0	26400.68
188	189	16180.51
188	192	8263.56
188	193	11104.25
1880	1881	6484.74
1880	1894	20133.41
1880	1899	7656.65
1880	654	1770.12
1880	656	19415.37
1880	661	11212.62
1881	1872	8807.63
1881	1873	4990.97
1881	1878	1176.86
1881	1879	1501.12
1881	1880	6484.74
1881	1882	4254.46
1881	1883	6074.97
1881	1899	6287.72
1881	656	6091.63
1882	1881	4254.46
1883	1878	2606.87
1883	1881	6074.97
1883	1884	2623.65
1883	1892	5675.50
1883	1893	9675.82
1883	1894	19632.94
1883	1895	4614.85
1883	1896	28622.98
1883	1899	13857.29
1884	1878	9563.09
1884	1883	2623.65
1884	1891	4053.87
1884	1892	2347.61
1884	1900	4301.97
1885	1877	1519.95
1885	1891	486.99
1885	1900	2342.66
1886	1877	2335.76
1886	1891	1013.35
1886	1900	3251.20
1887	1856	3954.51
1887	1858	12318.51
1887	1876	7701.73
1887	1888	10920.65
1887	1889	2941.55
1887	1890	5105.38
1887	1891	15239.95
1888	1832	7409.90
1888	1835	10999.04
1888	1836	5841.26
1888	1842	7916.27
1888	1858	41.86
1888	1876	16855.61
1888	1887	10920.65
1888	1889	2584.29
1888	1898	8331.01
1889	1858	1405.84
1889	1887	2941.55
1889	1888	2584.29
1889	1898	2894.68
189	0	22159.49
189	188	16180.51
189	190	5821.43
189	191	3426.38
189	192	668.78
189	955	6593.18
1890	1887	5105.38
1891	1856	9934.78
1891	1876	1220.61
1891	1877	521.46
1891	1884	4053.87
1891	1885	486.99
1891	1886	1013.35
1891	1887	15239.95
1891	1892	10288.33
1891	1896	1911.13
1891	1900	21844.69
1892	1883	5675.50
1892	1884	2347.61
1892	1891	10288.33
1892	1893	7988.40
1892	1896	13125.90
1893	1883	9675.82
1893	1892	7988.40
1893	1896	3247.51
1894	1880	20133.41
1894	1883	19632.94
1894	1895	15298.73
1894	1899	4535.18
1894	661	2703.99
1895	102	6951.30
1895	1504	7232.14
1895	1505	10020.71
1895	1852	9519.00
1895	1883	4614.85
1895	1894	15298.73
1895	1896	7598.22
1895	661	10302.62
1896	1852	25079.15
1896	1856	2865.74
1896	1863	12094.31
1896	1883	28622.98
1896	1891	1911.13
1896	1892	13125.90
1896	1893	3247.51
1896	1895	7598.22
1897	1828	13774.87
1897	1852	4027.78
1897	1863	10061.21
1897	1866	792.33
1897	1871	820.68
1898	1888	8331.01
1898	1889	2894.68
1899	1880	7656.65
1899	1881	6287.72
1899	1883	13857.29
1899	1894	4535.18
19	12	1403.09
19	13	1746.42
19	14	1433.67
19	15	16243.83
19	1530	20304.01
19	16	2705.51
19	17	3094.93
19	18	11043.94
19	1807	5796.12
19	20	1632.73
19	435	8601.91
19	9	4280.22
190	0	29621.29
190	189	5821.43
190	955	16249.25
1900	1873	1780.22
1900	1874	21057.25
1900	1876	21722.15
1900	1877	803.16
1900	1878	1211.24
1900	1884	4301.97
1900	1885	2342.66
1900	1886	3251.20
1900	1891	21844.69
1901	1875	4609.69
1901	1876	16160.32
1902	1903	798.65
1902	1904	1438.46
1902	1908	1472.77
1902	1911	357.51
1902	1913	654.18
1903	1902	798.65
1903	1905	390.09
1903	1906	751.51
1903	1911	234.88
1903	1912	2218.24
1904	1902	1438.46
1904	1905	531.44
1904	1913	1969.77
1905	1903	390.09
1905	1904	531.44
1905	1906	527.47
1905	1913	456.87
1906	1903	751.51
1906	1905	527.47
1906	1912	1646.44
1906	1913	1006.09
1907	1220	3236.47
1907	1482	2630.53
1907	1485	2485.57
1907	1908	11746.96
1907	1914	9084.50
1908	1482	10414.60
1908	1574	402.14
1908	1575	2421.89
1908	1902	1472.77
1908	1907	11746.96
1908	1911	6028.29
1908	1913	7945.81
1909	1575	3257.93
1909	1577	5266.92
1909	1578	2554.22
1909	1910	10366.72
1909	1911	15525.46
1909	460	1208.64
191	186	906.87
191	189	3426.38
191	192	13792.77
191	195	5555.96
191	955	21020.19
191	956	5569.08
1910	1578	7437.60
1910	1909	10366.72
1910	460	5269.48
1910	461	11198.42
1911	1902	357.51
1911	1903	234.88
1911	1908	6028.29
1911	1909	15525.46
1911	1912	10426.48
1911	460	7398.99
1912	1903	2218.24
1912	1906	1646.44
1912	1911	10426.48
1912	1913	5756.42
1912	459	1612.04
1912	460	40.67
1912	475	5887.65
1913	1902	654.18
1913	1904	1969.77
1913	1905	456.87
1913	1906	1006.09
1913	1908	7945.81
1913	1912	5756.42
1913	1914	4031.82
1913	458	1501.48
1913	459	5937.01
1914	1220	2668.91
1914	1907	9084.50
1914	1913	4031.82
1914	458	6049.96
1914	981	967.65
1914	982	2276.24
1915	1916	1524.97
1915	1917	2102.11
1915	1919	986.46
1915	368	167.21
1916	1915	1524.97
1916	1918	1527.02
1916	1919	466.83
1916	368	1069.43
1917	1915	2102.11
1917	1919	4511.40
1917	1921	3468.49
1917	1922	4603.98
1917	356	3125.20
1917	357	5152.77
1917	368	2152.67
1917	373	4487.04
1917	633	7381.24
1918	1130	1283.72
1918	1152	5246.06
1918	1916	1527.02
1918	1919	2491.84
1918	1920	971.49
1918	1921	335.71
1918	1928	362.27
1918	368	2518.58
1919	1915	986.46
1919	1916	466.83
1919	1917	4511.40
1919	1918	2491.84
1919	1920	2605.08
1919	1921	2470.06
192	186	5035.67
192	188	8263.56
192	189	668.78
192	191	13792.77
192	193	10577.84
192	194	7763.21
1920	1918	971.49
1920	1919	2605.08
1920	1921	5302.80
1921	1917	3468.49
1921	1918	335.71
1921	1919	2470.06
1921	1920	5302.80
1921	1922	4097.74
1921	1926	4996.69
1921	1927	3608.35
1921	1928	1898.43
1922	1917	4603.98
1922	1921	4097.74
1922	1923	4283.15
1922	1924	8453.46
1922	1926	3351.35
1923	1922	4283.15
1923	1926	399.14
1924	1922	8453.46
1924	1925	7335.85
1924	1926	2386.87
1924	1929	10243.57
1924	633	5964.94
1924	634	5755.30
1925	1924	7335.85
1925	1929	11729.87
1926	1187	3435.68
1926	14	2141.44
1926	1921	4996.69
1926	1922	3351.35
1926	1923	399.14
1926	1924	2386.87
1926	1927	841.14
1926	1928	4363.16
1926	1929	3124.39
1927	1921	3608.35
1927	1926	841.14
1927	1928	5690.00
1928	1130	1576.36
1928	1158	5771.92
1928	1187	9098.36
1928	1918	362.27
1928	1921	1898.43
1928	1926	4363.16
1928	1927	5690.00
1929	14	3473.96
1929	1924	10243.57
1929	1925	11729.87
1929	1926	3124.39
1929	418	6531.34
1929	634	5892.75
193	0	9956.03
193	188	11104.25
193	192	10577.84
193	194	17089.74
193	954	3905.50
1930	1602	10827.22
1930	1605	5512.47
1930	1607	1125.91
1930	1622	1749.65
1930	1932	61.81
1930	1934	149.94
1930	1935	215.04
1930	1938	585.47
1930	1947	382.11
1930	1957	148.46
1930	1960	504.33
1930	414	5418.25
1930	924	3210.96
1931	1607	210.08
1931	1608	216.62
1931	1933	163.71
1931	1937	289.63
1932	1607	366.51
1932	1930	61.81
1932	1933	126.02
1932	1934	106.65
1932	1936	258.77
1933	1607	268.97
1933	1931	163.71
1933	1932	126.02
1933	1936	56.34
1933	1937	268.48
1934	1930	149.94
1934	1932	106.65
1934	1935	282.11
1934	1936	303.35
1934	1942	166.05
1934	1944	132.94
1935	1930	215.04
1935	1934	282.11
1935	1938	209.82
1935	1942	182.16
1936	1932	258.77
1936	1933	56.34
1936	1934	303.35
1936	1937	101.34
1936	1941	155.15
1936	1944	239.17
1937	1608	58.89
1937	1931	289.63
1937	1933	268.48
1937	1936	101.34
1937	1939	62.82
1937	1940	186.11
1937	1941	262.22
1938	1930	585.47
1938	1935	209.82
1938	1942	311.00
1938	1947	29.19
1939	1608	38.71
1939	1609	31.97
1939	1611	506.82
1939	1937	62.82
1939	1940	368.36
1939	1945	176.47
194	186	6974.37
194	192	7763.21
194	193	17089.74
194	196	11284.29
194	954	13597.45
1940	1937	186.11
1940	1939	368.36
1940	1941	268.05
1940	1945	220.06
1941	1936	155.15
1941	1937	262.22
1941	1940	268.05
1941	1943	192.33
1941	1945	102.26
1941	1946	42.69
1942	1934	166.05
1942	1935	182.16
1942	1938	311.00
1942	1944	233.47
1942	1947	16.28
1942	1948	305.89
1942	1950	82.36
1943	1610	756.32
1943	1941	192.33
1943	1944	369.88
1943	1946	264.67
1943	1950	210.44
1943	1951	236.45
1943	1955	441.92
1943	1957	226.70
1943	1958	185.81
1944	1934	132.94
1944	1936	239.17
1944	1942	233.47
1944	1943	369.88
1944	1950	236.33
1945	1611	101.34
1945	1939	176.47
1945	1940	220.06
1945	1941	102.26
1945	1946	237.69
1945	1949	378.33
1945	1953	25.23
1946	1941	42.69
1946	1943	264.67
1946	1945	237.69
1946	1951	149.92
1946	1952	149.46
1947	1930	382.11
1947	1938	29.19
1947	1942	16.28
1947	1948	488.01
1947	1957	372.99
1948	1942	305.89
1948	1947	488.01
1948	1950	150.51
1948	1955	313.99
1948	1957	328.02
1949	1611	147.74
1949	1945	378.33
1949	1953	84.48
1949	1954	283.86
195	186	24033.66
195	187	181.35
195	191	5555.96
195	956	19674.80
1950	1942	82.36
1950	1943	210.44
1950	1944	236.33
1950	1948	150.51
1950	1955	332.84
1951	1943	236.45
1951	1946	149.92
1951	1952	167.83
1951	1958	181.67
1952	1946	149.46
1952	1951	167.83
1952	1953	207.88
1952	1958	43.28
1952	1959	156.20
1953	1610	240.17
1953	1945	25.23
1953	1949	84.48
1953	1952	207.88
1953	1954	156.17
1953	1956	208.53
1953	1959	168.47
1954	1610	51.14
1954	1611	60.26
1954	1949	283.86
1954	1953	156.17
1954	1956	197.75
1955	1943	441.92
1955	1948	313.99
1955	1950	332.84
1955	1957	58.65
1956	1610	303.49
1956	1953	208.53
1956	1954	197.75
1957	1610	204.94
1957	1754	213.35
1957	1930	148.46
1957	1943	226.70
1957	1947	372.99
1957	1948	328.02
1957	1955	58.65
1957	1960	42.50
1957	1961	360.82
1957	1964	336.77
1958	1610	161.23
1958	1943	185.81
1958	1951	181.67
1958	1952	43.28
1958	1959	155.53
1959	1610	157.63
1959	1952	156.20
1959	1953	168.47
1959	1958	155.53
196	186	13907.64
196	194	11284.29
196	954	555.99
196	957	10045.45
1960	1622	25.16
1960	1750	223.67
1960	1930	504.33
1960	1957	42.50
1960	1961	9.56
1960	1962	98.36
1960	1963	337.28
1960	1966	144.26
1961	1957	360.82
1961	1960	9.56
1961	1962	309.31
1961	1964	63.32
1961	1965	128.86
1962	1960	98.36
1962	1961	309.31
1962	1963	262.38
1962	1965	82.75
1963	1960	337.28
1963	1962	262.38
1963	1966	172.75
1964	1754	162.58
1964	1957	336.77
1964	1961	63.32
1964	1965	191.33
1964	1967	316.89
1964	1969	187.20
1965	1961	128.86
1965	1962	82.75
1965	1964	191.33
1965	1966	144.34
1965	1967	84.74
1965	1968	82.78
1966	1750	159.89
1966	1960	144.26
1966	1963	172.75
1966	1965	144.34
1966	1968	221.44
1967	1964	316.89
1967	1965	84.74
1967	1968	348.27
1967	1969	40.83
1967	1970	196.84
1968	1750	265.01
1968	1965	82.78
1968	1966	221.44
1968	1967	348.27
1968	1970	42.04
1969	1754	335.89
1969	1964	187.20
1969	1967	40.83
1969	1970	212.47
1969	1972	264.41
197	198	341.34
197	199	3056.36
197	202	1089.60
197	203	387.54
197	208	618.76
197	209	8016.07
197	215	5440.11
197	217	2032.25
197	220	4645.98
197	222	2069.41
1970	1750	19.39
1970	1967	196.84
1970	1968	42.04
1970	1969	212.47
1970	1971	185.76
1970	1972	84.44
1970	1973	320.06
1971	1750	632.08
1971	1970	185.76
1971	1973	149.94
1971	1974	271.03
1972	1620	163.55
1972	1621	42.40
1972	1627	320.13
1972	1754	446.97
1972	1969	264.41
1972	1970	84.44
1972	1973	169.27
1972	1975	303.89
1973	1970	320.06
1973	1971	149.94
1973	1972	169.27
1973	1974	187.50
1973	1975	127.24
1974	1621	333.65
1974	1750	445.95
1974	1971	271.03
1974	1973	187.50
1974	1975	349.14
1975	1621	87.92
1975	1972	303.89
1975	1973	127.24
1975	1974	349.14
1976	1323	521.28
1976	1336	1065.81
1976	1376	262.92
1976	1977	59.23
1976	1979	260.24
1976	1980	510.82
1976	1983	417.32
1977	1376	1193.71
1977	1382	211.35
1977	1976	59.23
1977	1978	653.21
1977	1979	824.56
1977	1985	214.52
1978	1382	260.13
1978	1977	653.21
1978	1981	341.39
1978	1985	247.56
1979	1976	260.24
1979	1977	824.56
1979	1980	607.81
1979	1985	90.00
1979	1987	138.04
198	197	341.34
198	199	1998.81
198	201	706.14
1980	1976	510.82
1980	1979	607.81
1980	1983	627.57
1980	1987	328.64
1980	1990	570.01
1980	1992	39.95
1980	1993	79.25
1981	1382	369.33
1981	1978	341.39
1981	1985	205.02
1981	1986	217.87
1981	1988	162.86
1981	1989	328.44
1982	1382	1898.56
1982	1984	1262.83
1982	1991	54.30
1983	1336	1147.09
1983	1976	417.32
1983	1980	627.57
1983	1993	72.74
1983	1994	110.62
1983	1995	388.98
1984	1382	425.66
1984	1982	1262.83
1984	1986	246.01
1984	1988	322.51
1984	1991	364.43
1985	1977	214.52
1985	1978	247.56
1985	1979	90.00
1985	1981	205.02
1985	1987	602.26
1985	1989	376.76
1985	1990	25.66
1986	1382	513.86
1986	1981	217.87
1986	1984	246.01
1986	1988	464.52
1987	1979	138.04
1987	1980	328.64
1987	1985	602.26
1987	1990	647.63
1988	1981	162.86
1988	1984	322.51
1988	1986	464.52
1988	1989	250.86
1988	1991	461.73
1989	1981	328.44
1989	1985	376.76
1989	1988	250.86
1989	1990	155.63
1989	1991	438.33
1989	1992	383.78
1989	1996	298.32
199	197	3056.36
199	198	1998.81
199	200	2376.92
199	201	83.48
199	212	1356.36
199	215	6676.64
199	638	2176.75
199	645	6623.41
1990	1980	570.01
1990	1985	25.66
1990	1987	647.63
1990	1989	155.63
1990	1992	1266.10
1991	1382	511.13
1991	1982	54.30
1991	1984	364.43
1991	1988	461.73
1991	1989	438.33
1991	1996	444.71
1991	1998	32.87
1991	2000	387.02
1992	1335	1194.45
1992	1980	39.95
1992	1989	383.78
1992	1990	1266.10
1992	1993	1287.26
1992	1996	348.13
1992	1997	1587.77
1992	2000	236.34
1992	2003	226.78
1992	2004	1194.37
1993	1335	155.22
1993	1980	79.25
1993	1983	72.74
1993	1992	1287.26
1993	1994	977.23
1994	1335	316.21
1994	1983	110.62
1994	1993	977.23
1994	1995	691.82
1995	1335	551.04
1995	1336	225.74
1995	1983	388.98
1995	1994	691.82
1996	1989	298.32
1996	1991	444.71
1996	1992	348.13
1996	1997	286.74
1996	1999	175.52
1997	1992	1587.77
1997	1996	286.74
1997	1999	354.10
1997	2000	272.88
1998	1382	564.20
1998	1384	585.12
1998	1991	32.87
1998	2000	1176.88
1998	2001	559.20
1998	2002	366.17
1998	2003	196.94
1999	1996	175.52
1999	1997	354.10
1999	2000	460.13
2	2121	2382.74
2	3	2712.37
20	15	8017.79
20	16	1541.61
20	17	10379.60
20	18	9044.18
20	19	1632.73
20	432	5666.12
200	199	2376.92
200	201	165.55
200	204	255.31
200	205	874.95
200	211	1051.86
200	212	647.57
2000	1991	387.02
2000	1992	236.34
2000	1997	272.88
2000	1998	1176.88
2000	1999	460.13
2000	2003	116.66
2001	1998	559.20
2001	2003	229.98
2001	2005	343.96
2001	2006	89.36
2002	1384	371.27
2002	1998	366.17
2002	2005	430.67
2002	2007	357.55
2002	2008	30.71
2003	1992	226.78
2003	1998	196.94
2003	2000	116.66
2003	2001	229.98
2003	2004	615.98
2003	2006	238.84
2004	1335	717.36
2004	1385	1366.33
2004	1992	1194.37
2004	2003	615.98
2004	2005	168.05
2004	2006	497.06
2004	2009	517.45
2005	2001	343.96
2005	2002	430.67
2005	2004	168.05
2005	2006	534.61
2005	2008	377.65
2005	2009	212.62
2006	2001	89.36
2006	2003	238.84
2006	2004	497.06
2006	2005	534.61
2007	1384	507.61
2007	2002	357.55
2007	2008	471.70
2007	2010	222.15
2008	2002	30.71
2008	2005	377.65
2008	2007	471.70
2008	2009	309.45
2008	2010	268.94
2009	1385	323.71
2009	2004	517.45
2009	2005	212.62
2009	2008	309.45
2009	2011	210.39
201	198	706.14
201	199	83.48
201	200	165.55
201	202	277.91
201	204	702.44
2010	1384	554.06
2010	2007	222.15
2010	2008	268.94
2010	2011	460.40
2011	1384	227.64
2011	1385	562.31
2011	2009	210.39
2011	2010	460.40
2012	1622	1607.58
2012	1623	267.27
2012	2013	435.37
2012	2014	154.47
2012	2016	309.08
2012	2019	254.80
2012	2020	340.97
2012	2104	1177.54
2012	402	2212.00
2012	414	1601.25
2013	2012	435.37
2013	2014	313.61
2013	2016	199.24
2013	2017	40.68
2014	1623	306.55
2014	2012	154.47
2014	2013	313.61
2014	2015	59.56
2014	2017	202.91
2015	1623	443.08
2015	1624	119.59
2015	1661	211.22
2015	2014	59.56
2015	2017	196.47
2015	2018	298.76
2016	2012	309.08
2016	2013	199.24
2016	2017	391.29
2016	2019	282.27
2017	2013	40.68
2017	2014	202.91
2017	2015	196.47
2017	2016	391.29
2017	2018	350.26
2017	2019	279.51
2017	2021	120.98
2017	2022	408.20
2018	1661	349.55
2018	2015	298.76
2018	2017	350.26
2018	2021	295.69
2019	2012	254.80
2019	2016	282.27
2019	2017	279.51
2019	2020	373.37
2019	2022	160.04
202	197	1089.60
202	201	277.91
202	203	818.68
2020	2012	340.97
2020	2019	373.37
2020	2024	488.74
2020	402	112.84
2021	1660	49.11
2021	1661	551.41
2021	2017	120.98
2021	2018	295.69
2021	2022	1098.33
2021	2023	296.82
2021	2024	372.53
2021	2025	571.77
2021	2026	868.29
2021	2027	399.71
2021	2028	417.29
2022	2017	408.20
2022	2019	160.04
2022	2021	1098.33
2022	2024	570.11
2023	1659	158.57
2023	1660	339.21
2023	2021	296.82
2023	2025	122.02
2023	2026	643.75
2024	2020	488.74
2024	2021	372.53
2024	2022	570.11
2024	2028	1266.78
2024	2029	850.52
2024	402	829.04
2025	2021	571.77
2025	2023	122.02
2025	2026	254.35
2025	2027	209.18
2026	1659	1475.91
2026	2021	868.29
2026	2023	643.75
2026	2025	254.35
2026	2027	380.22
2026	2028	382.31
2026	2030	810.46
2026	2031	22.02
2027	2021	399.71
2027	2025	209.18
2027	2026	380.22
2028	2021	417.29
2028	2024	1266.78
2028	2026	382.31
2028	2029	887.67
2028	2031	238.46
2028	2037	215.83
2028	2041	508.43
2028	2043	22.36
2029	2024	850.52
2029	2028	887.67
2029	2043	1539.05
2029	402	1382.54
2029	405	231.56
203	197	387.54
203	202	818.68
203	204	249.94
203	207	294.14
203	208	381.45
2030	1659	238.63
2030	1751	149.18
2030	2026	810.46
2030	2031	162.08
2030	2032	124.36
2030	2033	345.23
2030	2034	171.47
2030	2035	215.43
2030	2036	126.08
2031	2026	22.02
2031	2028	238.46
2031	2030	162.08
2031	2033	363.34
2031	2037	432.92
2031	2040	151.38
2031	2042	225.53
2032	1751	399.72
2032	2030	124.36
2032	2034	244.39
2032	2038	124.09
2032	2040	248.49
2033	2030	345.23
2033	2031	363.34
2033	2036	198.41
2033	2040	45.98
2034	2030	171.47
2034	2032	244.39
2034	2035	203.00
2034	2038	128.82
2035	2030	215.43
2035	2034	203.00
2035	2036	197.80
2035	2038	84.92
2035	2039	127.68
2036	2030	126.08
2036	2033	198.41
2036	2035	197.80
2036	2039	42.55
2036	2040	86.52
2037	2028	215.83
2037	2031	432.92
2037	2041	328.09
2037	2042	111.00
2037	2044	208.65
2038	2032	124.09
2038	2034	128.82
2038	2035	84.92
2038	2039	158.62
2038	2040	262.69
2039	2035	127.68
2039	2036	42.55
2039	2038	158.62
2039	2040	290.41
204	200	255.31
204	201	702.44
204	203	249.94
204	205	278.10
204	206	240.05
204	207	178.32
2040	1743	730.78
2040	1751	484.89
2040	2031	151.38
2040	2032	248.49
2040	2033	45.98
2040	2036	86.52
2040	2038	262.69
2040	2039	290.41
2040	2042	224.69
2040	2045	296.61
2041	1743	295.36
2041	2028	508.43
2041	2037	328.09
2041	2043	464.47
2041	2044	360.01
2042	2031	225.53
2042	2037	111.00
2042	2040	224.69
2042	2044	198.46
2042	2045	341.21
2043	1742	1855.64
2043	1743	799.23
2043	2028	22.36
2043	2029	1539.05
2043	2041	464.47
2043	405	612.18
2044	1743	150.59
2044	2037	208.65
2044	2041	360.01
2044	2042	198.46
2044	2045	47.21
2044	2046	324.07
2045	1743	352.23
2045	2040	296.61
2045	2042	341.21
2045	2044	47.21
2045	2046	297.29
2046	1743	666.69
2046	2044	324.07
2046	2045	297.29
2047	0	8440.37
2047	1398	9646.97
2047	2048	1398.08
2047	777	3835.97
2047	779	1846.68
2048	0	199.61
2048	1396	1062.41
2048	1398	677.89
2048	2047	1398.08
2049	1191	7691.65
2049	454	3142.82
2049	455	3883.88
205	200	874.95
205	204	278.10
205	206	549.05
205	211	835.55
2050	2051	10750.91
2050	944	4523.93
2050	945	1834.86
2050	947	7434.27
2050	949	4351.72
2050	950	3501.82
2050	951	1485.82
2050	959	17654.85
2050	962	2196.20
2051	1105	7374.71
2051	2050	10750.91
2051	959	2817.86
2051	962	3728.69
2052	2053	21554.56
2052	2076	10697.89
2052	967	5811.11
2052	972	15018.90
2052	976	21311.38
2053	2052	21554.56
2053	2076	3629.72
2053	2077	10592.52
2053	822	2334.40
2053	823	4694.48
2053	824	10216.62
2053	825	4267.82
2053	829	3490.64
2053	972	5304.31
2054	157	5952.81
2054	159	3635.58
2054	161	381.99
2054	162	855.75
2054	2055	7226.76
2055	161	6315.84
2055	162	12533.10
2055	2054	7226.76
2055	683	1978.39
2056	2057	2215.36
2056	388	2856.97
2056	390	1106.77
2056	391	1386.17
2056	392	3023.82
2056	394	4038.22
2057	2056	2215.36
2057	2058	2921.59
2057	392	4685.64
2057	394	1643.03
2057	784	3930.22
2057	785	2593.09
2058	2057	2921.59
2058	394	4791.33
2058	395	1415.89
2058	401	2993.23
2058	783	686.56
2058	784	1267.09
2059	1579	3147.95
2059	2060	3355.68
2059	461	1380.59
2059	463	3596.68
206	204	240.05
206	205	549.05
206	207	1252.76
206	208	349.68
206	209	211.28
206	210	1020.77
206	211	1443.56
2060	2059	3355.68
2060	2061	5777.76
2060	461	7107.10
2060	463	180.26
2060	472	6736.46
2060	473	4743.74
2061	2060	5777.76
2061	461	7555.55
2062	2064	7874.18
2062	464	1396.47
2062	465	10473.60
2062	472	4043.47
2063	2064	4592.88
2063	472	2457.61
2063	473	6924.36
2063	480	4893.78
2064	2062	7874.18
2064	2063	4592.88
2064	465	2070.50
2064	470	1618.68
2064	472	1121.82
2064	480	7112.08
2065	2066	7362.34
2065	2075	4828.44
2065	474	8956.67
2065	475	5543.45
2065	477	3036.91
2065	479	9652.49
2065	483	3094.89
2065	484	884.32
2065	485	2113.64
2066	2065	7362.34
2066	2074	3331.01
2066	2075	4972.76
2066	477	3120.53
2067	2068	2422.89
2067	2069	6335.90
2067	2071	3386.39
2067	479	909.22
2067	480	11514.22
2068	2067	2422.89
2068	2069	3477.57
2068	2070	4582.93
2068	470	5058.44
2068	480	11851.45
2069	2067	6335.90
2069	2068	3477.57
2069	2070	4141.53
2069	2072	3412.17
2069	2073	4421.55
2069	834	4448.96
2069	835	3120.91
207	203	294.14
207	204	178.32
207	206	1252.76
207	208	776.94
2070	2068	4582.93
2070	2069	4141.53
2070	470	3932.86
2070	834	8831.69
2071	2067	3386.39
2071	2072	9318.32
2071	479	6852.99
2071	483	10609.74
2071	835	9662.43
2071	836	3539.66
2071	837	1210.69
2072	2069	3412.17
2072	2071	9318.32
2072	2073	3589.05
2072	835	967.82
2073	2069	4421.55
2073	2072	3589.05
2073	835	2077.69
2074	1222	3775.53
2074	1224	3239.07
2074	2066	3331.01
2074	2075	5815.84
2074	487	781.11
2074	488	739.62
2075	2065	4828.44
2075	2066	4972.76
2075	2074	5815.84
2075	483	4590.22
2075	485	630.30
2075	488	8960.96
2076	2052	10697.89
2076	2053	3629.72
2076	2077	14845.40
2076	2079	2611.65
2076	976	10756.95
2077	2053	10592.52
2077	2076	14845.40
2077	2080	2788.82
2077	825	8035.60
2078	2079	7550.79
2078	976	25351.89
2079	2076	2611.65
2079	2078	7550.79
2079	2080	7623.98
2079	827	12284.46
2079	828	1155.04
2079	976	4656.67
208	197	618.76
208	203	381.45
208	206	349.68
208	207	776.94
208	209	1001.57
2080	2077	2788.82
2080	2079	7623.98
2080	825	3947.66
2080	828	13070.66
2080	849	4928.42
2081	2083	19220.52
2081	849	8057.78
2081	856	20341.97
2081	864	11918.03
2081	870	23508.72
2082	2083	7476.33
2082	853	1712.70
2082	854	3314.99
2083	2081	19220.52
2083	2082	7476.33
2083	850	22291.55
2083	852	23065.86
2083	853	653.08
2083	854	3244.00
2083	870	4340.89
2084	2085	6856.57
2084	914	11019.39
2084	918	146.34
2084	919	7928.24
2085	2084	6856.57
2085	914	5621.44
2085	918	6026.63
2085	920	65.77
2085	921	4105.17
2086	1069	3819.10
2086	2087	2683.78
2086	2088	1210.62
2087	1052	886.42
2087	1056	142.94
2087	1058	942.28
2087	1062	577.62
2087	1069	714.60
2087	2086	2683.78
2087	2088	857.34
2088	1062	870.90
2088	1069	693.50
2088	2086	1210.62
2088	2087	857.34
2089	1168	9932.16
2089	1173	3528.36
2089	1638	1275.15
2089	2090	7791.48
209	197	8016.07
209	206	211.28
209	208	1001.57
209	210	1335.07
209	212	10987.12
209	222	7434.85
209	223	5985.21
209	224	2886.37
209	638	1455.56
209	646	1115.02
209	649	8653.15
2090	1173	10111.89
2090	1602	3520.40
2090	1616	3009.14
2090	1637	921.20
2090	1638	870.81
2090	1749	2671.79
2090	2089	7791.48
2091	2092	1698.46
2091	340	2311.93
2091	356	5202.88
2091	359	3816.23
2091	372	1989.96
2092	2091	1698.46
2092	2093	1512.67
2092	356	937.54
2092	372	688.06
2092	373	524.02
2093	2092	1512.67
2093	356	1145.79
2093	373	1412.60
2094	1114	900.27
2094	2095	1061.85
2094	363	92.86
2094	367	3630.63
2095	1114	375.96
2095	1116	1602.33
2095	1118	1428.76
2095	1119	1322.10
2095	1153	2529.07
2095	2094	1061.85
2095	363	3286.04
2096	1113	221.10
2096	1114	1217.55
2096	2097	839.09
2096	2098	384.25
2097	1113	821.04
2097	1127	70.84
2097	1129	386.38
2097	2096	839.09
2097	2098	499.76
2098	1114	322.96
2098	1126	290.07
2098	1127	625.84
2098	2096	384.25
2098	2097	499.76
2099	1181	3942.07
2099	2100	3224.28
2099	2101	2136.99
2099	979	2365.71
2099	984	324.26
21	2122	1112.77
21	2146	4085.35
21	22	4571.19
21	23	1203.13
21	26	3213.44
21	27	4262.42
21	29	7846.73
21	3	167.62
210	206	1020.77
210	209	1335.07
210	212	1290.51
2100	1183	5130.43
2100	2099	3224.28
2100	2101	1555.46
2100	389	2178.25
2100	979	3386.23
2101	1181	3244.03
2101	1183	742.07
2101	1184	3179.38
2101	2099	2136.99
2101	2100	1555.46
2102	1178	675.58
2102	1179	454.19
2102	1182	3894.86
2102	1184	4673.44
2102	1186	5009.41
2102	2103	3782.38
2103	1184	2805.50
2103	1186	3457.48
2103	1440	1088.74
2103	1444	1857.67
2103	1445	857.97
2103	2102	3782.38
2103	927	1897.58
2104	2012	1177.54
2104	2105	3513.79
2104	402	1028.80
2104	404	4774.28
2104	405	1406.67
2104	414	8612.25
2104	635	2527.30
2105	2104	3513.79
2105	2106	2630.80
2105	403	2300.40
2105	404	1756.28
2105	417	5775.53
2105	418	6705.24
2105	634	7448.86
2105	635	8007.28
2106	2105	2630.80
2106	403	3257.87
2106	404	2341.53
2107	2108	1432.81
2107	405	2352.06
2108	1742	7716.40
2108	2107	1432.81
2108	405	4496.30
2108	409	1272.06
2108	410	422.32
2108	411	1011.21
2108	417	381.06
2108	420	3023.11
2109	2110	2521.09
2109	898	7364.38
2109	899	2784.70
211	200	1051.86
211	205	835.55
211	206	1443.56
211	212	4497.32
2110	137	10202.08
2110	1437	2470.25
2110	2109	2521.09
2110	2111	1745.47
2110	2112	3595.41
2110	898	3661.00
2110	899	1718.46
2111	140	173.34
2111	2110	1745.47
2111	2112	9409.87
2111	899	24333.31
2111	901	11087.10
2111	902	3777.65
2112	137	3702.87
2112	139	4756.99
2112	140	5045.14
2112	2110	3595.41
2112	2111	9409.87
2113	1159	8942.17
2113	1188	9158.58
2113	1459	1682.27
2113	1462	6494.22
2113	1530	7692.00
2113	2114	4838.57
2113	2115	3742.87
2114	1462	5440.70
2114	1463	4415.16
2114	1530	1718.80
2114	1793	3084.47
2114	1794	3291.41
2114	2113	4838.57
2114	2115	6931.95
2114	814	1439.65
2115	1530	7231.88
2115	2113	3742.87
2115	2114	6931.95
2116	1727	807.11
2116	1728	493.68
2116	1730	691.88
2116	1732	242.59
2116	2117	1205.52
2116	2119	288.71
2117	1742	890.72
2117	1747	935.99
2117	2116	1205.52
2117	2119	1607.17
2118	1725	531.49
2118	1733	82.45
2118	1734	372.98
2118	1741	555.16
2118	2119	526.19
2119	1732	1720.51
2119	1734	880.71
2119	1735	703.59
2119	1741	985.32
2119	1747	2601.50
2119	2116	288.71
2119	2117	1607.17
2119	2118	526.19
212	199	1356.36
212	200	647.57
212	209	10987.12
212	210	1290.51
212	211	4497.32
212	638	5390.24
2120	2121	5230.66
2120	4	7067.46
2120	492	2273.00
2120	5	4473.60
2120	6	2025.48
2121	2	2382.74
2121	2120	5230.66
2121	3	3058.44
2121	489	9072.25
2121	492	182.68
2121	6	4255.10
2122	21	1112.77
2122	2123	1024.02
2122	2146	3710.86
2122	3	4302.24
2122	489	204.68
2122	490	92.66
2122	501	2679.36
2123	2122	1024.02
2123	2146	4620.13
2123	489	279.67
2123	490	4513.75
2123	497	3257.07
2123	500	7866.98
2124	2125	1184.05
2124	698	2338.33
2124	717	6503.58
2125	2124	1184.05
2125	698	187.38
2125	700	1388.96
2125	701	1082.16
2125	717	982.28
2126	2127	755.41
2126	259	183.93
2126	260	1284.62
2126	262	532.09
2126	266	1036.91
2127	2126	755.41
2127	260	2319.44
2127	266	1268.86
2127	292	276.46
2128	2129	1899.91
2128	504	2300.05
2128	506	445.75
2128	508	2032.57
2129	122	3245.28
2129	123	3133.59
2129	2128	1899.91
2129	2130	106.76
2129	504	3851.46
2129	508	484.75
213	0	86252.14
213	214	21169.11
213	216	18188.26
213	217	13502.21
213	896	23602.76
213	899	5065.54
2130	123	1621.97
2130	129	1189.89
2130	2129	106.76
2130	506	2307.38
2130	508	1158.43
2130	55	606.21
2131	1622	521.21
2131	1625	1436.30
2131	1657	805.47
2131	1659	634.93
2131	1750	431.29
2131	2132	868.75
2132	1657	234.56
2132	1659	595.38
2132	1662	1152.16
2132	1685	1113.25
2132	2131	868.75
2133	1838	2133.62
2133	1840	4727.67
2133	2134	5303.49
2134	1838	1435.51
2134	1839	3344.53
2134	1840	7205.83
2134	1846	7658.58
2134	1847	8346.15
2134	2133	5303.49
2135	1542	7979.15
2135	1544	11045.61
2135	1545	7088.53
2135	2136	2065.32
2135	605	4790.96
2135	609	19266.03
2135	742	12103.05
2136	1545	2916.79
2136	1546	6380.02
2136	1547	3901.69
2136	2135	2065.32
2136	609	3248.15
2136	611	5869.88
2136	613	3769.62
2137	2138	7362.83
2137	726	11105.82
2137	732	6288.86
2137	734	9257.74
2138	2137	7362.83
2138	278	4798.95
2138	732	1988.29
2138	734	7388.71
2138	736	4555.97
2138	740	5964.27
2139	0	1661.09
2139	2140	5186.37
2139	2141	1714.19
2139	533	3642.91
2139	781	4168.49
214	213	21169.11
214	215	20470.29
214	216	5471.04
214	219	13334.17
214	643	19685.94
214	899	29141.40
214	902	1664.63
2140	1392	6037.98
2140	1601	2757.19
2140	2139	5186.37
2140	533	1984.12
2140	534	5934.68
2140	781	5105.52
2141	2139	1714.19
2141	533	2171.19
2142	1266	39.17
2142	1268	673.55
2142	1272	668.78
2142	1376	2906.29
2142	2143	875.20
2143	1274	792.71
2143	1286	712.65
2143	1303	514.51
2143	1376	2296.59
2143	2142	875.20
2144	2145	644.98
2144	787	2237.87
2144	790	1658.27
2145	2144	644.98
2145	787	69.65
2145	788	696.95
2145	790	339.20
2145	792	399.26
2146	21	4085.35
2146	2122	3710.86
2146	2123	4620.13
2146	22	3546.08
2146	30	1839.66
2146	500	1775.69
2147	0	1933.82
2147	1398	3478.45
215	197	5440.11
215	199	6676.64
215	214	20470.29
215	216	13696.51
215	218	11479.70
215	219	15175.97
215	220	2166.64
215	645	1295.99
216	213	18188.26
216	214	5471.04
216	215	13696.51
216	217	23299.79
216	218	7995.61
216	220	5138.92
217	0	10493.71
217	197	2032.25
217	213	13502.21
217	216	23299.79
217	220	7357.01
217	221	36238.31
217	222	8284.37
218	215	11479.70
218	216	7995.61
218	220	4394.71
219	214	13334.17
219	215	15175.97
219	643	19945.57
219	645	8674.05
22	21	4571.19
22	2146	3546.08
22	24	4962.68
22	30	5260.27
220	197	4645.98
220	215	2166.64
220	216	5138.92
220	217	7357.01
220	218	4394.71
221	0	28644.27
221	217	36238.31
221	222	3060.66
221	224	5712.79
221	225	5230.24
221	226	15275.09
221	227	4690.99
221	228	4736.96
221	232	15532.25
222	197	2069.41
222	209	7434.85
222	217	8284.37
222	221	3060.66
222	224	10688.82
223	209	5985.21
223	224	12002.40
223	229	14964.14
223	649	928.49
223	650	3194.29
224	209	2886.37
224	221	5712.79
224	222	10688.82
224	223	12002.40
224	225	12009.41
224	229	3111.90
225	221	5230.24
225	224	12009.41
225	228	5193.46
225	229	1262.16
226	221	15275.09
226	227	8955.19
226	228	9569.16
227	221	4690.99
227	226	8955.19
227	228	2541.04
227	231	7389.87
227	232	29269.11
228	221	4736.96
228	225	5193.46
228	226	9569.16
228	227	2541.04
228	229	9726.92
228	230	4899.89
228	231	14409.79
229	223	14964.14
229	224	3111.90
229	225	1262.16
229	228	9726.92
229	230	9318.23
229	650	4467.51
229	651	10174.89
229	652	15965.42
229	653	4536.66
23	21	1203.13
23	24	1351.87
23	29	949.91
230	101	6577.81
230	228	4899.89
230	229	9318.23
230	231	6145.54
230	233	24194.22
230	652	5906.41
230	658	7093.42
230	659	3269.35
231	227	7389.87
231	228	14409.79
231	230	6145.54
231	232	5878.48
231	233	7962.62
232	0	54676.59
232	221	15532.25
232	227	29269.11
232	231	5878.48
232	233	13864.12
233	0	4704.18
233	101	13135.60
233	230	24194.22
233	231	7962.62
233	232	13864.12
234	235	1135.45
234	236	2231.30
235	234	1135.45
235	236	2932.22
236	1404	5220.77
236	234	2231.30
236	235	2932.22
236	237	9245.63
236	238	1232.42
236	323	8303.50
236	324	2114.87
236	328	1698.71
236	329	2630.72
236	884	3949.09
236	987	7952.42
237	149	3472.47
237	236	9245.63
237	238	7038.02
237	329	10794.17
237	438	4804.42
238	148	8737.64
238	149	4368.28
238	236	1232.42
238	237	7038.02
238	987	10178.73
238	988	2954.88
239	240	1093.48
239	242	326.59
239	248	1898.69
239	260	3158.84
24	22	4962.68
24	23	1351.87
24	29	5945.79
24	30	6545.40
24	31	1611.57
24	33	2433.95
240	239	1093.48
240	241	607.49
240	242	549.93
240	247	275.66
240	248	125.72
241	240	607.49
241	242	607.21
241	246	125.40
241	247	348.69
242	239	326.59
242	240	549.93
242	241	607.21
242	243	897.90
242	244	1750.44
242	246	468.70
242	260	1571.51
242	277	4266.63
242	282	1707.19
242	284	427.52
243	242	897.90
243	244	1131.83
243	245	468.00
243	246	222.67
244	242	1750.44
244	243	1131.83
244	245	379.38
244	255	1427.46
244	284	1664.54
245	243	468.00
245	244	379.38
245	246	85.86
245	252	278.84
245	254	339.32
245	255	102.88
246	241	125.40
246	242	468.70
246	243	222.67
246	245	85.86
246	247	193.87
246	252	406.21
247	240	275.66
247	241	348.69
247	246	193.87
247	248	375.77
247	250	173.88
247	251	493.70
247	252	183.64
248	239	1898.69
248	240	125.72
248	247	375.77
248	249	2288.24
248	250	352.74
248	260	666.21
249	248	2288.24
249	250	612.50
249	260	1953.66
25	26	10670.71
25	27	1873.32
25	6	7476.79
25	713	11977.75
25	714	3688.53
250	247	173.88
250	248	352.74
250	249	612.50
250	251	533.70
250	259	233.73
250	260	468.53
251	247	493.70
251	250	533.70
251	252	190.06
251	253	370.71
251	259	572.58
252	245	278.84
252	246	406.21
252	247	183.64
252	251	190.06
252	253	439.43
252	254	91.36
253	251	370.71
253	252	439.43
253	254	410.43
253	258	416.25
254	245	339.32
254	252	91.36
254	253	410.43
254	255	540.37
254	256	76.53
254	257	290.38
255	244	1427.46
255	245	102.88
255	254	540.37
255	256	2578.28
255	284	2328.90
256	254	76.53
256	255	2578.28
256	257	656.38
256	264	2729.61
256	284	1043.82
256	286	577.60
257	254	290.38
257	256	656.38
257	258	540.51
257	263	842.88
257	264	252.02
258	253	416.25
258	257	540.51
258	259	552.38
258	263	311.46
259	2126	183.93
259	250	233.73
259	251	572.58
259	258	552.38
259	260	880.44
259	262	1200.76
259	263	383.46
26	21	3213.44
26	25	10670.71
26	27	12115.03
26	3	4477.77
26	6	5976.22
260	1771	4948.13
260	1773	6380.27
260	1774	4440.62
260	2126	1284.62
260	2127	2319.44
260	239	3158.84
260	242	1571.51
260	248	666.21
260	249	1953.66
260	250	468.53
260	259	880.44
260	266	2120.16
260	276	7322.74
260	277	855.82
260	289	1117.26
260	292	2867.70
262	2126	532.09
262	259	1200.76
262	263	931.80
262	264	42.33
262	265	1340.85
262	266	158.59
263	257	842.88
263	258	311.46
263	259	383.46
263	262	931.80
263	264	2123.09
264	256	2729.61
264	257	252.02
264	262	42.33
264	263	2123.09
264	265	404.82
264	266	1679.72
264	267	1954.46
264	286	1875.59
264	287	2884.13
264	289	2735.60
265	262	1340.85
265	264	404.82
265	266	690.51
265	267	1099.91
266	2126	1036.91
266	2127	1268.86
266	260	2120.16
266	262	158.59
266	264	1679.72
266	265	690.51
266	267	1334.09
266	289	4610.85
266	292	4044.64
267	264	1954.46
267	265	1099.91
267	266	1334.09
268	269	5952.82
268	270	1939.31
268	380	13878.16
268	70	7036.32
269	268	5952.82
269	270	11617.26
269	272	4640.10
269	380	8358.47
269	734	4526.44
27	21	4262.42
27	25	1873.32
27	26	12115.03
27	28	14088.19
27	29	1313.14
27	713	5238.57
270	1071	8769.76
270	1080	5507.84
270	268	1939.31
270	269	11617.26
270	271	11612.82
270	272	5140.24
270	70	5686.55
271	1080	11057.79
271	270	11612.82
271	272	3713.57
271	273	9636.91
271	274	6961.37
271	275	3908.72
272	269	4640.10
272	270	5140.24
272	271	3713.57
272	273	7808.14
272	734	9049.35
273	271	9636.91
273	272	7808.14
273	274	4146.85
273	277	6634.80
273	278	4736.52
273	280	4964.27
273	734	12558.30
274	271	6961.37
274	273	4146.85
274	275	10527.40
274	276	1786.70
274	277	3253.81
275	1080	7357.23
275	1228	7408.35
275	1229	1763.33
275	1774	9326.52
275	271	3908.72
275	274	10527.40
275	276	10587.15
276	1774	4389.82
276	260	7322.74
276	274	1786.70
276	275	10587.15
276	277	7763.59
277	242	4266.63
277	260	855.82
277	273	6634.80
277	274	3253.81
277	276	7763.59
277	280	7488.52
277	281	815.33
277	282	868.77
278	2138	4798.95
278	273	4736.52
278	279	4723.30
278	280	5019.98
278	734	3870.89
278	740	656.04
279	278	4723.30
279	280	4780.32
279	283	1406.92
279	284	4776.96
279	740	11319.02
28	27	14088.19
28	29	7034.31
28	31	13819.25
28	32	12883.13
28	33	4747.80
28	713	9702.44
280	273	4964.27
280	277	7488.52
280	278	5019.98
280	279	4780.32
280	281	5020.30
280	282	5471.95
280	283	1494.49
281	277	815.33
281	280	5020.30
282	242	1707.19
282	277	868.77
282	280	5471.95
282	283	5020.81
282	284	495.46
283	279	1406.92
283	280	1494.49
283	282	5020.81
283	284	10817.01
284	242	427.52
284	244	1664.54
284	255	2328.90
284	256	1043.82
284	279	4776.96
284	282	495.46
284	283	10817.01
284	285	8519.63
284	286	3587.54
284	602	2863.77
284	740	9141.51
285	284	8519.63
285	286	2872.49
285	287	2802.99
285	602	4282.56
286	256	577.60
286	264	1875.59
286	284	3587.54
286	285	2872.49
286	287	4668.02
287	264	2884.13
287	285	2802.99
287	286	4668.02
287	288	5213.60
287	289	5730.16
287	602	4589.06
287	607	1718.77
288	1533	2283.91
288	1537	5936.79
288	287	5213.60
288	289	7334.91
288	607	6135.84
289	1533	3925.44
289	1773	4466.47
289	260	1117.26
289	264	2735.60
289	266	4610.85
289	287	5730.16
289	288	7334.91
289	290	8724.00
29	21	7846.73
29	23	949.91
29	24	5945.79
29	27	1313.14
29	28	7034.31
29	31	3120.67
290	1533	8929.33
290	1536	686.05
290	1773	5070.45
290	289	8724.00
290	291	13547.21
291	1536	2657.15
291	1555	16331.28
291	1773	6859.25
291	1776	5525.83
291	1777	17715.53
291	290	13547.21
292	2127	276.46
292	260	2867.70
292	266	4044.64
293	1808	4916.27
293	294	11533.94
293	296	3285.65
293	297	5023.96
293	298	9697.24
293	303	9255.13
294	1808	3454.58
294	293	11533.94
294	295	3237.20
294	296	170.65
294	305	7989.67
295	294	3237.20
295	296	897.40
295	303	3391.02
295	304	1854.58
295	305	3309.17
295	306	5158.76
296	293	3285.65
296	294	170.65
296	295	897.40
296	303	872.11
297	1808	35946.56
297	1834	4749.72
297	1837	18123.15
297	1838	65845.21
297	1839	3703.25
297	293	5023.96
297	298	12612.66
297	432	8224.99
298	1839	7801.60
298	293	9697.24
298	297	12612.66
298	299	6370.01
298	300	4154.68
298	303	27082.76
299	298	6370.01
299	300	2639.78
299	301	2226.79
299	302	2123.50
299	303	5016.58
3	2	2712.37
3	21	167.62
3	2121	3058.44
3	2122	4302.24
3	26	4477.77
3	489	242.28
3	6	5184.51
30	1820	3894.48
30	2146	1839.66
30	22	5260.27
30	24	6545.40
30	33	6601.64
30	34	3101.40
30	500	8842.65
300	1839	17082.90
300	1846	7798.51
300	298	4154.68
300	299	2639.78
300	301	10168.68
300	313	5733.09
301	299	2226.79
301	300	10168.68
301	302	9820.45
301	313	3918.20
302	299	2123.50
302	301	9820.45
302	303	9081.93
302	312	5464.04
302	313	2709.65
303	293	9255.13
303	295	3391.02
303	296	872.11
303	298	27082.76
303	299	5016.58
303	302	9081.93
303	304	18175.43
303	312	7028.92
304	295	1854.58
304	303	18175.43
304	306	45230.14
304	307	18805.71
304	310	23106.77
304	311	10053.93
304	312	3728.70
304	447	13181.56
304	77	3261.07
305	1808	15314.54
305	294	7989.67
305	295	3309.17
305	306	9498.86
306	1232	7536.97
306	1808	2494.22
306	295	5158.76
306	304	45230.14
306	305	9498.86
306	307	6252.41
307	1232	15870.91
307	304	18805.71
307	306	6252.41
307	308	8294.88
307	309	11905.76
307	447	3481.94
308	1232	25280.95
308	307	8294.88
308	309	15300.62
308	442	8919.72
309	307	11905.76
309	308	15300.62
309	442	367.58
309	445	13440.86
309	446	3491.58
309	447	12033.30
31	24	1611.57
31	28	13819.25
31	29	3120.67
31	33	20116.98
310	304	23106.77
310	311	30420.23
310	314	3865.14
310	316	7227.49
310	72	379.69
310	75	1201.81
310	76	12088.55
310	77	18631.24
310	78	2936.15
310	79	1641.14
311	304	10053.93
311	310	30420.23
311	312	15555.05
311	314	12546.36
312	302	5464.04
312	303	7028.92
312	304	3728.70
312	311	15555.05
312	313	10720.49
312	314	13969.87
313	1846	14798.31
313	300	5733.09
313	301	3918.20
313	302	2709.65
313	312	10720.49
313	314	20579.08
314	1011	4863.73
314	1846	4551.16
314	1854	19344.42
314	310	3865.14
314	311	12546.36
314	312	13969.87
314	313	20579.08
314	315	35273.37
314	316	8962.82
315	1011	8642.10
315	1024	16174.67
315	1031	5838.90
315	314	35273.37
315	316	18613.49
316	1031	7258.42
316	310	7227.49
316	314	8962.82
316	315	18613.49
316	706	5107.96
316	79	10361.31
316	85	10223.00
317	318	1449.85
317	320	1038.82
317	328	2430.36
318	317	1449.85
318	319	865.73
318	328	1923.03
318	329	235.00
319	318	865.73
319	320	1090.74
319	329	1438.32
32	0	30661.24
32	1827	8801.40
32	28	12883.13
32	33	9775.72
32	713	3287.46
32	716	3868.25
320	317	1038.82
320	319	1090.74
320	328	845.80
320	329	1793.41
321	1417	7739.24
321	1424	6248.52
321	322	4302.09
321	323	693.62
321	325	1378.03
321	327	5610.12
321	503	4782.42
321	884	3495.14
322	321	4302.09
322	323	9046.61
322	325	7102.19
322	327	1231.43
322	328	5680.32
323	236	8303.50
323	321	693.62
323	322	9046.61
323	324	1956.37
323	328	413.43
323	884	5218.61
324	236	2114.87
324	323	1956.37
324	328	2633.37
325	321	1378.03
325	322	7102.19
325	326	1481.33
325	327	4287.69
326	325	1481.33
326	327	4248.04
327	1424	7759.42
327	321	5610.12
327	322	1231.43
327	325	4287.69
327	326	4248.04
327	328	4230.04
328	1424	2653.32
328	236	1698.71
328	317	2430.36
328	318	1923.03
328	320	845.80
328	322	5680.32
328	323	413.43
328	324	2633.37
328	327	4230.04
328	329	8757.59
328	330	5480.71
329	1170	5329.82
329	236	2630.72
329	237	10794.17
329	318	235.00
329	319	1438.32
329	320	1793.41
329	328	8757.59
329	330	7559.86
329	438	6529.27
33	1827	1148.39
33	24	2433.95
33	28	4747.80
33	30	6601.64
33	31	20116.98
33	32	9775.72
33	34	15540.90
330	1169	3088.00
330	1170	8350.76
330	138	6651.67
330	1424	11418.40
330	1437	7333.59
330	328	5480.71
330	329	7559.86
331	335	3899.58
332	1216	10633.80
332	1218	4408.22
332	158	4981.43
332	333	9917.27
332	334	5428.20
332	385	4160.94
332	980	3113.23
333	332	9917.27
333	334	10693.76
333	335	6192.90
333	385	3690.98
333	387	2352.49
334	158	1598.22
334	159	7516.49
334	162	1983.76
334	332	5428.20
334	333	10693.76
334	335	14513.45
334	396	563.78
334	397	4867.06
334	684	1816.91
335	331	3899.58
335	333	6192.90
335	334	14513.45
335	388	8353.39
335	394	4434.54
335	395	7026.67
335	396	1520.84
336	337	1605.18
336	360	1310.14
336	369	623.00
337	336	1605.18
337	360	1372.03
337	367	1372.14
337	368	553.29
337	369	136.10
338	339	7312.93
338	629	10184.09
338	630	4973.99
338	688	4291.52
338	689	5701.28
339	338	7312.93
339	340	537.43
339	356	2387.66
339	357	4520.28
339	630	505.85
34	1820	2665.77
34	1827	10091.75
34	30	3101.40
34	33	15540.90
340	2091	2311.93
340	339	537.43
340	341	1654.02
340	354	2605.79
340	356	4140.42
340	359	1486.60
340	689	1553.84
340	691	7565.32
341	340	1654.02
341	342	1142.68
341	353	1384.52
341	354	1753.78
341	691	2395.52
342	341	1142.68
342	352	3146.02
342	353	4267.42
342	399	3285.16
342	400	4331.16
342	690	1289.78
342	691	1972.42
343	344	4304.77
343	350	3789.08
343	351	1674.29
343	352	2264.11
343	782	2375.10
344	343	4304.77
344	345	7045.66
344	349	448.43
344	350	2787.99
344	782	2369.59
344	783	3127.59
345	344	7045.66
345	346	2657.86
345	348	2765.45
345	349	2587.64
345	783	1294.72
346	345	2657.86
346	347	4003.86
346	348	2987.39
346	783	5797.74
346	786	1641.98
347	1448	5121.93
347	1453	3013.37
347	346	4003.86
347	348	4658.66
347	785	1395.36
347	786	1864.30
348	1453	3376.29
348	345	2765.45
348	346	2987.39
348	347	4658.66
348	349	1329.94
348	363	1611.89
348	364	373.72
349	344	448.43
349	345	2587.64
349	348	1329.94
349	350	1900.83
349	362	1595.95
349	363	5045.54
35	36	9447.91
35	37	2118.78
35	38	2758.70
350	343	3789.08
350	344	2787.99
350	349	1900.83
350	351	3073.62
350	360	1914.30
350	361	2404.65
350	362	2387.85
351	343	1674.29
351	350	3073.62
351	352	1888.71
351	353	3249.97
351	355	2841.02
351	360	322.69
352	342	3146.02
352	343	2264.11
352	351	1888.71
352	353	3439.15
352	400	188.73
352	782	2229.03
353	341	1384.52
353	342	4267.42
353	351	3249.97
353	352	3439.15
353	354	1153.19
353	355	1240.81
354	340	2605.79
354	341	1753.78
354	353	1153.19
354	355	3382.61
354	359	1213.03
355	351	2841.02
355	353	1240.81
355	354	3382.61
355	359	3757.24
355	360	3494.60
356	1917	3125.20
356	2091	5202.88
356	2092	937.54
356	2093	1145.79
356	339	2387.66
356	340	4140.42
356	357	6430.76
356	373	2527.50
357	1917	5152.77
357	339	4520.28
357	356	6430.76
357	630	390.86
357	633	2023.97
359	2091	3816.23
359	340	1486.60
359	354	1213.03
359	355	3757.24
359	360	2308.29
359	370	401.76
359	371	3560.74
359	372	1061.72
36	35	9447.91
36	37	8333.66
36	38	9979.81
36	842	5339.03
36	844	9130.59
36	860	11213.95
360	336	1310.14
360	337	1372.03
360	350	1914.30
360	351	322.69
360	355	3494.60
360	359	2308.29
360	361	5229.99
360	367	1930.75
360	369	426.08
360	370	958.88
361	350	2404.65
361	360	5229.99
361	362	3106.94
361	367	1871.50
362	349	1595.95
362	350	2387.85
362	361	3106.94
362	363	4499.52
362	367	1009.68
363	1153	6756.81
363	2094	92.86
363	2095	3286.04
363	348	1611.89
363	349	5045.54
363	362	4499.52
363	364	3289.45
363	366	2808.59
363	367	2962.78
363	374	2265.92
364	1453	9281.32
364	348	373.72
364	363	3289.45
364	365	5047.18
364	366	3012.67
365	1154	1650.47
365	1452	6428.46
365	1453	148.19
365	364	5047.18
365	366	2232.74
365	374	5190.12
365	568	2615.21
366	363	2808.59
366	364	3012.67
366	365	2232.74
366	374	2391.66
367	1114	168.73
367	1152	2647.15
367	2094	3630.63
367	337	1372.14
367	360	1930.75
367	361	1871.50
367	362	1009.68
367	363	2962.78
367	368	2463.72
368	1152	2244.64
368	1915	167.21
368	1916	1069.43
368	1917	2152.67
368	1918	2518.58
368	337	553.29
368	367	2463.72
368	369	4629.19
368	370	2112.63
368	373	2496.12
369	336	623.00
369	337	136.10
369	360	426.08
369	368	4629.19
369	370	2714.78
37	35	2118.78
37	36	8333.66
37	379	5825.86
37	38	5808.61
37	40	11114.09
37	723	2635.36
37	844	6282.21
37	941	312.22
37	942	10340.32
370	359	401.76
370	360	958.88
370	368	2112.63
370	369	2714.78
370	371	2090.56
370	372	2285.51
370	373	2364.34
371	359	3560.74
371	370	2090.56
371	372	805.65
372	2091	1989.96
372	2092	688.06
372	359	1061.72
372	370	2285.51
372	371	805.65
372	373	62.53
373	1917	4487.04
373	2092	524.02
373	2093	1412.60
373	356	2527.50
373	368	2496.12
373	370	2364.34
373	372	62.53
374	1153	430.23
374	1154	1021.82
374	1155	3570.37
374	1156	4636.38
374	363	2265.92
374	365	5190.12
374	366	2391.66
375	376	662.57
375	377	2767.21
375	378	4962.63
375	379	3028.67
375	380	1186.14
375	572	109.10
375	573	4228.17
376	375	662.57
376	377	811.45
376	378	270.07
376	379	1700.15
377	375	2767.21
377	376	811.45
377	378	737.04
377	379	8752.01
377	380	12106.86
378	375	4962.63
378	376	270.07
378	377	737.04
379	37	5825.86
379	375	3028.67
379	376	1700.15
379	377	8752.01
379	380	4632.17
379	572	4754.94
379	723	21161.80
379	942	18894.74
379	943	5592.95
38	35	2758.70
38	36	9979.81
38	37	5808.61
38	39	7533.71
38	40	13381.13
38	859	12034.91
38	860	4873.38
380	1164	4537.42
380	268	13878.16
380	269	8358.47
380	375	1186.14
380	377	12106.86
380	379	4632.17
380	573	7357.48
380	574	9380.97
380	70	3460.31
380	723	1347.37
380	725	12634.75
380	734	690.85
381	382	3171.87
381	383	2576.98
382	1007	3706.92
382	1405	4394.16
382	381	3171.87
382	383	11070.77
382	502	13988.07
382	503	10572.99
382	626	5505.86
382	882	3560.91
383	1233	2705.82
383	1234	2149.58
383	1235	1289.91
383	1405	1986.04
383	381	2576.98
383	382	11070.77
383	619	7802.81
383	625	7539.65
383	626	3647.86
383	986	7716.44
384	400	2340.26
384	401	1782.29
385	332	4160.94
385	333	3690.98
385	386	5908.67
385	387	98.20
385	980	7355.10
386	385	5908.67
386	387	8561.75
386	980	3221.11
386	984	5755.13
387	333	2352.49
387	385	98.20
387	386	8561.75
387	388	5261.76
387	390	1890.22
387	979	1658.42
387	984	903.49
388	2056	2856.97
388	335	8353.39
388	387	5261.76
388	390	5381.37
388	394	497.20
389	1183	3389.31
389	1439	4288.31
389	2100	2178.25
389	390	3668.40
389	391	3275.43
389	979	4932.19
39	38	7533.71
39	40	7444.15
39	41	7864.34
39	42	10741.85
39	859	10004.93
39	862	8782.93
390	2056	1106.77
390	387	1890.22
390	388	5381.37
390	389	3668.40
390	391	6351.06
390	979	2145.99
391	1439	1170.93
391	1441	3472.96
391	1442	957.16
391	2056	1386.17
391	389	3275.43
391	390	6351.06
391	392	6986.16
392	1442	1792.26
392	2056	3023.82
392	2057	4685.64
392	391	6986.16
392	785	2067.93
394	2056	4038.22
394	2057	1643.03
394	2058	4791.33
394	335	4434.54
394	388	497.20
394	395	2438.39
395	2058	1415.89
395	335	7026.67
395	394	2438.39
395	396	7757.98
395	400	2339.36
395	401	5846.42
396	334	563.78
396	335	1520.84
396	395	7757.98
396	397	7397.57
396	398	3892.69
396	399	5050.17
396	400	5738.51
397	334	4867.06
397	396	7397.57
397	398	2824.37
397	684	778.30
398	396	3892.69
398	397	2824.37
398	399	4335.78
398	684	2130.57
398	685	7828.89
398	686	1644.27
398	690	1594.69
399	342	3285.16
399	396	5050.17
399	398	4335.78
399	400	4761.41
399	690	1228.39
4	1196	4418.39
4	1197	8094.51
4	2120	7067.46
4	492	14600.81
4	5	9946.52
4	706	3838.77
40	37	11114.09
40	38	13381.13
40	39	7444.15
40	41	16692.71
40	723	12486.07
40	724	6042.95
400	342	4331.16
400	352	188.73
400	384	2340.26
400	395	2339.36
400	396	5738.51
400	399	4761.41
400	401	3346.77
400	782	1248.41
400	783	853.77
401	2058	2993.23
401	384	1782.29
401	395	5846.42
401	400	3346.77
401	783	9397.37
402	2012	2212.00
402	2020	112.84
402	2024	829.04
402	2029	1382.54
402	2104	1028.80
402	405	1435.17
403	2105	2300.40
403	2106	3257.87
403	404	1263.91
403	411	1114.19
403	417	2260.04
404	2104	4774.28
404	2105	1756.28
404	2106	2341.53
404	403	1263.91
404	405	2565.59
404	406	1279.28
404	407	679.37
404	411	448.99
405	1742	463.18
405	2029	231.56
405	2043	612.18
405	2104	1406.67
405	2107	2352.06
405	2108	4496.30
405	402	1435.17
405	404	2565.59
405	406	1088.01
405	408	514.34
405	409	2243.00
406	404	1279.28
406	405	1088.01
406	407	218.64
406	408	442.41
407	404	679.37
407	406	218.64
407	408	401.52
407	410	410.21
407	411	350.30
408	405	514.34
408	406	442.41
408	407	401.52
408	409	438.22
409	2108	1272.06
409	405	2243.00
409	408	438.22
409	410	462.74
41	39	7864.34
41	40	16692.71
41	42	21202.30
41	43	5507.38
41	724	3490.83
41	726	8582.99
41	727	18633.00
41	728	13767.99
410	2108	422.32
410	407	410.21
410	409	462.74
410	411	40.55
410	412	452.42
411	2108	1011.21
411	403	1114.19
411	404	448.99
411	407	350.30
411	410	40.55
411	412	1697.23
411	417	1944.69
412	410	452.42
412	411	1697.23
413	1237	8653.32
413	1238	3878.29
413	1239	3105.08
413	414	6745.39
413	631	2933.27
413	632	4093.71
413	924	4588.81
414	1622	3001.07
414	1930	5418.25
414	2012	1601.25
414	2104	8612.25
414	413	6745.39
414	632	8773.43
414	635	2599.36
414	924	5042.74
417	2105	5775.53
417	2108	381.06
417	403	2260.04
417	411	1944.69
417	418	7977.29
417	419	4369.04
417	420	826.39
417	422	3697.67
418	14	10912.03
418	1929	6531.34
418	2105	6705.24
418	417	7977.29
418	422	4336.86
418	634	3535.06
419	417	4369.04
419	420	2683.90
419	421	4592.64
419	422	2271.95
42	39	10741.85
42	41	21202.30
42	43	13713.16
42	862	11812.26
420	1241	735.66
420	1742	4196.53
420	2108	3023.11
420	417	826.39
420	419	2683.90
420	425	6712.68
421	419	4592.64
421	422	5123.72
421	423	2837.21
421	425	4603.31
422	14	693.99
422	17	4486.43
422	417	3697.67
422	418	4336.86
422	419	2271.95
422	421	5123.72
422	423	4456.50
423	17	3612.68
423	421	2837.21
423	422	4456.50
423	424	1209.03
423	425	2012.67
423	428	5520.34
424	1241	1490.23
424	423	1209.03
424	425	13475.30
424	426	4448.47
424	427	4234.11
424	428	3914.35
425	1241	10102.44
425	420	6712.68
425	421	4603.31
425	423	2012.67
425	424	13475.30
426	1241	3219.12
426	1245	1779.21
426	424	4448.47
426	427	6795.80
427	1245	8871.52
427	424	4234.11
427	426	6795.80
427	428	5814.09
427	429	8165.87
427	430	4213.32
428	17	8346.13
428	423	5520.34
428	424	3914.35
428	427	5814.09
428	429	3354.57
428	430	1376.92
428	432	2846.08
429	427	8165.87
429	428	3354.57
429	430	11596.27
43	41	5507.38
43	42	13713.16
43	728	10777.30
43	730	12192.17
43	862	10933.25
43	863	9434.18
43	864	7102.48
430	1245	2245.05
430	1875	9525.70
430	1876	3093.03
430	427	4213.32
430	428	1376.92
430	429	11596.27
430	432	19409.90
431	432	4349.22
432	15	23177.70
432	17	7476.26
432	1807	1144.19
432	1808	8546.44
432	1832	11314.44
432	1834	17784.42
432	1876	10781.17
432	20	5666.12
432	297	8224.99
432	428	2846.08
432	430	19409.90
432	431	4349.22
433	434	995.71
433	435	3102.52
434	1188	8712.55
434	1530	2735.17
434	433	995.71
434	435	5844.16
434	9	546.55
435	1530	14207.29
435	19	8601.91
435	433	3102.52
435	434	5844.16
435	9	8256.59
436	1170	719.49
436	1171	561.95
436	437	12856.60
436	923	5296.40
437	1170	5775.77
437	1238	4945.44
437	149	9613.06
437	436	12856.60
437	438	16084.59
437	923	10021.31
438	1170	3489.39
438	149	9080.08
438	237	4804.42
438	329	6529.27
438	437	16084.59
439	440	547.83
439	441	3868.38
439	449	10406.05
439	450	3897.00
44	50	5593.76
440	439	547.83
440	441	2139.38
440	450	3172.44
440	451	2519.50
441	439	3868.38
441	440	2139.38
441	449	4142.60
441	451	5131.92
441	453	494.40
442	1232	7840.71
442	1556	28.54
442	308	8919.72
442	309	367.58
442	443	5633.65
442	444	1672.84
442	445	14326.43
443	1556	12579.14
443	442	5633.65
443	444	14024.38
443	509	124.68
443	516	4731.15
444	442	1672.84
444	443	14024.38
444	445	8331.78
444	446	11816.90
444	450	3041.87
444	516	7883.36
444	517	5377.02
445	309	13440.86
445	442	14326.43
445	444	8331.78
445	446	9640.41
446	309	3491.58
446	444	11816.90
446	445	9640.41
446	447	11533.48
446	448	5220.98
446	449	33714.10
446	450	9407.35
447	304	13181.56
447	307	3481.94
447	309	12033.30
447	446	11533.48
447	448	13731.69
447	77	6353.80
447	80	8040.73
447	82	2307.63
448	446	5220.98
448	447	13731.69
448	449	4153.08
448	454	1374.05
448	455	14572.52
448	82	23805.94
449	439	10406.05
449	441	4142.60
449	446	33714.10
449	448	4153.08
449	450	1903.28
449	453	4862.80
449	454	13534.18
45	0	8702.67
45	46	7251.10
45	47	4018.15
45	637	3917.25
450	439	3897.00
450	440	3172.44
450	444	3041.87
450	446	9407.35
450	449	1903.28
450	451	5042.86
450	517	6484.47
450	524	4843.14
451	440	2519.50
451	441	5131.92
451	450	5042.86
451	452	9425.82
451	524	1239.08
451	525	3043.77
452	117	2660.65
452	118	4145.76
452	120	2913.68
452	121	2703.66
452	451	9425.82
452	453	5700.44
452	525	2581.71
453	117	5357.93
453	1192	1630.10
453	441	494.40
453	449	4862.80
453	452	5700.44
453	454	6208.64
454	1192	3964.71
454	2049	3142.82
454	448	1374.05
454	449	13534.18
454	453	6208.64
454	455	12305.66
455	1191	5384.15
455	1195	2923.76
455	2049	3883.88
455	448	14572.52
455	454	12305.66
455	82	1052.65
456	457	1143.29
456	475	2066.69
456	477	778.91
457	456	1143.29
457	475	904.23
457	477	2121.86
458	1913	1501.48
458	1914	6049.96
458	459	4709.99
458	476	1903.99
458	982	6503.64
459	1912	1612.04
459	1913	5937.01
459	458	4709.99
459	475	4630.63
459	476	5228.58
46	0	19471.22
46	45	7251.10
46	47	6672.49
460	1909	1208.64
460	1910	5269.48
460	1911	7398.99
460	1912	40.67
460	461	6171.95
460	475	13335.87
461	1578	1986.79
461	1579	5604.08
461	1910	11198.42
461	2059	1380.59
461	2060	7107.10
461	2061	7555.55
461	460	6171.95
461	473	4457.58
461	474	14106.02
461	475	1140.53
463	1111	8638.85
463	1579	10801.75
463	2059	3596.68
463	2060	180.26
463	464	7213.64
463	472	6817.60
464	1111	1225.25
464	1112	7347.63
464	2062	1396.47
464	463	7213.64
464	465	7409.69
464	472	7399.96
465	1112	9890.73
465	2062	10473.60
465	2064	2070.50
465	464	7409.69
465	466	29349.97
465	470	8495.67
466	1112	2805.70
466	465	29349.97
466	467	14859.94
466	468	14149.09
466	469	23225.25
466	470	3971.02
466	830	6692.94
467	1112	2551.63
467	466	14859.94
467	468	14727.06
467	974	2979.43
467	975	21010.67
468	466	14149.09
468	467	14727.06
468	821	18455.04
468	822	4758.55
468	823	916.21
468	830	15848.24
468	972	6138.99
468	974	9665.20
469	466	23225.25
469	470	9455.43
469	830	1805.48
469	831	3705.08
469	832	5405.36
469	833	14675.50
469	834	596.10
47	0	10971.47
47	45	4018.15
47	46	6672.49
47	48	7539.13
47	49	1665.24
47	637	1512.07
470	2064	1618.68
470	2068	5058.44
470	2070	3932.86
470	465	8495.67
470	466	3971.02
470	469	9455.43
470	480	6562.95
470	834	4045.44
472	2060	6736.46
472	2062	4043.47
472	2063	2457.61
472	2064	1121.82
472	463	6817.60
472	464	7399.96
472	473	6001.39
473	2060	4743.74
473	2063	6924.36
473	461	4457.58
473	472	6001.39
473	474	4685.76
473	479	7042.92
473	480	8835.76
474	2065	8956.67
474	461	14106.02
474	473	4685.76
474	475	312.72
474	479	3793.99
475	1912	5887.65
475	2065	5543.45
475	456	2066.69
475	457	904.23
475	459	4630.63
475	460	13335.87
475	461	1140.53
475	474	312.72
475	476	5208.08
475	477	6602.48
476	1223	4103.84
476	1224	1549.80
476	458	1903.99
476	459	5228.58
476	475	5208.08
476	477	4642.01
476	982	3040.80
477	1224	9047.70
477	2065	3036.91
477	2066	3120.53
477	456	778.91
477	457	2121.86
477	475	6602.48
477	476	4642.01
479	2065	9652.49
479	2067	909.22
479	2071	6852.99
479	473	7042.92
479	474	3793.99
479	480	8690.21
479	483	2531.16
48	47	7539.13
48	49	6100.29
48	50	15772.02
48	637	6242.83
480	2063	4893.78
480	2064	7112.08
480	2067	11514.22
480	2068	11851.45
480	470	6562.95
480	473	8835.76
480	479	8690.21
483	2065	3094.89
483	2071	10609.74
483	2075	4590.22
483	479	2531.16
483	484	2782.83
483	485	958.86
483	488	865.20
483	837	6814.28
484	2065	884.32
484	483	2782.83
484	485	2010.42
485	2065	2113.64
485	2075	630.30
485	483	958.86
485	484	2010.42
487	1181	4120.81
487	1182	6032.26
487	1222	8588.33
487	2074	781.11
487	488	11299.51
487	838	6224.82
488	2074	739.62
488	2075	8960.96
488	483	865.20
488	487	11299.51
488	837	8258.64
488	838	3632.98
489	2121	9072.25
489	2122	204.68
489	2123	279.67
489	3	242.28
489	490	1036.18
489	492	2410.36
489	497	8790.17
489	501	1446.21
49	0	18563.98
49	47	1665.24
49	48	6100.29
49	50	5082.32
490	2122	92.66
490	2123	4513.75
490	489	1036.18
490	501	303.51
492	1196	7957.24
492	1205	1798.11
492	1206	172.73
492	2120	2273.00
492	2121	182.68
492	4	14600.81
492	489	2410.36
492	493	16809.40
492	496	4206.44
492	497	9133.19
493	1206	8393.48
493	492	16809.40
493	494	12364.66
493	495	3236.97
493	496	11645.11
494	1206	3319.94
494	493	12364.66
494	495	3898.75
494	799	5708.49
494	800	2189.64
495	1817	2104.55
495	493	3236.97
495	494	3898.75
495	496	6052.81
495	498	7188.70
495	499	8161.29
495	800	5118.00
495	807	3063.63
496	492	4206.44
496	493	11645.11
496	495	6052.81
496	497	1559.68
496	498	9832.01
497	1816	3504.07
497	2123	3257.07
497	489	8790.17
497	492	9133.19
497	496	1559.68
497	498	4412.93
497	500	4214.95
498	1816	2833.02
498	1817	3817.72
498	495	7188.70
498	496	9832.01
498	497	4412.93
499	1817	8024.19
499	1818	2889.36
499	495	8161.29
499	591	5923.65
499	807	4814.31
5	2120	4473.60
5	4	9946.52
5	6	19449.58
5	706	8195.97
5	714	6179.88
50	1042	2385.67
50	1235	3285.37
50	44	5593.76
50	48	15772.02
50	49	5082.32
50	51	6579.06
50	52	4259.21
50	53	6992.36
50	620	4616.25
50	637	335.19
500	1812	7516.64
500	1814	4355.76
500	1816	5763.42
500	1819	2159.17
500	1820	311.95
500	2123	7866.98
500	2146	1775.69
500	30	8842.65
500	497	4214.95
501	2122	2679.36
501	489	1446.21
501	490	303.51
502	1416	2309.15
502	1417	9389.70
502	382	13988.07
502	503	22588.06
502	914	18041.01
502	920	8639.79
503	1417	13176.06
503	321	4782.42
503	382	10572.99
503	502	22588.06
503	882	4781.94
503	884	4340.95
504	121	4598.95
504	122	272.23
504	2128	2300.05
504	2129	3851.46
504	505	2378.68
504	525	4125.28
504	526	6206.52
505	504	2378.68
505	506	7883.80
505	522	4695.96
505	523	1970.94
505	526	5333.31
505	527	3765.77
506	2128	445.75
506	2130	2307.38
506	505	7883.80
506	508	1562.86
506	527	3365.04
506	528	2726.04
506	531	3924.92
506	55	5817.84
506	56	4151.84
508	2128	2032.57
508	2129	484.75
508	2130	1158.43
508	506	1562.86
509	1556	17035.76
509	443	124.68
509	510	7657.55
509	516	8180.17
51	0	4884.76
51	50	6579.06
51	52	2667.34
51	557	7583.11
51	559	2885.62
510	1556	4065.26
510	1564	3984.71
510	509	7657.55
510	511	4191.73
510	512	7174.08
510	516	5398.31
510	518	11394.80
511	510	4191.73
511	512	2038.57
512	1564	13220.45
512	1565	1557.07
512	510	7174.08
512	511	2038.57
512	513	2052.85
512	515	7392.12
512	518	2415.88
513	1565	3951.58
513	512	2052.85
513	514	2297.28
513	515	3152.73
514	0	5722.10
514	1565	977.71
514	1566	9742.72
514	513	2297.28
514	515	8742.11
514	519	10652.52
515	512	7392.12
515	513	3152.73
515	514	8742.11
515	518	5893.20
515	519	5855.82
516	443	4731.15
516	444	7883.36
516	509	8180.17
516	510	5398.31
516	517	4139.13
516	518	10697.04
517	444	5377.02
517	450	6484.47
517	516	4139.13
517	518	6142.14
517	524	6310.63
518	510	11394.80
518	512	2415.88
518	515	5893.20
518	516	10697.04
518	517	6142.14
518	519	3258.08
518	522	8348.86
518	523	7906.52
518	524	3577.51
519	0	5622.44
519	514	10652.52
519	515	5855.82
519	518	3258.08
519	520	16932.98
519	522	3796.78
52	1042	3602.30
52	1043	5585.05
52	50	4259.21
52	51	2667.34
52	53	6235.03
52	559	7075.52
520	0	3101.50
520	519	16932.98
520	521	4373.39
520	522	3495.13
520	529	15726.49
521	520	4373.39
521	522	2241.31
521	528	3472.77
522	505	4695.96
522	518	8348.86
522	519	3796.78
522	520	3495.13
522	521	2241.31
522	523	6270.93
522	527	1194.79
522	528	1968.08
523	505	1970.94
523	518	7906.52
523	522	6270.93
523	524	4438.53
523	525	2469.52
523	526	4119.29
524	450	4843.14
524	451	1239.08
524	517	6310.63
524	518	3577.51
524	523	4438.53
524	525	6044.88
525	121	1233.71
525	451	3043.77
525	452	2581.71
525	504	4125.28
525	523	2469.52
525	524	6044.88
525	526	2684.42
526	504	6206.52
526	505	5333.31
526	523	4119.29
526	525	2684.42
527	505	3765.77
527	506	3365.04
527	522	1194.79
527	528	5272.13
528	506	2726.04
528	521	3472.77
528	522	1968.08
528	527	5272.13
528	529	5378.24
528	530	2969.82
528	531	4573.22
529	0	2920.12
529	520	15726.49
529	528	5378.24
529	530	7714.75
53	1042	5027.97
53	50	6992.36
53	52	6235.03
530	0	2711.30
530	528	2969.82
530	529	7714.75
530	531	4132.05
530	56	1531.48
530	57	1652.15
530	58	4098.88
531	506	3924.92
531	528	4573.22
531	530	4132.05
531	56	3068.96
533	0	4339.49
533	2139	3642.91
533	2140	1984.12
533	2141	2171.19
533	534	2390.70
533	535	3576.23
533	536	1462.95
534	1252	4438.70
534	1253	2402.91
534	1254	359.06
534	1392	4410.56
534	1400	2283.21
534	2140	5934.68
534	533	2390.70
534	535	6569.83
535	1254	9261.78
535	533	3576.23
535	534	6569.83
535	536	5357.40
536	0	3387.64
536	1254	1845.67
536	533	1462.95
536	535	5357.40
537	114	3122.54
537	1200	7077.02
537	127	7546.47
537	538	8341.74
538	114	3222.47
538	1200	186.07
538	1201	937.01
538	537	8341.74
538	539	6026.27
539	1035	5110.97
539	1036	1321.10
539	113	12592.27
539	114	3151.33
539	1201	1835.78
539	538	6026.27
54	0	9481.33
54	113	8799.46
54	115	619.32
54	66	4410.17
54	761	1615.95
54	762	4616.23
540	541	1600.34
540	542	168.09
540	543	5235.15
540	544	4591.25
540	545	4826.22
540	549	4271.77
541	540	1600.34
541	542	1651.66
542	1377	1351.26
542	540	168.09
542	541	1651.66
542	543	2479.33
542	549	3602.06
542	551	6440.72
542	552	9369.70
543	540	5235.15
543	542	2479.33
543	546	4093.84
543	548	3376.35
543	553	792.97
544	1357	3770.35
544	1358	740.35
544	1362	2815.10
544	1363	1934.66
544	540	4591.25
544	545	8232.53
544	549	430.99
545	1357	1469.47
545	1767	5100.54
545	1768	6956.46
545	1769	3502.10
545	540	4826.22
545	544	8232.53
545	546	3491.82
546	1769	7347.64
546	1770	828.28
546	543	4093.84
546	545	3491.82
546	547	3268.35
546	548	2793.57
547	1770	2703.17
547	546	3268.35
547	548	6200.89
547	552	667.25
547	554	16954.56
547	595	2513.60
547	598	10090.52
548	543	3376.35
548	546	2793.57
548	547	6200.89
548	552	2442.78
548	553	1497.12
549	1363	2650.25
549	1364	1785.78
549	540	4271.77
549	542	3602.06
549	544	430.99
549	550	4696.30
549	551	1325.45
55	129	3622.99
55	2130	606.21
55	506	5817.84
55	56	2969.85
55	62	1532.04
55	63	2245.19
55	65	9099.03
550	1364	1013.13
550	1368	2641.97
550	1372	2288.16
550	1377	4221.26
550	549	4696.30
550	551	6956.47
550	555	1449.71
551	1377	6037.33
551	542	6440.72
551	549	1325.45
551	550	6956.47
551	555	1714.32
552	1377	2817.28
552	1378	86.35
552	1380	3141.84
552	542	9369.70
552	547	667.25
552	548	2442.78
552	553	1385.28
552	554	5752.17
552	770	8877.79
553	543	792.97
553	548	1497.12
553	552	1385.28
554	547	16954.56
554	552	5752.17
554	598	2548.78
554	768	8152.61
554	769	8214.49
554	770	3209.04
555	550	1449.71
555	551	1714.32
556	565	3093.93
557	0	3895.85
557	51	7583.11
557	558	8421.35
557	559	7798.98
558	0	1198.14
558	1084	9086.48
558	1085	2658.72
558	1087	207.00
558	557	8421.35
558	559	1635.89
558	561	12145.79
558	562	2798.99
559	1043	5216.11
559	51	2885.62
559	52	7075.52
559	557	7798.98
559	558	1635.89
559	560	6067.57
559	561	2829.54
56	506	4151.84
56	530	1531.48
56	531	3068.96
56	55	2969.85
56	57	1747.86
56	58	1911.05
56	61	2997.44
56	62	4031.54
560	1043	3858.66
560	1210	2245.10
560	559	6067.57
560	561	5836.55
560	563	2633.31
560	564	4034.70
561	558	12145.79
561	559	2829.54
561	560	5836.55
561	562	3332.16
561	563	9565.85
562	1087	4754.72
562	1088	5130.07
562	1089	588.58
562	1090	2712.29
562	1219	1209.85
562	558	2798.99
562	561	3332.16
562	563	6885.36
562	565	3211.47
563	560	2633.31
563	561	9565.85
563	562	6885.36
563	564	2716.50
563	565	13277.23
564	1210	3536.70
564	1211	4042.64
564	560	4034.70
564	563	2716.50
564	565	2349.11
565	1211	3845.63
565	1212	10859.75
565	1216	2910.90
565	1217	5770.38
565	1218	3120.61
565	1219	609.82
565	556	3093.93
565	562	3211.47
565	563	13277.23
565	564	2349.11
566	567	4049.06
566	568	5290.17
566	569	3040.53
566	575	5990.91
566	576	9080.14
567	566	4049.06
568	1154	4707.38
568	1452	675.00
568	365	2615.21
568	566	5290.17
568	569	9682.11
568	576	4303.52
569	1451	1248.68
569	1452	5067.13
569	566	3040.53
569	568	9682.11
569	570	5956.10
569	575	2221.27
57	530	1652.15
57	56	1747.86
57	58	5295.61
570	1451	5469.95
570	569	5956.10
570	571	9821.65
570	575	2895.59
570	937	981.96
570	938	8890.65
571	570	9821.65
571	572	7722.91
571	574	2723.38
571	575	6765.87
571	937	1356.15
571	939	2206.45
572	375	109.10
572	379	4754.94
572	571	7722.91
572	573	11160.26
572	574	2210.91
572	939	5448.06
572	943	4280.66
573	375	4228.17
573	380	7357.48
573	572	11160.26
573	574	6466.29
574	1160	651.95
574	1162	1473.03
574	1163	8141.96
574	1164	2416.20
574	1460	765.36
574	1461	12817.75
574	380	9380.97
574	571	2723.38
574	572	2210.91
574	573	6466.29
574	575	4499.96
574	576	2557.23
575	566	5990.91
575	569	2221.27
575	570	2895.59
575	571	6765.87
575	574	4499.96
575	576	3181.13
576	1154	2365.64
576	1155	7358.78
576	1160	2099.57
576	1161	7582.69
576	1162	4237.41
576	566	9080.14
576	568	4303.52
576	574	2557.23
576	575	3181.13
577	578	1806.31
577	580	919.50
577	581	8388.82
577	593	3050.99
577	594	6249.97
578	1763	983.83
578	577	1806.31
578	579	1052.85
578	580	307.72
578	594	853.21
579	1763	300.58
579	1764	237.32
579	578	1052.85
579	580	319.00
579	584	1177.26
58	0	3845.91
58	530	4098.88
58	56	1911.05
58	57	5295.61
58	59	3373.78
580	577	919.50
580	578	307.72
580	579	319.00
580	581	202.93
580	582	400.05
580	583	325.30
581	1823	7386.45
581	1824	879.20
581	577	8388.82
581	580	202.93
581	582	369.16
581	587	8302.80
581	589	1278.30
581	593	2068.15
582	580	400.05
582	581	369.16
582	583	575.22
582	588	362.94
582	589	194.35
583	580	325.30
583	582	575.22
583	584	315.42
583	585	254.95
583	588	328.21
584	1764	376.87
584	579	1177.26
584	583	315.42
584	585	1178.38
585	1764	107.02
585	583	254.95
585	584	1178.38
585	586	768.06
585	587	305.49
586	1764	401.18
586	585	768.06
586	587	418.59
586	590	840.73
587	1824	918.60
587	581	8302.80
587	585	305.49
587	586	418.59
587	588	297.00
587	589	3092.36
587	590	4187.70
587	596	5946.42
588	582	362.94
588	583	328.21
588	587	297.00
588	589	1051.30
589	581	1278.30
589	582	194.35
589	587	3092.36
589	588	1051.30
59	0	7272.31
59	58	3373.78
59	60	2095.39
59	61	2423.04
59	63	1224.35
59	65	5885.83
590	1764	1330.45
590	1765	2889.74
590	1770	3709.84
590	586	840.73
590	587	4187.70
590	595	1907.34
590	597	2792.31
591	1818	4390.27
591	499	5923.65
591	592	1245.89
591	807	1934.38
591	808	5750.14
592	1756	2537.66
592	1813	8330.48
592	1818	6418.28
592	591	1245.89
592	593	11481.47
592	808	4548.26
593	1756	5436.01
593	1813	1478.88
593	1815	2529.71
593	577	3050.99
593	581	2068.15
593	592	11481.47
593	594	8014.83
594	1756	1968.33
594	1758	3437.39
594	1761	4649.25
594	1763	1067.16
594	577	6249.97
594	578	853.21
594	593	8014.83
595	1770	4054.70
595	547	2513.60
595	590	1907.34
595	596	2215.78
595	597	2673.44
595	598	5886.76
596	1824	1928.86
596	587	5946.42
596	595	2215.78
596	597	1125.88
596	598	4175.59
596	599	1182.09
596	600	5360.81
597	590	2792.31
597	595	2673.44
597	596	1125.88
598	547	10090.52
598	554	2548.78
598	595	5886.76
598	596	4175.59
598	599	9000.65
598	601	3939.27
599	1826	7045.97
599	596	1182.09
599	598	9000.65
599	600	7600.99
599	601	9983.87
6	2120	2025.48
6	2121	4255.10
6	25	7476.79
6	26	5976.22
6	3	5184.51
6	5	19449.58
6	714	1235.29
60	59	2095.39
60	61	4136.58
600	1822	820.34
600	1824	5563.11
600	1825	10463.93
600	596	5360.81
600	599	7600.99
601	0	9431.62
601	1827	12325.73
601	598	3939.27
601	599	9983.87
601	768	4661.88
601	775	8256.18
602	284	2863.77
602	285	4282.56
602	287	4589.06
602	603	6623.74
602	604	8824.19
602	607	6632.93
602	719	667.26
602	722	808.78
602	740	4395.32
602	741	4640.12
603	602	6623.74
604	602	8824.19
604	605	9707.21
604	606	7286.68
604	607	2512.75
604	741	3247.16
605	1541	5343.75
605	1542	7889.47
605	2135	4790.96
605	604	9707.21
605	606	8035.85
605	612	3048.50
605	614	3122.55
605	741	883.09
605	742	9477.02
606	1537	1694.34
606	1538	2863.66
606	1539	9937.80
606	1541	8856.90
606	604	7286.68
606	605	8035.85
606	607	8247.40
606	615	3533.57
606	616	3618.43
607	1537	2699.21
607	287	1718.77
607	288	6135.84
607	602	6632.93
607	604	2512.75
607	606	8247.40
609	2135	19266.03
609	2136	3248.15
609	610	4538.71
609	611	10367.86
609	742	4652.21
609	743	13479.88
609	751	1468.96
61	56	2997.44
61	59	2423.04
61	60	4136.58
61	62	2439.07
61	63	2979.06
610	609	4538.71
610	611	8953.16
610	613	3323.08
610	751	13377.50
611	2136	5869.88
611	609	10367.86
611	610	8953.16
611	613	1179.25
612	605	3048.50
612	614	1006.18
613	1547	3477.36
613	1548	11625.59
613	1549	2501.83
613	2136	3769.62
613	610	3323.08
613	611	1179.25
613	750	19090.36
613	751	3956.01
613	752	5783.18
614	605	3122.55
614	612	1006.18
615	606	3533.57
615	616	1681.37
616	606	3618.43
616	615	1681.37
617	1235	4291.66
617	618	4344.09
617	619	3770.05
618	1045	824.55
618	1406	308.33
618	1407	3703.75
618	1410	5412.82
618	617	4344.09
618	619	3706.92
618	620	5408.14
619	1235	8210.65
619	1406	2127.84
619	383	7802.81
619	617	3770.05
619	618	3706.92
619	986	6174.64
62	55	1532.04
62	56	4031.54
62	61	2439.07
62	63	4099.82
620	1042	12243.99
620	1045	3737.39
620	1235	13397.13
620	50	4616.25
620	618	5408.14
621	622	1513.85
621	623	1343.81
621	624	1661.18
622	621	1513.85
622	623	897.10
622	624	202.84
622	625	1340.22
622	626	1209.16
623	1006	7886.96
623	1007	11887.62
623	621	1343.81
623	622	897.10
623	624	12269.46
623	626	9299.87
624	1006	133.06
624	1233	7813.80
624	621	1661.18
624	622	202.84
624	623	12269.46
624	625	4256.01
624	636	4953.26
624	998	4715.49
625	1233	7302.52
625	383	7539.65
625	622	1340.22
625	624	4256.01
625	626	14271.15
626	1007	1804.74
626	382	5505.86
626	383	3647.86
626	622	1209.16
626	623	9299.87
626	625	14271.15
627	628	657.36
627	632	737.91
627	633	761.24
627	634	1706.19
628	627	657.36
628	633	5460.54
628	634	855.61
629	1236	4540.84
629	1237	291.22
629	154	8122.76
629	338	10184.09
629	630	6710.99
629	631	4827.04
63	55	2245.19
63	59	1224.35
63	61	2979.06
63	62	4099.82
63	65	6453.08
630	338	4973.99
630	339	505.85
630	357	390.86
630	629	6710.99
630	631	3471.52
630	633	9154.04
631	1237	1283.76
631	413	2933.27
631	629	4827.04
631	630	3471.52
631	632	8578.63
631	633	5391.15
632	413	4093.71
632	414	8773.43
632	627	737.91
632	631	8578.63
632	633	2265.54
632	634	6372.14
632	635	4549.11
633	1917	7381.24
633	1924	5964.94
633	357	2023.97
633	627	761.24
633	628	5460.54
633	630	9154.04
633	631	5391.15
633	632	2265.54
633	634	7529.98
634	1924	5755.30
634	1929	5892.75
634	2105	7448.86
634	418	3535.06
634	627	1706.19
634	628	855.61
634	632	6372.14
634	633	7529.98
634	635	9576.26
635	2104	2527.30
635	2105	8007.28
635	414	2599.36
635	632	4549.11
635	634	9576.26
636	0	6893.00
636	1233	5645.76
636	624	4953.26
636	637	3648.59
636	998	4821.21
637	0	11125.49
637	1233	6265.31
637	1234	9821.25
637	1235	2764.10
637	45	3917.25
637	47	1512.07
637	48	6242.83
637	50	335.19
637	636	3648.59
638	199	2176.75
638	209	1455.56
638	212	5390.24
638	639	1817.29
638	640	2038.29
638	641	713.51
638	642	4813.61
638	645	3096.66
638	646	6269.44
639	638	1817.29
639	641	774.12
639	642	2517.71
64	114	4852.66
64	115	3879.71
64	127	3492.01
64	128	4664.20
64	129	873.49
64	65	9867.31
64	66	1857.18
64	67	1304.73
640	638	2038.29
640	641	932.23
641	638	713.51
641	639	774.12
641	640	932.23
641	642	1290.00
642	638	4813.61
642	639	2517.71
642	641	1290.00
642	644	16836.90
642	645	5921.20
642	646	6158.42
643	214	19685.94
643	219	19945.57
643	644	9024.22
643	645	9767.32
643	902	14194.43
643	903	7813.26
644	642	16836.90
644	643	9024.22
644	645	4760.06
644	646	2115.46
644	647	10923.41
644	903	18240.82
644	908	2243.24
645	199	6623.41
645	215	1295.99
645	219	8674.05
645	638	3096.66
645	642	5921.20
645	643	9767.32
645	644	4760.06
646	209	1115.02
646	638	6269.44
646	642	6158.42
646	644	2115.46
646	647	6720.91
646	648	1210.78
646	649	16675.75
647	644	10923.41
647	646	6720.91
647	648	20346.21
647	908	3992.91
647	912	12661.05
648	646	1210.78
648	647	20346.21
648	649	12867.96
648	656	7696.04
648	912	11350.15
649	209	8653.15
649	223	928.49
649	646	16675.75
649	648	12867.96
649	650	8603.58
649	651	4411.32
649	655	8994.65
649	656	7884.51
65	0	2104.23
65	129	2071.18
65	55	9099.03
65	59	5885.83
65	63	6453.08
65	64	9867.31
65	67	9304.72
650	223	3194.29
650	229	4467.51
650	649	8603.58
650	651	9288.25
651	229	10174.89
651	649	4411.32
651	650	9288.25
651	653	4984.35
651	654	9553.13
651	655	1528.70
652	229	15965.42
652	230	5906.41
652	653	12256.28
652	657	4710.60
652	658	10341.83
652	660	6907.33
652	661	7309.30
653	229	4536.66
653	651	4984.35
653	652	12256.28
653	654	3636.14
653	657	4741.84
654	1880	1770.12
654	651	9553.13
654	653	3636.14
654	655	12257.55
654	656	9865.17
654	657	4612.11
654	661	20723.26
655	649	8994.65
655	651	1528.70
655	654	12257.55
655	656	9717.03
656	1880	19415.37
656	1881	6091.63
656	648	7696.04
656	649	7884.51
656	654	9865.17
656	655	9717.03
656	912	5851.28
657	652	4710.60
657	653	4741.84
657	654	4612.11
657	661	8029.83
658	230	7093.42
658	652	10341.83
658	659	5451.07
658	660	5802.37
659	101	8044.44
659	230	3269.35
659	658	5451.07
659	660	14248.80
66	0	2804.65
66	115	8805.95
66	54	4410.17
66	64	1857.18
66	67	12774.34
660	101	406.48
660	102	10358.52
660	652	6907.33
660	658	5802.37
660	659	14248.80
660	661	8196.16
661	102	9176.68
661	1880	11212.62
661	1894	2703.99
661	1895	10302.62
661	652	7309.30
661	654	20723.26
661	657	8029.83
661	660	8196.16
662	1047	8702.51
662	1213	4944.04
662	151	505.18
662	663	3372.32
662	664	14739.73
662	665	7581.69
662	667	4778.27
662	668	8334.53
663	662	3372.32
663	668	1319.23
664	1046	1054.41
664	1047	7766.76
664	1051	4720.29
664	148	20257.84
664	149	2685.37
664	150	20710.21
664	151	9549.83
664	662	14739.73
665	1213	6477.19
665	662	7581.69
665	666	13403.36
665	667	540.68
666	1213	1577.27
666	1214	4460.41
666	157	649.81
666	665	13403.36
666	667	8319.55
667	157	6258.65
667	161	4464.41
667	662	4778.27
667	665	540.68
667	666	8319.55
667	668	3125.01
668	151	2835.44
668	153	5733.47
668	161	5606.02
668	662	8334.53
668	663	1319.23
668	667	3125.01
669	670	1643.88
669	671	1031.68
669	676	2010.19
669	677	27.17
67	0	4630.53
67	64	1304.73
67	65	9304.72
67	66	12774.34
670	1000	7289.15
670	669	1643.88
670	671	347.58
670	677	2546.08
670	679	4524.42
670	680	1477.18
670	681	3877.65
671	669	1031.68
671	670	347.58
671	676	913.30
671	681	2001.43
672	1068	22559.42
672	673	9928.51
672	677	5360.68
672	678	17688.27
673	1068	809.32
673	1069	9741.30
673	672	9928.51
673	674	7794.87
673	675	7323.54
673	676	5602.18
673	677	3860.48
674	0	37865.50
674	1069	13164.16
674	673	7794.87
674	675	10514.73
675	0	15400.51
675	673	7323.54
675	674	10514.73
675	676	9657.70
675	681	6957.71
675	997	10312.04
676	669	2010.19
676	671	913.30
676	673	5602.18
676	675	9657.70
676	677	11376.87
676	681	5346.84
677	1002	2828.80
677	669	27.17
677	670	2546.08
677	672	5360.68
677	673	3860.48
677	676	11376.87
677	678	7391.18
677	679	6972.69
677	680	7412.31
678	0	29224.15
678	1002	5627.44
678	1068	1960.59
678	672	17688.27
678	677	7391.18
679	670	4524.42
679	677	6972.69
679	680	6684.14
68	69	8395.72
68	71	1546.45
680	1000	4037.55
680	1001	3965.39
680	1002	21763.56
680	670	1477.18
680	677	7412.31
680	679	6684.14
681	1000	2260.96
681	670	3877.65
681	671	2001.43
681	675	6957.71
681	676	5346.84
681	997	4015.62
681	999	8299.14
682	690	1828.93
682	691	2643.07
683	153	4681.43
683	154	5607.49
683	161	1259.22
683	162	2910.35
683	2055	1978.39
683	684	4069.80
683	687	652.29
683	688	4375.77
684	162	20007.26
684	334	1816.91
684	397	778.30
684	398	2130.57
684	683	4069.80
684	685	9160.77
684	686	5127.27
684	687	363.35
685	398	7828.89
685	684	9160.77
685	686	4406.25
686	398	1644.27
686	684	5127.27
686	685	4406.25
686	687	8537.41
686	689	4121.18
686	690	4428.63
687	683	652.29
687	684	363.35
687	686	8537.41
687	688	10139.15
687	689	8409.80
688	154	4584.99
688	338	4291.52
688	683	4375.77
688	687	10139.15
688	689	274.54
689	338	5701.28
689	340	1553.84
689	686	4121.18
689	687	8409.80
689	688	274.54
689	690	2803.46
689	691	6994.38
69	1455	6870.20
69	1458	911.20
69	1461	916.16
69	68	8395.72
69	70	11420.53
69	71	4472.70
690	342	1289.78
690	398	1594.69
690	399	1228.39
690	682	1828.93
690	686	4428.63
690	689	2803.46
690	691	3798.48
691	340	7565.32
691	341	2395.52
691	342	1972.42
691	682	2643.07
691	689	6994.38
691	690	3798.48
692	0	10951.91
692	693	1603.45
692	694	4621.12
692	695	6613.64
692	696	96.44
693	692	1603.45
693	695	642.60
693	696	1997.09
694	0	5950.50
694	692	4621.12
694	695	11007.88
694	956	16704.78
695	692	6613.64
695	693	642.60
695	694	11007.88
695	696	24163.85
695	956	8206.96
695	960	14729.22
696	0	57786.12
696	692	96.44
696	693	1997.09
696	695	24163.85
696	960	5681.10
696	961	6355.97
698	2124	2338.33
698	2125	187.38
698	699	1533.37
698	703	719.92
698	717	1927.68
699	698	1533.37
699	700	929.11
699	702	896.39
699	703	498.61
7	10	206.84
7	11	981.73
7	13	938.14
7	8	2133.44
7	9	2365.16
70	1071	5401.24
70	1164	11210.46
70	1461	6258.34
70	1797	7561.81
70	268	7036.32
70	270	5686.55
70	380	3460.31
70	69	11420.53
70	71	4512.50
700	2125	1388.96
700	699	929.11
700	701	1105.63
700	702	119.68
701	2125	1082.16
701	700	1105.63
701	702	408.81
701	703	281.84
701	704	2640.07
701	707	2206.18
701	709	5068.96
701	710	7796.02
701	711	5164.54
701	712	243.36
701	717	7130.99
702	699	896.39
702	700	119.68
702	701	408.81
702	703	2146.59
702	704	228.83
703	698	719.92
703	699	498.61
703	701	281.84
703	702	2146.59
703	704	1223.58
703	712	6151.23
703	713	1359.04
703	717	4129.73
704	701	2640.07
704	702	228.83
704	703	1223.58
705	1031	22903.06
705	1032	1074.44
705	706	37976.06
705	707	11067.39
705	717	8790.93
706	1031	6230.27
706	1197	13575.47
706	316	5107.96
706	4	3838.77
706	5	8195.97
706	705	37976.06
706	714	6047.60
706	717	17372.35
706	82	1072.62
706	84	5357.72
706	85	3365.45
706	86	15222.68
707	1032	5710.31
707	701	2206.18
707	705	11067.39
707	708	12417.91
707	709	5630.59
707	717	5988.77
708	707	12417.91
708	709	6751.35
709	1030	1935.19
709	1032	7948.21
709	701	5068.96
709	707	5630.59
709	708	6751.35
709	710	15926.27
71	1457	8044.97
71	1458	1805.54
71	1795	5124.36
71	1796	4737.75
71	1797	6864.94
71	68	1546.45
71	69	4472.70
71	70	4512.50
710	0	7283.08
710	1029	17035.41
710	1030	1262.87
710	701	7796.02
710	709	15926.27
710	711	3789.01
710	716	19309.17
711	701	5164.54
711	710	3789.01
711	712	9703.74
711	715	1848.58
711	716	14133.10
712	701	243.36
712	703	6151.23
712	711	9703.74
712	713	8685.05
712	715	8183.95
713	25	11977.75
713	27	5238.57
713	28	9702.44
713	32	3287.46
713	703	1359.04
713	712	8685.05
713	714	12030.00
713	715	20144.67
714	25	3688.53
714	5	6179.88
714	6	1235.29
714	706	6047.60
714	713	12030.00
714	717	14133.64
715	711	1848.58
715	712	8183.95
715	713	20144.67
715	716	13575.46
716	0	16755.10
716	32	3868.25
716	710	19309.17
716	711	14133.10
716	715	13575.46
717	2124	6503.58
717	2125	982.28
717	698	1927.68
717	701	7130.99
717	703	4129.73
717	705	8790.93
717	706	17372.35
717	707	5988.77
717	714	14133.64
718	719	1007.21
718	720	1675.38
718	735	1281.84
718	740	3343.30
719	602	667.26
719	718	1007.21
719	721	953.35
719	722	1071.76
719	735	436.03
719	741	3545.02
72	310	379.69
72	73	696.26
72	74	281.35
72	75	754.84
72	77	2273.93
720	718	1675.38
720	721	1157.95
720	740	3736.02
721	719	953.35
721	720	1157.95
721	722	1042.42
721	740	1455.88
722	602	808.78
722	719	1071.76
722	721	1042.42
722	740	1330.41
723	37	2635.36
723	379	21161.80
723	380	1347.37
723	40	12486.07
723	724	22806.81
723	725	7313.06
724	40	6042.95
724	41	3490.83
724	723	22806.81
724	725	8671.57
724	726	28134.72
725	380	12634.75
725	723	7313.06
725	724	8671.57
725	726	4320.00
725	734	15279.89
726	2137	11105.82
726	41	8582.99
726	724	28134.72
726	725	4320.00
726	727	9617.07
726	732	16260.57
726	734	2728.65
727	41	18633.00
727	726	9617.07
727	728	9088.35
727	731	9260.07
727	732	8244.10
727	737	14074.88
727	738	3958.46
728	41	13767.99
728	43	10777.30
728	727	9088.35
728	729	9945.61
728	730	1755.91
728	731	20473.40
729	728	9945.61
729	730	11911.87
729	731	15533.44
729	744	19477.94
73	72	696.26
73	74	821.97
73	77	2191.33
730	43	12192.17
730	728	1755.91
730	729	11911.87
730	744	9797.35
730	745	12388.53
730	746	14930.35
730	864	18441.49
730	870	9233.09
730	871	6751.84
731	727	9260.07
731	728	20473.40
731	729	15533.44
731	738	14430.84
731	743	14292.03
731	744	11649.70
732	2137	6288.86
732	2138	1988.29
732	726	16260.57
732	727	8244.10
732	736	9607.89
732	737	8148.40
734	2137	9257.74
734	2138	7388.71
734	269	4526.44
734	272	9049.35
734	273	12558.30
734	278	3870.89
734	380	690.85
734	725	15279.89
734	726	2728.65
735	718	1281.84
735	719	436.03
735	736	10768.43
735	739	1173.84
735	740	11006.97
735	741	4997.32
736	2138	4555.97
736	732	9607.89
736	735	10768.43
736	737	7223.56
736	739	2636.66
736	740	2647.74
737	727	14074.88
737	732	8148.40
737	736	7223.56
737	738	20217.96
737	739	13368.90
737	742	12486.58
738	727	3958.46
738	731	14430.84
738	737	20217.96
738	742	10767.84
738	743	10864.29
739	735	1173.84
739	736	2636.66
739	737	13368.90
739	741	4663.84
739	742	8302.68
74	72	281.35
74	73	821.97
74	75	1149.57
74	77	2025.46
740	2138	5964.27
740	278	656.04
740	279	11319.02
740	284	9141.51
740	602	4395.32
740	718	3343.30
740	720	3736.02
740	721	1455.88
740	722	1330.41
740	735	11006.97
740	736	2647.74
741	602	4640.12
741	604	3247.16
741	605	883.09
741	719	3545.02
741	735	4997.32
741	739	4663.84
741	742	5418.09
742	2135	12103.05
742	605	9477.02
742	609	4652.21
742	737	12486.58
742	738	10767.84
742	739	8302.68
742	741	5418.09
742	743	3164.83
743	609	13479.88
743	731	14292.03
743	738	10864.29
743	742	3164.83
743	744	4165.58
743	751	20148.90
744	729	19477.94
744	730	9797.35
744	731	11649.70
744	743	4165.58
744	745	34174.88
744	750	2137.10
744	751	7942.01
745	730	12388.53
745	744	34174.88
745	746	12119.17
745	748	8726.28
745	749	13517.18
745	750	9979.62
745	755	3746.48
746	730	14930.35
746	745	12119.17
746	747	8071.61
746	871	7012.52
746	872	21263.69
747	746	8071.61
747	748	18233.82
747	757	17052.18
747	758	6330.67
747	872	70036.24
747	881	5154.76
748	745	8726.28
748	747	18233.82
748	755	9397.73
748	756	8210.98
748	758	5021.85
749	745	13517.18
749	750	10241.42
749	752	6090.66
749	753	7479.58
749	754	2460.51
749	755	5673.35
75	310	1201.81
75	72	754.84
75	74	1149.57
75	76	54.50
75	77	125.93
750	613	19090.36
750	744	2137.10
750	745	9979.62
750	749	10241.42
750	751	19757.72
750	752	5670.42
751	609	1468.96
751	610	13377.50
751	613	3956.01
751	743	20148.90
751	744	7942.01
751	750	19757.72
752	1549	13372.30
752	613	5783.18
752	749	6090.66
752	750	5670.42
752	753	11386.17
753	1549	5059.23
753	749	7479.58
753	752	11386.17
753	754	9463.81
754	1549	1242.96
754	749	2460.51
754	753	9463.81
754	755	7738.18
754	759	8965.37
755	745	3746.48
755	748	9397.73
755	749	5673.35
755	754	7738.18
755	756	2666.53
755	759	6558.05
756	0	3701.67
756	748	8210.98
756	755	2666.53
756	758	19988.72
756	759	17603.42
757	0	6557.74
757	747	17052.18
757	758	15527.95
757	881	7867.57
758	0	3756.89
758	747	6330.67
758	748	5021.85
758	756	19988.72
758	757	15527.95
759	0	9275.77
759	1549	5142.06
759	754	8965.37
759	755	6558.05
759	756	17603.42
76	310	12088.55
76	75	54.50
76	77	8265.90
76	78	8210.08
760	1038	4930.41
760	761	5321.03
760	762	8836.85
760	763	7056.47
760	787	2027.02
761	1035	4035.91
761	1038	1267.69
761	113	6834.50
761	54	1615.95
761	760	5321.03
761	762	5871.82
762	0	6847.95
762	54	4616.23
762	760	8836.85
762	761	5871.82
762	763	4669.39
763	0	4121.34
763	760	7056.47
763	762	4669.39
763	764	2152.49
763	787	4397.23
763	794	7661.18
763	804	1571.63
764	0	7327.36
764	763	2152.49
764	804	8123.24
764	811	4607.88
765	766	5254.44
765	771	1192.51
765	772	731.48
766	765	5254.44
766	767	8468.96
766	771	3534.20
766	772	6110.18
766	774	177.25
766	776	895.66
767	766	8468.96
767	772	2035.72
767	776	6683.26
767	777	3674.04
767	778	5469.87
768	554	8152.61
768	601	4661.88
768	769	4354.89
768	774	5282.75
768	775	11645.10
768	776	2764.23
769	554	8214.49
769	768	4354.89
769	770	3062.20
769	774	6099.63
77	304	3261.07
77	310	18631.24
77	447	6353.80
77	72	2273.93
77	73	2191.33
77	74	2025.46
77	75	125.93
77	76	8265.90
77	78	6492.12
77	79	2708.81
77	80	15232.43
770	1380	105.37
770	552	8877.79
770	554	3209.04
770	769	3062.20
770	771	8967.55
771	1380	1123.87
771	765	1192.51
771	766	3534.20
771	770	8967.55
771	772	8843.02
771	773	1451.60
771	774	2946.02
772	1380	3110.29
772	1382	7918.85
772	1383	6876.06
772	765	731.48
772	766	6110.18
772	767	2035.72
772	771	8843.02
772	778	1903.77
772	779	6179.05
773	771	1451.60
773	774	3245.46
774	766	177.25
774	768	5282.75
774	769	6099.63
774	771	2946.02
774	773	3245.46
774	776	6988.46
775	0	19437.78
775	601	8256.18
775	768	11645.10
775	776	3415.39
775	777	1947.18
776	766	895.66
776	767	6683.26
776	768	2764.23
776	774	6988.46
776	775	3415.39
776	777	5452.88
777	0	9047.68
777	2047	3835.97
777	767	3674.04
777	775	1947.18
777	776	5452.88
777	778	5271.69
777	779	3668.33
778	767	5469.87
778	772	1903.77
778	777	5271.69
778	779	5675.31
779	1383	171.39
779	1389	3857.64
779	1393	9068.09
779	1398	1899.57
779	2047	1846.68
779	772	6179.05
779	777	3668.33
779	778	5675.31
78	310	2936.15
78	76	8210.08
78	77	6492.12
78	79	12627.98
780	0	4459.76
780	1597	4818.43
780	1599	3840.98
780	1600	800.96
780	781	7052.78
781	0	3907.56
781	1600	2300.44
781	1601	1946.97
781	2139	4168.49
781	2140	5105.52
781	780	7052.78
782	343	2375.10
782	344	2369.59
782	352	2229.03
782	400	1248.41
782	783	1137.31
783	2058	686.56
783	344	3127.59
783	345	1294.72
783	346	5797.74
783	400	853.77
783	401	9397.37
783	782	1137.31
783	784	8025.10
783	786	1473.63
784	2057	3930.22
784	2058	1267.09
784	783	8025.10
784	785	6215.32
784	786	4628.09
785	1442	2420.84
785	1443	2911.02
785	1448	4323.09
785	2057	2593.09
785	347	1395.36
785	392	2067.93
785	784	6215.32
785	786	1636.58
786	346	1641.98
786	347	1864.30
786	783	1473.63
786	784	4628.09
786	785	1636.58
787	1038	3771.01
787	2144	2237.87
787	2145	69.65
787	760	2027.02
787	763	4397.23
787	788	674.01
787	790	276.19
787	793	1838.51
787	794	3939.94
787	796	1959.13
788	2145	696.95
788	787	674.01
788	793	874.04
79	310	1641.14
79	316	10361.31
79	77	2708.81
79	78	12627.98
79	80	7855.88
79	84	7066.08
79	85	6067.20
790	2144	1658.27
790	2145	339.20
790	787	276.19
790	791	2864.88
790	796	5833.77
790	797	285.82
791	790	2864.88
791	792	2488.96
791	794	2338.50
791	797	4458.49
791	803	7995.94
792	2145	399.26
792	791	2488.96
792	793	985.36
792	794	604.58
793	787	1838.51
793	788	874.04
793	792	985.36
793	794	2349.22
794	763	7661.18
794	787	3939.94
794	791	2338.50
794	792	604.58
794	793	2349.22
794	804	8780.74
795	1037	5810.12
795	1203	1350.32
795	1206	14576.34
795	797	8636.95
795	798	3378.25
795	799	9659.93
796	1037	4219.99
796	1038	2584.41
796	787	1959.13
796	790	5833.77
796	797	7732.04
797	1037	2522.49
797	790	285.82
797	791	4458.49
797	795	8636.95
797	796	7732.04
797	798	4215.60
797	802	3976.21
797	803	4043.31
798	795	3378.25
798	797	4215.60
798	799	4639.68
798	801	6578.90
798	802	2839.66
798	806	5373.88
799	1206	443.86
799	494	5708.49
799	795	9659.93
799	798	4639.68
799	800	3703.22
799	801	2693.17
8	10	541.58
8	7	2133.44
8	9	2778.82
80	447	8040.73
80	77	15232.43
80	79	7855.88
80	81	9470.12
80	82	2833.22
80	83	3938.29
80	84	5519.03
800	494	2189.64
800	495	5118.00
800	799	3703.22
800	801	5107.55
800	807	2041.98
801	798	6578.90
801	799	2693.17
801	800	5107.55
801	806	3582.34
801	807	4830.33
802	797	3976.21
802	798	2839.66
802	803	4652.18
802	805	8905.83
802	806	8672.42
803	791	7995.94
803	797	4043.31
803	802	4652.18
803	804	4766.30
803	805	6964.52
804	763	1571.63
804	764	8123.24
804	794	8780.74
804	803	4766.30
804	805	4121.88
804	810	375.05
804	811	1830.08
805	802	8905.83
805	803	6964.52
805	804	4121.88
805	806	2032.76
805	808	2460.73
805	810	9085.19
806	798	5373.88
806	801	3582.34
806	802	8672.42
806	805	2032.76
806	807	3524.58
806	808	12338.68
807	495	3063.63
807	499	4814.31
807	591	1934.38
807	800	2041.98
807	801	4830.33
807	806	3524.58
807	808	7241.21
808	1756	4970.85
808	1757	3498.98
808	591	5750.14
808	592	4548.26
808	805	2460.73
808	806	12338.68
808	807	7241.21
808	809	9996.38
808	810	1578.56
809	1344	5345.40
809	1757	4234.75
809	1759	2005.60
809	1760	591.84
809	808	9996.38
809	810	1008.52
809	813	5446.84
81	80	9470.12
81	82	6793.61
81	83	7014.56
81	87	4122.61
810	804	375.05
810	805	9085.19
810	808	1578.56
810	809	1008.52
810	811	7321.77
810	813	6765.09
811	0	1105.34
811	764	4607.88
811	804	1830.08
811	810	7321.77
811	812	8113.48
812	0	4398.90
812	1345	10173.65
812	1346	2944.15
812	811	8113.48
812	813	5216.33
813	1344	5902.20
813	1345	6481.82
813	1349	3357.30
813	1350	61.92
813	1353	659.91
813	809	5446.84
813	810	6765.09
813	812	5216.33
814	1793	10349.24
814	1794	8843.38
814	1795	7012.54
814	1810	6307.20
814	2114	1439.65
815	816	911.33
815	818	1894.24
815	842	2452.77
816	815	911.33
816	817	1421.13
816	818	322.57
816	820	1395.82
816	835	4836.05
816	842	20.51
817	816	1421.13
817	818	283.00
817	819	481.02
817	820	1048.39
818	815	1894.24
818	816	322.57
818	817	283.00
818	819	1624.29
818	842	873.55
819	817	481.02
819	818	1624.29
819	820	1766.54
819	842	1137.84
82	1195	8918.80
82	1196	5386.55
82	1197	11206.15
82	447	2307.63
82	448	23805.94
82	455	1052.65
82	706	1072.62
82	80	2833.22
82	81	6793.61
82	86	2050.77
82	87	13818.67
820	816	1395.82
820	817	1048.39
820	819	1766.54
820	835	5534.04
820	842	854.11
821	468	18455.04
821	823	2728.72
821	830	6161.13
822	2053	2334.40
822	468	4758.55
822	823	10640.25
822	972	8228.50
823	2053	4694.48
823	468	916.21
823	821	2728.72
823	822	10640.25
823	829	15935.22
823	830	6128.66
824	2053	10216.62
824	825	13697.58
824	829	3010.14
825	2053	4267.82
825	2077	8035.60
825	2080	3947.66
825	824	13697.58
825	829	14793.26
825	849	22035.50
827	0	442.21
827	2079	12284.46
827	828	22317.71
827	976	5618.07
828	0	10468.43
828	2079	1155.04
828	2080	13070.66
828	827	22317.71
828	849	9903.48
828	850	25940.81
828	851	11428.79
829	2053	3490.64
829	823	15935.22
829	824	3010.14
829	825	14793.26
829	830	18052.41
829	831	9341.88
829	849	8385.94
83	80	3938.29
83	81	7014.56
83	84	10678.48
83	86	10781.41
83	87	6192.40
830	466	6692.94
830	468	15848.24
830	469	1805.48
830	821	6161.13
830	823	6128.66
830	829	18052.41
830	831	12449.26
831	469	3705.08
831	829	9341.88
831	830	12449.26
831	832	18148.46
831	847	3522.82
831	848	15491.68
831	849	3602.90
832	469	5405.36
832	831	18148.46
832	833	12183.83
832	846	5927.40
832	847	8283.80
833	469	14675.50
833	832	12183.83
833	834	7006.10
833	846	16175.42
834	2069	4448.96
834	2070	8831.69
834	469	596.10
834	470	4045.44
834	833	7006.10
834	835	10148.64
834	845	15443.39
835	2069	3120.91
835	2071	9662.43
835	2072	967.82
835	2073	2077.69
835	816	4836.05
835	820	5534.04
835	834	10148.64
835	836	4601.32
835	842	13717.67
835	845	5097.08
835	860	10626.00
836	2071	3539.66
836	835	4601.32
836	837	6256.49
836	838	1888.33
836	842	6846.74
837	2071	1210.69
837	483	6814.28
837	488	8258.64
837	836	6256.49
837	838	5164.06
838	1182	7947.66
838	487	6224.82
838	488	3632.98
838	836	1888.33
838	837	5164.06
838	839	1306.92
838	840	14037.22
838	841	3823.22
838	842	4441.95
838	932	6332.57
839	838	1306.92
839	840	5076.27
84	706	5357.72
84	79	7066.08
84	80	5519.03
84	83	10678.48
84	85	12144.05
84	86	8859.68
840	838	14037.22
840	839	5076.27
840	841	9905.16
840	843	7615.35
840	932	3676.21
840	933	1943.10
840	934	2369.99
840	935	4405.05
841	838	3823.22
841	840	9905.16
841	842	16424.01
841	843	4410.69
841	844	7084.75
842	36	5339.03
842	815	2452.77
842	816	20.51
842	818	873.55
842	819	1137.84
842	820	854.11
842	835	13717.67
842	836	6846.74
842	838	4441.95
842	841	16424.01
842	844	11718.44
842	860	1604.37
843	840	7615.35
843	841	4410.69
843	844	8261.39
843	935	3465.48
843	940	6890.07
843	941	4372.02
844	36	9130.59
844	37	6282.21
844	841	7084.75
844	842	11718.44
844	843	8261.39
844	941	7209.70
845	834	15443.39
845	835	5097.08
845	846	13182.66
845	859	6049.52
845	860	15132.78
846	832	5927.40
846	833	16175.42
846	845	13182.66
846	847	10638.78
846	859	4495.60
847	831	3522.82
847	832	8283.80
847	846	10638.78
847	848	8228.15
847	858	22542.15
847	859	6823.21
848	831	15491.68
848	847	8228.15
848	849	14301.50
848	857	6921.91
848	858	15631.98
849	2080	4928.42
849	2081	8057.78
849	825	22035.50
849	828	9903.48
849	829	8385.94
849	831	3602.90
849	848	14301.50
849	850	11085.76
849	856	15046.97
849	857	17445.09
85	316	10223.00
85	706	3365.45
85	79	6067.20
85	84	12144.05
850	2083	22291.55
850	828	25940.81
850	849	11085.76
850	851	16849.74
850	853	1725.22
850	854	12383.37
851	0	49157.69
851	828	11428.79
851	850	16849.74
851	852	25783.10
851	854	12711.90
851	865	5704.37
852	2083	23065.86
852	851	25783.10
852	854	33073.17
852	865	56081.16
852	870	36145.87
852	872	42996.03
853	2082	1712.70
853	2083	653.08
853	850	1725.22
853	854	968.07
854	2082	3314.99
854	2083	3244.00
854	850	12383.37
854	851	12711.90
854	852	33073.17
854	853	968.07
856	2081	20341.97
856	849	15046.97
856	857	15525.98
856	863	3758.00
856	864	13413.60
857	848	6921.91
857	849	17445.09
857	856	15525.98
857	858	7513.56
857	861	13265.05
857	863	8473.83
858	847	22542.15
858	848	15631.98
858	857	7513.56
858	859	12669.85
858	861	9586.26
858	862	11942.55
859	38	12034.91
859	39	10004.93
859	845	6049.52
859	846	4495.60
859	847	6823.21
859	858	12669.85
859	860	11181.24
859	862	5575.91
86	706	15222.68
86	82	2050.77
86	83	10781.41
86	84	8859.68
86	87	6310.26
860	36	11213.95
860	38	4873.38
860	835	10626.00
860	842	1604.37
860	845	15132.78
860	859	11181.24
861	857	13265.05
861	858	9586.26
861	862	22031.95
861	863	6372.23
862	39	8782.93
862	42	11812.26
862	43	10933.25
862	858	11942.55
862	859	5575.91
862	861	22031.95
862	863	14004.94
863	43	9434.18
863	856	3758.00
863	857	8473.83
863	861	6372.23
863	862	14004.94
863	864	31365.09
864	2081	11918.03
864	43	7102.48
864	730	18441.49
864	856	13413.60
864	863	31365.09
864	870	36185.01
865	0	54161.16
865	851	5704.37
865	852	56081.16
865	866	5696.85
865	869	34891.49
865	872	43952.01
865	875	24362.24
866	865	5696.85
867	0	1056.09
867	868	1143.37
867	869	3034.98
868	0	972.88
868	867	1143.37
868	869	4216.26
869	0	82021.28
869	865	34891.49
869	867	3034.98
869	868	4216.26
869	873	33121.79
869	874	22119.02
869	875	5137.81
87	81	4122.61
87	82	13818.67
87	83	6192.40
87	86	6310.26
870	2081	23508.72
870	2083	4340.89
870	730	9233.09
870	852	36145.87
870	864	36185.01
870	871	20631.22
870	872	40538.27
871	730	6751.84
871	746	7012.52
871	870	20631.22
871	872	14062.53
872	746	21263.69
872	747	70036.24
872	852	42996.03
872	865	43952.01
872	870	40538.27
872	871	14062.53
872	875	14190.69
872	876	16730.88
872	881	68464.74
873	869	33121.79
873	874	16652.48
873	875	26826.05
873	876	7142.63
873	877	7508.93
874	0	38099.99
874	869	22119.02
874	873	16652.48
874	877	12047.79
874	878	43388.42
875	865	24362.24
875	869	5137.81
875	872	14190.69
875	873	26826.05
875	876	10520.40
876	872	16730.88
876	873	7142.63
876	875	10520.40
876	877	9970.04
876	879	2294.62
876	880	21239.21
876	881	15245.92
877	873	7508.93
877	874	12047.79
877	876	9970.04
877	878	13883.82
877	879	16886.66
878	0	48449.53
878	874	43388.42
878	877	13883.82
878	879	11436.99
879	0	19250.88
879	876	2294.62
879	877	16886.66
879	878	11436.99
879	880	19527.28
88	105	3065.99
88	89	891.21
88	92	438.75
88	98	1670.72
880	0	17974.74
880	876	21239.21
880	879	19527.28
880	881	33914.70
881	0	22067.18
881	747	5154.76
881	757	7867.57
881	872	68464.74
881	876	15245.92
881	880	33914.70
882	1404	4253.89
882	1405	4857.98
882	382	3560.91
882	503	4781.94
882	883	4010.85
882	884	13031.42
883	882	4010.85
884	1404	4041.16
884	236	3949.09
884	321	3495.14
884	323	5218.61
884	503	4340.95
884	882	13031.42
885	142	1842.80
885	886	795.44
885	887	3974.61
885	889	454.39
885	890	3785.26
885	901	7437.35
885	902	4419.37
885	903	4887.75
886	885	795.44
886	887	294.68
886	889	470.50
887	142	3298.19
887	885	3974.61
887	886	294.68
887	888	1290.51
887	889	119.58
887	892	10984.61
888	887	1290.51
888	889	442.19
888	892	942.55
889	885	454.39
889	886	470.50
889	887	119.58
889	888	442.19
889	891	517.41
89	88	891.21
89	90	535.02
89	94	368.80
89	97	255.42
89	98	74.61
890	885	3785.26
890	891	819.99
890	893	284.47
890	894	6026.40
890	903	5314.33
890	907	6992.53
891	889	517.41
891	890	819.99
891	892	280.34
892	142	225.84
892	143	6096.42
892	887	10984.61
892	888	942.55
892	891	280.34
892	893	2282.25
892	894	5830.97
893	890	284.47
893	892	2282.25
893	895	1447.59
894	143	6004.31
894	890	6026.40
894	892	5830.97
894	895	4029.35
894	904	838.94
894	906	4997.11
894	907	8053.07
894	909	6444.88
895	893	1447.59
895	894	4029.35
896	0	5414.02
896	1434	12115.88
896	1435	18944.40
896	213	23602.76
896	897	13732.84
896	899	15550.48
897	1427	17728.40
897	1429	22927.04
897	1434	4761.01
897	1435	8872.23
897	896	13732.84
897	898	27114.00
897	899	9447.47
898	1427	19824.36
898	1437	13237.46
898	2109	7364.38
898	2110	3661.00
898	897	27114.00
898	899	33580.61
899	2109	2784.70
899	2110	1718.46
899	2111	24333.31
899	213	5065.54
899	214	29141.40
899	896	15550.48
899	897	9447.47
899	898	33580.61
899	902	19482.07
9	10	675.11
9	1187	20587.43
9	1188	2249.86
9	12	1812.51
9	13	1367.08
9	14	13420.88
9	19	4280.22
9	434	546.55
9	435	8256.59
9	7	2365.16
9	8	2778.82
90	89	535.02
90	91	550.29
90	92	723.47
90	93	102.16
90	94	933.00
901	140	7394.41
901	142	6421.18
901	2111	11087.10
901	885	7437.35
901	902	16969.50
902	2111	3777.65
902	214	1664.63
902	643	14194.43
902	885	4419.37
902	899	19482.07
902	901	16969.50
902	903	18993.95
903	643	7813.26
903	644	18240.82
903	885	4887.75
903	890	5314.33
903	902	18993.95
903	907	5735.43
903	908	11967.78
904	143	9380.65
904	1739	5508.11
904	1748	3696.77
904	894	838.94
904	906	5125.62
905	1243	4543.86
905	1748	1142.68
905	906	9517.34
905	909	5139.28
906	1748	6258.35
906	894	4997.11
906	904	5125.62
906	905	9517.34
906	909	5192.19
907	890	6992.53
907	894	8053.07
907	903	5735.43
907	908	14472.60
907	909	17551.01
907	912	16584.12
908	644	2243.24
908	647	3992.91
908	903	11967.78
908	907	14472.60
908	912	2006.67
909	1243	16877.98
909	1874	4650.30
909	894	6444.88
909	905	5139.28
909	906	5192.19
909	907	17551.01
909	910	14791.31
909	912	2335.96
91	90	550.29
91	92	4804.52
91	93	861.35
91	95	577.09
910	1873	4754.18
910	1874	14269.13
910	909	14791.31
910	911	19032.57
910	912	13885.75
911	910	19032.57
911	912	14689.23
912	1872	8927.09
912	1873	5090.13
912	647	12661.05
912	648	11350.15
912	656	5851.28
912	907	16584.12
912	908	2006.67
912	909	2335.96
912	910	13885.75
912	911	14689.23
914	1007	8645.68
914	2084	11019.39
914	2085	5621.44
914	502	18041.01
914	919	8003.99
914	920	15808.11
915	0	15314.48
915	1002	5634.45
915	1003	20653.55
915	1264	2343.76
915	917	10756.50
915	918	5419.08
915	919	11333.55
915	996	11335.71
916	0	5594.55
916	917	8127.67
916	921	8005.54
917	0	2403.85
917	915	10756.50
917	916	8127.67
917	918	9895.50
917	921	1013.45
918	2084	146.34
918	2085	6026.63
918	915	5419.08
918	917	9895.50
918	919	6839.67
918	921	5914.56
919	1007	212.47
919	1264	18045.17
919	2084	7928.24
919	914	8003.99
919	915	11333.55
919	918	6839.67
92	100	1493.85
92	102	8242.46
92	105	667.71
92	107	3656.27
92	108	6586.05
92	88	438.75
92	90	723.47
92	91	4804.52
92	95	1508.02
920	1414	1981.59
920	1415	16173.03
920	1416	10704.35
920	2085	65.77
920	502	8639.79
920	914	15808.11
920	921	15749.53
920	922	2743.39
921	0	1916.20
921	2085	4105.17
921	916	8005.54
921	917	1013.45
921	918	5914.56
921	920	15749.53
921	922	8923.39
922	0	7316.73
922	1414	9901.17
922	920	2743.39
922	921	8923.39
923	1171	8419.39
923	1173	3260.06
923	1238	7278.03
923	436	5296.40
923	437	10021.31
923	924	8383.75
924	1173	7630.38
924	1238	2650.67
924	1602	638.56
924	1930	3210.96
924	413	4588.81
924	414	5042.74
924	923	8383.75
925	926	1171.43
925	937	2599.31
925	938	2321.10
926	925	1171.43
926	937	2667.08
926	938	1900.71
927	1186	1814.11
927	1445	744.24
927	2103	1897.58
927	928	6111.44
927	929	1745.56
928	1445	1027.64
928	1446	779.99
928	1447	1073.51
928	1450	1039.70
928	927	6111.44
928	929	2300.56
929	1186	5055.04
929	1450	1740.47
929	1451	6710.27
929	927	1745.56
929	928	2300.56
929	930	5789.89
93	90	102.16
93	91	861.35
93	94	68.70
93	95	1079.83
930	1186	4091.13
930	1451	1369.33
930	929	5789.89
930	931	6590.66
930	937	576.21
930	938	2666.63
931	1186	3068.51
931	930	6590.66
931	932	1883.01
931	933	1969.77
931	934	4195.57
931	935	1271.04
931	936	3139.12
931	937	4958.80
932	1182	166.74
932	1186	7414.19
932	838	6332.57
932	840	3676.21
932	931	1883.01
932	933	2665.62
933	840	1943.10
933	931	1969.77
933	932	2665.62
933	934	5235.99
934	840	2369.99
934	931	4195.57
934	933	5235.99
934	935	3766.56
935	840	4405.05
935	843	3465.48
935	931	1271.04
935	934	3766.56
935	936	10993.02
935	940	2362.20
936	931	3139.12
936	935	10993.02
936	937	3298.85
936	939	2292.81
936	940	1878.24
937	570	981.96
937	571	1356.15
937	925	2599.31
937	926	2667.08
937	930	576.21
937	931	4958.80
937	936	3298.85
937	938	3341.44
937	939	9122.64
938	1451	6733.80
938	570	8890.65
938	925	2321.10
938	926	1900.71
938	930	2666.63
938	937	3341.44
939	571	2206.45
939	572	5448.06
939	936	2292.81
939	937	9122.64
939	940	11508.97
939	943	4011.46
94	89	368.80
94	90	933.00
94	93	68.70
94	95	284.14
94	96	575.55
940	843	6890.07
940	935	2362.20
940	936	1878.24
940	939	11508.97
940	941	7298.91
940	942	645.32
940	943	8150.46
941	37	312.22
941	843	4372.02
941	844	7209.70
941	940	7298.91
941	942	12282.63
942	37	10340.32
942	379	18894.74
942	940	645.32
942	941	12282.63
942	943	6927.37
943	379	5592.95
943	572	4280.66
943	939	4011.46
943	940	8150.46
943	942	6927.37
944	1098	5325.95
944	2050	4523.93
944	945	3900.55
944	946	4740.30
944	949	14111.70
944	956	21837.83
944	957	21163.36
944	959	9724.42
944	960	5045.34
945	2050	1834.86
945	944	3900.55
945	946	3986.85
945	947	3441.21
945	948	517.95
945	949	1939.10
946	944	4740.30
946	945	3986.85
947	2050	7434.27
947	945	3441.21
947	948	1154.36
947	951	251.29
948	945	517.95
948	947	1154.36
948	949	1078.29
948	950	89.75
948	951	321.65
949	2050	4351.72
949	944	14111.70
949	945	1939.10
949	948	1078.29
949	950	4243.79
949	960	14704.38
949	962	22765.52
949	964	4006.06
95	100	3098.23
95	91	577.09
95	92	1508.02
95	93	1079.83
95	94	284.14
95	96	739.08
950	2050	3501.82
950	948	89.75
950	949	4243.79
950	951	1632.01
951	2050	1485.82
951	947	251.29
951	948	321.65
951	950	1632.01
953	0	31488.94
953	1094	10675.63
953	1095	7767.93
953	954	12170.97
953	958	11237.52
954	0	13700.38
954	193	3905.50
954	194	13597.45
954	196	555.99
954	953	12170.97
954	957	13728.04
954	958	8725.64
955	0	17467.96
955	189	6593.18
955	190	16249.25
955	191	21020.19
955	956	15076.07
956	0	4053.14
956	186	408.13
956	191	5569.08
956	195	19674.80
956	694	16704.78
956	695	8206.96
956	944	21837.83
956	955	15076.07
956	957	7243.78
956	960	7512.84
957	1095	4084.79
957	1098	13565.57
957	186	25058.14
957	196	10045.45
957	944	21163.36
957	954	13728.04
957	956	7243.78
957	958	9111.61
958	1095	13979.91
958	953	11237.52
958	954	8725.64
958	957	9111.61
959	1098	6768.07
959	1103	4893.86
959	1105	9475.00
959	2050	17654.85
959	2051	2817.86
959	944	9724.42
96	100	110.56
96	94	575.55
96	95	739.08
96	97	275.33
96	99	974.90
960	695	14729.22
960	696	5681.10
960	944	5045.34
960	949	14704.38
960	956	7512.84
960	961	19595.25
960	964	13339.02
961	0	4084.37
961	696	6355.97
961	960	19595.25
961	964	7444.38
961	965	6072.37
962	1105	254.53
962	1106	9369.58
962	2050	2196.20
962	2051	3728.69
962	949	22765.52
962	963	16045.99
962	964	8194.24
963	1106	6877.05
963	1107	3558.06
963	962	16045.99
963	964	5086.83
963	970	18207.30
964	949	4006.06
964	960	13339.02
964	961	7444.38
964	962	8194.24
964	963	5086.83
964	965	27129.32
964	970	24020.22
964	971	15112.88
964	974	2660.29
964	975	5697.05
965	0	13197.21
965	961	6072.37
965	964	27129.32
965	966	20543.27
965	968	9311.15
965	969	6953.13
965	971	5609.09
966	0	36693.57
966	965	20543.27
966	967	6193.69
966	968	24393.83
967	0	18025.74
967	2052	5811.11
967	966	6193.69
967	968	22044.65
967	972	4290.53
967	976	5786.02
968	965	9311.15
968	966	24393.83
968	967	22044.65
968	971	11873.97
968	972	18157.44
969	965	6953.13
969	971	11047.87
97	100	188.90
97	89	255.42
97	96	275.33
97	98	1365.00
97	99	893.26
970	1107	4707.57
970	1112	5173.66
970	963	18207.30
970	964	24020.22
970	975	21836.17
971	964	15112.88
971	965	5609.09
971	968	11873.97
971	969	11047.87
971	972	17529.60
971	974	15906.84
972	2052	15018.90
972	2053	5304.31
972	468	6138.99
972	822	8228.50
972	967	4290.53
972	968	18157.44
972	971	17529.60
972	974	21305.35
974	467	2979.43
974	468	9665.20
974	964	2660.29
974	971	15906.84
974	972	21305.35
974	975	5910.65
975	1112	29258.73
975	467	21010.67
975	964	5697.05
975	970	21836.17
975	974	5910.65
976	0	35292.80
976	2052	21311.38
976	2076	10756.95
976	2078	25351.89
976	2079	4656.67
976	827	5618.07
976	967	5786.02
977	978	926.00
977	979	1012.35
977	984	1809.16
978	977	926.00
978	979	2137.67
978	984	513.50
979	2099	2365.71
979	2100	3386.23
979	387	1658.42
979	389	4932.19
979	390	2145.99
979	977	1012.35
979	978	2137.67
979	984	9046.38
98	100	2582.29
98	105	2241.65
98	88	1670.72
98	89	74.61
98	97	1365.00
980	1218	4218.10
980	1219	9272.90
980	1221	14408.91
980	332	3113.23
980	385	7355.10
980	386	3221.11
980	982	2175.71
980	983	13081.26
980	984	1077.13
981	1220	5231.33
981	1221	3335.58
981	1914	967.65
981	982	8267.25
982	1221	2601.25
982	1223	2616.48
982	1914	2276.24
982	458	6503.64
982	476	3040.80
982	980	2175.71
982	981	8267.25
982	983	11732.14
983	1223	2500.41
983	1225	7197.93
983	980	13081.26
983	982	11732.14
983	984	10696.65
984	1181	1748.57
984	1225	1782.80
984	2099	324.26
984	386	5755.13
984	387	903.49
984	977	1809.16
984	978	513.50
984	979	9046.38
984	980	1077.13
984	983	10696.65
985	1049	1277.24
985	1404	2699.50
985	986	1382.59
985	987	3620.88
985	988	4216.82
985	989	8030.41
986	1404	2715.13
986	1405	8500.70
986	1406	3436.14
986	1409	2190.02
986	383	7716.44
986	619	6174.64
986	985	1382.59
986	989	5281.75
987	1404	5964.36
987	236	7952.42
987	238	10178.73
987	985	3620.88
987	988	2229.41
988	1051	8294.53
988	148	13936.06
988	238	2954.88
988	985	4216.82
988	987	2229.41
989	1049	5169.39
989	1409	2686.62
989	985	8030.41
989	986	5281.75
99	100	1617.34
99	96	974.90
99	97	893.26
990	1005	905.87
990	991	1495.24
990	995	546.89
990	999	1068.69
991	990	1495.24
991	992	1758.48
991	993	8.48
991	994	237.68
991	995	244.19
991	997	936.26
991	999	1224.11
992	1006	2656.84
992	991	1758.48
992	993	1156.47
992	997	83.29
993	1006	726.07
993	991	8.48
993	992	1156.47
993	994	397.52
993	995	417.29
994	991	237.68
994	993	397.52
994	995	639.52
995	1005	1340.35
995	1006	557.17
995	990	546.89
995	991	244.19
995	993	417.29
995	994	639.52
996	0	11749.30
996	1002	7701.19
996	915	11335.71
997	0	12334.75
997	1006	1392.08
997	675	10312.04
997	681	4015.62
997	991	936.26
997	992	83.29
997	998	11335.02
997	999	9070.15
998	0	9168.29
998	1006	5158.41
998	624	4715.49
998	636	4821.21
998	997	11335.02
999	1000	6034.66
999	1004	444.16
999	1005	5412.01
999	681	8299.14
999	990	1068.69
999	991	1224.11
999	997	9070.15